[
    {
        "text": "Tim eating his fries with a fork",
        "files": [
            {
                "id": "FCU6UDNHJ",
                "created": 1537051676,
                "timestamp": 1537051676,
                "name": "Image from iOS.jpg",
                "title": "Image from iOS",
                "mimetype": "image\/jpeg",
                "filetype": "jpg",
                "pretty_type": "JPEG",
                "user": "U868GK012",
                "user_team": "T7B710AL9",
                "editable": false,
                "size": 6609484,
                "mode": "hosted",
                "is_external": false,
                "external_type": "",
                "is_public": true,
                "public_url_shared": false,
                "display_as_bot": false,
                "username": "",
                "url_private": "https:\/\/files.slack.com\/files-pri\/T7B710AL9-FCU6UDNHJ\/image_from_ios.jpg?t=xoxe-249239010689-7383763303600-7346417720535-c8977b2d870e66a58192db1f0484baaa",
                "url_private_download": "https:\/\/files.slack.com\/files-pri\/T7B710AL9-FCU6UDNHJ\/download\/image_from_ios.jpg?t=xoxe-249239010689-7383763303600-7346417720535-c8977b2d870e66a58192db1f0484baaa",
                "media_display_type": "unknown",
                "thumb_64": "https:\/\/files.slack.com\/files-tmb\/T7B710AL9-FCU6UDNHJ-b190a8cca3\/image_from_ios_64.jpg?t=xoxe-249239010689-7383763303600-7346417720535-c8977b2d870e66a58192db1f0484baaa",
                "thumb_80": "https:\/\/files.slack.com\/files-tmb\/T7B710AL9-FCU6UDNHJ-b190a8cca3\/image_from_ios_80.jpg?t=xoxe-249239010689-7383763303600-7346417720535-c8977b2d870e66a58192db1f0484baaa",
                "thumb_360": "https:\/\/files.slack.com\/files-tmb\/T7B710AL9-FCU6UDNHJ-b190a8cca3\/image_from_ios_360.jpg?t=xoxe-249239010689-7383763303600-7346417720535-c8977b2d870e66a58192db1f0484baaa",
                "thumb_360_w": 270,
                "thumb_360_h": 360,
                "thumb_480": "https:\/\/files.slack.com\/files-tmb\/T7B710AL9-FCU6UDNHJ-b190a8cca3\/image_from_ios_480.jpg?t=xoxe-249239010689-7383763303600-7346417720535-c8977b2d870e66a58192db1f0484baaa",
                "thumb_480_w": 360,
                "thumb_480_h": 480,
                "thumb_160": "https:\/\/files.slack.com\/files-tmb\/T7B710AL9-FCU6UDNHJ-b190a8cca3\/image_from_ios_160.jpg?t=xoxe-249239010689-7383763303600-7346417720535-c8977b2d870e66a58192db1f0484baaa",
                "thumb_720": "https:\/\/files.slack.com\/files-tmb\/T7B710AL9-FCU6UDNHJ-b190a8cca3\/image_from_ios_720.jpg?t=xoxe-249239010689-7383763303600-7346417720535-c8977b2d870e66a58192db1f0484baaa",
                "thumb_720_w": 540,
                "thumb_720_h": 720,
                "thumb_800": "https:\/\/files.slack.com\/files-tmb\/T7B710AL9-FCU6UDNHJ-b190a8cca3\/image_from_ios_800.jpg?t=xoxe-249239010689-7383763303600-7346417720535-c8977b2d870e66a58192db1f0484baaa",
                "thumb_800_w": 800,
                "thumb_800_h": 1067,
                "thumb_960": "https:\/\/files.slack.com\/files-tmb\/T7B710AL9-FCU6UDNHJ-b190a8cca3\/image_from_ios_960.jpg?t=xoxe-249239010689-7383763303600-7346417720535-c8977b2d870e66a58192db1f0484baaa",
                "thumb_960_w": 720,
                "thumb_960_h": 960,
                "thumb_1024": "https:\/\/files.slack.com\/files-tmb\/T7B710AL9-FCU6UDNHJ-b190a8cca3\/image_from_ios_1024.jpg?t=xoxe-249239010689-7383763303600-7346417720535-c8977b2d870e66a58192db1f0484baaa",
                "thumb_1024_w": 768,
                "thumb_1024_h": 1024,
                "image_exif_rotation": 1,
                "original_w": 3024,
                "original_h": 4032,
                "permalink": "https:\/\/swarthmoreultimate.slack.com\/files\/U868GK012\/FCU6UDNHJ\/image_from_ios.jpg",
                "permalink_public": "https:\/\/slack-files.com\/T7B710AL9-FCU6UDNHJ-c264650aa9",
                "is_starred": false,
                "has_rich_preview": false,
                "file_access": "visible"
            }
        ],
        "upload": true,
        "user": "U868GK012",
        "display_as_bot": false,
        "blocks": [
            {
                "type": "rich_text",
                "block_id": "ywSz+",
                "elements": [
                    {
                        "type": "rich_text_section",
                        "elements": [
                            {
                                "type": "text",
                                "text": "Tim eating his fries with a fork"
                            }
                        ]
                    }
                ]
            }
        ],
        "type": "message",
        "ts": "1537051684.000100",
        "client_msg_id": "E41D5B65-C464-42AC-BBAE-FE6C64354342",
        "reactions": [
            {
                "name": "accept",
                "users": [
                    "U7CUH2Z70"
                ],
                "count": 1
            }
        ]
    },
    {
        "user": "U7DKWL5U2",
        "type": "message",
        "ts": "1537053808.000100",
        "client_msg_id": "3CE0527D-84E1-4932-9243-6483EA4A0911",
        "text": "I was walking with sauce (who is an RA) and we were about to pass his RCC. Before we passed him Sauce said “that’s my RCC, be cool” and as we passed I said “I did so much meth last night” and I thought it was hilarious but Sauce did not.",
        "team": "T7B710AL9",
        "user_team": "T7B710AL9",
        "source_team": "T7B710AL9",
        "user_profile": {
            "avatar_hash": "1a5b7d89096b",
            "image_72": "https:\/\/avatars.slack-edge.com\/2019-03-06\/568729550272_1a5b7d89096b9e952460_72.png",
            "first_name": "Ethan",
            "real_name": "Ethan Chapman",
            "display_name": "Lil'Gup",
            "team": "T7B710AL9",
            "name": "echapma2",
            "is_restricted": false,
            "is_ultra_restricted": false
        },
        "blocks": [
            {
                "type": "rich_text",
                "block_id": "l2yK",
                "elements": [
                    {
                        "type": "rich_text_section",
                        "elements": [
                            {
                                "type": "text",
                                "text": "I was walking with sauce (who is an RA) and we were about to pass his RCC. Before we passed him Sauce said “that’s my RCC, be cool” and as we passed I said “I did so much meth last night” and I thought it was hilarious but Sauce did not."
                            }
                        ]
                    }
                ]
            }
        ],
        "reactions": [
            {
                "name": "beidge",
                "users": [
                    "U7CUH2Z70",
                    "U868GK012",
                    "U7BPUMEAY"
                ],
                "count": 3
            },
            {
                "name": "thumbs_middle",
                "users": [
                    "U8CM2ST63",
                    "U7C7WMV52"
                ],
                "count": 2
            },
            {
                "name": "lolmuha",
                "users": [
                    "U7C7WMV52",
                    "UCP04JZ9B",
                    "U7BHXDGSV"
                ],
                "count": 3
            }
        ]
    }
]