[
    {
        "user": "U7CQU3U6B",
        "type": "message",
        "ts": "1525797725.000294",
        "text": "there are a lot of hula hoops on mccabe 2nd and it looks like theyre trying to use them as decoration????",
        "team": "T7B710AL9",
        "user_team": "T7B710AL9",
        "source_team": "T7B710AL9",
        "user_profile": {
            "avatar_hash": "9aa821409e67",
            "image_72": "https:\/\/avatars.slack-edge.com\/2018-11-13\/478546525250_9aa821409e67096e9da5_72.png",
            "first_name": "Richelle",
            "real_name": "Richelle Robinson",
            "display_name": "R ic h   el    l",
            "team": "T7B710AL9",
            "name": "rrobins1",
            "is_restricted": false,
            "is_ultra_restricted": false
        },
        "blocks": [
            {
                "type": "rich_text",
                "block_id": "dP3",
                "elements": [
                    {
                        "type": "rich_text_section",
                        "elements": [
                            {
                                "type": "text",
                                "text": "there are a lot of hula hoops on mccabe 2nd and it looks like theyre trying to use them as decoration????"
                            }
                        ]
                    }
                ]
            }
        ]
    },
    {
        "user": "U7BFY2LQH",
        "type": "message",
        "ts": "1525818096.000265",
        "client_msg_id": "b03ffa79-b181-4fcc-b576-4bfd41850e0f",
        "text": "What if I bleached my mustache",
        "team": "T7B710AL9",
        "user_team": "T7B710AL9",
        "source_team": "T7B710AL9",
        "user_profile": {
            "avatar_hash": "1745198e693f",
            "image_72": "https:\/\/avatars.slack-edge.com\/2018-07-19\/401624787187_1745198e693f1193975a_72.jpg",
            "first_name": "Sam",
            "real_name": "Sam Gardner",
            "display_name": "Waterbear, M.D.",
            "team": "T7B710AL9",
            "name": "sgardne1",
            "is_restricted": false,
            "is_ultra_restricted": false
        },
        "blocks": [
            {
                "type": "rich_text",
                "block_id": "uNU",
                "elements": [
                    {
                        "type": "rich_text_section",
                        "elements": [
                            {
                                "type": "text",
                                "text": "What if I bleached my mustache"
                            }
                        ]
                    }
                ]
            }
        ],
        "reactions": [
            {
                "name": "+1",
                "users": [
                    "U7CUH2Z70",
                    "U7CAKF8CS",
                    "U7C8U72LB",
                    "U7C7WMV52",
                    "U7C5VN3U1",
                    "U7H3ZE2LC",
                    "U89GWBNNA"
                ],
                "count": 7
            },
            {
                "name": "thumbs_middle",
                "users": [
                    "U8CM2ST63",
                    "U7DLA082W"
                ],
                "count": 2
            },
            {
                "name": "potable_water",
                "users": [
                    "U7CAKF8CS",
                    "U7C5VN3U1"
                ],
                "count": 2
            },
            {
                "name": "floppy_disk",
                "users": [
                    "U7CAKF8CS"
                ],
                "count": 1
            }
        ]
    },
    {
        "user": "U7CQU3U6B",
        "type": "message",
        "ts": "1525818322.000047",
        "client_msg_id": "91F8F574-3AFF-4DFE-B84F-8F555DFE3554",
        "text": "do NOT",
        "team": "T7B710AL9",
        "user_team": "T7B710AL9",
        "source_team": "T7B710AL9",
        "user_profile": {
            "avatar_hash": "9aa821409e67",
            "image_72": "https:\/\/avatars.slack-edge.com\/2018-11-13\/478546525250_9aa821409e67096e9da5_72.png",
            "first_name": "Richelle",
            "real_name": "Richelle Robinson",
            "display_name": "R ic h   el    l",
            "team": "T7B710AL9",
            "name": "rrobins1",
            "is_restricted": false,
            "is_ultra_restricted": false
        },
        "blocks": [
            {
                "type": "rich_text",
                "block_id": "KSl=",
                "elements": [
                    {
                        "type": "rich_text_section",
                        "elements": [
                            {
                                "type": "text",
                                "text": "do NOT"
                            }
                        ]
                    }
                ]
            }
        ],
        "reactions": [
            {
                "name": "xleila",
                "users": [
                    "U7CUH2Z70",
                    "U7CAKF8CS",
                    "U8JTX11L3",
                    "U7C5VN3U1",
                    "U7CEH7CGM",
                    "U7BPV9XJQ",
                    "U7DLA082W"
                ],
                "count": 7
            },
            {
                "name": "non-potable_water",
                "users": [
                    "U7CAKF8CS",
                    "U8JTX11L3",
                    "U7C5VN3U1",
                    "U7CEH7CGM",
                    "U7BPV9XJQ",
                    "U868GK012"
                ],
                "count": 6
            },
            {
                "name": "antifloppydisc",
                "users": [
                    "U7CAKF8CS",
                    "U8JTX11L3",
                    "U7C5VN3U1",
                    "U7CEH7CGM",
                    "U7BPV9XJQ",
                    "U868GK012"
                ],
                "count": 6
            }
        ]
    }
]