[
    {
        "user": "U7CQU3U6B",
        "type": "message",
        "ts": "1541357779.000300",
        "client_msg_id": "666B615C-ACEC-4E91-BA7F-B09973AB5352",
        "text": "driving in cleats ",
        "team": "T7B710AL9",
        "user_team": "T7B710AL9",
        "source_team": "T7B710AL9",
        "user_profile": {
            "avatar_hash": "9aa821409e67",
            "image_72": "https:\/\/avatars.slack-edge.com\/2018-11-13\/478546525250_9aa821409e67096e9da5_72.png",
            "first_name": "Richelle",
            "real_name": "Richelle Robinson",
            "display_name": "R ic h   el    l",
            "team": "T7B710AL9",
            "name": "rrobins1",
            "is_restricted": false,
            "is_ultra_restricted": false
        },
        "blocks": [
            {
                "type": "rich_text",
                "block_id": "foe",
                "elements": [
                    {
                        "type": "rich_text_section",
                        "elements": [
                            {
                                "type": "text",
                                "text": "driving in cleats"
                            }
                        ]
                    }
                ]
            }
        ],
        "reactions": [
            {
                "name": "xleila",
                "users": [
                    "U7DL9CX6W",
                    "U7CEH7CGM",
                    "U7BL1F7PD"
                ],
                "count": 3
            }
        ]
    },
    {
        "user": "UCVGWJDB8",
        "type": "message",
        "ts": "1541397770.001500",
        "client_msg_id": "5a69a424-4722-47d0-b4b5-68de2c863e4b",
        "text": "Using dual monitors to watch 2 porn videos at once",
        "team": "T7B710AL9",
        "user_team": "T7B710AL9",
        "source_team": "T7B710AL9",
        "user_profile": {
            "avatar_hash": "3146f470029a",
            "image_72": "https:\/\/avatars.slack-edge.com\/2018-10-27\/467046307783_3146f470029a7a4f7e7c_72.jpg",
            "first_name": "George",
            "real_name": "George Curtis",
            "display_name": "Jorjito",
            "team": "T7B710AL9",
            "name": "gcurtis1",
            "is_restricted": false,
            "is_ultra_restricted": false
        },
        "blocks": [
            {
                "type": "rich_text",
                "block_id": "yQfY=",
                "elements": [
                    {
                        "type": "rich_text_section",
                        "elements": [
                            {
                                "type": "text",
                                "text": "Using dual monitors to watch 2 porn videos at once"
                            }
                        ]
                    }
                ]
            }
        ],
        "reactions": [
            {
                "name": "xtra-nut",
                "users": [
                    "UCPPDTERY",
                    "U7C7WMV52",
                    "U7FM9RC5B",
                    "U7CEH7CGM"
                ],
                "count": 4
            }
        ]
    }
]