[
    {
        "subtype": "thread_broadcast",
        "user": "U7CQU3U6B",
        "thread_ts": "1533124229.000216",
        "root": {
            "user": "U7BFY2LQH",
            "type": "message",
            "ts": "1533124229.000216",
            "client_msg_id": "4000390b-c84d-4b98-9e08-57b775d66bb7",
            "text": "(But also I'm probably like 6th or 7th on the depth chart of men of my team so not a huge loss)",
            "team": "T7B710AL9",
            "thread_ts": "1533124229.000216",
            "reply_count": 1,
            "reply_users_count": 1,
            "latest_reply": "1533306517.000363",
            "reply_users": [
                "U7CQU3U6B"
            ],
            "replies": [
                {
                    "user": "U7CQU3U6B",
                    "ts": "1533306517.000363"
                }
            ],
            "is_locked": false,
            "subscribed": false,
            "blocks": [
                {
                    "type": "rich_text",
                    "block_id": "CngkS",
                    "elements": [
                        {
                            "type": "rich_text_section",
                            "elements": [
                                {
                                    "type": "text",
                                    "text": "(But also I'm probably like 6th or 7th on the depth chart of men of my team so not a huge loss)"
                                }
                            ]
                        }
                    ]
                }
            ]
        },
        "type": "message",
        "ts": "1533306517.000363",
        "client_msg_id": "8ED7000F-F764-4AFF-89D7-342F089E6181",
        "text": "ur literally all of our height ",
        "blocks": [
            {
                "type": "rich_text",
                "block_id": "M15",
                "elements": [
                    {
                        "type": "rich_text_section",
                        "elements": [
                            {
                                "type": "text",
                                "text": "ur literally all of our height"
                            }
                        ]
                    }
                ]
            }
        ]
    }
]