[
    {
        "user": "U7BFY2LQH",
        "type": "message",
        "ts": "1542577071.000700",
        "client_msg_id": "cec3ef45-cb3b-416c-93b7-b264b73d48df",
        "text": "Facetiming while peeing??? Which is what someone on my hall just did?",
        "team": "T7B710AL9",
        "user_team": "T7B710AL9",
        "source_team": "T7B710AL9",
        "user_profile": {
            "avatar_hash": "1745198e693f",
            "image_72": "https:\/\/avatars.slack-edge.com\/2018-07-19\/401624787187_1745198e693f1193975a_72.jpg",
            "first_name": "Sam",
            "real_name": "Sam Gardner",
            "display_name": "Waterbear, M.D.",
            "team": "T7B710AL9",
            "name": "sgardne1",
            "is_restricted": false,
            "is_ultra_restricted": false
        },
        "thread_ts": "1542577071.000700",
        "reply_count": 1,
        "reply_users_count": 1,
        "latest_reply": "1542577124.000900",
        "reply_users": [
            "U868GK012"
        ],
        "replies": [
            {
                "user": "U868GK012",
                "ts": "1542577124.000900"
            }
        ],
        "is_locked": false,
        "subscribed": false,
        "blocks": [
            {
                "type": "rich_text",
                "block_id": "dqJ",
                "elements": [
                    {
                        "type": "rich_text_section",
                        "elements": [
                            {
                                "type": "text",
                                "text": "Facetiming while peeing??? Which is what someone on my hall just did?"
                            }
                        ]
                    }
                ]
            }
        ]
    },
    {
        "user": "U868GK012",
        "type": "message",
        "ts": "1542577124.000900",
        "client_msg_id": "DE2D2645-11EF-4D0D-859D-54A90227058D",
        "text": "I’ve done it before ",
        "team": "T7B710AL9",
        "user_team": "T7B710AL9",
        "source_team": "T7B710AL9",
        "user_profile": {
            "avatar_hash": "e6fd7b86fd21",
            "image_72": "https:\/\/avatars.slack-edge.com\/2018-10-18\/458920105140_e6fd7b86fd21f960c65a_72.png",
            "first_name": "Tommy",
            "real_name": "Tommy Dell",
            "display_name": "Father Tom",
            "team": "T7B710AL9",
            "name": "tdell1",
            "is_restricted": false,
            "is_ultra_restricted": false
        },
        "thread_ts": "1542577071.000700",
        "parent_user_id": "U7BFY2LQH",
        "blocks": [
            {
                "type": "rich_text",
                "block_id": "0XoN",
                "elements": [
                    {
                        "type": "rich_text_section",
                        "elements": [
                            {
                                "type": "text",
                                "text": "I’ve done it before"
                            }
                        ]
                    }
                ]
            }
        ]
    },
    {
        "user": "UCMEELYF9",
        "type": "message",
        "ts": "1542579788.001400",
        "client_msg_id": "CDB4C44A-735B-4798-AEFE-8B4D78EB7396",
        "text": "Timmy two hands drives with one hand",
        "team": "T7B710AL9",
        "user_team": "T7B710AL9",
        "source_team": "T7B710AL9",
        "user_profile": {
            "avatar_hash": "4fd5a65d0bbf",
            "image_72": "https:\/\/avatars.slack-edge.com\/2022-05-01\/3464979741378_4fd5a65d0bbf8c147fd1_72.png",
            "first_name": "frogger",
            "real_name": "frogger",
            "display_name": "frogger",
            "team": "T7B710AL9",
            "name": "kstewar1",
            "is_restricted": false,
            "is_ultra_restricted": false
        },
        "blocks": [
            {
                "type": "rich_text",
                "block_id": "Gwlj",
                "elements": [
                    {
                        "type": "rich_text_section",
                        "elements": [
                            {
                                "type": "text",
                                "text": "Timmy two hands drives with one hand"
                            }
                        ]
                    }
                ]
            }
        ]
    },
    {
        "user": "U7BPV9XJQ",
        "type": "message",
        "ts": "1542580246.001600",
        "client_msg_id": "03fdfd25-7b09-439e-972a-6d9ee2da9cb5",
        "text": "<https:\/\/www.hersheys.com\/reeses\/en_us\/products\/reeses-pieces-peanut-butter-cups.html>",
        "team": "T7B710AL9",
        "user_team": "T7B710AL9",
        "source_team": "T7B710AL9",
        "user_profile": {
            "avatar_hash": "f7b9e2eb0e99",
            "image_72": "https:\/\/avatars.slack-edge.com\/2019-02-04\/540758259841_f7b9e2eb0e9941c4485e_72.png",
            "first_name": "Muha",
            "real_name": "Muha Haque",
            "display_name": "Muha",
            "team": "T7B710AL9",
            "name": "mhaque2",
            "is_restricted": false,
            "is_ultra_restricted": false
        },
        "attachments": [
            {
                "title": "REESE'S | REESE'S Pieces Peanut Butter Cups | Products",
                "title_link": "https:\/\/www.hersheys.com\/reeses\/en_us\/products\/reeses-pieces-peanut-butter-cups.html",
                "text": "Enjoy the crunch of REESE’S PIECES Candy stuffed inside the smooth perfection of REESE’S Peanut Butter Cups. This mashup lives up to the hype.",
                "fallback": "REESE'S | REESE'S Pieces Peanut Butter Cups | Products",
                "from_url": "https:\/\/www.hersheys.com\/reeses\/en_us\/products\/reeses-pieces-peanut-butter-cups.html",
                "service_icon": "https:\/\/www.hersheys.com\/etc\/designs\/selfservice-framework-master\/global\/common\/img\/favicon.ico",
                "service_name": "hersheys.com",
                "id": 1,
                "original_url": "https:\/\/www.hersheys.com\/reeses\/en_us\/products\/reeses-pieces-peanut-butter-cups.html"
            }
        ],
        "blocks": [
            {
                "type": "rich_text",
                "block_id": "84bd",
                "elements": [
                    {
                        "type": "rich_text_section",
                        "elements": [
                            {
                                "type": "link",
                                "url": "https:\/\/www.hersheys.com\/reeses\/en_us\/products\/reeses-pieces-peanut-butter-cups.html"
                            }
                        ]
                    }
                ]
            }
        ],
        "reactions": [
            {
                "name": "+1",
                "users": [
                    "U8CM2ST63"
                ],
                "count": 1
            }
        ]
    }
]