[
    {
        "text": "Facebook just sent me a notification that Keshav commented on his own post, a post that I did not react or comment on, a post that has nothing to do with me. Ordinarily I would put this in <#C962QMD7Z|complaints> because I hate it when Twitter and now apparently Facebook manufacture notifications like this, but it was admittedly a good comment on a good post by Keshav",
        "files": [
            {
                "id": "FC71EQ3SP",
                "created": 1534084328,
                "timestamp": 1534084328,
                "name": "Screenshot_2018-08-12-10-29-41-1.png",
                "title": "Screenshot_2018-08-12-10-29-41-1.png",
                "mimetype": "image\/png",
                "filetype": "png",
                "pretty_type": "PNG",
                "user": "U7BFY2LQH",
                "user_team": "T7B710AL9",
                "editable": false,
                "size": 126982,
                "mode": "hosted",
                "is_external": false,
                "external_type": "",
                "is_public": true,
                "public_url_shared": false,
                "display_as_bot": false,
                "username": "",
                "url_private": "https:\/\/files.slack.com\/files-pri\/T7B710AL9-FC71EQ3SP\/screenshot_2018-08-12-10-29-41-1.png?t=xoxe-249239010689-7383763303600-7346417720535-c8977b2d870e66a58192db1f0484baaa",
                "url_private_download": "https:\/\/files.slack.com\/files-pri\/T7B710AL9-FC71EQ3SP\/download\/screenshot_2018-08-12-10-29-41-1.png?t=xoxe-249239010689-7383763303600-7346417720535-c8977b2d870e66a58192db1f0484baaa",
                "media_display_type": "unknown",
                "thumb_64": "https:\/\/files.slack.com\/files-tmb\/T7B710AL9-FC71EQ3SP-7f6f68026c\/screenshot_2018-08-12-10-29-41-1_64.png?t=xoxe-249239010689-7383763303600-7346417720535-c8977b2d870e66a58192db1f0484baaa",
                "thumb_80": "https:\/\/files.slack.com\/files-tmb\/T7B710AL9-FC71EQ3SP-7f6f68026c\/screenshot_2018-08-12-10-29-41-1_80.png?t=xoxe-249239010689-7383763303600-7346417720535-c8977b2d870e66a58192db1f0484baaa",
                "thumb_360": "https:\/\/files.slack.com\/files-tmb\/T7B710AL9-FC71EQ3SP-7f6f68026c\/screenshot_2018-08-12-10-29-41-1_360.png?t=xoxe-249239010689-7383763303600-7346417720535-c8977b2d870e66a58192db1f0484baaa",
                "thumb_360_w": 360,
                "thumb_360_h": 83,
                "thumb_480": "https:\/\/files.slack.com\/files-tmb\/T7B710AL9-FC71EQ3SP-7f6f68026c\/screenshot_2018-08-12-10-29-41-1_480.png?t=xoxe-249239010689-7383763303600-7346417720535-c8977b2d870e66a58192db1f0484baaa",
                "thumb_480_w": 480,
                "thumb_480_h": 110,
                "thumb_160": "https:\/\/files.slack.com\/files-tmb\/T7B710AL9-FC71EQ3SP-7f6f68026c\/screenshot_2018-08-12-10-29-41-1_160.png?t=xoxe-249239010689-7383763303600-7346417720535-c8977b2d870e66a58192db1f0484baaa",
                "thumb_720": "https:\/\/files.slack.com\/files-tmb\/T7B710AL9-FC71EQ3SP-7f6f68026c\/screenshot_2018-08-12-10-29-41-1_720.png?t=xoxe-249239010689-7383763303600-7346417720535-c8977b2d870e66a58192db1f0484baaa",
                "thumb_720_w": 720,
                "thumb_720_h": 166,
                "thumb_800": "https:\/\/files.slack.com\/files-tmb\/T7B710AL9-FC71EQ3SP-7f6f68026c\/screenshot_2018-08-12-10-29-41-1_800.png?t=xoxe-249239010689-7383763303600-7346417720535-c8977b2d870e66a58192db1f0484baaa",
                "thumb_800_w": 800,
                "thumb_800_h": 184,
                "thumb_960": "https:\/\/files.slack.com\/files-tmb\/T7B710AL9-FC71EQ3SP-7f6f68026c\/screenshot_2018-08-12-10-29-41-1_960.png?t=xoxe-249239010689-7383763303600-7346417720535-c8977b2d870e66a58192db1f0484baaa",
                "thumb_960_w": 960,
                "thumb_960_h": 221,
                "thumb_1024": "https:\/\/files.slack.com\/files-tmb\/T7B710AL9-FC71EQ3SP-7f6f68026c\/screenshot_2018-08-12-10-29-41-1_1024.png?t=xoxe-249239010689-7383763303600-7346417720535-c8977b2d870e66a58192db1f0484baaa",
                "thumb_1024_w": 1024,
                "thumb_1024_h": 236,
                "image_exif_rotation": 1,
                "original_w": 1439,
                "original_h": 331,
                "permalink": "https:\/\/swarthmoreultimate.slack.com\/files\/U7BFY2LQH\/FC71EQ3SP\/screenshot_2018-08-12-10-29-41-1.png",
                "permalink_public": "https:\/\/slack-files.com\/T7B710AL9-FC71EQ3SP-c7286d737a",
                "is_starred": false,
                "has_rich_preview": false,
                "file_access": "visible"
            }
        ],
        "upload": true,
        "user": "U7BFY2LQH",
        "display_as_bot": false,
        "blocks": [
            {
                "type": "rich_text",
                "block_id": "BW9xL",
                "elements": [
                    {
                        "type": "rich_text_section",
                        "elements": [
                            {
                                "type": "text",
                                "text": "Facebook just sent me a notification that Keshav commented on his own post, a post that I did not react or comment on, a post that has nothing to do with me. Ordinarily I would put this in "
                            },
                            {
                                "type": "channel",
                                "channel_id": "C962QMD7Z"
                            },
                            {
                                "type": "text",
                                "text": " because I hate it when Twitter and now apparently Facebook manufacture notifications like this, but it was admittedly a good comment on a good post by Keshav"
                            }
                        ]
                    }
                ]
            }
        ],
        "type": "message",
        "ts": "1534084331.000060",
        "client_msg_id": "ec197fd3-6307-49ad-8a4a-554962cc36ed",
        "thread_ts": "1534084331.000060",
        "reply_count": 1,
        "reply_users_count": 1,
        "latest_reply": "1534086409.000022",
        "reply_users": [
            "U7CUH2Z70"
        ],
        "replies": [
            {
                "user": "U7CUH2Z70",
                "ts": "1534086409.000022"
            }
        ],
        "is_locked": false,
        "subscribed": false
    },
    {
        "user": "U7CUH2Z70",
        "type": "message",
        "ts": "1534086409.000022",
        "client_msg_id": "51506e81-0372-44df-8f3c-4512735f8ea7",
        "text": "Interesting",
        "team": "T7B710AL9",
        "user_team": "T7B710AL9",
        "source_team": "T7B710AL9",
        "user_profile": {
            "avatar_hash": "b994d311f580",
            "image_72": "https:\/\/avatars.slack-edge.com\/2020-02-25\/969610744726_b994d311f58072c3a1d2_72.jpg",
            "first_name": "Keshav",
            "real_name": "Keshav Patel",
            "display_name": "Keshav",
            "team": "T7B710AL9",
            "name": "kpatel2",
            "is_restricted": false,
            "is_ultra_restricted": false
        },
        "thread_ts": "1534084331.000060",
        "parent_user_id": "U7BFY2LQH",
        "blocks": [
            {
                "type": "rich_text",
                "block_id": "=Y+9",
                "elements": [
                    {
                        "type": "rich_text_section",
                        "elements": [
                            {
                                "type": "text",
                                "text": "Interesting"
                            }
                        ]
                    }
                ]
            }
        ]
    },
    {
        "user": "U7C8U72LB",
        "type": "message",
        "ts": "1534132092.000095",
        "client_msg_id": "eb0d8c6b-adb6-4914-9a00-27ba2ead0065",
        "text": "Someone posted about their uncle passing away on facebook, and an old person trying to be supportive put \":heart_eyes::heart_eyes::heart_eyes:\" in the comments on the post",
        "team": "T7B710AL9",
        "user_team": "T7B710AL9",
        "source_team": "T7B710AL9",
        "user_profile": {
            "avatar_hash": "e610103b9bf7",
            "image_72": "https:\/\/avatars.slack-edge.com\/2018-09-06\/431053250005_e610103b9bf748d6f846_72.png",
            "first_name": "Sam",
            "real_name": "Sam Wallach Hanson",
            "display_name": "Swoonss",
            "team": "T7B710AL9",
            "name": "swallac3",
            "is_restricted": false,
            "is_ultra_restricted": false
        },
        "blocks": [
            {
                "type": "rich_text",
                "block_id": "raD",
                "elements": [
                    {
                        "type": "rich_text_section",
                        "elements": [
                            {
                                "type": "text",
                                "text": "Someone posted about their uncle passing away on facebook, and an old person trying to be supportive put \""
                            },
                            {
                                "type": "emoji",
                                "name": "heart_eyes",
                                "unicode": "1f60d"
                            },
                            {
                                "type": "emoji",
                                "name": "heart_eyes",
                                "unicode": "1f60d"
                            },
                            {
                                "type": "emoji",
                                "name": "heart_eyes",
                                "unicode": "1f60d"
                            },
                            {
                                "type": "text",
                                "text": "\" in the comments on the post"
                            }
                        ]
                    }
                ]
            }
        ],
        "reactions": [
            {
                "name": "yikesgrass",
                "users": [
                    "U7DL9CX6W",
                    "U868GK012",
                    "U7C5VN3U1",
                    "U7CQU3U6B",
                    "U7CUH2Z70",
                    "U7CEH7CGM",
                    "U7BPV9XJQ",
                    "U7BL1F7PD",
                    "U7BHXDGSV"
                ],
                "count": 9
            }
        ]
    }
]