[
    {
        "user": "U7BL1F7PD",
        "type": "message",
        "ts": "1540008214.000100",
        "client_msg_id": "5A55D6BF-2E0B-441A-A96A-72DE797DA25D",
        "text": "I’ve always thought good ol H. Tom Hallowell looks like someone 2 stages into Animorphing into a lizard ",
        "team": "T7B710AL9",
        "user_team": "T7B710AL9",
        "source_team": "T7B710AL9",
        "user_profile": {
            "avatar_hash": "6192f5f19951",
            "image_72": "https:\/\/avatars.slack-edge.com\/2018-03-25\/335131537360_6192f5f19951f13fa474_72.png",
            "first_name": "shep",
            "real_name": "shep",
            "display_name": "Shep",
            "team": "T7B710AL9",
            "name": "emshepherd18",
            "is_restricted": false,
            "is_ultra_restricted": false
        },
        "thread_ts": "1539233103.000100",
        "parent_user_id": "UCVGWJDB8",
        "blocks": [
            {
                "type": "rich_text",
                "block_id": "faTs",
                "elements": [
                    {
                        "type": "rich_text_section",
                        "elements": [
                            {
                                "type": "text",
                                "text": "I’ve always thought good ol H. Tom Hallowell looks like someone 2 stages into Animorphing into a lizard"
                            }
                        ]
                    }
                ]
            }
        ]
    }
]