[
    {
        "user": "U7C8U72LB",
        "type": "message",
        "ts": "1535302446.000100",
        "client_msg_id": "d8012cb7-c70d-4dd4-b319-b9472ae8141f",
        "text": "My pickup group challenged another pickup group to a scrimmage, and the other group has 3 Wildfire players",
        "team": "T7B710AL9",
        "user_team": "T7B710AL9",
        "source_team": "T7B710AL9",
        "user_profile": {
            "avatar_hash": "e610103b9bf7",
            "image_72": "https:\/\/avatars.slack-edge.com\/2018-09-06\/431053250005_e610103b9bf748d6f846_72.png",
            "first_name": "Sam",
            "real_name": "Sam Wallach Hanson",
            "display_name": "Swoonss",
            "team": "T7B710AL9",
            "name": "swallac3",
            "is_restricted": false,
            "is_ultra_restricted": false
        },
        "blocks": [
            {
                "type": "rich_text",
                "block_id": "5sF",
                "elements": [
                    {
                        "type": "rich_text_section",
                        "elements": [
                            {
                                "type": "text",
                                "text": "My pickup group challenged another pickup group to a scrimmage, and the other group has 3 Wildfire players"
                            }
                        ]
                    }
                ]
            }
        ]
    }
]