[
    {
        "text": "8.5 credits of german later",
        "files": [
            {
                "id": "FEJ9699E1",
                "created": 1543856849,
                "timestamp": 1543856849,
                "name": "File from iOS.MOV",
                "title": "File from iOS",
                "mimetype": "video\/quicktime",
                "filetype": "mov",
                "pretty_type": "QuickTime Movie",
                "user": "U7CEH7CGM",
                "user_team": "T7B710AL9",
                "editable": false,
                "size": 4615237,
                "mode": "hosted",
                "is_external": false,
                "external_type": "",
                "is_public": true,
                "public_url_shared": false,
                "display_as_bot": false,
                "username": "",
                "url_private": "https:\/\/files.slack.com\/files-pri\/T7B710AL9-FEJ9699E1\/file_from_ios.mov?t=xoxe-249239010689-7383763303600-7346417720535-c8977b2d870e66a58192db1f0484baaa",
                "url_private_download": "https:\/\/files.slack.com\/files-pri\/T7B710AL9-FEJ9699E1\/download\/file_from_ios.mov?t=xoxe-249239010689-7383763303600-7346417720535-c8977b2d870e66a58192db1f0484baaa",
                "media_display_type": "video",
                "permalink": "https:\/\/swarthmoreultimate.slack.com\/files\/U7CEH7CGM\/FEJ9699E1\/file_from_ios.mov",
                "permalink_public": "https:\/\/slack-files.com\/T7B710AL9-FEJ9699E1-fe3ee370cd",
                "is_starred": false,
                "has_rich_preview": false,
                "file_access": "visible"
            }
        ],
        "upload": true,
        "user": "U7CEH7CGM",
        "display_as_bot": false,
        "blocks": [
            {
                "type": "rich_text",
                "block_id": "UQVn",
                "elements": [
                    {
                        "type": "rich_text_section",
                        "elements": [
                            {
                                "type": "text",
                                "text": "8.5 credits of german later"
                            }
                        ]
                    }
                ]
            }
        ],
        "type": "message",
        "ts": "1543856850.000200",
        "reactions": [
            {
                "name": "mustacheeyeball",
                "users": [
                    "U7BFY2LQH",
                    "U7C7WMV52",
                    "U7DKWL5U2"
                ],
                "count": 3
            },
            {
                "name": "200iq",
                "users": [
                    "UCVGWJDB8",
                    "U7DKWL5U2"
                ],
                "count": 2
            }
        ]
    }
]