[
    {
        "subtype": "bot_message",
        "text": "<@U7BFY2LQH> has a poll for you!",
        "username": "Polly",
        "icons": {
            "image_48": "https:\/\/s3-us-west-2.amazonaws.com\/slack-files2\/bot_icons\/2017-11-29\/279383787314_48.png"
        },
        "attachments": [
            {
                "callback_id": "e6FfYCa3ac7RkisJC",
                "fallback": "Would you borrow someone else's underwear?",
                "title": "Would you borrow someone else's underwear?",
                "id": 1,
                "color": "35A8E0",
                "actions": [
                    {
                        "id": "1",
                        "name": "one",
                        "text": "Yes",
                        "type": "button",
                        "value": "0",
                        "style": ""
                    },
                    {
                        "id": "2",
                        "name": "two",
                        "text": "No",
                        "type": "button",
                        "value": "1",
                        "style": ""
                    }
                ]
            },
            {
                "callback_id": "e6FfYCa3ac7RkisJC",
                "fallback": "Would you borrow someone else's underwear?",
                "id": 2,
                "fields": [
                    {
                        "title": "Yes",
                        "value": "`▇▇▇▇▇▇▇▇▇▇▇▇▇▇▇▇▇▇▇▇▇▇▇▇▇` 52% (11)\n<@UCVPB2ZB8>, <@UCKMFGMMW>, <@U868GK012>, <@U7DL9CX6W>, <@U7DQHCFHT>, +6 more",
                        "short": false
                    },
                    {
                        "title": "No",
                        "value": "`▇▇▇▇▇▇▇▇▇▇▇▇▇▇▇▇▇▇▇▇▇▇▇` 48% (10)\n<@U7BPV9XJQ>, <@U7D0YG3J4>, <@UCW023U3G>, <@U7CEH7CGM>, <@UCU27FNLT>, +5 more",
                        "short": false
                    },
                    {
                        "title": "Total votes",
                        "value": "21",
                        "short": true
                    },
                    {
                        "title": "Comments (1 total)",
                        "value": ":speech_balloon: <@U7DQHCFHT>: Im assuming this underwear has been washed ._.",
                        "short": false
                    }
                ],
                "actions": [
                    {
                        "id": "3",
                        "name": "add_comments",
                        "text": "Add a Comment",
                        "type": "button",
                        "value": "4GkZQ9p2KcB7yGXC5",
                        "style": ""
                    },
                    {
                        "id": "4",
                        "name": "view_all_responses_in_channel",
                        "text": "View All Responses",
                        "type": "button",
                        "value": "4GkZQ9p2KcB7yGXC5",
                        "style": ""
                    }
                ],
                "mrkdwn_in": [
                    "fields"
                ]
            }
        ],
        "type": "message",
        "ts": "1542820197.000200",
        "bot_id": "B7DCLQ8LB",
        "blocks": [
            {
                "type": "rich_text",
                "block_id": "Wzl",
                "elements": [
                    {
                        "type": "rich_text_section",
                        "elements": [
                            {
                                "type": "user",
                                "user_id": "U7BFY2LQH"
                            },
                            {
                                "type": "text",
                                "text": " has a poll for you!"
                            }
                        ]
                    }
                ]
            }
        ]
    },
    {
        "user": "U7CEH7CGM",
        "type": "message",
        "ts": "1542824681.002900",
        "client_msg_id": "17387D72-2567-4B45-8721-713ACFF16331",
        "text": "This white dude walked up to me in a chinese supermarket and asked me if they had turkey",
        "team": "T7B710AL9",
        "user_team": "T7B710AL9",
        "source_team": "T7B710AL9",
        "user_profile": {
            "avatar_hash": "586b2b51da50",
            "image_72": "https:\/\/avatars.slack-edge.com\/2018-12-17\/504857144561_586b2b51da50812410ae_72.png",
            "first_name": "Alex",
            "real_name": "Alex Jin",
            "display_name": "Ajin2",
            "team": "T7B710AL9",
            "name": "ajin2",
            "is_restricted": false,
            "is_ultra_restricted": false
        },
        "blocks": [
            {
                "type": "rich_text",
                "block_id": "VmE9",
                "elements": [
                    {
                        "type": "rich_text_section",
                        "elements": [
                            {
                                "type": "text",
                                "text": "This white dude walked up to me in a chinese supermarket and asked me if they had turkey"
                            }
                        ]
                    }
                ]
            }
        ],
        "reactions": [
            {
                "name": "non-potable_water",
                "users": [
                    "UCU27FNLT",
                    "U7C5VN3U1",
                    "UCPPDTERY",
                    "U7F238X5F",
                    "U7CQU3U6B"
                ],
                "count": 5
            },
            {
                "name": "flag-tr",
                "users": [
                    "UCVGWJDB8",
                    "UCPPDTERY"
                ],
                "count": 2
            },
            {
                "name": "turkey",
                "users": [
                    "U7F238X5F",
                    "UCPPDTERY"
                ],
                "count": 2
            }
        ]
    }
]