[
    {
        "user": "U7CQU3U6B",
        "type": "message",
        "ts": "1526764952.000002",
        "client_msg_id": "0D5A6112-5743-4915-AF6B-07D94B0FBC0D",
        "text": "the guy at the bookstore just told me \"i hope you have a summer\" ",
        "team": "T7B710AL9",
        "user_team": "T7B710AL9",
        "source_team": "T7B710AL9",
        "user_profile": {
            "avatar_hash": "9aa821409e67",
            "image_72": "https:\/\/avatars.slack-edge.com\/2018-11-13\/478546525250_9aa821409e67096e9da5_72.png",
            "first_name": "Richelle",
            "real_name": "Richelle Robinson",
            "display_name": "R ic h   el    l",
            "team": "T7B710AL9",
            "name": "rrobins1",
            "is_restricted": false,
            "is_ultra_restricted": false
        },
        "blocks": [
            {
                "type": "rich_text",
                "block_id": "S7Y8",
                "elements": [
                    {
                        "type": "rich_text_section",
                        "elements": [
                            {
                                "type": "text",
                                "text": "the guy at the bookstore just told me \"i hope you have a summer\""
                            }
                        ]
                    }
                ]
            }
        ]
    }
]