[
    {
        "text": "My dad responded to Val Smith's generic holiday email",
        "files": [
            {
                "id": "FEVUJ99AT",
                "created": 1544891478,
                "timestamp": 1544891478,
                "name": "Screen Shot 2018-12-15 at 11.30.30 AM.png",
                "title": "Screen Shot 2018-12-15 at 11.30.30 AM.png",
                "mimetype": "image\/png",
                "filetype": "png",
                "pretty_type": "PNG",
                "user": "U7CEH7CGM",
                "user_team": "T7B710AL9",
                "editable": false,
                "size": 89635,
                "mode": "hosted",
                "is_external": false,
                "external_type": "",
                "is_public": true,
                "public_url_shared": false,
                "display_as_bot": false,
                "username": "",
                "url_private": "https:\/\/files.slack.com\/files-pri\/T7B710AL9-FEVUJ99AT\/screen_shot_2018-12-15_at_11.30.30_am.png?t=xoxe-249239010689-7383763303600-7346417720535-c8977b2d870e66a58192db1f0484baaa",
                "url_private_download": "https:\/\/files.slack.com\/files-pri\/T7B710AL9-FEVUJ99AT\/download\/screen_shot_2018-12-15_at_11.30.30_am.png?t=xoxe-249239010689-7383763303600-7346417720535-c8977b2d870e66a58192db1f0484baaa",
                "media_display_type": "unknown",
                "thumb_64": "https:\/\/files.slack.com\/files-tmb\/T7B710AL9-FEVUJ99AT-aa5fd23f82\/screen_shot_2018-12-15_at_11.30.30_am_64.png?t=xoxe-249239010689-7383763303600-7346417720535-c8977b2d870e66a58192db1f0484baaa",
                "thumb_80": "https:\/\/files.slack.com\/files-tmb\/T7B710AL9-FEVUJ99AT-aa5fd23f82\/screen_shot_2018-12-15_at_11.30.30_am_80.png?t=xoxe-249239010689-7383763303600-7346417720535-c8977b2d870e66a58192db1f0484baaa",
                "thumb_360": "https:\/\/files.slack.com\/files-tmb\/T7B710AL9-FEVUJ99AT-aa5fd23f82\/screen_shot_2018-12-15_at_11.30.30_am_360.png?t=xoxe-249239010689-7383763303600-7346417720535-c8977b2d870e66a58192db1f0484baaa",
                "thumb_360_w": 360,
                "thumb_360_h": 90,
                "thumb_480": "https:\/\/files.slack.com\/files-tmb\/T7B710AL9-FEVUJ99AT-aa5fd23f82\/screen_shot_2018-12-15_at_11.30.30_am_480.png?t=xoxe-249239010689-7383763303600-7346417720535-c8977b2d870e66a58192db1f0484baaa",
                "thumb_480_w": 480,
                "thumb_480_h": 121,
                "thumb_160": "https:\/\/files.slack.com\/files-tmb\/T7B710AL9-FEVUJ99AT-aa5fd23f82\/screen_shot_2018-12-15_at_11.30.30_am_160.png?t=xoxe-249239010689-7383763303600-7346417720535-c8977b2d870e66a58192db1f0484baaa",
                "thumb_720": "https:\/\/files.slack.com\/files-tmb\/T7B710AL9-FEVUJ99AT-aa5fd23f82\/screen_shot_2018-12-15_at_11.30.30_am_720.png?t=xoxe-249239010689-7383763303600-7346417720535-c8977b2d870e66a58192db1f0484baaa",
                "thumb_720_w": 720,
                "thumb_720_h": 181,
                "thumb_800": "https:\/\/files.slack.com\/files-tmb\/T7B710AL9-FEVUJ99AT-aa5fd23f82\/screen_shot_2018-12-15_at_11.30.30_am_800.png?t=xoxe-249239010689-7383763303600-7346417720535-c8977b2d870e66a58192db1f0484baaa",
                "thumb_800_w": 800,
                "thumb_800_h": 201,
                "thumb_960": "https:\/\/files.slack.com\/files-tmb\/T7B710AL9-FEVUJ99AT-aa5fd23f82\/screen_shot_2018-12-15_at_11.30.30_am_960.png?t=xoxe-249239010689-7383763303600-7346417720535-c8977b2d870e66a58192db1f0484baaa",
                "thumb_960_w": 960,
                "thumb_960_h": 241,
                "thumb_1024": "https:\/\/files.slack.com\/files-tmb\/T7B710AL9-FEVUJ99AT-aa5fd23f82\/screen_shot_2018-12-15_at_11.30.30_am_1024.png?t=xoxe-249239010689-7383763303600-7346417720535-c8977b2d870e66a58192db1f0484baaa",
                "thumb_1024_w": 1024,
                "thumb_1024_h": 257,
                "image_exif_rotation": 1,
                "original_w": 1496,
                "original_h": 376,
                "permalink": "https:\/\/swarthmoreultimate.slack.com\/files\/U7CEH7CGM\/FEVUJ99AT\/screen_shot_2018-12-15_at_11.30.30_am.png",
                "permalink_public": "https:\/\/slack-files.com\/T7B710AL9-FEVUJ99AT-17eb8868df",
                "is_starred": false,
                "has_rich_preview": false,
                "file_access": "visible"
            }
        ],
        "upload": true,
        "user": "U7CEH7CGM",
        "display_as_bot": false,
        "blocks": [
            {
                "type": "rich_text",
                "block_id": "Yl71",
                "elements": [
                    {
                        "type": "rich_text_section",
                        "elements": [
                            {
                                "type": "text",
                                "text": "My dad responded to Val Smith's generic holiday email"
                            }
                        ]
                    }
                ]
            }
        ],
        "type": "message",
        "ts": "1544891482.000100",
        "reactions": [
            {
                "name": "200iq",
                "users": [
                    "U7C7WMV52",
                    "U8JTX11L3",
                    "UCLD8BFM0",
                    "U7BHXDGSV",
                    "UCPPDTERY",
                    "U7F238X5F",
                    "U868GK012",
                    "U7DKWL5U2",
                    "U7BPUMEAY"
                ],
                "count": 9
            },
            {
                "name": "god",
                "users": [
                    "U89GWBNNA",
                    "UCPPDTERY",
                    "U7BPUMEAY"
                ],
                "count": 3
            },
            {
                "name": "high_brightness",
                "users": [
                    "U7F238X5F"
                ],
                "count": 1
            }
        ]
    },
    {
        "user": "U7H3ZE2LC",
        "type": "message",
        "ts": "1544896624.002000",
        "client_msg_id": "dd3ce844-f34b-4478-8299-bd8cb05aa64a",
        "text": "Lmao wants our pomodora to be hour on, 10 minutes off",
        "team": "T7B710AL9",
        "user_team": "T7B710AL9",
        "source_team": "T7B710AL9",
        "user_profile": {
            "avatar_hash": "83ba2775b182",
            "image_72": "https:\/\/avatars.slack-edge.com\/2017-11-17\/274528721828_83ba2775b1821cf1ed15_72.png",
            "first_name": "Zach",
            "real_name": "Zach Lytle",
            "display_name": "",
            "team": "T7B710AL9",
            "name": "zlytle1",
            "is_restricted": false,
            "is_ultra_restricted": false
        },
        "blocks": [
            {
                "type": "rich_text",
                "block_id": "5ZJg",
                "elements": [
                    {
                        "type": "rich_text_section",
                        "elements": [
                            {
                                "type": "text",
                                "text": "Lmao wants our pomodora to be hour on, 10 minutes off"
                            }
                        ]
                    }
                ]
            }
        ],
        "reactions": [
            {
                "name": "rotten-tomato",
                "users": [
                    "U8CM2ST63",
                    "U7DKWL5U2",
                    "U7BPUMEAY"
                ],
                "count": 3
            },
            {
                "name": "apple",
                "users": [
                    "U7BHXDGSV"
                ],
                "count": 1
            }
        ]
    },
    {
        "user": "U7DQHCFHT",
        "type": "message",
        "ts": "1544942055.005400",
        "client_msg_id": "CE1D57A5-6A3F-45E0-9AF2-EA044FDBAB70",
        "text": "Not that morally ambiguous but looking for opinions: everytime I pick up my friend (ever since she turned 17) ive played dancing queen and her birthday is coming up do I continue to play dancing queen after her bday passes? it always makes us laugh and gets us hyped up for the mini adventure we are about to go on",
        "team": "T7B710AL9",
        "user_team": "T7B710AL9",
        "source_team": "T7B710AL9",
        "user_profile": {
            "avatar_hash": "8fd68c6f935a",
            "image_72": "https:\/\/avatars.slack-edge.com\/2019-12-07\/864273406896_8fd68c6f935aba7b76b9_72.png",
            "first_name": "Emely",
            "real_name": "Emely Mendez",
            "display_name": "Avena",
            "team": "T7B710AL9",
            "name": "emendez1",
            "is_restricted": false,
            "is_ultra_restricted": false
        },
        "thread_ts": "1544942055.005400",
        "reply_count": 1,
        "reply_users_count": 1,
        "latest_reply": "1544942985.005900",
        "reply_users": [
            "U7C5VN3U1"
        ],
        "replies": [
            {
                "user": "U7C5VN3U1",
                "ts": "1544942985.005900"
            }
        ],
        "is_locked": false,
        "subscribed": false,
        "blocks": [
            {
                "type": "rich_text",
                "block_id": "6Ha+O",
                "elements": [
                    {
                        "type": "rich_text_section",
                        "elements": [
                            {
                                "type": "text",
                                "text": "Not that morally ambiguous but looking for opinions: everytime I pick up my friend (ever since she turned 17) ive played dancing queen and her birthday is coming up do I continue to play dancing queen after her bday passes? it always makes us laugh and gets us hyped up for the mini adventure we are about to go on"
                            }
                        ]
                    }
                ]
            }
        ],
        "reactions": [
            {
                "name": "+1",
                "users": [
                    "U7DL9CX6W",
                    "U7DKWL5U2",
                    "U7BL1F7PD"
                ],
                "count": 3
            }
        ]
    },
    {
        "user": "U7C5VN3U1",
        "type": "message",
        "ts": "1544942985.005900",
        "client_msg_id": "eb25698c-2b18-439b-ba9a-9c6abc845aa1",
        "text": "play I'm Eighteen by Alice Cooper",
        "team": "T7B710AL9",
        "user_team": "T7B710AL9",
        "source_team": "T7B710AL9",
        "user_profile": {
            "avatar_hash": "4adb1c10386b",
            "image_72": "https:\/\/avatars.slack-edge.com\/2018-11-20\/484222800036_4adb1c10386b1f9a1443_72.png",
            "first_name": "Max",
            "real_name": "Max Franklin",
            "display_name": "Max",
            "team": "T7B710AL9",
            "name": "mfrankl2",
            "is_restricted": false,
            "is_ultra_restricted": false
        },
        "thread_ts": "1544942055.005400",
        "parent_user_id": "U7DQHCFHT",
        "blocks": [
            {
                "type": "rich_text",
                "block_id": "pUj",
                "elements": [
                    {
                        "type": "rich_text_section",
                        "elements": [
                            {
                                "type": "text",
                                "text": "play I'm Eighteen by Alice Cooper"
                            }
                        ]
                    }
                ]
            }
        ],
        "reactions": [
            {
                "name": "18",
                "users": [
                    "U8CM2ST63",
                    "U7BFY2LQH",
                    "U7BHXDGSV"
                ],
                "count": 3
            }
        ]
    }
]