[
    {
        "text": "Describing a quantity as \"10s of pumpkins\" instead of \"dozens of pumpkins\"???????? From OSE email",
        "files": [
            {
                "id": "FDR1GCFL6",
                "created": 1540587687,
                "timestamp": 1540587687,
                "name": "Screenshot_20181026-170012~2.png",
                "title": "Screenshot_20181026-170012~2.png",
                "mimetype": "image\/png",
                "filetype": "png",
                "pretty_type": "PNG",
                "user": "U7BFY2LQH",
                "user_team": "T7B710AL9",
                "editable": false,
                "size": 636736,
                "mode": "hosted",
                "is_external": false,
                "external_type": "",
                "is_public": true,
                "public_url_shared": false,
                "display_as_bot": false,
                "username": "",
                "url_private": "https:\/\/files.slack.com\/files-pri\/T7B710AL9-FDR1GCFL6\/screenshot_20181026-170012_2.png?t=xoxe-249239010689-7383763303600-7346417720535-c8977b2d870e66a58192db1f0484baaa",
                "url_private_download": "https:\/\/files.slack.com\/files-pri\/T7B710AL9-FDR1GCFL6\/download\/screenshot_20181026-170012_2.png?t=xoxe-249239010689-7383763303600-7346417720535-c8977b2d870e66a58192db1f0484baaa",
                "media_display_type": "unknown",
                "thumb_64": "https:\/\/files.slack.com\/files-tmb\/T7B710AL9-FDR1GCFL6-c07611cdf4\/screenshot_20181026-170012_2_64.png?t=xoxe-249239010689-7383763303600-7346417720535-c8977b2d870e66a58192db1f0484baaa",
                "thumb_80": "https:\/\/files.slack.com\/files-tmb\/T7B710AL9-FDR1GCFL6-c07611cdf4\/screenshot_20181026-170012_2_80.png?t=xoxe-249239010689-7383763303600-7346417720535-c8977b2d870e66a58192db1f0484baaa",
                "thumb_360": "https:\/\/files.slack.com\/files-tmb\/T7B710AL9-FDR1GCFL6-c07611cdf4\/screenshot_20181026-170012_2_360.png?t=xoxe-249239010689-7383763303600-7346417720535-c8977b2d870e66a58192db1f0484baaa",
                "thumb_360_w": 360,
                "thumb_360_h": 246,
                "thumb_480": "https:\/\/files.slack.com\/files-tmb\/T7B710AL9-FDR1GCFL6-c07611cdf4\/screenshot_20181026-170012_2_480.png?t=xoxe-249239010689-7383763303600-7346417720535-c8977b2d870e66a58192db1f0484baaa",
                "thumb_480_w": 480,
                "thumb_480_h": 328,
                "thumb_160": "https:\/\/files.slack.com\/files-tmb\/T7B710AL9-FDR1GCFL6-c07611cdf4\/screenshot_20181026-170012_2_160.png?t=xoxe-249239010689-7383763303600-7346417720535-c8977b2d870e66a58192db1f0484baaa",
                "thumb_720": "https:\/\/files.slack.com\/files-tmb\/T7B710AL9-FDR1GCFL6-c07611cdf4\/screenshot_20181026-170012_2_720.png?t=xoxe-249239010689-7383763303600-7346417720535-c8977b2d870e66a58192db1f0484baaa",
                "thumb_720_w": 720,
                "thumb_720_h": 491,
                "thumb_800": "https:\/\/files.slack.com\/files-tmb\/T7B710AL9-FDR1GCFL6-c07611cdf4\/screenshot_20181026-170012_2_800.png?t=xoxe-249239010689-7383763303600-7346417720535-c8977b2d870e66a58192db1f0484baaa",
                "thumb_800_w": 800,
                "thumb_800_h": 546,
                "thumb_960": "https:\/\/files.slack.com\/files-tmb\/T7B710AL9-FDR1GCFL6-c07611cdf4\/screenshot_20181026-170012_2_960.png?t=xoxe-249239010689-7383763303600-7346417720535-c8977b2d870e66a58192db1f0484baaa",
                "thumb_960_w": 960,
                "thumb_960_h": 655,
                "thumb_1024": "https:\/\/files.slack.com\/files-tmb\/T7B710AL9-FDR1GCFL6-c07611cdf4\/screenshot_20181026-170012_2_1024.png?t=xoxe-249239010689-7383763303600-7346417720535-c8977b2d870e66a58192db1f0484baaa",
                "thumb_1024_w": 1024,
                "thumb_1024_h": 699,
                "image_exif_rotation": 1,
                "original_w": 1080,
                "original_h": 737,
                "permalink": "https:\/\/swarthmoreultimate.slack.com\/files\/U7BFY2LQH\/FDR1GCFL6\/screenshot_20181026-170012_2.png",
                "permalink_public": "https:\/\/slack-files.com\/T7B710AL9-FDR1GCFL6-664a42b3e4",
                "is_starred": false,
                "has_rich_preview": false,
                "file_access": "visible"
            }
        ],
        "upload": true,
        "user": "U7BFY2LQH",
        "display_as_bot": false,
        "blocks": [
            {
                "type": "rich_text",
                "block_id": "3Ec2",
                "elements": [
                    {
                        "type": "rich_text_section",
                        "elements": [
                            {
                                "type": "text",
                                "text": "Describing a quantity as \"10s of pumpkins\" instead of \"dozens of pumpkins\"???????? From OSE email"
                            }
                        ]
                    }
                ]
            }
        ],
        "type": "message",
        "ts": "1540587694.000900",
        "client_msg_id": "a3a13b60-d4af-4dea-abb8-1481068f2175"
    }
]