[
    {
        "user": "UCW023U3G",
        "type": "message",
        "ts": "1542646011.000400",
        "client_msg_id": "ff6be0ac-37a3-4f3f-b8c5-001e3d3767bc",
        "text": "Vinay using his left hand for the right hand rule",
        "team": "T7B710AL9",
        "user_team": "T7B710AL9",
        "source_team": "T7B710AL9",
        "user_profile": {
            "avatar_hash": "3c5e4a93051e",
            "image_72": "https:\/\/avatars.slack-edge.com\/2018-10-17\/458531755234_3c5e4a93051e82689456_72.jpg",
            "first_name": "Liam",
            "real_name": "Liam Packer",
            "display_name": "liam packet",
            "team": "T7B710AL9",
            "name": "lpacker1",
            "is_restricted": false,
            "is_ultra_restricted": false
        },
        "blocks": [
            {
                "type": "rich_text",
                "block_id": "RLG",
                "elements": [
                    {
                        "type": "rich_text_section",
                        "elements": [
                            {
                                "type": "text",
                                "text": "Vinay using his left hand for the right hand rule"
                            }
                        ]
                    }
                ]
            }
        ],
        "reactions": [
            {
                "name": "a",
                "users": [
                    "U8CM2ST63"
                ],
                "count": 1
            },
            {
                "name": "xleila",
                "users": [
                    "U8CM2ST63",
                    "U7BHXDGSV",
                    "UCW023U3G",
                    "U7C5VN3U1"
                ],
                "count": 4
            },
            {
                "name": "b",
                "users": [
                    "U8CM2ST63"
                ],
                "count": 1
            }
        ]
    },
    {
        "subtype": "slackbot_response",
        "user": "USLACKBOT",
        "type": "message",
        "ts": "1542646012.000500",
        "text": ":kindvinay: KEEFE :kindvinay:",
        "blocks": [
            {
                "type": "rich_text",
                "block_id": "f\/P",
                "elements": [
                    {
                        "type": "rich_text_section",
                        "elements": [
                            {
                                "type": "emoji",
                                "name": "kindvinay"
                            },
                            {
                                "type": "text",
                                "text": " KEEFE "
                            },
                            {
                                "type": "emoji",
                                "name": "kindvinay"
                            }
                        ]
                    }
                ]
            }
        ]
    },
    {
        "text": "this fortune...",
        "files": [
            {
                "id": "FE6PLCMK3",
                "created": 1542650450,
                "timestamp": 1542650450,
                "name": "Image from iOS.jpg",
                "title": "Image from iOS",
                "mimetype": "image\/jpeg",
                "filetype": "jpg",
                "pretty_type": "JPEG",
                "user": "U7D0YG3J4",
                "user_team": "T7B710AL9",
                "editable": false,
                "size": 7604383,
                "mode": "hosted",
                "is_external": false,
                "external_type": "",
                "is_public": true,
                "public_url_shared": false,
                "display_as_bot": false,
                "username": "",
                "url_private": "https:\/\/files.slack.com\/files-pri\/T7B710AL9-FE6PLCMK3\/image_from_ios.jpg?t=xoxe-249239010689-7383763303600-7346417720535-c8977b2d870e66a58192db1f0484baaa",
                "url_private_download": "https:\/\/files.slack.com\/files-pri\/T7B710AL9-FE6PLCMK3\/download\/image_from_ios.jpg?t=xoxe-249239010689-7383763303600-7346417720535-c8977b2d870e66a58192db1f0484baaa",
                "media_display_type": "unknown",
                "thumb_64": "https:\/\/files.slack.com\/files-tmb\/T7B710AL9-FE6PLCMK3-e45811f7b9\/image_from_ios_64.jpg?t=xoxe-249239010689-7383763303600-7346417720535-c8977b2d870e66a58192db1f0484baaa",
                "thumb_80": "https:\/\/files.slack.com\/files-tmb\/T7B710AL9-FE6PLCMK3-e45811f7b9\/image_from_ios_80.jpg?t=xoxe-249239010689-7383763303600-7346417720535-c8977b2d870e66a58192db1f0484baaa",
                "thumb_360": "https:\/\/files.slack.com\/files-tmb\/T7B710AL9-FE6PLCMK3-e45811f7b9\/image_from_ios_360.jpg?t=xoxe-249239010689-7383763303600-7346417720535-c8977b2d870e66a58192db1f0484baaa",
                "thumb_360_w": 270,
                "thumb_360_h": 360,
                "thumb_480": "https:\/\/files.slack.com\/files-tmb\/T7B710AL9-FE6PLCMK3-e45811f7b9\/image_from_ios_480.jpg?t=xoxe-249239010689-7383763303600-7346417720535-c8977b2d870e66a58192db1f0484baaa",
                "thumb_480_w": 360,
                "thumb_480_h": 480,
                "thumb_160": "https:\/\/files.slack.com\/files-tmb\/T7B710AL9-FE6PLCMK3-e45811f7b9\/image_from_ios_160.jpg?t=xoxe-249239010689-7383763303600-7346417720535-c8977b2d870e66a58192db1f0484baaa",
                "thumb_720": "https:\/\/files.slack.com\/files-tmb\/T7B710AL9-FE6PLCMK3-e45811f7b9\/image_from_ios_720.jpg?t=xoxe-249239010689-7383763303600-7346417720535-c8977b2d870e66a58192db1f0484baaa",
                "thumb_720_w": 540,
                "thumb_720_h": 720,
                "thumb_800": "https:\/\/files.slack.com\/files-tmb\/T7B710AL9-FE6PLCMK3-e45811f7b9\/image_from_ios_800.jpg?t=xoxe-249239010689-7383763303600-7346417720535-c8977b2d870e66a58192db1f0484baaa",
                "thumb_800_w": 800,
                "thumb_800_h": 1067,
                "thumb_960": "https:\/\/files.slack.com\/files-tmb\/T7B710AL9-FE6PLCMK3-e45811f7b9\/image_from_ios_960.jpg?t=xoxe-249239010689-7383763303600-7346417720535-c8977b2d870e66a58192db1f0484baaa",
                "thumb_960_w": 720,
                "thumb_960_h": 960,
                "thumb_1024": "https:\/\/files.slack.com\/files-tmb\/T7B710AL9-FE6PLCMK3-e45811f7b9\/image_from_ios_1024.jpg?t=xoxe-249239010689-7383763303600-7346417720535-c8977b2d870e66a58192db1f0484baaa",
                "thumb_1024_w": 768,
                "thumb_1024_h": 1024,
                "image_exif_rotation": 1,
                "original_w": 3024,
                "original_h": 4032,
                "permalink": "https:\/\/swarthmoreultimate.slack.com\/files\/U7D0YG3J4\/FE6PLCMK3\/image_from_ios.jpg",
                "permalink_public": "https:\/\/slack-files.com\/T7B710AL9-FE6PLCMK3-a72c9394a2",
                "is_starred": false,
                "has_rich_preview": false,
                "file_access": "visible"
            }
        ],
        "upload": true,
        "user": "U7D0YG3J4",
        "display_as_bot": false,
        "blocks": [
            {
                "type": "rich_text",
                "block_id": "hrD25",
                "elements": [
                    {
                        "type": "rich_text_section",
                        "elements": [
                            {
                                "type": "text",
                                "text": "this fortune..."
                            }
                        ]
                    }
                ]
            }
        ],
        "type": "message",
        "ts": "1542650450.001100",
        "client_msg_id": "5932498E-7887-49F9-91AA-824B9A96CC11",
        "reactions": [
            {
                "name": "deeptoot",
                "users": [
                    "U7CUH2Z70",
                    "U7C5VN3U1",
                    "UCW023U3G",
                    "U7DL9CX6W",
                    "U7DHWSHGB",
                    "U7BHXDGSV",
                    "U7F238X5F",
                    "U8JTX11L3",
                    "U7BPV9XJQ",
                    "U7CEH7CGM",
                    "U7BPUMEAY",
                    "U868GK012",
                    "UCPPDTERY"
                ],
                "count": 13
            },
            {
                "name": "frustrated",
                "users": [
                    "U7CQU3U6B"
                ],
                "count": 1
            }
        ]
    }
]