[
    {
        "user": "U7BHXDGSV",
        "type": "message",
        "ts": "1539186163.000100",
        "client_msg_id": "E4903B86-7E3F-4F18-8B9D-2106640370D4",
        "text": "Whip and Zach soccer-teaming other people in the color room",
        "team": "T7B710AL9",
        "user_team": "T7B710AL9",
        "source_team": "T7B710AL9",
        "user_profile": {
            "avatar_hash": "6eb4246bf357",
            "image_72": "https:\/\/avatars.slack-edge.com\/2019-10-07\/788498340102_6eb4246bf357e9f96f85_72.png",
            "first_name": "princess",
            "real_name": "princess callahan",
            "display_name": "broc",
            "team": "T7B710AL9",
            "name": "bcoli",
            "is_restricted": false,
            "is_ultra_restricted": false
        },
        "blocks": [
            {
                "type": "rich_text",
                "block_id": "W9lXo",
                "elements": [
                    {
                        "type": "rich_text_section",
                        "elements": [
                            {
                                "type": "text",
                                "text": "Whip and Zach soccer-teaming other people in the color room"
                            }
                        ]
                    }
                ]
            }
        ]
    },
    {
        "user": "U7H3ZE2LC",
        "type": "message",
        "ts": "1539191311.000100",
        "client_msg_id": "0821942c-99df-404f-8f83-2c169a63d463",
        "text": "What's soccer teaming?",
        "team": "T7B710AL9",
        "user_team": "T7B710AL9",
        "source_team": "T7B710AL9",
        "user_profile": {
            "avatar_hash": "83ba2775b182",
            "image_72": "https:\/\/avatars.slack-edge.com\/2017-11-17\/274528721828_83ba2775b1821cf1ed15_72.png",
            "first_name": "Zach",
            "real_name": "Zach Lytle",
            "display_name": "",
            "team": "T7B710AL9",
            "name": "zlytle1",
            "is_restricted": false,
            "is_ultra_restricted": false
        },
        "thread_ts": "1539191311.000100",
        "reply_count": 1,
        "reply_users_count": 1,
        "latest_reply": "1539191373.000100",
        "reply_users": [
            "U7CUH2Z70"
        ],
        "replies": [
            {
                "user": "U7CUH2Z70",
                "ts": "1539191373.000100"
            }
        ],
        "is_locked": false,
        "subscribed": false,
        "blocks": [
            {
                "type": "rich_text",
                "block_id": "PwR",
                "elements": [
                    {
                        "type": "rich_text_section",
                        "elements": [
                            {
                                "type": "text",
                                "text": "What's soccer teaming?"
                            }
                        ]
                    }
                ]
            }
        ],
        "reactions": [
            {
                "name": "thread",
                "users": [
                    "U7DL9CX6W",
                    "U7CUH2Z70",
                    "U7BHXDGSV"
                ],
                "count": 3
            }
        ]
    },
    {
        "user": "U7CUH2Z70",
        "type": "message",
        "ts": "1539191373.000100",
        "client_msg_id": "d64af42e-02cd-447d-9b13-5ff95beb2e99",
        "text": "Overpowering the color room with sheer numbers even though there are people already posted",
        "team": "T7B710AL9",
        "user_team": "T7B710AL9",
        "source_team": "T7B710AL9",
        "user_profile": {
            "avatar_hash": "b994d311f580",
            "image_72": "https:\/\/avatars.slack-edge.com\/2020-02-25\/969610744726_b994d311f58072c3a1d2_72.jpg",
            "first_name": "Keshav",
            "real_name": "Keshav Patel",
            "display_name": "Keshav",
            "team": "T7B710AL9",
            "name": "kpatel2",
            "is_restricted": false,
            "is_ultra_restricted": false
        },
        "thread_ts": "1539191311.000100",
        "parent_user_id": "U7H3ZE2LC",
        "blocks": [
            {
                "type": "rich_text",
                "block_id": "u1k",
                "elements": [
                    {
                        "type": "rich_text_section",
                        "elements": [
                            {
                                "type": "text",
                                "text": "Overpowering the color room with sheer numbers even though there are people already posted"
                            }
                        ]
                    }
                ]
            }
        ]
    },
    {
        "text": "Slightly stealing this picture",
        "files": [
            {
                "id": "FDBPCMA10",
                "created": 1539233097,
                "timestamp": 1539233097,
                "name": "IMG_20181011_004343.jpg",
                "title": "IMG_20181011_004343.jpg",
                "mimetype": "image\/jpeg",
                "filetype": "jpg",
                "pretty_type": "JPEG",
                "user": "UCVGWJDB8",
                "user_team": "T7B710AL9",
                "editable": false,
                "size": 4180815,
                "mode": "hosted",
                "is_external": false,
                "external_type": "",
                "is_public": true,
                "public_url_shared": false,
                "display_as_bot": false,
                "username": "",
                "url_private": "https:\/\/files.slack.com\/files-pri\/T7B710AL9-FDBPCMA10\/img_20181011_004343.jpg?t=xoxe-249239010689-7383763303600-7346417720535-c8977b2d870e66a58192db1f0484baaa",
                "url_private_download": "https:\/\/files.slack.com\/files-pri\/T7B710AL9-FDBPCMA10\/download\/img_20181011_004343.jpg?t=xoxe-249239010689-7383763303600-7346417720535-c8977b2d870e66a58192db1f0484baaa",
                "media_display_type": "unknown",
                "thumb_64": "https:\/\/files.slack.com\/files-tmb\/T7B710AL9-FDBPCMA10-3ba8288161\/img_20181011_004343_64.jpg?t=xoxe-249239010689-7383763303600-7346417720535-c8977b2d870e66a58192db1f0484baaa",
                "thumb_80": "https:\/\/files.slack.com\/files-tmb\/T7B710AL9-FDBPCMA10-3ba8288161\/img_20181011_004343_80.jpg?t=xoxe-249239010689-7383763303600-7346417720535-c8977b2d870e66a58192db1f0484baaa",
                "thumb_360": "https:\/\/files.slack.com\/files-tmb\/T7B710AL9-FDBPCMA10-3ba8288161\/img_20181011_004343_360.jpg?t=xoxe-249239010689-7383763303600-7346417720535-c8977b2d870e66a58192db1f0484baaa",
                "thumb_360_w": 270,
                "thumb_360_h": 360,
                "thumb_480": "https:\/\/files.slack.com\/files-tmb\/T7B710AL9-FDBPCMA10-3ba8288161\/img_20181011_004343_480.jpg?t=xoxe-249239010689-7383763303600-7346417720535-c8977b2d870e66a58192db1f0484baaa",
                "thumb_480_w": 360,
                "thumb_480_h": 480,
                "thumb_160": "https:\/\/files.slack.com\/files-tmb\/T7B710AL9-FDBPCMA10-3ba8288161\/img_20181011_004343_160.jpg?t=xoxe-249239010689-7383763303600-7346417720535-c8977b2d870e66a58192db1f0484baaa",
                "thumb_720": "https:\/\/files.slack.com\/files-tmb\/T7B710AL9-FDBPCMA10-3ba8288161\/img_20181011_004343_720.jpg?t=xoxe-249239010689-7383763303600-7346417720535-c8977b2d870e66a58192db1f0484baaa",
                "thumb_720_w": 540,
                "thumb_720_h": 720,
                "thumb_800": "https:\/\/files.slack.com\/files-tmb\/T7B710AL9-FDBPCMA10-3ba8288161\/img_20181011_004343_800.jpg?t=xoxe-249239010689-7383763303600-7346417720535-c8977b2d870e66a58192db1f0484baaa",
                "thumb_800_w": 800,
                "thumb_800_h": 1067,
                "thumb_960": "https:\/\/files.slack.com\/files-tmb\/T7B710AL9-FDBPCMA10-3ba8288161\/img_20181011_004343_960.jpg?t=xoxe-249239010689-7383763303600-7346417720535-c8977b2d870e66a58192db1f0484baaa",
                "thumb_960_w": 720,
                "thumb_960_h": 960,
                "thumb_1024": "https:\/\/files.slack.com\/files-tmb\/T7B710AL9-FDBPCMA10-3ba8288161\/img_20181011_004343_1024.jpg?t=xoxe-249239010689-7383763303600-7346417720535-c8977b2d870e66a58192db1f0484baaa",
                "thumb_1024_w": 768,
                "thumb_1024_h": 1024,
                "image_exif_rotation": 1,
                "original_w": 4160,
                "original_h": 3120,
                "permalink": "https:\/\/swarthmoreultimate.slack.com\/files\/UCVGWJDB8\/FDBPCMA10\/img_20181011_004343.jpg",
                "permalink_public": "https:\/\/slack-files.com\/T7B710AL9-FDBPCMA10-0b9f9cf766",
                "is_starred": false,
                "has_rich_preview": false,
                "file_access": "visible"
            }
        ],
        "upload": true,
        "user": "UCVGWJDB8",
        "display_as_bot": false,
        "blocks": [
            {
                "type": "rich_text",
                "block_id": "81Y",
                "elements": [
                    {
                        "type": "rich_text_section",
                        "elements": [
                            {
                                "type": "text",
                                "text": "Slightly stealing this picture"
                            }
                        ]
                    }
                ]
            }
        ],
        "type": "message",
        "ts": "1539233103.000100",
        "client_msg_id": "1a545d5a-d1e5-40c5-b7aa-f972b07724d8",
        "thread_ts": "1539233103.000100",
        "reply_count": 4,
        "reply_users_count": 4,
        "latest_reply": "1540008214.000100",
        "reply_users": [
            "UCPPDTERY",
            "U7DL9CX6W",
            "UCVGWJDB8",
            "U7BL1F7PD"
        ],
        "replies": [
            {
                "user": "UCPPDTERY",
                "ts": "1539233192.000100"
            },
            {
                "user": "U7DL9CX6W",
                "ts": "1539233522.000100"
            },
            {
                "user": "UCVGWJDB8",
                "ts": "1539233581.000100"
            },
            {
                "user": "U7BL1F7PD",
                "ts": "1540008214.000100"
            }
        ],
        "is_locked": false,
        "subscribed": false,
        "reactions": [
            {
                "name": "god",
                "users": [
                    "UCPPDTERY",
                    "U7C7WMV52",
                    "UCKMFGMMW"
                ],
                "count": 3
            }
        ]
    },
    {
        "user": "UCPPDTERY",
        "type": "message",
        "ts": "1539233192.000100",
        "client_msg_id": "568e5b5f-315d-49d4-b2bc-05f3c0315acf",
        "text": "For reference, this is 24\"x30\", it's fucking large",
        "team": "T7B710AL9",
        "user_team": "T7B710AL9",
        "source_team": "T7B710AL9",
        "user_profile": {
            "avatar_hash": "031a36e30261",
            "image_72": "https:\/\/avatars.slack-edge.com\/2018-09-16\/435764698624_031a36e3026176f0645d_72.jpg",
            "first_name": "Matt",
            "real_name": "Matt Anderson",
            "display_name": "Cnips",
            "team": "T7B710AL9",
            "name": "manders4",
            "is_restricted": false,
            "is_ultra_restricted": false
        },
        "thread_ts": "1539233103.000100",
        "parent_user_id": "UCVGWJDB8",
        "blocks": [
            {
                "type": "rich_text",
                "block_id": "ICQrm",
                "elements": [
                    {
                        "type": "rich_text_section",
                        "elements": [
                            {
                                "type": "text",
                                "text": "For reference, this is 24\"x30\", it's fucking large"
                            }
                        ]
                    }
                ]
            }
        ]
    },
    {
        "user": "U7DL9CX6W",
        "type": "message",
        "ts": "1539233522.000100",
        "client_msg_id": "1B2598BD-5F81-434C-A990-B0B5E2B9E830",
        "text": "Damn I wanted to cop but I didn’t have the power ",
        "team": "T7B710AL9",
        "user_team": "T7B710AL9",
        "source_team": "T7B710AL9",
        "user_profile": {
            "avatar_hash": "635c76d5972f",
            "image_72": "https:\/\/avatars.slack-edge.com\/2023-02-20\/4818285176551_635c76d5972f9151b099_72.png",
            "first_name": "Michael",
            "real_name": "Michael Trainor",
            "display_name": "Whip",
            "team": "T7B710AL9",
            "name": "mtraino1",
            "is_restricted": false,
            "is_ultra_restricted": false
        },
        "thread_ts": "1539233103.000100",
        "parent_user_id": "UCVGWJDB8",
        "blocks": [
            {
                "type": "rich_text",
                "block_id": "1r57e",
                "elements": [
                    {
                        "type": "rich_text_section",
                        "elements": [
                            {
                                "type": "text",
                                "text": "Damn I wanted to cop but I didn’t have the power"
                            }
                        ]
                    }
                ]
            }
        ]
    },
    {
        "user": "UCVGWJDB8",
        "type": "message",
        "ts": "1539233581.000100",
        "client_msg_id": "cc866d89-4131-48ab-854b-e3869643d6c7",
        "text": "Apparently it's the OG Hallowell",
        "team": "T7B710AL9",
        "user_team": "T7B710AL9",
        "source_team": "T7B710AL9",
        "user_profile": {
            "avatar_hash": "3146f470029a",
            "image_72": "https:\/\/avatars.slack-edge.com\/2018-10-27\/467046307783_3146f470029a7a4f7e7c_72.jpg",
            "first_name": "George",
            "real_name": "George Curtis",
            "display_name": "Jorjito",
            "team": "T7B710AL9",
            "name": "gcurtis1",
            "is_restricted": false,
            "is_ultra_restricted": false
        },
        "thread_ts": "1539233103.000100",
        "parent_user_id": "UCVGWJDB8",
        "blocks": [
            {
                "type": "rich_text",
                "block_id": "QomW",
                "elements": [
                    {
                        "type": "rich_text_section",
                        "elements": [
                            {
                                "type": "text",
                                "text": "Apparently it's the OG Hallowell"
                            }
                        ]
                    }
                ]
            }
        ]
    }
]