[
    {
        "user": "U7CQU3U6B",
        "type": "message",
        "ts": "1537801549.000100",
        "client_msg_id": "6F2CA707-5026-4271-95FF-F5BEBEFA5EA1",
        "text": "max miller dmed me on my personal instagram to email him a copy of the photo i posted ",
        "team": "T7B710AL9",
        "user_team": "T7B710AL9",
        "source_team": "T7B710AL9",
        "user_profile": {
            "avatar_hash": "9aa821409e67",
            "image_72": "https:\/\/avatars.slack-edge.com\/2018-11-13\/478546525250_9aa821409e67096e9da5_72.png",
            "first_name": "Richelle",
            "real_name": "Richelle Robinson",
            "display_name": "R ic h   el    l",
            "team": "T7B710AL9",
            "name": "rrobins1",
            "is_restricted": false,
            "is_ultra_restricted": false
        },
        "thread_ts": "1537801549.000100",
        "reply_count": 3,
        "reply_users_count": 3,
        "latest_reply": "1537802727.000100",
        "reply_users": [
            "U8JTX11L3",
            "U7CQU3U6B",
            "U7BPUMEAY"
        ],
        "replies": [
            {
                "user": "U8JTX11L3",
                "ts": "1537801690.000100"
            },
            {
                "user": "U7CQU3U6B",
                "ts": "1537801705.000100"
            },
            {
                "user": "U7BPUMEAY",
                "ts": "1537802727.000100"
            }
        ],
        "is_locked": false,
        "subscribed": false,
        "blocks": [
            {
                "type": "rich_text",
                "block_id": "fHkO",
                "elements": [
                    {
                        "type": "rich_text_section",
                        "elements": [
                            {
                                "type": "text",
                                "text": "max miller dmed me on my personal instagram to email him a copy of the photo i posted"
                            }
                        ]
                    }
                ]
            }
        ],
        "reactions": [
            {
                "name": "max_miller",
                "users": [
                    "U7C7WMV52",
                    "U7C5VN3U1",
                    "U8JTX11L3",
                    "U8CM2ST63",
                    "U7DL9CX6W",
                    "U7BPUMEAY",
                    "U868GK012",
                    "U7CEH7CGM",
                    "U7CUH2Z70",
                    "U7BL1F7PD"
                ],
                "count": 10
            }
        ]
    },
    {
        "user": "U8JTX11L3",
        "type": "message",
        "ts": "1537801690.000100",
        "client_msg_id": "DBE8C92D-D9F4-4075-8438-CA5AC935E28D",
        "text": "He also commented on my insta asking to cop a hoodie",
        "team": "T7B710AL9",
        "user_team": "T7B710AL9",
        "source_team": "T7B710AL9",
        "user_profile": {
            "avatar_hash": "593693fd3ca4",
            "image_72": "https:\/\/avatars.slack-edge.com\/2020-05-13\/1133035568081_593693fd3ca4b2ad662d_72.png",
            "first_name": "Jasmine",
            "real_name": "Jasmine Xie",
            "display_name": "jax",
            "team": "T7B710AL9",
            "name": "jxie2",
            "is_restricted": false,
            "is_ultra_restricted": false
        },
        "thread_ts": "1537801549.000100",
        "parent_user_id": "U7CQU3U6B",
        "blocks": [
            {
                "type": "rich_text",
                "block_id": "k8XFT",
                "elements": [
                    {
                        "type": "rich_text_section",
                        "elements": [
                            {
                                "type": "text",
                                "text": "He also commented on my insta asking to cop a hoodie"
                            }
                        ]
                    }
                ]
            }
        ]
    },
    {
        "user": "U7CQU3U6B",
        "type": "message",
        "ts": "1537801705.000100",
        "client_msg_id": "65ac38c5-982f-410a-9aa2-29175c48b782",
        "text": "smhhh",
        "team": "T7B710AL9",
        "user_team": "T7B710AL9",
        "source_team": "T7B710AL9",
        "user_profile": {
            "avatar_hash": "9aa821409e67",
            "image_72": "https:\/\/avatars.slack-edge.com\/2018-11-13\/478546525250_9aa821409e67096e9da5_72.png",
            "first_name": "Richelle",
            "real_name": "Richelle Robinson",
            "display_name": "R ic h   el    l",
            "team": "T7B710AL9",
            "name": "rrobins1",
            "is_restricted": false,
            "is_ultra_restricted": false
        },
        "thread_ts": "1537801549.000100",
        "parent_user_id": "U7CQU3U6B",
        "blocks": [
            {
                "type": "rich_text",
                "block_id": "wcOl",
                "elements": [
                    {
                        "type": "rich_text_section",
                        "elements": [
                            {
                                "type": "text",
                                "text": "smhhh"
                            }
                        ]
                    }
                ]
            }
        ]
    },
    {
        "user": "U7BPUMEAY",
        "type": "message",
        "ts": "1537802727.000100",
        "client_msg_id": "FCF40A30-1A90-45FA-978C-15DBD5012260",
        "text": "omfg max",
        "team": "T7B710AL9",
        "user_team": "T7B710AL9",
        "source_team": "T7B710AL9",
        "user_profile": {
            "avatar_hash": "2f69bd65e2ab",
            "image_72": "https:\/\/avatars.slack-edge.com\/2017-10-02\/249895426597_2f69bd65e2ab27cf440e_72.png",
            "first_name": "Grace",
            "real_name": "Grace Zhang",
            "display_name": "Grass",
            "team": "T7B710AL9",
            "name": "yzhang1",
            "is_restricted": false,
            "is_ultra_restricted": false
        },
        "thread_ts": "1537801549.000100",
        "parent_user_id": "U7CQU3U6B",
        "blocks": [
            {
                "type": "rich_text",
                "block_id": "Qhitg",
                "elements": [
                    {
                        "type": "rich_text_section",
                        "elements": [
                            {
                                "type": "text",
                                "text": "omfg max"
                            }
                        ]
                    }
                ]
            }
        ]
    },
    {
        "user": "U7H3ZE2LC",
        "type": "message",
        "ts": "1537825680.000100",
        "client_msg_id": "47b3bbd2-f309-4e82-8ebf-1bd6948ef5ef",
        "text": "The bathroom had no toilet paper so I used paper towels",
        "team": "T7B710AL9",
        "user_team": "T7B710AL9",
        "source_team": "T7B710AL9",
        "user_profile": {
            "avatar_hash": "83ba2775b182",
            "image_72": "https:\/\/avatars.slack-edge.com\/2017-11-17\/274528721828_83ba2775b1821cf1ed15_72.png",
            "first_name": "Zach",
            "real_name": "Zach Lytle",
            "display_name": "",
            "team": "T7B710AL9",
            "name": "zlytle1",
            "is_restricted": false,
            "is_ultra_restricted": false
        },
        "thread_ts": "1537825680.000100",
        "reply_count": 1,
        "reply_users_count": 1,
        "latest_reply": "1537826032.000100",
        "reply_users": [
            "U7CUH2Z70"
        ],
        "replies": [
            {
                "user": "U7CUH2Z70",
                "ts": "1537826032.000100"
            }
        ],
        "is_locked": false,
        "subscribed": false,
        "blocks": [
            {
                "type": "rich_text",
                "block_id": "p=9=G",
                "elements": [
                    {
                        "type": "rich_text_section",
                        "elements": [
                            {
                                "type": "text",
                                "text": "The bathroom had no toilet paper so I used paper towels"
                            }
                        ]
                    }
                ]
            }
        ],
        "reactions": [
            {
                "name": "+1",
                "users": [
                    "U7CUH2Z70",
                    "U868GK012",
                    "U7C8U72LB"
                ],
                "count": 3
            },
            {
                "name": "coffee",
                "users": [
                    "U7C7WMV52"
                ],
                "count": 1
            }
        ]
    },
    {
        "user": "U7CUH2Z70",
        "type": "message",
        "ts": "1537826032.000100",
        "client_msg_id": "0278d44b-60b7-4f75-a5bb-a745384e53bb",
        "text": "Better than nothing my guy",
        "team": "T7B710AL9",
        "user_team": "T7B710AL9",
        "source_team": "T7B710AL9",
        "user_profile": {
            "avatar_hash": "b994d311f580",
            "image_72": "https:\/\/avatars.slack-edge.com\/2020-02-25\/969610744726_b994d311f58072c3a1d2_72.jpg",
            "first_name": "Keshav",
            "real_name": "Keshav Patel",
            "display_name": "Keshav",
            "team": "T7B710AL9",
            "name": "kpatel2",
            "is_restricted": false,
            "is_ultra_restricted": false
        },
        "thread_ts": "1537825680.000100",
        "parent_user_id": "U7H3ZE2LC",
        "blocks": [
            {
                "type": "rich_text",
                "block_id": "DDe4",
                "elements": [
                    {
                        "type": "rich_text_section",
                        "elements": [
                            {
                                "type": "text",
                                "text": "Better than nothing my guy"
                            }
                        ]
                    }
                ]
            }
        ]
    },
    {
        "user": "UCVGWJDB8",
        "type": "message",
        "ts": "1537832917.000100",
        "client_msg_id": "ee6fd99f-903d-49c3-92d9-434f23925f21",
        "text": "I had to look up my lab partner on moodle because I forgot her name",
        "team": "T7B710AL9",
        "user_team": "T7B710AL9",
        "source_team": "T7B710AL9",
        "user_profile": {
            "avatar_hash": "3146f470029a",
            "image_72": "https:\/\/avatars.slack-edge.com\/2018-10-27\/467046307783_3146f470029a7a4f7e7c_72.jpg",
            "first_name": "George",
            "real_name": "George Curtis",
            "display_name": "Jorjito",
            "team": "T7B710AL9",
            "name": "gcurtis1",
            "is_restricted": false,
            "is_ultra_restricted": false
        },
        "thread_ts": "1537832917.000100",
        "reply_count": 2,
        "reply_users_count": 2,
        "latest_reply": "1537833022.000100",
        "reply_users": [
            "U7CAKF8CS",
            "UCVGWJDB8"
        ],
        "replies": [
            {
                "user": "U7CAKF8CS",
                "ts": "1537832950.000100"
            },
            {
                "user": "UCVGWJDB8",
                "ts": "1537833022.000100"
            }
        ],
        "is_locked": false,
        "subscribed": false,
        "blocks": [
            {
                "type": "rich_text",
                "block_id": "2ef=",
                "elements": [
                    {
                        "type": "rich_text_section",
                        "elements": [
                            {
                                "type": "text",
                                "text": "I had to look up my lab partner on moodle because I forgot her name"
                            }
                        ]
                    }
                ]
            }
        ]
    },
    {
        "user": "U7CAKF8CS",
        "type": "message",
        "ts": "1537832950.000100",
        "client_msg_id": "3595D25D-EF11-45AC-941C-A959315C91E3",
        "text": "We’ve all been there ",
        "team": "T7B710AL9",
        "user_team": "T7B710AL9",
        "source_team": "T7B710AL9",
        "user_profile": {
            "avatar_hash": "0f2bdbac8459",
            "image_72": "https:\/\/avatars.slack-edge.com\/2020-08-28\/1330649910978_0f2bdbac845919cd6e01_72.png",
            "first_name": "Rye",
            "real_name": "Rye Buckley",
            "display_name": "blu",
            "team": "T7B710AL9",
            "name": "rbuckle1",
            "is_restricted": false,
            "is_ultra_restricted": false
        },
        "thread_ts": "1537832917.000100",
        "parent_user_id": "UCVGWJDB8",
        "blocks": [
            {
                "type": "rich_text",
                "block_id": "epyr",
                "elements": [
                    {
                        "type": "rich_text_section",
                        "elements": [
                            {
                                "type": "text",
                                "text": "We’ve all been there"
                            }
                        ]
                    }
                ]
            }
        ]
    },
    {
        "user": "UCVGWJDB8",
        "type": "message",
        "ts": "1537833022.000100",
        "client_msg_id": "d200bae6-1aae-489f-a640-ac3e3c57af37",
        "text": "Twice, actually",
        "team": "T7B710AL9",
        "user_team": "T7B710AL9",
        "source_team": "T7B710AL9",
        "user_profile": {
            "avatar_hash": "3146f470029a",
            "image_72": "https:\/\/avatars.slack-edge.com\/2018-10-27\/467046307783_3146f470029a7a4f7e7c_72.jpg",
            "first_name": "George",
            "real_name": "George Curtis",
            "display_name": "Jorjito",
            "team": "T7B710AL9",
            "name": "gcurtis1",
            "is_restricted": false,
            "is_ultra_restricted": false
        },
        "thread_ts": "1537832917.000100",
        "parent_user_id": "UCVGWJDB8",
        "blocks": [
            {
                "type": "rich_text",
                "block_id": "0Mb2",
                "elements": [
                    {
                        "type": "rich_text_section",
                        "elements": [
                            {
                                "type": "text",
                                "text": "Twice, actually"
                            }
                        ]
                    }
                ]
            }
        ]
    }
]