[
    {
        "user": "UCVGWJDB8",
        "type": "message",
        "ts": "1539850164.000100",
        "client_msg_id": "9692b026-eeef-49e4-8d5f-0f99e3a9a36a",
        "text": "Graphic Obama x Biden fanfiction",
        "team": "T7B710AL9",
        "user_team": "T7B710AL9",
        "source_team": "T7B710AL9",
        "user_profile": {
            "avatar_hash": "3146f470029a",
            "image_72": "https:\/\/avatars.slack-edge.com\/2018-10-27\/467046307783_3146f470029a7a4f7e7c_72.jpg",
            "first_name": "George",
            "real_name": "George Curtis",
            "display_name": "Jorjito",
            "team": "T7B710AL9",
            "name": "gcurtis1",
            "is_restricted": false,
            "is_ultra_restricted": false
        },
        "blocks": [
            {
                "type": "rich_text",
                "block_id": "irQ",
                "elements": [
                    {
                        "type": "rich_text_section",
                        "elements": [
                            {
                                "type": "text",
                                "text": "Graphic Obama x Biden fanfiction"
                            }
                        ]
                    }
                ]
            }
        ],
        "reactions": [
            {
                "name": "potable_water",
                "users": [
                    "U7C7WMV52",
                    "U7C5VN3U1",
                    "U8CM2ST63",
                    "U7CEH7CGM"
                ],
                "count": 4
            }
        ]
    }
]