[
    {
        "user": "U89GWBNNA",
        "type": "message",
        "ts": "1523896135.000519",
        "client_msg_id": "C88AC06E-12F3-49C4-AD5E-31579E4B4449",
        "text": "Taking 6 fortune cookies with my sci Chinese food lunch",
        "team": "T7B710AL9",
        "user_team": "T7B710AL9",
        "source_team": "T7B710AL9",
        "user_profile": {
            "avatar_hash": "3aa2960ed82b",
            "image_72": "https:\/\/avatars.slack-edge.com\/2019-06-24\/668472322033_3aa2960ed82b167e956a_72.png",
            "first_name": "Charles",
            "real_name": "Charles Cole",
            "display_name": "Lox",
            "team": "T7B710AL9",
            "name": "chcole07",
            "is_restricted": false,
            "is_ultra_restricted": false
        },
        "thread_ts": "1523896135.000519",
        "reply_count": 2,
        "reply_users_count": 2,
        "latest_reply": "1523898306.000184",
        "reply_users": [
            "U7F238X5F",
            "U7C7WMV52"
        ],
        "replies": [
            {
                "user": "U7F238X5F",
                "ts": "1523898271.000511"
            },
            {
                "user": "U7C7WMV52",
                "ts": "1523898306.000184"
            }
        ],
        "is_locked": false,
        "subscribed": false,
        "blocks": [
            {
                "type": "rich_text",
                "block_id": "CcNui",
                "elements": [
                    {
                        "type": "rich_text_section",
                        "elements": [
                            {
                                "type": "text",
                                "text": "Taking 6 fortune cookies with my sci Chinese food lunch"
                            }
                        ]
                    }
                ]
            }
        ],
        "reactions": [
            {
                "name": "thumbs_middle",
                "users": [
                    "U7BFY2LQH",
                    "U7CUH2Z70",
                    "U7CEH7CGM",
                    "U7C8U72LB",
                    "U7BCAGWUQ"
                ],
                "count": 5
            }
        ]
    },
    {
        "user": "U7DL9CX6W",
        "type": "message",
        "ts": "1523897602.000738",
        "text": "Lick and I have the same poop stall and I never courtesy flush for him",
        "team": "T7B710AL9",
        "user_team": "T7B710AL9",
        "source_team": "T7B710AL9",
        "user_profile": {
            "avatar_hash": "635c76d5972f",
            "image_72": "https:\/\/avatars.slack-edge.com\/2023-02-20\/4818285176551_635c76d5972f9151b099_72.png",
            "first_name": "Michael",
            "real_name": "Michael Trainor",
            "display_name": "Whip",
            "team": "T7B710AL9",
            "name": "mtraino1",
            "is_restricted": false,
            "is_ultra_restricted": false
        },
        "thread_ts": "1523897602.000738",
        "reply_count": 6,
        "reply_users_count": 3,
        "latest_reply": "1524018412.000244",
        "reply_users": [
            "U7C7WMV52",
            "U7F238X5F",
            "U7C5VN3U1"
        ],
        "replies": [
            {
                "user": "U7C7WMV52",
                "ts": "1523898251.000608"
            },
            {
                "user": "U7F238X5F",
                "ts": "1523898335.000217"
            },
            {
                "user": "U7C5VN3U1",
                "ts": "1523898771.000673"
            },
            {
                "user": "U7F238X5F",
                "ts": "1524015396.000004"
            },
            {
                "user": "U7C5VN3U1",
                "ts": "1524015464.000239"
            },
            {
                "user": "U7F238X5F",
                "ts": "1524018412.000244"
            }
        ],
        "is_locked": false,
        "subscribed": false,
        "blocks": [
            {
                "type": "rich_text",
                "block_id": "7aS",
                "elements": [
                    {
                        "type": "rich_text_section",
                        "elements": [
                            {
                                "type": "text",
                                "text": "Lick and I have the same poop stall and I never courtesy flush for him"
                            }
                        ]
                    }
                ]
            }
        ],
        "reactions": [
            {
                "name": "non-potable_water",
                "users": [
                    "U7C7WMV52",
                    "U7C5VN3U1",
                    "U7CEH7CGM"
                ],
                "count": 3
            }
        ]
    },
    {
        "user": "U7F238X5F",
        "type": "message",
        "ts": "1523898228.000215",
        "client_msg_id": "B5B6A378-D091-48E6-A52C-C9292C215DEB",
        "text": "This is neutral good",
        "team": "T7B710AL9",
        "user_team": "T7B710AL9",
        "source_team": "T7B710AL9",
        "user_profile": {
            "avatar_hash": "808e86919bf4",
            "image_72": "https:\/\/avatars.slack-edge.com\/2019-06-03\/647125247665_808e86919bf4f4af0af6_72.png",
            "first_name": "Ray",
            "real_name": "Ray Sidener",
            "display_name": "",
            "team": "T7B710AL9",
            "name": "rsidene1",
            "is_restricted": false,
            "is_ultra_restricted": false
        },
        "thread_ts": "1523836588.000119",
        "parent_user_id": "U7C8U72LB",
        "blocks": [
            {
                "type": "rich_text",
                "block_id": "rLV9",
                "elements": [
                    {
                        "type": "rich_text_section",
                        "elements": [
                            {
                                "type": "text",
                                "text": "This is neutral good"
                            }
                        ]
                    }
                ]
            }
        ]
    },
    {
        "user": "U7C7WMV52",
        "type": "message",
        "ts": "1523898251.000608",
        "client_msg_id": "cb9fec0d-56de-4bcd-a350-1869e04ba57c",
        "text": "That is not morally ambiguous",
        "team": "T7B710AL9",
        "user_team": "T7B710AL9",
        "source_team": "T7B710AL9",
        "user_profile": {
            "avatar_hash": "ba74640ec113",
            "image_72": "https:\/\/avatars.slack-edge.com\/2018-09-23\/441365102883_ba74640ec113a0bce943_72.jpg",
            "first_name": "Sagnik",
            "real_name": "Sagnik",
            "display_name": "Lick",
            "team": "T7B710AL9",
            "name": "sg.sagnik",
            "is_restricted": false,
            "is_ultra_restricted": false
        },
        "thread_ts": "1523897602.000738",
        "parent_user_id": "U7DL9CX6W",
        "blocks": [
            {
                "type": "rich_text",
                "block_id": "elA3J",
                "elements": [
                    {
                        "type": "rich_text_section",
                        "elements": [
                            {
                                "type": "text",
                                "text": "That is not morally ambiguous"
                            }
                        ]
                    }
                ]
            }
        ]
    },
    {
        "user": "U7F238X5F",
        "type": "message",
        "ts": "1523898271.000511",
        "client_msg_id": "B2D05E80-8BCD-4EAD-9B55-C3D87769C7D3",
        "text": "Chaotic neutral",
        "team": "T7B710AL9",
        "user_team": "T7B710AL9",
        "source_team": "T7B710AL9",
        "user_profile": {
            "avatar_hash": "808e86919bf4",
            "image_72": "https:\/\/avatars.slack-edge.com\/2019-06-03\/647125247665_808e86919bf4f4af0af6_72.png",
            "first_name": "Ray",
            "real_name": "Ray Sidener",
            "display_name": "",
            "team": "T7B710AL9",
            "name": "rsidene1",
            "is_restricted": false,
            "is_ultra_restricted": false
        },
        "thread_ts": "1523896135.000519",
        "parent_user_id": "U89GWBNNA",
        "blocks": [
            {
                "type": "rich_text",
                "block_id": "bzFn",
                "elements": [
                    {
                        "type": "rich_text_section",
                        "elements": [
                            {
                                "type": "text",
                                "text": "Chaotic neutral"
                            }
                        ]
                    }
                ]
            }
        ],
        "reactions": [
            {
                "name": "cubimal_chick",
                "users": [
                    "U7C5VN3U1"
                ],
                "count": 1
            }
        ]
    },
    {
        "user": "U7C7WMV52",
        "type": "message",
        "ts": "1523898306.000184",
        "client_msg_id": "34af9d2c-cc27-4554-b3a2-4958ee614cb8",
        "text": "Honestly, could be justified. I never take one, and if four other people are like me, then you're fine",
        "team": "T7B710AL9",
        "user_team": "T7B710AL9",
        "source_team": "T7B710AL9",
        "user_profile": {
            "avatar_hash": "ba74640ec113",
            "image_72": "https:\/\/avatars.slack-edge.com\/2018-09-23\/441365102883_ba74640ec113a0bce943_72.jpg",
            "first_name": "Sagnik",
            "real_name": "Sagnik",
            "display_name": "Lick",
            "team": "T7B710AL9",
            "name": "sg.sagnik",
            "is_restricted": false,
            "is_ultra_restricted": false
        },
        "thread_ts": "1523896135.000519",
        "parent_user_id": "U89GWBNNA",
        "blocks": [
            {
                "type": "rich_text",
                "block_id": "9hl",
                "elements": [
                    {
                        "type": "rich_text_section",
                        "elements": [
                            {
                                "type": "text",
                                "text": "Honestly, could be justified. I never take one, and if four other people are like me, then you're fine"
                            }
                        ]
                    }
                ]
            }
        ]
    },
    {
        "user": "U7F238X5F",
        "type": "message",
        "ts": "1523898335.000217",
        "client_msg_id": "6CCDB148-CDC7-4ACE-AE5A-B3531620816A",
        "text": "Lawful evil ",
        "team": "T7B710AL9",
        "user_team": "T7B710AL9",
        "source_team": "T7B710AL9",
        "user_profile": {
            "avatar_hash": "808e86919bf4",
            "image_72": "https:\/\/avatars.slack-edge.com\/2019-06-03\/647125247665_808e86919bf4f4af0af6_72.png",
            "first_name": "Ray",
            "real_name": "Ray Sidener",
            "display_name": "",
            "team": "T7B710AL9",
            "name": "rsidene1",
            "is_restricted": false,
            "is_ultra_restricted": false
        },
        "thread_ts": "1523897602.000738",
        "parent_user_id": "U7DL9CX6W",
        "blocks": [
            {
                "type": "rich_text",
                "block_id": "tZfY",
                "elements": [
                    {
                        "type": "rich_text_section",
                        "elements": [
                            {
                                "type": "text",
                                "text": "Lawful evil"
                            }
                        ]
                    }
                ]
            }
        ]
    },
    {
        "user": "U7F238X5F",
        "type": "message",
        "ts": "1523898450.000025",
        "client_msg_id": "7FCB8BB5-79C0-462B-9ECA-0174C2397290",
        "text": "True neutral? Arguably chaotic neutral ",
        "team": "T7B710AL9",
        "user_team": "T7B710AL9",
        "source_team": "T7B710AL9",
        "user_profile": {
            "avatar_hash": "808e86919bf4",
            "image_72": "https:\/\/avatars.slack-edge.com\/2019-06-03\/647125247665_808e86919bf4f4af0af6_72.png",
            "first_name": "Ray",
            "real_name": "Ray Sidener",
            "display_name": "",
            "team": "T7B710AL9",
            "name": "rsidene1",
            "is_restricted": false,
            "is_ultra_restricted": false
        },
        "thread_ts": "1523831098.000070",
        "parent_user_id": "U7DL9CX6W",
        "blocks": [
            {
                "type": "rich_text",
                "block_id": "\/g971",
                "elements": [
                    {
                        "type": "rich_text_section",
                        "elements": [
                            {
                                "type": "text",
                                "text": "True neutral? Arguably chaotic neutral"
                            }
                        ]
                    }
                ]
            }
        ]
    },
    {
        "user": "U7F238X5F",
        "type": "message",
        "ts": "1523898489.000288",
        "client_msg_id": "68BF0D92-0675-4321-A2AB-2C728569CD7F",
        "text": "Lawful neutral ",
        "team": "T7B710AL9",
        "user_team": "T7B710AL9",
        "source_team": "T7B710AL9",
        "user_profile": {
            "avatar_hash": "808e86919bf4",
            "image_72": "https:\/\/avatars.slack-edge.com\/2019-06-03\/647125247665_808e86919bf4f4af0af6_72.png",
            "first_name": "Ray",
            "real_name": "Ray Sidener",
            "display_name": "",
            "team": "T7B710AL9",
            "name": "rsidene1",
            "is_restricted": false,
            "is_ultra_restricted": false
        },
        "thread_ts": "1523831276.000012",
        "parent_user_id": "U7C8U72LB",
        "blocks": [
            {
                "type": "rich_text",
                "block_id": "WeKdF",
                "elements": [
                    {
                        "type": "rich_text_section",
                        "elements": [
                            {
                                "type": "text",
                                "text": "Lawful neutral"
                            }
                        ]
                    }
                ]
            }
        ]
    },
    {
        "user": "U7C5VN3U1",
        "type": "message",
        "ts": "1523898771.000673",
        "text": "how is it lawful?",
        "team": "T7B710AL9",
        "user_team": "T7B710AL9",
        "source_team": "T7B710AL9",
        "user_profile": {
            "avatar_hash": "4adb1c10386b",
            "image_72": "https:\/\/avatars.slack-edge.com\/2018-11-20\/484222800036_4adb1c10386b1f9a1443_72.png",
            "first_name": "Max",
            "real_name": "Max Franklin",
            "display_name": "Max",
            "team": "T7B710AL9",
            "name": "mfrankl2",
            "is_restricted": false,
            "is_ultra_restricted": false
        },
        "thread_ts": "1523897602.000738",
        "parent_user_id": "U7DL9CX6W",
        "blocks": [
            {
                "type": "rich_text",
                "block_id": "H+InP",
                "elements": [
                    {
                        "type": "rich_text_section",
                        "elements": [
                            {
                                "type": "text",
                                "text": "how is it lawful?"
                            }
                        ]
                    }
                ]
            }
        ]
    }
]