[
    {
        "user": "U7C7WMV52",
        "type": "message",
        "ts": "1544017369.010500",
        "client_msg_id": "5f61535d-5631-452e-8823-4db69abf8e98",
        "text": "Thanks for your h",
        "team": "T7B710AL9",
        "user_team": "T7B710AL9",
        "source_team": "T7B710AL9",
        "user_profile": {
            "avatar_hash": "ba74640ec113",
            "image_72": "https:\/\/avatars.slack-edge.com\/2018-09-23\/441365102883_ba74640ec113a0bce943_72.jpg",
            "first_name": "Sagnik",
            "real_name": "Sagnik",
            "display_name": "Lick",
            "team": "T7B710AL9",
            "name": "sg.sagnik",
            "is_restricted": false,
            "is_ultra_restricted": false
        },
        "thread_ts": "1543983125.006100",
        "parent_user_id": "U7C7WMV52",
        "blocks": [
            {
                "type": "rich_text",
                "block_id": "u60Bv",
                "elements": [
                    {
                        "type": "rich_text_section",
                        "elements": [
                            {
                                "type": "text",
                                "text": "Thanks for your h"
                            }
                        ]
                    }
                ]
            }
        ]
    }
]