[
    {
        "user": "U7DKWL5U2",
        "type": "message",
        "ts": "1539558072.000100",
        "client_msg_id": "17F43D69-A910-400B-BADB-7B2A7CFC3103",
        "text": "Veal",
        "team": "T7B710AL9",
        "user_team": "T7B710AL9",
        "source_team": "T7B710AL9",
        "user_profile": {
            "avatar_hash": "1a5b7d89096b",
            "image_72": "https:\/\/avatars.slack-edge.com\/2019-03-06\/568729550272_1a5b7d89096b9e952460_72.png",
            "first_name": "Ethan",
            "real_name": "Ethan Chapman",
            "display_name": "Lil'Gup",
            "team": "T7B710AL9",
            "name": "echapma2",
            "is_restricted": false,
            "is_ultra_restricted": false
        },
        "thread_ts": "1539558072.000100",
        "reply_count": 5,
        "reply_users_count": 5,
        "latest_reply": "1539562253.000100",
        "reply_users": [
            "U7C8U72LB",
            "U7H3ZE2LC",
            "U7C5VN3U1",
            "U7CAKF8CS",
            "U7BHXDGSV"
        ],
        "replies": [
            {
                "user": "U7C8U72LB",
                "ts": "1539559632.000100"
            },
            {
                "user": "U7H3ZE2LC",
                "ts": "1539559821.000100"
            },
            {
                "user": "U7C5VN3U1",
                "ts": "1539560093.000100"
            },
            {
                "user": "U7CAKF8CS",
                "ts": "1539561284.000100"
            },
            {
                "user": "U7BHXDGSV",
                "ts": "1539562253.000100"
            }
        ],
        "is_locked": false,
        "subscribed": false,
        "blocks": [
            {
                "type": "rich_text",
                "block_id": "0ZQe",
                "elements": [
                    {
                        "type": "rich_text_section",
                        "elements": [
                            {
                                "type": "text",
                                "text": "Veal"
                            }
                        ]
                    }
                ]
            }
        ],
        "reactions": [
            {
                "name": "meat_on_bone",
                "users": [
                    "U7BHXDGSV",
                    "U7CEH7CGM"
                ],
                "count": 2
            }
        ]
    },
    {
        "user": "U7C8U72LB",
        "type": "message",
        "ts": "1539559632.000100",
        "client_msg_id": "CACC51B7-1F47-47DA-96FB-CD6ED799B4E0",
        "text": "Meat ",
        "team": "T7B710AL9",
        "user_team": "T7B710AL9",
        "source_team": "T7B710AL9",
        "user_profile": {
            "avatar_hash": "e610103b9bf7",
            "image_72": "https:\/\/avatars.slack-edge.com\/2018-09-06\/431053250005_e610103b9bf748d6f846_72.png",
            "first_name": "Sam",
            "real_name": "Sam Wallach Hanson",
            "display_name": "Swoonss",
            "team": "T7B710AL9",
            "name": "swallac3",
            "is_restricted": false,
            "is_ultra_restricted": false
        },
        "thread_ts": "1539558072.000100",
        "parent_user_id": "U7DKWL5U2",
        "blocks": [
            {
                "type": "rich_text",
                "block_id": "GUh",
                "elements": [
                    {
                        "type": "rich_text_section",
                        "elements": [
                            {
                                "type": "text",
                                "text": "Meat"
                            }
                        ]
                    }
                ]
            }
        ]
    },
    {
        "user": "U7H3ZE2LC",
        "type": "message",
        "ts": "1539559821.000100",
        "client_msg_id": "5d777f1c-4283-4105-b023-02710d6eb870",
        "text": "Food",
        "team": "T7B710AL9",
        "user_team": "T7B710AL9",
        "source_team": "T7B710AL9",
        "user_profile": {
            "avatar_hash": "83ba2775b182",
            "image_72": "https:\/\/avatars.slack-edge.com\/2017-11-17\/274528721828_83ba2775b1821cf1ed15_72.png",
            "first_name": "Zach",
            "real_name": "Zach Lytle",
            "display_name": "",
            "team": "T7B710AL9",
            "name": "zlytle1",
            "is_restricted": false,
            "is_ultra_restricted": false
        },
        "thread_ts": "1539558072.000100",
        "parent_user_id": "U7DKWL5U2",
        "blocks": [
            {
                "type": "rich_text",
                "block_id": "EbG",
                "elements": [
                    {
                        "type": "rich_text_section",
                        "elements": [
                            {
                                "type": "text",
                                "text": "Food"
                            }
                        ]
                    }
                ]
            }
        ]
    },
    {
        "user": "U7C5VN3U1",
        "type": "message",
        "ts": "1539560093.000100",
        "client_msg_id": "5A0F23B1-B259-4B02-B92D-D3EB771590C1",
        "text": "Ethical cannibalism",
        "team": "T7B710AL9",
        "user_team": "T7B710AL9",
        "source_team": "T7B710AL9",
        "user_profile": {
            "avatar_hash": "4adb1c10386b",
            "image_72": "https:\/\/avatars.slack-edge.com\/2018-11-20\/484222800036_4adb1c10386b1f9a1443_72.png",
            "first_name": "Max",
            "real_name": "Max Franklin",
            "display_name": "Max",
            "team": "T7B710AL9",
            "name": "mfrankl2",
            "is_restricted": false,
            "is_ultra_restricted": false
        },
        "thread_ts": "1539558072.000100",
        "parent_user_id": "U7DKWL5U2",
        "blocks": [
            {
                "type": "rich_text",
                "block_id": "1lalp",
                "elements": [
                    {
                        "type": "rich_text_section",
                        "elements": [
                            {
                                "type": "text",
                                "text": "Ethical cannibalism"
                            }
                        ]
                    }
                ]
            }
        ]
    },
    {
        "user": "U7CAKF8CS",
        "type": "message",
        "ts": "1539561284.000100",
        "client_msg_id": "E7283BEE-81DE-4EAD-B429-060386657304",
        "text": "Cannibalism ",
        "team": "T7B710AL9",
        "user_team": "T7B710AL9",
        "source_team": "T7B710AL9",
        "user_profile": {
            "avatar_hash": "0f2bdbac8459",
            "image_72": "https:\/\/avatars.slack-edge.com\/2020-08-28\/1330649910978_0f2bdbac845919cd6e01_72.png",
            "first_name": "Rye",
            "real_name": "Rye Buckley",
            "display_name": "blu",
            "team": "T7B710AL9",
            "name": "rbuckle1",
            "is_restricted": false,
            "is_ultra_restricted": false
        },
        "thread_ts": "1539558072.000100",
        "parent_user_id": "U7DKWL5U2",
        "blocks": [
            {
                "type": "rich_text",
                "block_id": "ES\/r",
                "elements": [
                    {
                        "type": "rich_text_section",
                        "elements": [
                            {
                                "type": "text",
                                "text": "Cannibalism"
                            }
                        ]
                    }
                ]
            }
        ]
    },
    {
        "user": "U7BHXDGSV",
        "type": "message",
        "ts": "1539562253.000100",
        "client_msg_id": "AF9AF39C-7919-481E-BA38-B752A7D00D6E",
        "text": "Hey better for the environment than a full grown cow",
        "team": "T7B710AL9",
        "user_team": "T7B710AL9",
        "source_team": "T7B710AL9",
        "user_profile": {
            "avatar_hash": "6eb4246bf357",
            "image_72": "https:\/\/avatars.slack-edge.com\/2019-10-07\/788498340102_6eb4246bf357e9f96f85_72.png",
            "first_name": "princess",
            "real_name": "princess callahan",
            "display_name": "broc",
            "team": "T7B710AL9",
            "name": "bcoli",
            "is_restricted": false,
            "is_ultra_restricted": false
        },
        "thread_ts": "1539558072.000100",
        "parent_user_id": "U7DKWL5U2",
        "blocks": [
            {
                "type": "rich_text",
                "block_id": "sSM",
                "elements": [
                    {
                        "type": "rich_text_section",
                        "elements": [
                            {
                                "type": "text",
                                "text": "Hey better for the environment than a full grown cow"
                            }
                        ]
                    }
                ]
            }
        ],
        "reactions": [
            {
                "name": "200iq",
                "users": [
                    "U7CUH2Z70",
                    "U868GK012",
                    "U7FM9RC5B",
                    "U7DKWL5U2"
                ],
                "count": 4
            }
        ]
    }
]