[
    {
        "user": "U7C5VN3U1",
        "type": "message",
        "ts": "1531863825.000213",
        "client_msg_id": "83A71949-51CD-487E-A50B-713C1E910201",
        "text": "What are y’all’s thoughts on not letting cars merge in that have political bumper stickers you disagree with?",
        "team": "T7B710AL9",
        "user_team": "T7B710AL9",
        "source_team": "T7B710AL9",
        "user_profile": {
            "avatar_hash": "4adb1c10386b",
            "image_72": "https:\/\/avatars.slack-edge.com\/2018-11-20\/484222800036_4adb1c10386b1f9a1443_72.png",
            "first_name": "Max",
            "real_name": "Max Franklin",
            "display_name": "Max",
            "team": "T7B710AL9",
            "name": "mfrankl2",
            "is_restricted": false,
            "is_ultra_restricted": false
        },
        "blocks": [
            {
                "type": "rich_text",
                "block_id": "dx5",
                "elements": [
                    {
                        "type": "rich_text_section",
                        "elements": [
                            {
                                "type": "text",
                                "text": "What are y’all’s thoughts on not letting cars merge in that have political bumper stickers you disagree with?"
                            }
                        ]
                    }
                ]
            }
        ]
    },
    {
        "user": "U7DL9CX6W",
        "type": "message",
        "ts": "1531863967.000313",
        "client_msg_id": "B9BBB682-7094-4EE0-A9CC-69F70A139776",
        "text": "Depends on the sticker IMO",
        "team": "T7B710AL9",
        "user_team": "T7B710AL9",
        "source_team": "T7B710AL9",
        "user_profile": {
            "avatar_hash": "635c76d5972f",
            "image_72": "https:\/\/avatars.slack-edge.com\/2023-02-20\/4818285176551_635c76d5972f9151b099_72.png",
            "first_name": "Michael",
            "real_name": "Michael Trainor",
            "display_name": "Whip",
            "team": "T7B710AL9",
            "name": "mtraino1",
            "is_restricted": false,
            "is_ultra_restricted": false
        },
        "blocks": [
            {
                "type": "rich_text",
                "block_id": "NlWeL",
                "elements": [
                    {
                        "type": "rich_text_section",
                        "elements": [
                            {
                                "type": "text",
                                "text": "Depends on the sticker IMO"
                            }
                        ]
                    }
                ]
            }
        ]
    },
    {
        "user": "U7CUH2Z70",
        "type": "message",
        "ts": "1531864156.000256",
        "client_msg_id": "fd88c1cb-f5df-42bd-af53-61d716b425c3",
        "text": "I'd rather be safe and not endanger others on the road",
        "team": "T7B710AL9",
        "user_team": "T7B710AL9",
        "source_team": "T7B710AL9",
        "user_profile": {
            "avatar_hash": "b994d311f580",
            "image_72": "https:\/\/avatars.slack-edge.com\/2020-02-25\/969610744726_b994d311f58072c3a1d2_72.jpg",
            "first_name": "Keshav",
            "real_name": "Keshav Patel",
            "display_name": "Keshav",
            "team": "T7B710AL9",
            "name": "kpatel2",
            "is_restricted": false,
            "is_ultra_restricted": false
        },
        "thread_ts": "1531864156.000256",
        "reply_count": 1,
        "reply_users_count": 1,
        "latest_reply": "1531864233.000144",
        "reply_users": [
            "U7CUH2Z70"
        ],
        "replies": [
            {
                "user": "U7CUH2Z70",
                "ts": "1531864233.000144"
            }
        ],
        "is_locked": false,
        "subscribed": false,
        "blocks": [
            {
                "type": "rich_text",
                "block_id": "UAZ\/A",
                "elements": [
                    {
                        "type": "rich_text_section",
                        "elements": [
                            {
                                "type": "text",
                                "text": "I'd rather be safe and not endanger others on the road"
                            }
                        ]
                    }
                ]
            }
        ]
    },
    {
        "user": "U7CUH2Z70",
        "type": "message",
        "ts": "1531864233.000144",
        "client_msg_id": "d38e40ae-d669-42ca-b479-880cc7381fb6",
        "text": "But if they still have a lot of room, I guess it's up to you",
        "team": "T7B710AL9",
        "user_team": "T7B710AL9",
        "source_team": "T7B710AL9",
        "user_profile": {
            "avatar_hash": "b994d311f580",
            "image_72": "https:\/\/avatars.slack-edge.com\/2020-02-25\/969610744726_b994d311f58072c3a1d2_72.jpg",
            "first_name": "Keshav",
            "real_name": "Keshav Patel",
            "display_name": "Keshav",
            "team": "T7B710AL9",
            "name": "kpatel2",
            "is_restricted": false,
            "is_ultra_restricted": false
        },
        "thread_ts": "1531864156.000256",
        "parent_user_id": "U7CUH2Z70",
        "blocks": [
            {
                "type": "rich_text",
                "block_id": "31q2",
                "elements": [
                    {
                        "type": "rich_text_section",
                        "elements": [
                            {
                                "type": "text",
                                "text": "But if they still have a lot of room, I guess it's up to you"
                            }
                        ]
                    }
                ]
            }
        ]
    },
    {
        "user": "U868GK012",
        "type": "message",
        "ts": "1531864972.000226",
        "client_msg_id": "C13ED0BE-956D-4D0F-B0A9-D8254B05488A",
        "text": "I think you should both stop, get out of your cars, and start a productive dialogue ",
        "team": "T7B710AL9",
        "user_team": "T7B710AL9",
        "source_team": "T7B710AL9",
        "user_profile": {
            "avatar_hash": "e6fd7b86fd21",
            "image_72": "https:\/\/avatars.slack-edge.com\/2018-10-18\/458920105140_e6fd7b86fd21f960c65a_72.png",
            "first_name": "Tommy",
            "real_name": "Tommy Dell",
            "display_name": "Father Tom",
            "team": "T7B710AL9",
            "name": "tdell1",
            "is_restricted": false,
            "is_ultra_restricted": false
        },
        "blocks": [
            {
                "type": "rich_text",
                "block_id": "Bsfl",
                "elements": [
                    {
                        "type": "rich_text_section",
                        "elements": [
                            {
                                "type": "text",
                                "text": "I think you should both stop, get out of your cars, and start a productive dialogue"
                            }
                        ]
                    }
                ]
            }
        ],
        "reactions": [
            {
                "name": "fathertom",
                "users": [
                    "U7C5VN3U1",
                    "U8CM2ST63",
                    "U7BHXDGSV",
                    "U7CEH7CGM"
                ],
                "count": 4
            },
            {
                "name": "samgardner",
                "users": [
                    "U7CUH2Z70",
                    "U7CQU3U6B"
                ],
                "count": 2
            }
        ]
    },
    {
        "user": "U7CEH7CGM",
        "type": "message",
        "ts": "1531868139.000115",
        "client_msg_id": "9307CF75-C0E3-498F-81D8-8F0DD447E120",
        "text": "I once offered a homeless person wearing a trump shirt food and they made an angry face and walked away",
        "team": "T7B710AL9",
        "user_team": "T7B710AL9",
        "source_team": "T7B710AL9",
        "user_profile": {
            "avatar_hash": "586b2b51da50",
            "image_72": "https:\/\/avatars.slack-edge.com\/2018-12-17\/504857144561_586b2b51da50812410ae_72.png",
            "first_name": "Alex",
            "real_name": "Alex Jin",
            "display_name": "Ajin2",
            "team": "T7B710AL9",
            "name": "ajin2",
            "is_restricted": false,
            "is_ultra_restricted": false
        },
        "blocks": [
            {
                "type": "rich_text",
                "block_id": "vlPsO",
                "elements": [
                    {
                        "type": "rich_text_section",
                        "elements": [
                            {
                                "type": "text",
                                "text": "I once offered a homeless person wearing a trump shirt food and they made an angry face and walked away"
                            }
                        ]
                    }
                ]
            }
        ]
    },
    {
        "user": "U7C7WMV52",
        "type": "message",
        "ts": "1531888787.000030",
        "client_msg_id": "5da72148-8d8e-47d3-98dc-d1d2231321b7",
        "text": "I was tired and put my shoes on sock-shoe-sock-shoe",
        "team": "T7B710AL9",
        "user_team": "T7B710AL9",
        "source_team": "T7B710AL9",
        "user_profile": {
            "avatar_hash": "ba74640ec113",
            "image_72": "https:\/\/avatars.slack-edge.com\/2018-09-23\/441365102883_ba74640ec113a0bce943_72.jpg",
            "first_name": "Sagnik",
            "real_name": "Sagnik",
            "display_name": "Lick",
            "team": "T7B710AL9",
            "name": "sg.sagnik",
            "is_restricted": false,
            "is_ultra_restricted": false
        },
        "thread_ts": "1531888787.000030",
        "reply_count": 9,
        "reply_users_count": 6,
        "latest_reply": "1532058371.000162",
        "reply_users": [
            "U7BPV9XJQ",
            "U7G3ERU5V",
            "U7C7WMV52",
            "U7C5VN3U1",
            "U7F238X5F",
            "U7C8U72LB"
        ],
        "replies": [
            {
                "user": "U7BPV9XJQ",
                "ts": "1531888831.000159"
            },
            {
                "user": "U7G3ERU5V",
                "ts": "1531889222.000006"
            },
            {
                "user": "U7C7WMV52",
                "ts": "1531889569.000091"
            },
            {
                "user": "U7C7WMV52",
                "ts": "1531889710.000037"
            },
            {
                "user": "U7G3ERU5V",
                "ts": "1531889824.000031"
            },
            {
                "user": "U7G3ERU5V",
                "ts": "1531889833.000097"
            },
            {
                "user": "U7C5VN3U1",
                "ts": "1531915548.000230"
            },
            {
                "user": "U7F238X5F",
                "ts": "1531924069.000722"
            },
            {
                "user": "U7C8U72LB",
                "ts": "1532058371.000162"
            }
        ],
        "is_locked": false,
        "subscribed": false,
        "blocks": [
            {
                "type": "rich_text",
                "block_id": "Q0Ia",
                "elements": [
                    {
                        "type": "rich_text_section",
                        "elements": [
                            {
                                "type": "text",
                                "text": "I was tired and put my shoes on sock-shoe-sock-shoe"
                            }
                        ]
                    }
                ]
            }
        ],
        "reactions": [
            {
                "name": "thumbs_middle",
                "users": [
                    "U7BFY2LQH",
                    "U7C5VN3U1",
                    "U7CEH7CGM"
                ],
                "count": 3
            }
        ]
    },
    {
        "user": "U7BPV9XJQ",
        "type": "message",
        "ts": "1531888831.000159",
        "client_msg_id": "bbbd4d2e-921b-49c7-97f7-c3e2d7f93dc4",
        "text": "<@U7CTZBN3Y> ",
        "team": "T7B710AL9",
        "user_team": "T7B710AL9",
        "source_team": "T7B710AL9",
        "user_profile": {
            "avatar_hash": "f7b9e2eb0e99",
            "image_72": "https:\/\/avatars.slack-edge.com\/2019-02-04\/540758259841_f7b9e2eb0e9941c4485e_72.png",
            "first_name": "Muha",
            "real_name": "Muha Haque",
            "display_name": "Muha",
            "team": "T7B710AL9",
            "name": "mhaque2",
            "is_restricted": false,
            "is_ultra_restricted": false
        },
        "thread_ts": "1531888787.000030",
        "parent_user_id": "U7C7WMV52",
        "blocks": [
            {
                "type": "rich_text",
                "block_id": "uFoK",
                "elements": [
                    {
                        "type": "rich_text_section",
                        "elements": [
                            {
                                "type": "user",
                                "user_id": "U7CTZBN3Y"
                            }
                        ]
                    }
                ]
            }
        ]
    },
    {
        "user": "U7G3ERU5V",
        "type": "message",
        "ts": "1531889222.000006",
        "client_msg_id": "11352CF8-B667-4912-B0EB-11F4D3E9BDB8",
        "text": "Were you at the beach? Then it’s fine",
        "team": "T7B710AL9",
        "user_team": "T7B710AL9",
        "source_team": "T7B710AL9",
        "user_profile": {
            "avatar_hash": "a7d2af132a2e",
            "image_72": "https:\/\/avatars.slack-edge.com\/2019-07-22\/691057671298_a7d2af132a2ea37401fd_72.png",
            "first_name": "Vinay",
            "real_name": "Vinay",
            "display_name": "",
            "team": "T7B710AL9",
            "name": "vkeefe1",
            "is_restricted": false,
            "is_ultra_restricted": false
        },
        "thread_ts": "1531888787.000030",
        "parent_user_id": "U7C7WMV52",
        "blocks": [
            {
                "type": "rich_text",
                "block_id": "Wrbl",
                "elements": [
                    {
                        "type": "rich_text_section",
                        "elements": [
                            {
                                "type": "text",
                                "text": "Were you at the beach? Then it’s fine"
                            }
                        ]
                    }
                ]
            }
        ]
    },
    {
        "user": "U7C7WMV52",
        "type": "message",
        "ts": "1531889569.000091",
        "client_msg_id": "dd89aecc-cef3-45d4-b860-07519164a0ba",
        "text": "Not at beach. I'm a monster.",
        "team": "T7B710AL9",
        "user_team": "T7B710AL9",
        "source_team": "T7B710AL9",
        "user_profile": {
            "avatar_hash": "ba74640ec113",
            "image_72": "https:\/\/avatars.slack-edge.com\/2018-09-23\/441365102883_ba74640ec113a0bce943_72.jpg",
            "first_name": "Sagnik",
            "real_name": "Sagnik",
            "display_name": "Lick",
            "team": "T7B710AL9",
            "name": "sg.sagnik",
            "is_restricted": false,
            "is_ultra_restricted": false
        },
        "thread_ts": "1531888787.000030",
        "parent_user_id": "U7C7WMV52",
        "blocks": [
            {
                "type": "rich_text",
                "block_id": "L=so\/",
                "elements": [
                    {
                        "type": "rich_text_section",
                        "elements": [
                            {
                                "type": "text",
                                "text": "Not at beach. I'm a monster."
                            }
                        ]
                    }
                ]
            }
        ]
    },
    {
        "user": "U7C7WMV52",
        "type": "message",
        "ts": "1531889710.000037",
        "client_msg_id": "ebcda24a-62a8-44be-9ed8-4fb418e78537",
        "text": "But wait, why is it okay at the beach?",
        "team": "T7B710AL9",
        "user_team": "T7B710AL9",
        "source_team": "T7B710AL9",
        "user_profile": {
            "avatar_hash": "ba74640ec113",
            "image_72": "https:\/\/avatars.slack-edge.com\/2018-09-23\/441365102883_ba74640ec113a0bce943_72.jpg",
            "first_name": "Sagnik",
            "real_name": "Sagnik",
            "display_name": "Lick",
            "team": "T7B710AL9",
            "name": "sg.sagnik",
            "is_restricted": false,
            "is_ultra_restricted": false
        },
        "thread_ts": "1531888787.000030",
        "parent_user_id": "U7C7WMV52",
        "blocks": [
            {
                "type": "rich_text",
                "block_id": "JbfM",
                "elements": [
                    {
                        "type": "rich_text_section",
                        "elements": [
                            {
                                "type": "text",
                                "text": "But wait, why is it okay at the beach?"
                            }
                        ]
                    }
                ]
            }
        ]
    },
    {
        "user": "U7G3ERU5V",
        "type": "message",
        "ts": "1531889824.000031",
        "client_msg_id": "B0F923FC-7D73-4EAD-A5AB-70C1B5FD5881",
        "text": "Because you don’t want to get your sock all sandy. ",
        "team": "T7B710AL9",
        "user_team": "T7B710AL9",
        "source_team": "T7B710AL9",
        "user_profile": {
            "avatar_hash": "a7d2af132a2e",
            "image_72": "https:\/\/avatars.slack-edge.com\/2019-07-22\/691057671298_a7d2af132a2ea37401fd_72.png",
            "first_name": "Vinay",
            "real_name": "Vinay",
            "display_name": "",
            "team": "T7B710AL9",
            "name": "vkeefe1",
            "is_restricted": false,
            "is_ultra_restricted": false
        },
        "thread_ts": "1531888787.000030",
        "parent_user_id": "U7C7WMV52",
        "blocks": [
            {
                "type": "rich_text",
                "block_id": "Zzq",
                "elements": [
                    {
                        "type": "rich_text_section",
                        "elements": [
                            {
                                "type": "text",
                                "text": "Because you don’t want to get your sock all sandy."
                            }
                        ]
                    }
                ]
            }
        ],
        "reactions": [
            {
                "name": "kindvinay",
                "users": [
                    "U7BFY2LQH",
                    "U7CUH2Z70",
                    "U7CAKF8CS",
                    "U7DL9CX6W",
                    "U7C7WMV52"
                ],
                "count": 5
            }
        ]
    },
    {
        "user": "U7G3ERU5V",
        "type": "message",
        "ts": "1531889833.000097",
        "client_msg_id": "5B980C4D-00FE-4A95-BF03-9E9D2F8E2A30",
        "text": "Am I the only one who does this?",
        "team": "T7B710AL9",
        "user_team": "T7B710AL9",
        "source_team": "T7B710AL9",
        "user_profile": {
            "avatar_hash": "a7d2af132a2e",
            "image_72": "https:\/\/avatars.slack-edge.com\/2019-07-22\/691057671298_a7d2af132a2ea37401fd_72.png",
            "first_name": "Vinay",
            "real_name": "Vinay",
            "display_name": "",
            "team": "T7B710AL9",
            "name": "vkeefe1",
            "is_restricted": false,
            "is_ultra_restricted": false
        },
        "thread_ts": "1531888787.000030",
        "parent_user_id": "U7C7WMV52",
        "blocks": [
            {
                "type": "rich_text",
                "block_id": "\/yAQx",
                "elements": [
                    {
                        "type": "rich_text_section",
                        "elements": [
                            {
                                "type": "text",
                                "text": "Am I the only one who does this?"
                            }
                        ]
                    }
                ]
            }
        ]
    }
]