[
    {
        "user": "U868GK012",
        "type": "message",
        "ts": "1543198814.006700",
        "client_msg_id": "75A72895-E021-477A-A637-6BAC88513B04",
        "text": "Telling someone that a class was lame and that they shouldn’t take it because I’m going to be in that class and I didn’t want to take it with them ",
        "team": "T7B710AL9",
        "user_team": "T7B710AL9",
        "source_team": "T7B710AL9",
        "user_profile": {
            "avatar_hash": "e6fd7b86fd21",
            "image_72": "https:\/\/avatars.slack-edge.com\/2018-10-18\/458920105140_e6fd7b86fd21f960c65a_72.png",
            "first_name": "Tommy",
            "real_name": "Tommy Dell",
            "display_name": "Father Tom",
            "team": "T7B710AL9",
            "name": "tdell1",
            "is_restricted": false,
            "is_ultra_restricted": false
        },
        "blocks": [
            {
                "type": "rich_text",
                "block_id": "JizHg",
                "elements": [
                    {
                        "type": "rich_text_section",
                        "elements": [
                            {
                                "type": "text",
                                "text": "Telling someone that a class was lame and that they shouldn’t take it because I’m going to be in that class and I didn’t want to take it with them"
                            }
                        ]
                    }
                ]
            }
        ],
        "reactions": [
            {
                "name": "non-potable_water",
                "users": [
                    "U7C7WMV52",
                    "UD7R9NDNK",
                    "U7BHXDGSV"
                ],
                "count": 3
            },
            {
                "name": "joy",
                "users": [
                    "U7G3ERU5V"
                ],
                "count": 1
            },
            {
                "name": "wowtwist",
                "users": [
                    "U7BL1F7PD"
                ],
                "count": 1
            }
        ]
    }
]