[
    {
        "user": "U7C8U72LB",
        "type": "message",
        "ts": "1541468476.000700",
        "client_msg_id": "D36F1857-1EAE-4693-96C4-DB50C9A15B1A",
        "text": "My grocery shopping this week consists of apples kale and chocolate covered doughnuts ",
        "team": "T7B710AL9",
        "user_team": "T7B710AL9",
        "source_team": "T7B710AL9",
        "user_profile": {
            "avatar_hash": "e610103b9bf7",
            "image_72": "https:\/\/avatars.slack-edge.com\/2018-09-06\/431053250005_e610103b9bf748d6f846_72.png",
            "first_name": "Sam",
            "real_name": "Sam Wallach Hanson",
            "display_name": "Swoonss",
            "team": "T7B710AL9",
            "name": "swallac3",
            "is_restricted": false,
            "is_ultra_restricted": false
        },
        "thread_ts": "1541468476.000700",
        "reply_count": 1,
        "reply_users_count": 1,
        "latest_reply": "1541469002.000800",
        "reply_users": [
            "U7DL9CX6W"
        ],
        "replies": [
            {
                "user": "U7DL9CX6W",
                "ts": "1541469002.000800"
            }
        ],
        "is_locked": false,
        "subscribed": false,
        "blocks": [
            {
                "type": "rich_text",
                "block_id": "n8CA4",
                "elements": [
                    {
                        "type": "rich_text_section",
                        "elements": [
                            {
                                "type": "text",
                                "text": "My grocery shopping this week consists of apples kale and chocolate covered doughnuts"
                            }
                        ]
                    }
                ]
            }
        ]
    },
    {
        "user": "U7DL9CX6W",
        "type": "message",
        "ts": "1541469002.000800",
        "client_msg_id": "f7df8307-cb6c-4619-9fd2-3df2da614336",
        "text": ":thumbs_middle:  because of the kale",
        "team": "T7B710AL9",
        "user_team": "T7B710AL9",
        "source_team": "T7B710AL9",
        "user_profile": {
            "avatar_hash": "635c76d5972f",
            "image_72": "https:\/\/avatars.slack-edge.com\/2023-02-20\/4818285176551_635c76d5972f9151b099_72.png",
            "first_name": "Michael",
            "real_name": "Michael Trainor",
            "display_name": "Whip",
            "team": "T7B710AL9",
            "name": "mtraino1",
            "is_restricted": false,
            "is_ultra_restricted": false
        },
        "thread_ts": "1541468476.000700",
        "parent_user_id": "U7C8U72LB",
        "blocks": [
            {
                "type": "rich_text",
                "block_id": "tARH",
                "elements": [
                    {
                        "type": "rich_text_section",
                        "elements": [
                            {
                                "type": "emoji",
                                "name": "thumbs_middle"
                            },
                            {
                                "type": "text",
                                "text": "  because of the kale"
                            }
                        ]
                    }
                ]
            }
        ]
    }
]