[
    {
        "user": "U89GWBNNA",
        "type": "message",
        "ts": "1536792105.000100",
        "client_msg_id": "D5F2974C-4979-46FC-A551-B443682B5968",
        "text": "Using social dues to get a new can jam disc",
        "team": "T7B710AL9",
        "user_team": "T7B710AL9",
        "source_team": "T7B710AL9",
        "user_profile": {
            "avatar_hash": "3aa2960ed82b",
            "image_72": "https:\/\/avatars.slack-edge.com\/2019-06-24\/668472322033_3aa2960ed82b167e956a_72.png",
            "first_name": "Charles",
            "real_name": "Charles Cole",
            "display_name": "Lox",
            "team": "T7B710AL9",
            "name": "chcole07",
            "is_restricted": false,
            "is_ultra_restricted": false
        },
        "thread_ts": "1536792105.000100",
        "reply_count": 5,
        "reply_users_count": 4,
        "latest_reply": "1537300997.000100",
        "reply_users": [
            "U7C8U72LB",
            "U89GWBNNA",
            "U7BCAGWUQ",
            "U7C5VN3U1"
        ],
        "replies": [
            {
                "user": "U7C8U72LB",
                "ts": "1536792409.000100"
            },
            {
                "user": "U89GWBNNA",
                "ts": "1536892419.000100"
            },
            {
                "user": "U7C8U72LB",
                "ts": "1536893334.000100"
            },
            {
                "user": "U7BCAGWUQ",
                "ts": "1536981649.000100"
            },
            {
                "user": "U7C5VN3U1",
                "ts": "1537300997.000100"
            }
        ],
        "is_locked": false,
        "subscribed": false,
        "blocks": [
            {
                "type": "rich_text",
                "block_id": "==wZ",
                "elements": [
                    {
                        "type": "rich_text_section",
                        "elements": [
                            {
                                "type": "text",
                                "text": "Using social dues to get a new can jam disc"
                            }
                        ]
                    }
                ]
            }
        ],
        "reactions": [
            {
                "name": "+1",
                "users": [
                    "U7DL9CX6W",
                    "U7C5VN3U1"
                ],
                "count": 2
            }
        ]
    },
    {
        "user": "U7C8U72LB",
        "type": "message",
        "ts": "1536792409.000100",
        "client_msg_id": "0FC0AD67-FCAD-44A8-854A-802690430E99",
        "text": "Unambiguously bad we have actual discs for that ",
        "team": "T7B710AL9",
        "user_team": "T7B710AL9",
        "source_team": "T7B710AL9",
        "user_profile": {
            "avatar_hash": "e610103b9bf7",
            "image_72": "https:\/\/avatars.slack-edge.com\/2018-09-06\/431053250005_e610103b9bf748d6f846_72.png",
            "first_name": "Sam",
            "real_name": "Sam Wallach Hanson",
            "display_name": "Swoonss",
            "team": "T7B710AL9",
            "name": "swallac3",
            "is_restricted": false,
            "is_ultra_restricted": false
        },
        "thread_ts": "1536792105.000100",
        "parent_user_id": "U89GWBNNA",
        "blocks": [
            {
                "type": "rich_text",
                "block_id": "hu77",
                "elements": [
                    {
                        "type": "rich_text_section",
                        "elements": [
                            {
                                "type": "text",
                                "text": "Unambiguously bad we have actual discs for that"
                            }
                        ]
                    }
                ]
            }
        ]
    }
]