[
    {
        "user": "U7C8U72LB",
        "type": "message",
        "ts": "1543550502.000600",
        "client_msg_id": "48323E96-8B9E-49C5-A8FA-680C06C259FA",
        "text": "An ASMR reading of the comprehensive rule book of magic the gathering ",
        "team": "T7B710AL9",
        "user_team": "T7B710AL9",
        "source_team": "T7B710AL9",
        "user_profile": {
            "avatar_hash": "e610103b9bf7",
            "image_72": "https:\/\/avatars.slack-edge.com\/2018-09-06\/431053250005_e610103b9bf748d6f846_72.png",
            "first_name": "Sam",
            "real_name": "Sam Wallach Hanson",
            "display_name": "Swoonss",
            "team": "T7B710AL9",
            "name": "swallac3",
            "is_restricted": false,
            "is_ultra_restricted": false
        },
        "thread_ts": "1543550502.000600",
        "reply_count": 2,
        "reply_users_count": 2,
        "latest_reply": "1543550699.001400",
        "reply_users": [
            "U7DKWL5U2",
            "U7C8U72LB"
        ],
        "replies": [
            {
                "user": "U7DKWL5U2",
                "ts": "1543550529.001100"
            },
            {
                "user": "U7C8U72LB",
                "ts": "1543550699.001400"
            }
        ],
        "is_locked": false,
        "subscribed": false,
        "blocks": [
            {
                "type": "rich_text",
                "block_id": "sL8",
                "elements": [
                    {
                        "type": "rich_text_section",
                        "elements": [
                            {
                                "type": "text",
                                "text": "An ASMR reading of the comprehensive rule book of magic the gathering"
                            }
                        ]
                    }
                ]
            }
        ]
    },
    {
        "user": "U7DKWL5U2",
        "type": "message",
        "ts": "1543550529.001100",
        "client_msg_id": "075F7FAE-B91F-40F5-BAC2-BE10B042F8F1",
        "text": "Post link I need this",
        "team": "T7B710AL9",
        "user_team": "T7B710AL9",
        "source_team": "T7B710AL9",
        "user_profile": {
            "avatar_hash": "1a5b7d89096b",
            "image_72": "https:\/\/avatars.slack-edge.com\/2019-03-06\/568729550272_1a5b7d89096b9e952460_72.png",
            "first_name": "Ethan",
            "real_name": "Ethan Chapman",
            "display_name": "Lil'Gup",
            "team": "T7B710AL9",
            "name": "echapma2",
            "is_restricted": false,
            "is_ultra_restricted": false
        },
        "thread_ts": "1543550502.000600",
        "parent_user_id": "U7C8U72LB",
        "blocks": [
            {
                "type": "rich_text",
                "block_id": "FMu",
                "elements": [
                    {
                        "type": "rich_text_section",
                        "elements": [
                            {
                                "type": "text",
                                "text": "Post link I need this"
                            }
                        ]
                    }
                ]
            }
        ]
    },
    {
        "user": "U7C8U72LB",
        "type": "message",
        "ts": "1543550699.001400",
        "client_msg_id": "C71DC054-5A8A-4E9D-A32D-4BEAFF67C6B1",
        "text": "<https:\/\/youtu.be\/_T8dx2Jq0zo>",
        "team": "T7B710AL9",
        "user_team": "T7B710AL9",
        "source_team": "T7B710AL9",
        "user_profile": {
            "avatar_hash": "e610103b9bf7",
            "image_72": "https:\/\/avatars.slack-edge.com\/2018-09-06\/431053250005_e610103b9bf748d6f846_72.png",
            "first_name": "Sam",
            "real_name": "Sam Wallach Hanson",
            "display_name": "Swoonss",
            "team": "T7B710AL9",
            "name": "swallac3",
            "is_restricted": false,
            "is_ultra_restricted": false
        },
        "thread_ts": "1543550502.000600",
        "parent_user_id": "U7C8U72LB",
        "attachments": [
            {
                "service_name": "YouTube",
                "service_url": "https:\/\/www.youtube.com\/",
                "title": "[ASMR] Magic: the Gathering Comprehensive Rules, part 5 (rules 117-119) (whispered)",
                "title_link": "https:\/\/youtu.be\/_T8dx2Jq0zo",
                "author_name": "Lily's Library",
                "author_link": "https:\/\/www.youtube.com\/channel\/UCkaB1cfdEtPDnmLhXzrMBxA",
                "thumb_url": "https:\/\/i.ytimg.com\/vi\/_T8dx2Jq0zo\/hqdefault.jpg",
                "thumb_width": 480,
                "thumb_height": 360,
                "fallback": "YouTube Video: [ASMR] Magic: the Gathering Comprehensive Rules, part 5 (rules 117-119) (whispered)",
                "video_html": "<iframe width=\"400\" height=\"225\" src=\"https:\/\/www.youtube.com\/embed\/_T8dx2Jq0zo?feature=oembed&autoplay=1&iv_load_policy=3\" frameborder=\"0\" allow=\"accelerometer; autoplay; encrypted-media; gyroscope; picture-in-picture\" allowfullscreen><\/iframe>",
                "video_html_width": 400,
                "video_html_height": 225,
                "from_url": "https:\/\/youtu.be\/_T8dx2Jq0zo",
                "service_icon": "https:\/\/a.slack-edge.com\/2089\/img\/unfurl_icons\/youtube.png",
                "id": 1,
                "original_url": "https:\/\/youtu.be\/_T8dx2Jq0zo"
            }
        ],
        "blocks": [
            {
                "type": "rich_text",
                "block_id": "novwp",
                "elements": [
                    {
                        "type": "rich_text_section",
                        "elements": [
                            {
                                "type": "link",
                                "url": "https:\/\/youtu.be\/_T8dx2Jq0zo"
                            }
                        ]
                    }
                ]
            }
        ]
    }
]