[
    {
        "user": "U7CQU3U6B",
        "type": "message",
        "ts": "1540680009.000700",
        "client_msg_id": "615EEF27-BA26-4791-883B-522C9243A960",
        "text": "if you consider the lyrics of ghostbusters, it’s just a song about people fucking ghosts",
        "team": "T7B710AL9",
        "user_team": "T7B710AL9",
        "source_team": "T7B710AL9",
        "user_profile": {
            "avatar_hash": "9aa821409e67",
            "image_72": "https:\/\/avatars.slack-edge.com\/2018-11-13\/478546525250_9aa821409e67096e9da5_72.png",
            "first_name": "Richelle",
            "real_name": "Richelle Robinson",
            "display_name": "R ic h   el    l",
            "team": "T7B710AL9",
            "name": "rrobins1",
            "is_restricted": false,
            "is_ultra_restricted": false
        },
        "thread_ts": "1540680009.000700",
        "reply_count": 2,
        "reply_users_count": 2,
        "latest_reply": "1540680281.001200",
        "reply_users": [
            "U7B71CPG9",
            "U7BFY2LQH"
        ],
        "replies": [
            {
                "user": "U7B71CPG9",
                "ts": "1540680121.000900"
            },
            {
                "user": "U7BFY2LQH",
                "ts": "1540680281.001200"
            }
        ],
        "is_locked": false,
        "subscribed": false,
        "blocks": [
            {
                "type": "rich_text",
                "block_id": "kCQkE",
                "elements": [
                    {
                        "type": "rich_text_section",
                        "elements": [
                            {
                                "type": "text",
                                "text": "if you consider the lyrics of ghostbusters, it’s just a song about people fucking ghosts"
                            }
                        ]
                    }
                ]
            }
        ]
    },
    {
        "user": "U7B71CPG9",
        "type": "message",
        "ts": "1540680121.000900",
        "client_msg_id": "61CD42D4-A3F3-44BF-8001-85D93A57A226",
        "text": "<https:\/\/youtu.be\/0tdyU_gW6WE>",
        "team": "T7B710AL9",
        "user_team": "T7B710AL9",
        "source_team": "T7B710AL9",
        "user_profile": {
            "avatar_hash": "fd2c5eb78e00",
            "image_72": "https:\/\/avatars.slack-edge.com\/2021-07-17\/2285441052562_fd2c5eb78e0072591835_72.png",
            "first_name": "Jonathan",
            "real_name": "Jonathan Solomon",
            "display_name": "Treebeard",
            "team": "T7B710AL9",
            "name": "jsolomo3",
            "is_restricted": false,
            "is_ultra_restricted": false
        },
        "thread_ts": "1540680009.000700",
        "parent_user_id": "U7CQU3U6B",
        "attachments": [
            {
                "service_name": "YouTube",
                "service_url": "https:\/\/www.youtube.com\/",
                "title": "Bustin",
                "title_link": "https:\/\/youtu.be\/0tdyU_gW6WE",
                "author_name": "Neil Cicierega",
                "author_link": "https:\/\/www.youtube.com\/user\/NeilCicierega",
                "thumb_url": "https:\/\/i.ytimg.com\/vi\/0tdyU_gW6WE\/hqdefault.jpg",
                "thumb_width": 480,
                "thumb_height": 360,
                "fallback": "YouTube Video: Bustin",
                "video_html": "<iframe width=\"400\" height=\"300\" src=\"https:\/\/www.youtube.com\/embed\/0tdyU_gW6WE?feature=oembed&autoplay=1&iv_load_policy=3\" frameborder=\"0\" allow=\"autoplay; encrypted-media\" allowfullscreen><\/iframe>",
                "video_html_width": 400,
                "video_html_height": 300,
                "from_url": "https:\/\/youtu.be\/0tdyU_gW6WE",
                "service_icon": "https:\/\/a.slack-edge.com\/2089\/img\/unfurl_icons\/youtube.png",
                "id": 1,
                "original_url": "https:\/\/youtu.be\/0tdyU_gW6WE"
            }
        ],
        "blocks": [
            {
                "type": "rich_text",
                "block_id": "Fw\/",
                "elements": [
                    {
                        "type": "rich_text_section",
                        "elements": [
                            {
                                "type": "link",
                                "url": "https:\/\/youtu.be\/0tdyU_gW6WE"
                            }
                        ]
                    }
                ]
            }
        ]
    },
    {
        "user": "U7BFY2LQH",
        "type": "message",
        "ts": "1540680281.001200",
        "client_msg_id": "2fcca79c-9e63-4b24-99ac-1f255addb8be",
        "text": "Bustin-makes-me-feel-good reacts only",
        "team": "T7B710AL9",
        "user_team": "T7B710AL9",
        "source_team": "T7B710AL9",
        "user_profile": {
            "avatar_hash": "1745198e693f",
            "image_72": "https:\/\/avatars.slack-edge.com\/2018-07-19\/401624787187_1745198e693f1193975a_72.jpg",
            "first_name": "Sam",
            "real_name": "Sam Gardner",
            "display_name": "Waterbear, M.D.",
            "team": "T7B710AL9",
            "name": "sgardne1",
            "is_restricted": false,
            "is_ultra_restricted": false
        },
        "thread_ts": "1540680009.000700",
        "parent_user_id": "U7CQU3U6B",
        "blocks": [
            {
                "type": "rich_text",
                "block_id": "2OS",
                "elements": [
                    {
                        "type": "rich_text_section",
                        "elements": [
                            {
                                "type": "text",
                                "text": "Bustin-makes-me-feel-good reacts only"
                            }
                        ]
                    }
                ]
            }
        ]
    }
]