[
    {
        "user": "U7BL1F7PD",
        "type": "message",
        "ts": "1530594545.000025",
        "client_msg_id": "7067394D-04A8-4382-8053-076BB8B98F59",
        "text": "That's because you weren't here when I controlled the music ",
        "team": "T7B710AL9",
        "user_team": "T7B710AL9",
        "source_team": "T7B710AL9",
        "user_profile": {
            "avatar_hash": "6192f5f19951",
            "image_72": "https:\/\/avatars.slack-edge.com\/2018-03-25\/335131537360_6192f5f19951f13fa474_72.png",
            "first_name": "shep",
            "real_name": "shep",
            "display_name": "Shep",
            "team": "T7B710AL9",
            "name": "emshepherd18",
            "is_restricted": false,
            "is_ultra_restricted": false
        },
        "thread_ts": "1529971575.000291",
        "parent_user_id": "U7DL9CX6W",
        "blocks": [
            {
                "type": "rich_text",
                "block_id": "aPp",
                "elements": [
                    {
                        "type": "rich_text_section",
                        "elements": [
                            {
                                "type": "text",
                                "text": "That's because you weren't here when I controlled the music"
                            }
                        ]
                    }
                ]
            }
        ]
    }
]