[
    {
        "user": "U7H3ZE2LC",
        "type": "message",
        "ts": "1536257817.000100",
        "client_msg_id": "6b8eac2c-fab4-46bf-94b7-f8f3e361752d",
        "text": "Someone printed a 350 page book front to back in mccabe",
        "team": "T7B710AL9",
        "user_team": "T7B710AL9",
        "source_team": "T7B710AL9",
        "user_profile": {
            "avatar_hash": "83ba2775b182",
            "image_72": "https:\/\/avatars.slack-edge.com\/2017-11-17\/274528721828_83ba2775b1821cf1ed15_72.png",
            "first_name": "Zach",
            "real_name": "Zach Lytle",
            "display_name": "",
            "team": "T7B710AL9",
            "name": "zlytle1",
            "is_restricted": false,
            "is_ultra_restricted": false
        },
        "blocks": [
            {
                "type": "rich_text",
                "block_id": "n9T",
                "elements": [
                    {
                        "type": "rich_text_section",
                        "elements": [
                            {
                                "type": "text",
                                "text": "Someone printed a 350 page book front to back in mccabe"
                            }
                        ]
                    }
                ]
            }
        ]
    },
    {
        "user": "U7G3ERU5V",
        "type": "message",
        "ts": "1536257891.000100",
        "client_msg_id": "ED7A65AC-7A7A-4347-954B-D729D1CA982E",
        "text": "I don’t think there’s ambiguity there :evergreen_tree::evergreen_tree: :skull: ",
        "team": "T7B710AL9",
        "user_team": "T7B710AL9",
        "source_team": "T7B710AL9",
        "user_profile": {
            "avatar_hash": "a7d2af132a2e",
            "image_72": "https:\/\/avatars.slack-edge.com\/2019-07-22\/691057671298_a7d2af132a2ea37401fd_72.png",
            "first_name": "Vinay",
            "real_name": "Vinay",
            "display_name": "",
            "team": "T7B710AL9",
            "name": "vkeefe1",
            "is_restricted": false,
            "is_ultra_restricted": false
        },
        "thread_ts": "1536257891.000100",
        "reply_count": 5,
        "reply_users_count": 5,
        "latest_reply": "1536273521.000100",
        "reply_users": [
            "U7C5VN3U1",
            "U7C8U72LB",
            "U7BPUMEAY",
            "U7CEH7CGM",
            "U7BL1F7PD"
        ],
        "replies": [
            {
                "user": "U7C5VN3U1",
                "ts": "1536257939.000100"
            },
            {
                "user": "U7C8U72LB",
                "ts": "1536261327.000100"
            },
            {
                "user": "U7BPUMEAY",
                "ts": "1536264110.000200"
            },
            {
                "user": "U7CEH7CGM",
                "ts": "1536264265.000100"
            },
            {
                "user": "U7BL1F7PD",
                "ts": "1536273521.000100"
            }
        ],
        "is_locked": false,
        "subscribed": false,
        "blocks": [
            {
                "type": "rich_text",
                "block_id": "Hvp",
                "elements": [
                    {
                        "type": "rich_text_section",
                        "elements": [
                            {
                                "type": "text",
                                "text": "I don’t think there’s ambiguity there "
                            },
                            {
                                "type": "emoji",
                                "name": "evergreen_tree",
                                "unicode": "1f332"
                            },
                            {
                                "type": "emoji",
                                "name": "evergreen_tree",
                                "unicode": "1f332"
                            },
                            {
                                "type": "text",
                                "text": " "
                            },
                            {
                                "type": "emoji",
                                "name": "skull",
                                "unicode": "1f480"
                            }
                        ]
                    }
                ]
            }
        ]
    },
    {
        "user": "U7C5VN3U1",
        "type": "message",
        "ts": "1536257939.000100",
        "client_msg_id": "062235d0-c371-4e20-9c41-20a9bdfa1773",
        "text": "the ambiguity is that while it's an awful thing to do, it's damn impressive",
        "team": "T7B710AL9",
        "user_team": "T7B710AL9",
        "source_team": "T7B710AL9",
        "user_profile": {
            "avatar_hash": "4adb1c10386b",
            "image_72": "https:\/\/avatars.slack-edge.com\/2018-11-20\/484222800036_4adb1c10386b1f9a1443_72.png",
            "first_name": "Max",
            "real_name": "Max Franklin",
            "display_name": "Max",
            "team": "T7B710AL9",
            "name": "mfrankl2",
            "is_restricted": false,
            "is_ultra_restricted": false
        },
        "thread_ts": "1536257891.000100",
        "parent_user_id": "U7G3ERU5V",
        "blocks": [
            {
                "type": "rich_text",
                "block_id": "0TvPr",
                "elements": [
                    {
                        "type": "rich_text_section",
                        "elements": [
                            {
                                "type": "text",
                                "text": "the ambiguity is that while it's an awful thing to do, it's damn impressive"
                            }
                        ]
                    }
                ]
            }
        ]
    },
    {
        "user": "U7C8U72LB",
        "type": "message",
        "ts": "1536261327.000100",
        "client_msg_id": "01E05977-20E1-4C4F-BB66-2D25A7505E1C",
        "text": "Why is it awful that seems legit ",
        "team": "T7B710AL9",
        "user_team": "T7B710AL9",
        "source_team": "T7B710AL9",
        "user_profile": {
            "avatar_hash": "e610103b9bf7",
            "image_72": "https:\/\/avatars.slack-edge.com\/2018-09-06\/431053250005_e610103b9bf748d6f846_72.png",
            "first_name": "Sam",
            "real_name": "Sam Wallach Hanson",
            "display_name": "Swoonss",
            "team": "T7B710AL9",
            "name": "swallac3",
            "is_restricted": false,
            "is_ultra_restricted": false
        },
        "thread_ts": "1536257891.000100",
        "parent_user_id": "U7G3ERU5V",
        "blocks": [
            {
                "type": "rich_text",
                "block_id": "T9tn",
                "elements": [
                    {
                        "type": "rich_text_section",
                        "elements": [
                            {
                                "type": "text",
                                "text": "Why is it awful that seems legit"
                            }
                        ]
                    }
                ]
            }
        ]
    },
    {
        "user": "U7BPUMEAY",
        "type": "message",
        "ts": "1536264110.000200",
        "client_msg_id": "7C44A9D9-31B0-409F-BDFD-023F95537240",
        "text": "did they pick it up? buying a book is also :evergreen_tree::evergreen_tree:",
        "team": "T7B710AL9",
        "user_team": "T7B710AL9",
        "source_team": "T7B710AL9",
        "user_profile": {
            "avatar_hash": "2f69bd65e2ab",
            "image_72": "https:\/\/avatars.slack-edge.com\/2017-10-02\/249895426597_2f69bd65e2ab27cf440e_72.png",
            "first_name": "Grace",
            "real_name": "Grace Zhang",
            "display_name": "Grass",
            "team": "T7B710AL9",
            "name": "yzhang1",
            "is_restricted": false,
            "is_ultra_restricted": false
        },
        "thread_ts": "1536257891.000100",
        "parent_user_id": "U7G3ERU5V",
        "blocks": [
            {
                "type": "rich_text",
                "block_id": "jSgH",
                "elements": [
                    {
                        "type": "rich_text_section",
                        "elements": [
                            {
                                "type": "text",
                                "text": "did they pick it up? buying a book is also "
                            },
                            {
                                "type": "emoji",
                                "name": "evergreen_tree",
                                "unicode": "1f332"
                            },
                            {
                                "type": "emoji",
                                "name": "evergreen_tree",
                                "unicode": "1f332"
                            }
                        ]
                    }
                ]
            }
        ]
    },
    {
        "user": "U7CEH7CGM",
        "type": "message",
        "ts": "1536264265.000100",
        "client_msg_id": "9B6981B0-3C67-455B-8846-EBC65B671337",
        "text": "Its more ambiguous once you mixed in the classist high costs of higher ed",
        "team": "T7B710AL9",
        "user_team": "T7B710AL9",
        "source_team": "T7B710AL9",
        "user_profile": {
            "avatar_hash": "586b2b51da50",
            "image_72": "https:\/\/avatars.slack-edge.com\/2018-12-17\/504857144561_586b2b51da50812410ae_72.png",
            "first_name": "Alex",
            "real_name": "Alex Jin",
            "display_name": "Ajin2",
            "team": "T7B710AL9",
            "name": "ajin2",
            "is_restricted": false,
            "is_ultra_restricted": false
        },
        "thread_ts": "1536257891.000100",
        "parent_user_id": "U7G3ERU5V",
        "blocks": [
            {
                "type": "rich_text",
                "block_id": "X6w=",
                "elements": [
                    {
                        "type": "rich_text_section",
                        "elements": [
                            {
                                "type": "text",
                                "text": "Its more ambiguous once you mixed in the classist high costs of higher ed"
                            }
                        ]
                    }
                ]
            }
        ]
    },
    {
        "user": "U7BL1F7PD",
        "type": "message",
        "ts": "1536273521.000100",
        "client_msg_id": "A1D29FD9-A2EB-4C36-BB72-DA8BE8E3B40E",
        "text": "Also why not just...read it online",
        "team": "T7B710AL9",
        "user_team": "T7B710AL9",
        "source_team": "T7B710AL9",
        "user_profile": {
            "avatar_hash": "6192f5f19951",
            "image_72": "https:\/\/avatars.slack-edge.com\/2018-03-25\/335131537360_6192f5f19951f13fa474_72.png",
            "first_name": "shep",
            "real_name": "shep",
            "display_name": "Shep",
            "team": "T7B710AL9",
            "name": "emshepherd18",
            "is_restricted": false,
            "is_ultra_restricted": false
        },
        "thread_ts": "1536257891.000100",
        "parent_user_id": "U7G3ERU5V",
        "blocks": [
            {
                "type": "rich_text",
                "block_id": "bVL=",
                "elements": [
                    {
                        "type": "rich_text_section",
                        "elements": [
                            {
                                "type": "text",
                                "text": "Also why not just...read it online"
                            }
                        ]
                    }
                ]
            }
        ],
        "reactions": [
            {
                "name": "eyes",
                "users": [
                    "U7CAKF8CS"
                ],
                "count": 1
            }
        ]
    }
]