[
    {
        "user": "U7BHXDGSV",
        "type": "message",
        "ts": "1538066107.000100",
        "client_msg_id": "eada1824-8d49-4c4b-9451-b0bb53b9d8ab",
        "text": "<https:\/\/www.youtube.com\/watch?v=TGHidmEKU44>",
        "team": "T7B710AL9",
        "user_team": "T7B710AL9",
        "source_team": "T7B710AL9",
        "user_profile": {
            "avatar_hash": "6eb4246bf357",
            "image_72": "https:\/\/avatars.slack-edge.com\/2019-10-07\/788498340102_6eb4246bf357e9f96f85_72.png",
            "first_name": "princess",
            "real_name": "princess callahan",
            "display_name": "broc",
            "team": "T7B710AL9",
            "name": "bcoli",
            "is_restricted": false,
            "is_ultra_restricted": false
        },
        "attachments": [
            {
                "service_name": "YouTube",
                "service_url": "https:\/\/www.youtube.com\/",
                "title": "ABC Song | British Zed Version | Alphabet Song for Children | By LittleBabyBum!",
                "title_link": "https:\/\/www.youtube.com\/watch?v=TGHidmEKU44",
                "author_name": "Little Baby Bum - Nursery Rhymes & Kids Songs",
                "author_link": "https:\/\/www.youtube.com\/user\/LittleBabyBum",
                "thumb_url": "https:\/\/i.ytimg.com\/vi\/TGHidmEKU44\/hqdefault.jpg",
                "thumb_width": 480,
                "thumb_height": 360,
                "fallback": "YouTube Video: ABC Song | British Zed Version | Alphabet Song for Children | By LittleBabyBum!",
                "video_html": "<iframe width=\"400\" height=\"225\" src=\"https:\/\/www.youtube.com\/embed\/TGHidmEKU44?feature=oembed&autoplay=1&iv_load_policy=3\" frameborder=\"0\" allow=\"autoplay; encrypted-media\" allowfullscreen><\/iframe>",
                "video_html_width": 400,
                "video_html_height": 225,
                "from_url": "https:\/\/www.youtube.com\/watch?v=TGHidmEKU44",
                "service_icon": "https:\/\/a.slack-edge.com\/2089\/img\/unfurl_icons\/youtube.png",
                "id": 1,
                "original_url": "https:\/\/www.youtube.com\/watch?v=TGHidmEKU44"
            }
        ],
        "blocks": [
            {
                "type": "rich_text",
                "block_id": "Zb+uX",
                "elements": [
                    {
                        "type": "rich_text_section",
                        "elements": [
                            {
                                "type": "link",
                                "url": "https:\/\/www.youtube.com\/watch?v=TGHidmEKU44"
                            }
                        ]
                    }
                ]
            }
        ],
        "reactions": [
            {
                "name": "non-potable_water",
                "users": [
                    "U7BHXDGSV",
                    "U868GK012",
                    "UCPPDTERY"
                ],
                "count": 3
            },
            {
                "name": "xleila",
                "users": [
                    "U7BHXDGSV"
                ],
                "count": 1
            },
            {
                "name": "x",
                "users": [
                    "U7BHXDGSV",
                    "U868GK012"
                ],
                "count": 2
            },
            {
                "name": "negative_squared_cross_mark",
                "users": [
                    "U7BHXDGSV"
                ],
                "count": 1
            },
            {
                "name": "roastedtree",
                "users": [
                    "U7BHXDGSV",
                    "U7C7WMV52"
                ],
                "count": 2
            }
        ]
    }
]