[
    {
        "text": "<@U7CQU3U6B> uploaded a file: <https:\/\/swarthmoreultimate.slack.com\/files\/U7CQU3U6B\/FA8NH083F\/image_uploaded_from_ios.jpg|this>",
        "files": [
            {
                "id": "FA8NH083F",
                "created": 1524008629,
                "timestamp": 1524008629,
                "name": "Image uploaded from iOS.jpg",
                "title": "this",
                "mimetype": "image\/jpeg",
                "filetype": "jpg",
                "pretty_type": "JPEG",
                "user": "U7CQU3U6B",
                "user_team": "T7B710AL9",
                "editable": false,
                "size": 4493916,
                "mode": "hosted",
                "is_external": false,
                "external_type": "",
                "is_public": true,
                "public_url_shared": false,
                "display_as_bot": false,
                "username": "",
                "url_private": "https:\/\/files.slack.com\/files-pri\/T7B710AL9-FA8NH083F\/image_uploaded_from_ios.jpg?t=xoxe-249239010689-7383763303600-7346417720535-c8977b2d870e66a58192db1f0484baaa",
                "url_private_download": "https:\/\/files.slack.com\/files-pri\/T7B710AL9-FA8NH083F\/download\/image_uploaded_from_ios.jpg?t=xoxe-249239010689-7383763303600-7346417720535-c8977b2d870e66a58192db1f0484baaa",
                "media_display_type": "unknown",
                "thumb_64": "https:\/\/files.slack.com\/files-tmb\/T7B710AL9-FA8NH083F-7e58d685a2\/image_uploaded_from_ios_64.jpg?t=xoxe-249239010689-7383763303600-7346417720535-c8977b2d870e66a58192db1f0484baaa",
                "thumb_80": "https:\/\/files.slack.com\/files-tmb\/T7B710AL9-FA8NH083F-7e58d685a2\/image_uploaded_from_ios_80.jpg?t=xoxe-249239010689-7383763303600-7346417720535-c8977b2d870e66a58192db1f0484baaa",
                "thumb_360": "https:\/\/files.slack.com\/files-tmb\/T7B710AL9-FA8NH083F-7e58d685a2\/image_uploaded_from_ios_360.jpg?t=xoxe-249239010689-7383763303600-7346417720535-c8977b2d870e66a58192db1f0484baaa",
                "thumb_360_w": 270,
                "thumb_360_h": 360,
                "thumb_480": "https:\/\/files.slack.com\/files-tmb\/T7B710AL9-FA8NH083F-7e58d685a2\/image_uploaded_from_ios_480.jpg?t=xoxe-249239010689-7383763303600-7346417720535-c8977b2d870e66a58192db1f0484baaa",
                "thumb_480_w": 360,
                "thumb_480_h": 480,
                "thumb_160": "https:\/\/files.slack.com\/files-tmb\/T7B710AL9-FA8NH083F-7e58d685a2\/image_uploaded_from_ios_160.jpg?t=xoxe-249239010689-7383763303600-7346417720535-c8977b2d870e66a58192db1f0484baaa",
                "thumb_720": "https:\/\/files.slack.com\/files-tmb\/T7B710AL9-FA8NH083F-7e58d685a2\/image_uploaded_from_ios_720.jpg?t=xoxe-249239010689-7383763303600-7346417720535-c8977b2d870e66a58192db1f0484baaa",
                "thumb_720_w": 540,
                "thumb_720_h": 720,
                "thumb_800": "https:\/\/files.slack.com\/files-tmb\/T7B710AL9-FA8NH083F-7e58d685a2\/image_uploaded_from_ios_800.jpg?t=xoxe-249239010689-7383763303600-7346417720535-c8977b2d870e66a58192db1f0484baaa",
                "thumb_800_w": 800,
                "thumb_800_h": 1067,
                "thumb_960": "https:\/\/files.slack.com\/files-tmb\/T7B710AL9-FA8NH083F-7e58d685a2\/image_uploaded_from_ios_960.jpg?t=xoxe-249239010689-7383763303600-7346417720535-c8977b2d870e66a58192db1f0484baaa",
                "thumb_960_w": 720,
                "thumb_960_h": 960,
                "thumb_1024": "https:\/\/files.slack.com\/files-tmb\/T7B710AL9-FA8NH083F-7e58d685a2\/image_uploaded_from_ios_1024.jpg?t=xoxe-249239010689-7383763303600-7346417720535-c8977b2d870e66a58192db1f0484baaa",
                "thumb_1024_w": 768,
                "thumb_1024_h": 1024,
                "image_exif_rotation": 1,
                "original_w": 2448,
                "original_h": 3264,
                "permalink": "https:\/\/swarthmoreultimate.slack.com\/files\/U7CQU3U6B\/FA8NH083F\/image_uploaded_from_ios.jpg",
                "permalink_public": "https:\/\/slack-files.com\/T7B710AL9-FA8NH083F-e16084b097",
                "is_starred": false,
                "has_rich_preview": false,
                "file_access": "visible"
            }
        ],
        "upload": true,
        "user": "U7CQU3U6B",
        "display_as_bot": false,
        "upload_reply_to": "3E3F03EC-F9AD-44D1-B95F-D549C425954E",
        "blocks": [
            {
                "type": "rich_text",
                "block_id": "SISvk",
                "elements": [
                    {
                        "type": "rich_text_section",
                        "elements": [
                            {
                                "type": "user",
                                "user_id": "U7CQU3U6B"
                            },
                            {
                                "type": "text",
                                "text": " uploaded a file: "
                            },
                            {
                                "type": "link",
                                "url": "https:\/\/swarthmoreultimate.slack.com\/files\/U7CQU3U6B\/FA8NH083F\/image_uploaded_from_ios.jpg",
                                "text": "this"
                            }
                        ]
                    }
                ]
            }
        ],
        "type": "message",
        "ts": "1524008634.000247"
    },
    {
        "user": "U7F238X5F",
        "type": "message",
        "ts": "1524015396.000004",
        "client_msg_id": "4EC79F82-495F-401E-BB08-1B7DA9611163",
        "text": "It’s consistent and calculated. He knows what he’s doing and he does it, every time",
        "team": "T7B710AL9",
        "user_team": "T7B710AL9",
        "source_team": "T7B710AL9",
        "user_profile": {
            "avatar_hash": "808e86919bf4",
            "image_72": "https:\/\/avatars.slack-edge.com\/2019-06-03\/647125247665_808e86919bf4f4af0af6_72.png",
            "first_name": "Ray",
            "real_name": "Ray Sidener",
            "display_name": "",
            "team": "T7B710AL9",
            "name": "rsidene1",
            "is_restricted": false,
            "is_ultra_restricted": false
        },
        "thread_ts": "1523897602.000738",
        "parent_user_id": "U7DL9CX6W",
        "blocks": [
            {
                "type": "rich_text",
                "block_id": "Q6K",
                "elements": [
                    {
                        "type": "rich_text_section",
                        "elements": [
                            {
                                "type": "text",
                                "text": "It’s consistent and calculated. He knows what he’s doing and he does it, every time"
                            }
                        ]
                    }
                ]
            }
        ]
    },
    {
        "user": "U7C5VN3U1",
        "type": "message",
        "ts": "1524015464.000239",
        "text": "but he's also violating established social norms in doing it. I'd say it's more NE",
        "team": "T7B710AL9",
        "user_team": "T7B710AL9",
        "source_team": "T7B710AL9",
        "user_profile": {
            "avatar_hash": "4adb1c10386b",
            "image_72": "https:\/\/avatars.slack-edge.com\/2018-11-20\/484222800036_4adb1c10386b1f9a1443_72.png",
            "first_name": "Max",
            "real_name": "Max Franklin",
            "display_name": "Max",
            "team": "T7B710AL9",
            "name": "mfrankl2",
            "is_restricted": false,
            "is_ultra_restricted": false
        },
        "thread_ts": "1523897602.000738",
        "parent_user_id": "U7DL9CX6W",
        "blocks": [
            {
                "type": "rich_text",
                "block_id": "Mxm",
                "elements": [
                    {
                        "type": "rich_text_section",
                        "elements": [
                            {
                                "type": "text",
                                "text": "but he's also violating established social norms in doing it. I'd say it's more NE"
                            }
                        ]
                    }
                ]
            }
        ]
    },
    {
        "user": "U7F238X5F",
        "type": "message",
        "ts": "1524018412.000244",
        "client_msg_id": "EB8ED761-585C-4860-A287-B622447535A0",
        "text": "Arguably it’s more neutral, assuming whip doesn’t have an intention\/reason behind it, but violating social norms isn’t necessarily chaotic",
        "team": "T7B710AL9",
        "user_team": "T7B710AL9",
        "source_team": "T7B710AL9",
        "user_profile": {
            "avatar_hash": "808e86919bf4",
            "image_72": "https:\/\/avatars.slack-edge.com\/2019-06-03\/647125247665_808e86919bf4f4af0af6_72.png",
            "first_name": "Ray",
            "real_name": "Ray Sidener",
            "display_name": "",
            "team": "T7B710AL9",
            "name": "rsidene1",
            "is_restricted": false,
            "is_ultra_restricted": false
        },
        "thread_ts": "1523897602.000738",
        "parent_user_id": "U7DL9CX6W",
        "blocks": [
            {
                "type": "rich_text",
                "block_id": "10Q",
                "elements": [
                    {
                        "type": "rich_text_section",
                        "elements": [
                            {
                                "type": "text",
                                "text": "Arguably it’s more neutral, assuming whip doesn’t have an intention\/reason behind it, but violating social norms isn’t necessarily chaotic"
                            }
                        ]
                    }
                ]
            }
        ]
    }
]