[
    {
        "user": "U7DL9CX6W",
        "type": "message",
        "ts": "1525707664.000237",
        "text": "Treebeard only puts one space after every sentence in a paper",
        "team": "T7B710AL9",
        "user_team": "T7B710AL9",
        "source_team": "T7B710AL9",
        "user_profile": {
            "avatar_hash": "635c76d5972f",
            "image_72": "https:\/\/avatars.slack-edge.com\/2023-02-20\/4818285176551_635c76d5972f9151b099_72.png",
            "first_name": "Michael",
            "real_name": "Michael Trainor",
            "display_name": "Whip",
            "team": "T7B710AL9",
            "name": "mtraino1",
            "is_restricted": false,
            "is_ultra_restricted": false
        },
        "thread_ts": "1525707664.000237",
        "reply_count": 6,
        "reply_users_count": 4,
        "latest_reply": "1525707898.000482",
        "reply_users": [
            "U7CUH2Z70",
            "U7DL9CX6W",
            "U868GK012",
            "U7BPV9XJQ"
        ],
        "replies": [
            {
                "user": "U7CUH2Z70",
                "ts": "1525707697.000239"
            },
            {
                "user": "U7DL9CX6W",
                "ts": "1525707719.000507"
            },
            {
                "user": "U868GK012",
                "ts": "1525707732.000565"
            },
            {
                "user": "U7DL9CX6W",
                "ts": "1525707783.000049"
            },
            {
                "user": "U7DL9CX6W",
                "ts": "1525707797.000191"
            },
            {
                "user": "U7BPV9XJQ",
                "ts": "1525707898.000482"
            }
        ],
        "is_locked": false,
        "subscribed": false,
        "blocks": [
            {
                "type": "rich_text",
                "block_id": "4IBmD",
                "elements": [
                    {
                        "type": "rich_text_section",
                        "elements": [
                            {
                                "type": "text",
                                "text": "Treebeard only puts one space after every sentence in a paper"
                            }
                        ]
                    }
                ]
            }
        ],
        "reactions": [
            {
                "name": "florida",
                "users": [
                    "U7BHXDGSV"
                ],
                "count": 1
            }
        ]
    },
    {
        "user": "U7CUH2Z70",
        "type": "message",
        "ts": "1525707697.000239",
        "client_msg_id": "e5b2e6fd-012d-4f7d-b45f-25e64a83dfc9",
        "text": "Most people do this, I put 2 but people yell at me for doing that",
        "team": "T7B710AL9",
        "user_team": "T7B710AL9",
        "source_team": "T7B710AL9",
        "user_profile": {
            "avatar_hash": "b994d311f580",
            "image_72": "https:\/\/avatars.slack-edge.com\/2020-02-25\/969610744726_b994d311f58072c3a1d2_72.jpg",
            "first_name": "Keshav",
            "real_name": "Keshav Patel",
            "display_name": "Keshav",
            "team": "T7B710AL9",
            "name": "kpatel2",
            "is_restricted": false,
            "is_ultra_restricted": false
        },
        "thread_ts": "1525707664.000237",
        "parent_user_id": "U7DL9CX6W",
        "blocks": [
            {
                "type": "rich_text",
                "block_id": "vzY",
                "elements": [
                    {
                        "type": "rich_text_section",
                        "elements": [
                            {
                                "type": "text",
                                "text": "Most people do this, I put 2 but people yell at me for doing that"
                            }
                        ]
                    }
                ]
            }
        ]
    },
    {
        "user": "U868GK012",
        "type": "message",
        "ts": "1525707708.000169",
        "client_msg_id": "D0AF4461-CC68-4E5D-BD49-02A19E12E17F",
        "text": "This is morally unambiguous ",
        "team": "T7B710AL9",
        "user_team": "T7B710AL9",
        "source_team": "T7B710AL9",
        "user_profile": {
            "avatar_hash": "e6fd7b86fd21",
            "image_72": "https:\/\/avatars.slack-edge.com\/2018-10-18\/458920105140_e6fd7b86fd21f960c65a_72.png",
            "first_name": "Tommy",
            "real_name": "Tommy Dell",
            "display_name": "Father Tom",
            "team": "T7B710AL9",
            "name": "tdell1",
            "is_restricted": false,
            "is_ultra_restricted": false
        },
        "blocks": [
            {
                "type": "rich_text",
                "block_id": "dJS8",
                "elements": [
                    {
                        "type": "rich_text_section",
                        "elements": [
                            {
                                "type": "text",
                                "text": "This is morally unambiguous"
                            }
                        ]
                    }
                ]
            }
        ]
    },
    {
        "user": "U868GK012",
        "type": "message",
        "ts": "1525707716.000151",
        "client_msg_id": "6C536C96-E548-45AB-BDE8-91824A171304",
        "text": "It’s called proper MLA format Whip",
        "team": "T7B710AL9",
        "user_team": "T7B710AL9",
        "source_team": "T7B710AL9",
        "user_profile": {
            "avatar_hash": "e6fd7b86fd21",
            "image_72": "https:\/\/avatars.slack-edge.com\/2018-10-18\/458920105140_e6fd7b86fd21f960c65a_72.png",
            "first_name": "Tommy",
            "real_name": "Tommy Dell",
            "display_name": "Father Tom",
            "team": "T7B710AL9",
            "name": "tdell1",
            "is_restricted": false,
            "is_ultra_restricted": false
        },
        "blocks": [
            {
                "type": "rich_text",
                "block_id": "7jU",
                "elements": [
                    {
                        "type": "rich_text_section",
                        "elements": [
                            {
                                "type": "text",
                                "text": "It’s called proper MLA format Whip"
                            }
                        ]
                    }
                ]
            }
        ],
        "reactions": [
            {
                "name": "potable_water",
                "users": [
                    "U7DQHCFHT",
                    "U868GK012",
                    "U7C5VN3U1",
                    "U7BHXDGSV",
                    "U7DLA082W",
                    "U7F238X5F"
                ],
                "count": 6
            },
            {
                "name": "middle_finger",
                "users": [
                    "U7DL9CX6W",
                    "U7CQU3U6B"
                ],
                "count": 2
            },
            {
                "name": "niceonerye",
                "users": [
                    "U7G3ERU5V"
                ],
                "count": 1
            },
            {
                "name": "word",
                "users": [
                    "U7C7WMV52"
                ],
                "count": 1
            }
        ]
    },
    {
        "user": "U7DL9CX6W",
        "type": "message",
        "ts": "1525707719.000507",
        "text": "2 spaces or fuck outta here",
        "team": "T7B710AL9",
        "user_team": "T7B710AL9",
        "source_team": "T7B710AL9",
        "user_profile": {
            "avatar_hash": "635c76d5972f",
            "image_72": "https:\/\/avatars.slack-edge.com\/2023-02-20\/4818285176551_635c76d5972f9151b099_72.png",
            "first_name": "Michael",
            "real_name": "Michael Trainor",
            "display_name": "Whip",
            "team": "T7B710AL9",
            "name": "mtraino1",
            "is_restricted": false,
            "is_ultra_restricted": false
        },
        "thread_ts": "1525707664.000237",
        "parent_user_id": "U7DL9CX6W",
        "blocks": [
            {
                "type": "rich_text",
                "block_id": "leI",
                "elements": [
                    {
                        "type": "rich_text_section",
                        "elements": [
                            {
                                "type": "text",
                                "text": "2 spaces or fuck outta here"
                            }
                        ]
                    }
                ]
            }
        ],
        "reactions": [
            {
                "name": "youbetmarty",
                "users": [
                    "U7CUH2Z70",
                    "U7BFY2LQH"
                ],
                "count": 2
            },
            {
                "name": "thisisaloadofbarnacles",
                "users": [
                    "U7DQHCFHT"
                ],
                "count": 1
            },
            {
                "name": "xleila",
                "users": [
                    "U7BHXDGSV",
                    "U8CM2ST63",
                    "U7CEH7CGM"
                ],
                "count": 3
            },
            {
                "name": "x",
                "users": [
                    "U8CM2ST63",
                    "U7CEH7CGM"
                ],
                "count": 2
            },
            {
                "name": "non-potable_water",
                "users": [
                    "U8CM2ST63"
                ],
                "count": 1
            },
            {
                "name": "-1",
                "users": [
                    "U8CM2ST63",
                    "U8JTX11L3",
                    "U7CEH7CGM"
                ],
                "count": 3
            }
        ]
    },
    {
        "user": "U7CQU3U6B",
        "type": "message",
        "ts": "1525707727.000198",
        "text": "youre deleted dommy tell",
        "team": "T7B710AL9",
        "user_team": "T7B710AL9",
        "source_team": "T7B710AL9",
        "user_profile": {
            "avatar_hash": "9aa821409e67",
            "image_72": "https:\/\/avatars.slack-edge.com\/2018-11-13\/478546525250_9aa821409e67096e9da5_72.png",
            "first_name": "Richelle",
            "real_name": "Richelle Robinson",
            "display_name": "R ic h   el    l",
            "team": "T7B710AL9",
            "name": "rrobins1",
            "is_restricted": false,
            "is_ultra_restricted": false
        },
        "blocks": [
            {
                "type": "rich_text",
                "block_id": "xbQj",
                "elements": [
                    {
                        "type": "rich_text_section",
                        "elements": [
                            {
                                "type": "text",
                                "text": "youre deleted dommy tell"
                            }
                        ]
                    }
                ]
            }
        ]
    },
    {
        "user": "U868GK012",
        "type": "message",
        "ts": "1525707732.000565",
        "client_msg_id": "A1FB1B9B-3E5D-4194-93C6-011055F819BC",
        "text": "2 spaces is wrong ",
        "team": "T7B710AL9",
        "user_team": "T7B710AL9",
        "source_team": "T7B710AL9",
        "user_profile": {
            "avatar_hash": "e6fd7b86fd21",
            "image_72": "https:\/\/avatars.slack-edge.com\/2018-10-18\/458920105140_e6fd7b86fd21f960c65a_72.png",
            "first_name": "Tommy",
            "real_name": "Tommy Dell",
            "display_name": "Father Tom",
            "team": "T7B710AL9",
            "name": "tdell1",
            "is_restricted": false,
            "is_ultra_restricted": false
        },
        "thread_ts": "1525707664.000237",
        "parent_user_id": "U7DL9CX6W",
        "blocks": [
            {
                "type": "rich_text",
                "block_id": "2Pe",
                "elements": [
                    {
                        "type": "rich_text_section",
                        "elements": [
                            {
                                "type": "text",
                                "text": "2 spaces is wrong"
                            }
                        ]
                    }
                ]
            }
        ]
    },
    {
        "user": "U868GK012",
        "type": "message",
        "ts": "1525707747.000302",
        "client_msg_id": "1E0B03DB-37E7-406B-9ABE-C1E390FE92A4",
        "text": "Can’t argue with fact ",
        "team": "T7B710AL9",
        "user_team": "T7B710AL9",
        "source_team": "T7B710AL9",
        "user_profile": {
            "avatar_hash": "e6fd7b86fd21",
            "image_72": "https:\/\/avatars.slack-edge.com\/2018-10-18\/458920105140_e6fd7b86fd21f960c65a_72.png",
            "first_name": "Tommy",
            "real_name": "Tommy Dell",
            "display_name": "Father Tom",
            "team": "T7B710AL9",
            "name": "tdell1",
            "is_restricted": false,
            "is_ultra_restricted": false
        },
        "blocks": [
            {
                "type": "rich_text",
                "block_id": "DotXY",
                "elements": [
                    {
                        "type": "rich_text_section",
                        "elements": [
                            {
                                "type": "text",
                                "text": "Can’t argue with fact"
                            }
                        ]
                    }
                ]
            }
        ],
        "reactions": [
            {
                "name": "youstink",
                "users": [
                    "U7CUH2Z70",
                    "U7DL9CX6W"
                ],
                "count": 2
            }
        ]
    },
    {
        "user": "U7DL9CX6W",
        "type": "message",
        "ts": "1525707783.000049",
        "text": "You like country music",
        "team": "T7B710AL9",
        "user_team": "T7B710AL9",
        "source_team": "T7B710AL9",
        "user_profile": {
            "avatar_hash": "635c76d5972f",
            "image_72": "https:\/\/avatars.slack-edge.com\/2023-02-20\/4818285176551_635c76d5972f9151b099_72.png",
            "first_name": "Michael",
            "real_name": "Michael Trainor",
            "display_name": "Whip",
            "team": "T7B710AL9",
            "name": "mtraino1",
            "is_restricted": false,
            "is_ultra_restricted": false
        },
        "thread_ts": "1525707664.000237",
        "parent_user_id": "U7DL9CX6W",
        "blocks": [
            {
                "type": "rich_text",
                "block_id": "277",
                "elements": [
                    {
                        "type": "rich_text_section",
                        "elements": [
                            {
                                "type": "text",
                                "text": "You like country music"
                            }
                        ]
                    }
                ]
            }
        ]
    },
    {
        "user": "U7DL9CX6W",
        "type": "message",
        "ts": "1525707797.000191",
        "text": "So how can I trust you",
        "team": "T7B710AL9",
        "user_team": "T7B710AL9",
        "source_team": "T7B710AL9",
        "user_profile": {
            "avatar_hash": "635c76d5972f",
            "image_72": "https:\/\/avatars.slack-edge.com\/2023-02-20\/4818285176551_635c76d5972f9151b099_72.png",
            "first_name": "Michael",
            "real_name": "Michael Trainor",
            "display_name": "Whip",
            "team": "T7B710AL9",
            "name": "mtraino1",
            "is_restricted": false,
            "is_ultra_restricted": false
        },
        "thread_ts": "1525707664.000237",
        "parent_user_id": "U7DL9CX6W",
        "blocks": [
            {
                "type": "rich_text",
                "block_id": "KL=d",
                "elements": [
                    {
                        "type": "rich_text_section",
                        "elements": [
                            {
                                "type": "text",
                                "text": "So how can I trust you"
                            }
                        ]
                    }
                ]
            }
        ]
    },
    {
        "user": "U7DKWL5U2",
        "type": "message",
        "ts": "1525707817.000245",
        "client_msg_id": "B60B25F6-F786-4934-910E-55014DCBDD36",
        "text": "I only do one space",
        "team": "T7B710AL9",
        "user_team": "T7B710AL9",
        "source_team": "T7B710AL9",
        "user_profile": {
            "avatar_hash": "1a5b7d89096b",
            "image_72": "https:\/\/avatars.slack-edge.com\/2019-03-06\/568729550272_1a5b7d89096b9e952460_72.png",
            "first_name": "Ethan",
            "real_name": "Ethan Chapman",
            "display_name": "Lil'Gup",
            "team": "T7B710AL9",
            "name": "echapma2",
            "is_restricted": false,
            "is_ultra_restricted": false
        },
        "blocks": [
            {
                "type": "rich_text",
                "block_id": "xDh",
                "elements": [
                    {
                        "type": "rich_text_section",
                        "elements": [
                            {
                                "type": "text",
                                "text": "I only do one space"
                            }
                        ]
                    }
                ]
            }
        ]
    },
    {
        "user": "U7BPV9XJQ",
        "type": "message",
        "ts": "1525707898.000482",
        "text": "2 spaces is what plebes who can't meet their page minimums do",
        "team": "T7B710AL9",
        "user_team": "T7B710AL9",
        "source_team": "T7B710AL9",
        "user_profile": {
            "avatar_hash": "f7b9e2eb0e99",
            "image_72": "https:\/\/avatars.slack-edge.com\/2019-02-04\/540758259841_f7b9e2eb0e9941c4485e_72.png",
            "first_name": "Muha",
            "real_name": "Muha Haque",
            "display_name": "Muha",
            "team": "T7B710AL9",
            "name": "mhaque2",
            "is_restricted": false,
            "is_ultra_restricted": false
        },
        "thread_ts": "1525707664.000237",
        "parent_user_id": "U7DL9CX6W",
        "blocks": [
            {
                "type": "rich_text",
                "block_id": "avFE",
                "elements": [
                    {
                        "type": "rich_text_section",
                        "elements": [
                            {
                                "type": "text",
                                "text": "2 spaces is what plebes who can't meet their page minimums do"
                            }
                        ]
                    }
                ]
            }
        ],
        "reactions": [
            {
                "name": "word",
                "users": [
                    "U7CAKF8CS",
                    "U7G3ERU5V",
                    "U7BHXDGSV",
                    "U8JTX11L3",
                    "U7CEH7CGM",
                    "U7C7WMV52"
                ],
                "count": 6
            },
            {
                "name": "heymanthatsnotcool",
                "users": [
                    "U7DL9CX6W",
                    "U7CUH2Z70"
                ],
                "count": 2
            }
        ]
    },
    {
        "user": "U7BFY2LQH",
        "type": "message",
        "ts": "1525708051.000127",
        "client_msg_id": "1b4030e5-e70e-4276-bdd5-43d188d76153",
        "text": "I do 3 spaces",
        "team": "T7B710AL9",
        "user_team": "T7B710AL9",
        "source_team": "T7B710AL9",
        "user_profile": {
            "avatar_hash": "1745198e693f",
            "image_72": "https:\/\/avatars.slack-edge.com\/2018-07-19\/401624787187_1745198e693f1193975a_72.jpg",
            "first_name": "Sam",
            "real_name": "Sam Gardner",
            "display_name": "Waterbear, M.D.",
            "team": "T7B710AL9",
            "name": "sgardne1",
            "is_restricted": false,
            "is_ultra_restricted": false
        },
        "blocks": [
            {
                "type": "rich_text",
                "block_id": "VeX",
                "elements": [
                    {
                        "type": "rich_text_section",
                        "elements": [
                            {
                                "type": "text",
                                "text": "I do 3 spaces"
                            }
                        ]
                    }
                ]
            }
        ],
        "reactions": [
            {
                "name": "thumbs_middle",
                "users": [
                    "U7CUH2Z70"
                ],
                "count": 1
            }
        ]
    },
    {
        "user": "U7C8U72LB",
        "type": "message",
        "ts": "1525708371.000149",
        "text": "Wait two spaces is a thing?",
        "team": "T7B710AL9",
        "user_team": "T7B710AL9",
        "source_team": "T7B710AL9",
        "user_profile": {
            "avatar_hash": "e610103b9bf7",
            "image_72": "https:\/\/avatars.slack-edge.com\/2018-09-06\/431053250005_e610103b9bf748d6f846_72.png",
            "first_name": "Sam",
            "real_name": "Sam Wallach Hanson",
            "display_name": "Swoonss",
            "team": "T7B710AL9",
            "name": "swallac3",
            "is_restricted": false,
            "is_ultra_restricted": false
        },
        "blocks": [
            {
                "type": "rich_text",
                "block_id": "BzvOB",
                "elements": [
                    {
                        "type": "rich_text_section",
                        "elements": [
                            {
                                "type": "text",
                                "text": "Wait two spaces is a thing?"
                            }
                        ]
                    }
                ]
            }
        ]
    },
    {
        "user": "U7C8U72LB",
        "type": "message",
        "ts": "1525708375.000441",
        "text": "I have literally never seen that",
        "team": "T7B710AL9",
        "user_team": "T7B710AL9",
        "source_team": "T7B710AL9",
        "user_profile": {
            "avatar_hash": "e610103b9bf7",
            "image_72": "https:\/\/avatars.slack-edge.com\/2018-09-06\/431053250005_e610103b9bf748d6f846_72.png",
            "first_name": "Sam",
            "real_name": "Sam Wallach Hanson",
            "display_name": "Swoonss",
            "team": "T7B710AL9",
            "name": "swallac3",
            "is_restricted": false,
            "is_ultra_restricted": false
        },
        "blocks": [
            {
                "type": "rich_text",
                "block_id": "jnno",
                "elements": [
                    {
                        "type": "rich_text_section",
                        "elements": [
                            {
                                "type": "text",
                                "text": "I have literally never seen that"
                            }
                        ]
                    }
                ]
            }
        ]
    },
    {
        "user": "U7BHXDGSV",
        "type": "message",
        "ts": "1525708378.000613",
        "text": "Newline after every letter",
        "team": "T7B710AL9",
        "user_team": "T7B710AL9",
        "source_team": "T7B710AL9",
        "user_profile": {
            "avatar_hash": "6eb4246bf357",
            "image_72": "https:\/\/avatars.slack-edge.com\/2019-10-07\/788498340102_6eb4246bf357e9f96f85_72.png",
            "first_name": "princess",
            "real_name": "princess callahan",
            "display_name": "broc",
            "team": "T7B710AL9",
            "name": "bcoli",
            "is_restricted": false,
            "is_ultra_restricted": false
        },
        "blocks": [
            {
                "type": "rich_text",
                "block_id": "vHMH",
                "elements": [
                    {
                        "type": "rich_text_section",
                        "elements": [
                            {
                                "type": "text",
                                "text": "Newline after every letter"
                            }
                        ]
                    }
                ]
            }
        ]
    },
    {
        "user": "U7BHXDGSV",
        "type": "message",
        "ts": "1525708396.000152",
        "text": "But yeah two spaces is :wack:",
        "team": "T7B710AL9",
        "user_team": "T7B710AL9",
        "source_team": "T7B710AL9",
        "user_profile": {
            "avatar_hash": "6eb4246bf357",
            "image_72": "https:\/\/avatars.slack-edge.com\/2019-10-07\/788498340102_6eb4246bf357e9f96f85_72.png",
            "first_name": "princess",
            "real_name": "princess callahan",
            "display_name": "broc",
            "team": "T7B710AL9",
            "name": "bcoli",
            "is_restricted": false,
            "is_ultra_restricted": false
        },
        "blocks": [
            {
                "type": "rich_text",
                "block_id": "gK=",
                "elements": [
                    {
                        "type": "rich_text_section",
                        "elements": [
                            {
                                "type": "text",
                                "text": "But yeah two spaces is "
                            },
                            {
                                "type": "emoji",
                                "name": "wack"
                            }
                        ]
                    }
                ]
            }
        ]
    },
    {
        "user": "U7C8U72LB",
        "type": "message",
        "ts": "1525708403.000476",
        "text": "I'm so confused why would you put two spaces",
        "team": "T7B710AL9",
        "user_team": "T7B710AL9",
        "source_team": "T7B710AL9",
        "user_profile": {
            "avatar_hash": "e610103b9bf7",
            "image_72": "https:\/\/avatars.slack-edge.com\/2018-09-06\/431053250005_e610103b9bf748d6f846_72.png",
            "first_name": "Sam",
            "real_name": "Sam Wallach Hanson",
            "display_name": "Swoonss",
            "team": "T7B710AL9",
            "name": "swallac3",
            "is_restricted": false,
            "is_ultra_restricted": false
        },
        "blocks": [
            {
                "type": "rich_text",
                "block_id": "oRo",
                "elements": [
                    {
                        "type": "rich_text_section",
                        "elements": [
                            {
                                "type": "text",
                                "text": "I'm so confused why would you put two spaces"
                            }
                        ]
                    }
                ]
            }
        ]
    },
    {
        "user": "U7H3ZE2LC",
        "type": "message",
        "ts": "1525708499.000380",
        "text": "whip u wrong",
        "team": "T7B710AL9",
        "user_team": "T7B710AL9",
        "source_team": "T7B710AL9",
        "user_profile": {
            "avatar_hash": "83ba2775b182",
            "image_72": "https:\/\/avatars.slack-edge.com\/2017-11-17\/274528721828_83ba2775b1821cf1ed15_72.png",
            "first_name": "Zach",
            "real_name": "Zach Lytle",
            "display_name": "",
            "team": "T7B710AL9",
            "name": "zlytle1",
            "is_restricted": false,
            "is_ultra_restricted": false
        },
        "blocks": [
            {
                "type": "rich_text",
                "block_id": "SrWTA",
                "elements": [
                    {
                        "type": "rich_text_section",
                        "elements": [
                            {
                                "type": "text",
                                "text": "whip u wrong"
                            }
                        ]
                    }
                ]
            }
        ],
        "reactions": [
            {
                "name": "word",
                "users": [
                    "U7CAKF8CS",
                    "U7DQHCFHT"
                ],
                "count": 2
            }
        ]
    },
    {
        "user": "U7BFY2LQH",
        "type": "message",
        "ts": "1525708706.000174",
        "client_msg_id": "9d7deac7-fbbb-4629-9460-ce38b6f686a7",
        "text": "Two spaces helps with flow, gives the reader a chance to breathe, differentiates between commas and periods an extra amount. Additionally, if you type two spaces on most phone keyboards, it automatically puts a period in and starts a new sentence, showing that this is the natural way to write.",
        "team": "T7B710AL9",
        "user_team": "T7B710AL9",
        "source_team": "T7B710AL9",
        "user_profile": {
            "avatar_hash": "1745198e693f",
            "image_72": "https:\/\/avatars.slack-edge.com\/2018-07-19\/401624787187_1745198e693f1193975a_72.jpg",
            "first_name": "Sam",
            "real_name": "Sam Gardner",
            "display_name": "Waterbear, M.D.",
            "team": "T7B710AL9",
            "name": "sgardne1",
            "is_restricted": false,
            "is_ultra_restricted": false
        },
        "blocks": [
            {
                "type": "rich_text",
                "block_id": "6j9b",
                "elements": [
                    {
                        "type": "rich_text_section",
                        "elements": [
                            {
                                "type": "text",
                                "text": "Two spaces helps with flow, gives the reader a chance to breathe, differentiates between commas and periods an extra amount. Additionally, if you type two spaces on most phone keyboards, it automatically puts a period in and starts a new sentence, showing that this is the natural way to write."
                            }
                        ]
                    }
                ]
            }
        ],
        "reactions": [
            {
                "name": "200iq",
                "users": [
                    "U7CUH2Z70",
                    "U7D7CAQ5U",
                    "U7DL9CX6W"
                ],
                "count": 3
            }
        ]
    },
    {
        "user": "U7BFY2LQH",
        "type": "message",
        "ts": "1525708717.000421",
        "client_msg_id": "87b8e5be-226f-4755-9840-15f2e32fe452",
        "text": "It stands to reason, then, that THREE spaces is even better",
        "team": "T7B710AL9",
        "user_team": "T7B710AL9",
        "source_team": "T7B710AL9",
        "user_profile": {
            "avatar_hash": "1745198e693f",
            "image_72": "https:\/\/avatars.slack-edge.com\/2018-07-19\/401624787187_1745198e693f1193975a_72.jpg",
            "first_name": "Sam",
            "real_name": "Sam Gardner",
            "display_name": "Waterbear, M.D.",
            "team": "T7B710AL9",
            "name": "sgardne1",
            "is_restricted": false,
            "is_ultra_restricted": false
        },
        "blocks": [
            {
                "type": "rich_text",
                "block_id": "R=M",
                "elements": [
                    {
                        "type": "rich_text_section",
                        "elements": [
                            {
                                "type": "text",
                                "text": "It stands to reason, then, that THREE spaces is even better"
                            }
                        ]
                    }
                ]
            }
        ],
        "reactions": [
            {
                "name": "200iq",
                "users": [
                    "U7BHXDGSV",
                    "U7CAKF8CS",
                    "U7D7CAQ5U",
                    "U8CM2ST63",
                    "U868GK012"
                ],
                "count": 5
            }
        ]
    },
    {
        "user": "U7C7WMV52",
        "type": "message",
        "ts": "1525708835.000649",
        "client_msg_id": "bccc6866-cded-4df1-b134-d89c3ce035ef",
        "text": "But if you type two spaces on a phone keyboard, it'll turn it into one period and one space",
        "team": "T7B710AL9",
        "user_team": "T7B710AL9",
        "source_team": "T7B710AL9",
        "user_profile": {
            "avatar_hash": "ba74640ec113",
            "image_72": "https:\/\/avatars.slack-edge.com\/2018-09-23\/441365102883_ba74640ec113a0bce943_72.jpg",
            "first_name": "Sagnik",
            "real_name": "Sagnik",
            "display_name": "Lick",
            "team": "T7B710AL9",
            "name": "sg.sagnik",
            "is_restricted": false,
            "is_ultra_restricted": false
        },
        "blocks": [
            {
                "type": "rich_text",
                "block_id": "iQl",
                "elements": [
                    {
                        "type": "rich_text_section",
                        "elements": [
                            {
                                "type": "text",
                                "text": "But if you type two spaces on a phone keyboard, it'll turn it into one period and one space"
                            }
                        ]
                    }
                ]
            }
        ],
        "reactions": [
            {
                "name": "oatsroast",
                "users": [
                    "U7BHXDGSV",
                    "U7D7CAQ5U",
                    "U7H3ZE2LC",
                    "U7DQHCFHT",
                    "U7C8U72LB"
                ],
                "count": 5
            },
            {
                "name": "200iq",
                "users": [
                    "U7CAKF8CS",
                    "U7D7CAQ5U",
                    "U7H3ZE2LC",
                    "U7DQHCFHT",
                    "U7C8U72LB"
                ],
                "count": 5
            },
            {
                "name": "word",
                "users": [
                    "U7BHXDGSV",
                    "U7DQHCFHT"
                ],
                "count": 2
            }
        ]
    },
    {
        "user": "U7BFY2LQH",
        "type": "message",
        "ts": "1525708850.000543",
        "client_msg_id": "cab2acec-fb8a-4759-9a98-2d81031cba13",
        "text": "Phone keyboards are wrong, phone companies are evil and trying to push their one-space agenda",
        "team": "T7B710AL9",
        "user_team": "T7B710AL9",
        "source_team": "T7B710AL9",
        "user_profile": {
            "avatar_hash": "1745198e693f",
            "image_72": "https:\/\/avatars.slack-edge.com\/2018-07-19\/401624787187_1745198e693f1193975a_72.jpg",
            "first_name": "Sam",
            "real_name": "Sam Gardner",
            "display_name": "Waterbear, M.D.",
            "team": "T7B710AL9",
            "name": "sgardne1",
            "is_restricted": false,
            "is_ultra_restricted": false
        },
        "blocks": [
            {
                "type": "rich_text",
                "block_id": "9Yrp",
                "elements": [
                    {
                        "type": "rich_text_section",
                        "elements": [
                            {
                                "type": "text",
                                "text": "Phone keyboards are wrong, phone companies are evil and trying to push their one-space agenda"
                            }
                        ]
                    }
                ]
            }
        ]
    },
    {
        "user": "U7C7WMV52",
        "type": "message",
        "ts": "1525708868.000512",
        "client_msg_id": "c92aec94-dcd5-439b-a35e-42b115d0217b",
        "text": "Ergo, one space is the natural way to write",
        "team": "T7B710AL9",
        "user_team": "T7B710AL9",
        "source_team": "T7B710AL9",
        "user_profile": {
            "avatar_hash": "ba74640ec113",
            "image_72": "https:\/\/avatars.slack-edge.com\/2018-09-23\/441365102883_ba74640ec113a0bce943_72.jpg",
            "first_name": "Sagnik",
            "real_name": "Sagnik",
            "display_name": "Lick",
            "team": "T7B710AL9",
            "name": "sg.sagnik",
            "is_restricted": false,
            "is_ultra_restricted": false
        },
        "blocks": [
            {
                "type": "rich_text",
                "block_id": "GeUL9",
                "elements": [
                    {
                        "type": "rich_text_section",
                        "elements": [
                            {
                                "type": "text",
                                "text": "Ergo, one space is the natural way to write"
                            }
                        ]
                    }
                ]
            }
        ]
    },
    {
        "user": "U7BFY2LQH",
        "type": "message",
        "ts": "1525708881.000521",
        "client_msg_id": "744a01aa-fc98-4487-8f7d-2e54ad297428",
        "text": "The evil way to type*",
        "team": "T7B710AL9",
        "user_team": "T7B710AL9",
        "source_team": "T7B710AL9",
        "user_profile": {
            "avatar_hash": "1745198e693f",
            "image_72": "https:\/\/avatars.slack-edge.com\/2018-07-19\/401624787187_1745198e693f1193975a_72.jpg",
            "first_name": "Sam",
            "real_name": "Sam Gardner",
            "display_name": "Waterbear, M.D.",
            "team": "T7B710AL9",
            "name": "sgardne1",
            "is_restricted": false,
            "is_ultra_restricted": false
        },
        "blocks": [
            {
                "type": "rich_text",
                "block_id": "OTy",
                "elements": [
                    {
                        "type": "rich_text_section",
                        "elements": [
                            {
                                "type": "text",
                                "text": "The evil way to type*"
                            }
                        ]
                    }
                ]
            }
        ]
    },
    {
        "user": "U7H3ZE2LC",
        "type": "message",
        "ts": "1525708934.000490",
        "text": "morally ambiguous: arguing over slack when sitting next to eachother <@U7C7WMV52>  and <@U7BFY2LQH>",
        "team": "T7B710AL9",
        "user_team": "T7B710AL9",
        "source_team": "T7B710AL9",
        "user_profile": {
            "avatar_hash": "83ba2775b182",
            "image_72": "https:\/\/avatars.slack-edge.com\/2017-11-17\/274528721828_83ba2775b1821cf1ed15_72.png",
            "first_name": "Zach",
            "real_name": "Zach Lytle",
            "display_name": "",
            "team": "T7B710AL9",
            "name": "zlytle1",
            "is_restricted": false,
            "is_ultra_restricted": false
        },
        "blocks": [
            {
                "type": "rich_text",
                "block_id": "3kfT",
                "elements": [
                    {
                        "type": "rich_text_section",
                        "elements": [
                            {
                                "type": "text",
                                "text": "morally ambiguous: arguing over slack when sitting next to eachother "
                            },
                            {
                                "type": "user",
                                "user_id": "U7C7WMV52"
                            },
                            {
                                "type": "text",
                                "text": "  and "
                            },
                            {
                                "type": "user",
                                "user_id": "U7BFY2LQH"
                            }
                        ]
                    }
                ]
            }
        ]
    },
    {
        "user": "U7CAKF8CS",
        "type": "message",
        "ts": "1525708936.000420",
        "client_msg_id": "64B10761-D824-4E55-A8DC-C756FD9CDFED",
        "text": "The earth is flat and fucking two spacers are trying to push their two space agenda with the idea that there is space above us and space below us. Clearly there is only one space above us because the earth is flat. Likewise the correct thing to do is put one space after a period. \nFuck the globe companies ",
        "team": "T7B710AL9",
        "user_team": "T7B710AL9",
        "source_team": "T7B710AL9",
        "user_profile": {
            "avatar_hash": "0f2bdbac8459",
            "image_72": "https:\/\/avatars.slack-edge.com\/2020-08-28\/1330649910978_0f2bdbac845919cd6e01_72.png",
            "first_name": "Rye",
            "real_name": "Rye Buckley",
            "display_name": "blu",
            "team": "T7B710AL9",
            "name": "rbuckle1",
            "is_restricted": false,
            "is_ultra_restricted": false
        },
        "blocks": [
            {
                "type": "rich_text",
                "block_id": "OANAb",
                "elements": [
                    {
                        "type": "rich_text_section",
                        "elements": [
                            {
                                "type": "text",
                                "text": "The earth is flat and fucking two spacers are trying to push their two space agenda with the idea that there is space above us and space below us. Clearly there is only one space above us because the earth is flat. Likewise the correct thing to do is put one space after a period. \nFuck the globe companies"
                            }
                        ]
                    }
                ]
            }
        ],
        "reactions": [
            {
                "name": "keshdafuq",
                "users": [
                    "U7CUH2Z70"
                ],
                "count": 1
            },
            {
                "name": "man_in_business_suit_levitating",
                "users": [
                    "U7C5VN3U1",
                    "U7BHXDGSV",
                    "U7DLA082W"
                ],
                "count": 3
            }
        ]
    },
    {
        "text": "<@U7DL9CX6W> uploaded a file: <https:\/\/swarthmoreultimate.slack.com\/files\/U7DL9CX6W\/FAJS9TWNL\/image.png|UNANIMOUS>",
        "files": [
            {
                "id": "FAJS9TWNL",
                "created": 1525708962,
                "timestamp": 1525708962,
                "name": "image.png",
                "title": "UNANIMOUS",
                "mimetype": "image\/png",
                "filetype": "png",
                "pretty_type": "PNG",
                "user": "U7DL9CX6W",
                "user_team": "T7B710AL9",
                "editable": false,
                "size": 32204,
                "mode": "hosted",
                "is_external": false,
                "external_type": "",
                "is_public": true,
                "public_url_shared": false,
                "display_as_bot": false,
                "username": "",
                "url_private": "https:\/\/files.slack.com\/files-pri\/T7B710AL9-FAJS9TWNL\/image.png?t=xoxe-249239010689-7383763303600-7346417720535-c8977b2d870e66a58192db1f0484baaa",
                "url_private_download": "https:\/\/files.slack.com\/files-pri\/T7B710AL9-FAJS9TWNL\/download\/image.png?t=xoxe-249239010689-7383763303600-7346417720535-c8977b2d870e66a58192db1f0484baaa",
                "media_display_type": "unknown",
                "thumb_64": "https:\/\/files.slack.com\/files-tmb\/T7B710AL9-FAJS9TWNL-72650526b0\/image_64.png?t=xoxe-249239010689-7383763303600-7346417720535-c8977b2d870e66a58192db1f0484baaa",
                "thumb_80": "https:\/\/files.slack.com\/files-tmb\/T7B710AL9-FAJS9TWNL-72650526b0\/image_80.png?t=xoxe-249239010689-7383763303600-7346417720535-c8977b2d870e66a58192db1f0484baaa",
                "thumb_360": "https:\/\/files.slack.com\/files-tmb\/T7B710AL9-FAJS9TWNL-72650526b0\/image_360.png?t=xoxe-249239010689-7383763303600-7346417720535-c8977b2d870e66a58192db1f0484baaa",
                "thumb_360_w": 360,
                "thumb_360_h": 161,
                "thumb_480": "https:\/\/files.slack.com\/files-tmb\/T7B710AL9-FAJS9TWNL-72650526b0\/image_480.png?t=xoxe-249239010689-7383763303600-7346417720535-c8977b2d870e66a58192db1f0484baaa",
                "thumb_480_w": 480,
                "thumb_480_h": 215,
                "thumb_160": "https:\/\/files.slack.com\/files-tmb\/T7B710AL9-FAJS9TWNL-72650526b0\/image_160.png?t=xoxe-249239010689-7383763303600-7346417720535-c8977b2d870e66a58192db1f0484baaa",
                "image_exif_rotation": 1,
                "original_w": 716,
                "original_h": 320,
                "permalink": "https:\/\/swarthmoreultimate.slack.com\/files\/U7DL9CX6W\/FAJS9TWNL\/image.png",
                "permalink_public": "https:\/\/slack-files.com\/T7B710AL9-FAJS9TWNL-840db953ad",
                "is_starred": false,
                "has_rich_preview": false,
                "file_access": "visible"
            }
        ],
        "upload": true,
        "user": "U7DL9CX6W",
        "display_as_bot": false,
        "blocks": [
            {
                "type": "rich_text",
                "block_id": "ikEe",
                "elements": [
                    {
                        "type": "rich_text_section",
                        "elements": [
                            {
                                "type": "user",
                                "user_id": "U7DL9CX6W"
                            },
                            {
                                "type": "text",
                                "text": " uploaded a file: "
                            },
                            {
                                "type": "link",
                                "url": "https:\/\/swarthmoreultimate.slack.com\/files\/U7DL9CX6W\/FAJS9TWNL\/image.png",
                                "text": "UNANIMOUS"
                            }
                        ]
                    }
                ]
            }
        ],
        "type": "message",
        "ts": "1525708964.000418"
    },
    {
        "user": "U7CUH2Z70",
        "type": "message",
        "ts": "1525709020.000504",
        "client_msg_id": "451839e8-c9f6-4a5a-af0d-4ea3dd9f9806",
        "text": ":regularbadge:",
        "team": "T7B710AL9",
        "user_team": "T7B710AL9",
        "source_team": "T7B710AL9",
        "user_profile": {
            "avatar_hash": "b994d311f580",
            "image_72": "https:\/\/avatars.slack-edge.com\/2020-02-25\/969610744726_b994d311f58072c3a1d2_72.jpg",
            "first_name": "Keshav",
            "real_name": "Keshav Patel",
            "display_name": "Keshav",
            "team": "T7B710AL9",
            "name": "kpatel2",
            "is_restricted": false,
            "is_ultra_restricted": false
        },
        "blocks": [
            {
                "type": "rich_text",
                "block_id": "uB1",
                "elements": [
                    {
                        "type": "rich_text_section",
                        "elements": [
                            {
                                "type": "emoji",
                                "name": "regularbadge"
                            }
                        ]
                    }
                ]
            }
        ],
        "reactions": [
            {
                "name": "x",
                "users": [
                    "U7BHXDGSV",
                    "U7CEH7CGM",
                    "U7DLA082W"
                ],
                "count": 3
            },
            {
                "name": "man_in_business_suit_levitating",
                "users": [
                    "U7CAKF8CS"
                ],
                "count": 1
            }
        ]
    },
    {
        "user": "U7H3ZE2LC",
        "type": "message",
        "ts": "1525709055.000359",
        "text": "Whip you have to leave the survey open for more than 2 minutes",
        "team": "T7B710AL9",
        "user_team": "T7B710AL9",
        "source_team": "T7B710AL9",
        "user_profile": {
            "avatar_hash": "83ba2775b182",
            "image_72": "https:\/\/avatars.slack-edge.com\/2017-11-17\/274528721828_83ba2775b1821cf1ed15_72.png",
            "first_name": "Zach",
            "real_name": "Zach Lytle",
            "display_name": "",
            "team": "T7B710AL9",
            "name": "zlytle1",
            "is_restricted": false,
            "is_ultra_restricted": false
        },
        "thread_ts": "1525709055.000359",
        "reply_count": 1,
        "reply_users_count": 1,
        "latest_reply": "1525709100.000410",
        "reply_users": [
            "U7CUH2Z70"
        ],
        "replies": [
            {
                "user": "U7CUH2Z70",
                "ts": "1525709100.000410"
            }
        ],
        "is_locked": false,
        "subscribed": false,
        "blocks": [
            {
                "type": "rich_text",
                "block_id": "2s3y5",
                "elements": [
                    {
                        "type": "rich_text_section",
                        "elements": [
                            {
                                "type": "text",
                                "text": "Whip you have to leave the survey open for more than 2 minutes"
                            }
                        ]
                    }
                ]
            }
        ],
        "reactions": [
            {
                "name": "fingerguns",
                "users": [
                    "U7DKWL5U2",
                    "U7CEH7CGM",
                    "U868GK012"
                ],
                "count": 3
            }
        ]
    },
    {
        "user": "U7CEH7CGM",
        "type": "message",
        "ts": "1525709090.000148",
        "client_msg_id": "58880694-CC04-4991-9B30-B6108F1937F3",
        "text": "Hi hello, friendly research and information associate here to inform you that two spaces by all paper formatting standards is definitionally wrong but no one cares because your shitty college essays dont amount to anything anyways",
        "team": "T7B710AL9",
        "user_team": "T7B710AL9",
        "source_team": "T7B710AL9",
        "user_profile": {
            "avatar_hash": "586b2b51da50",
            "image_72": "https:\/\/avatars.slack-edge.com\/2018-12-17\/504857144561_586b2b51da50812410ae_72.png",
            "first_name": "Alex",
            "real_name": "Alex Jin",
            "display_name": "Ajin2",
            "team": "T7B710AL9",
            "name": "ajin2",
            "is_restricted": false,
            "is_ultra_restricted": false
        },
        "blocks": [
            {
                "type": "rich_text",
                "block_id": "9h\/A",
                "elements": [
                    {
                        "type": "rich_text_section",
                        "elements": [
                            {
                                "type": "text",
                                "text": "Hi hello, friendly research and information associate here to inform you that two spaces by all paper formatting standards is definitionally wrong but no one cares because your shitty college essays dont amount to anything anyways"
                            }
                        ]
                    }
                ]
            }
        ],
        "reactions": [
            {
                "name": "200iq",
                "users": [
                    "U7BCAGWUQ",
                    "U7B71CPG9",
                    "U7DKWL5U2",
                    "U7D7CAQ5U",
                    "U7H3ZE2LC",
                    "U7DL9CX6W",
                    "U89GWBNNA",
                    "U7BPV9XJQ",
                    "U7C7WMV52",
                    "U7DLA082W",
                    "U7C8U72LB"
                ],
                "count": 11
            },
            {
                "name": "word",
                "users": [
                    "U7CAKF8CS"
                ],
                "count": 1
            },
            {
                "name": "+1",
                "users": [
                    "U8CM2ST63"
                ],
                "count": 1
            },
            {
                "name": "middle_finger",
                "users": [
                    "U7CQU3U6B"
                ],
                "count": 1
            }
        ]
    },
    {
        "user": "U7CUH2Z70",
        "type": "message",
        "ts": "1525709100.000410",
        "client_msg_id": "757b63cf-8698-4696-a8a7-d8698c4ba447",
        "text": "Consider gander in general",
        "team": "T7B710AL9",
        "user_team": "T7B710AL9",
        "source_team": "T7B710AL9",
        "user_profile": {
            "avatar_hash": "b994d311f580",
            "image_72": "https:\/\/avatars.slack-edge.com\/2020-02-25\/969610744726_b994d311f58072c3a1d2_72.jpg",
            "first_name": "Keshav",
            "real_name": "Keshav Patel",
            "display_name": "Keshav",
            "team": "T7B710AL9",
            "name": "kpatel2",
            "is_restricted": false,
            "is_ultra_restricted": false
        },
        "thread_ts": "1525709055.000359",
        "parent_user_id": "U7H3ZE2LC",
        "blocks": [
            {
                "type": "rich_text",
                "block_id": "sNb",
                "elements": [
                    {
                        "type": "rich_text_section",
                        "elements": [
                            {
                                "type": "text",
                                "text": "Consider gander in general"
                            }
                        ]
                    }
                ]
            }
        ]
    },
    {
        "user": "U7CQU3U6B",
        "type": "message",
        "ts": "1525709103.000674",
        "text": "fuck you",
        "team": "T7B710AL9",
        "user_team": "T7B710AL9",
        "source_team": "T7B710AL9",
        "user_profile": {
            "avatar_hash": "9aa821409e67",
            "image_72": "https:\/\/avatars.slack-edge.com\/2018-11-13\/478546525250_9aa821409e67096e9da5_72.png",
            "first_name": "Richelle",
            "real_name": "Richelle Robinson",
            "display_name": "R ic h   el    l",
            "team": "T7B710AL9",
            "name": "rrobins1",
            "is_restricted": false,
            "is_ultra_restricted": false
        },
        "blocks": [
            {
                "type": "rich_text",
                "block_id": "2Lr",
                "elements": [
                    {
                        "type": "rich_text_section",
                        "elements": [
                            {
                                "type": "text",
                                "text": "fuck you"
                            }
                        ]
                    }
                ]
            }
        ],
        "reactions": [
            {
                "name": "badger",
                "users": [
                    "U7CEH7CGM",
                    "U7CUH2Z70",
                    "U868GK012"
                ],
                "count": 3
            }
        ]
    },
    {
        "user": "U7CEH7CGM",
        "type": "message",
        "ts": "1525709105.000719",
        "client_msg_id": "24EA2979-EC7E-4568-AA13-826EF1239AF0",
        "text": "Carry on",
        "team": "T7B710AL9",
        "user_team": "T7B710AL9",
        "source_team": "T7B710AL9",
        "user_profile": {
            "avatar_hash": "586b2b51da50",
            "image_72": "https:\/\/avatars.slack-edge.com\/2018-12-17\/504857144561_586b2b51da50812410ae_72.png",
            "first_name": "Alex",
            "real_name": "Alex Jin",
            "display_name": "Ajin2",
            "team": "T7B710AL9",
            "name": "ajin2",
            "is_restricted": false,
            "is_ultra_restricted": false
        },
        "blocks": [
            {
                "type": "rich_text",
                "block_id": "wpA",
                "elements": [
                    {
                        "type": "rich_text_section",
                        "elements": [
                            {
                                "type": "text",
                                "text": "Carry on"
                            }
                        ]
                    }
                ]
            }
        ]
    },
    {
        "user": "U7BFY2LQH",
        "type": "message",
        "ts": "1525709116.000499",
        "client_msg_id": "0935406b-1ab8-4fac-8d8b-f1f9cb6231f0",
        "text": "But who says it's wrong",
        "team": "T7B710AL9",
        "user_team": "T7B710AL9",
        "source_team": "T7B710AL9",
        "user_profile": {
            "avatar_hash": "1745198e693f",
            "image_72": "https:\/\/avatars.slack-edge.com\/2018-07-19\/401624787187_1745198e693f1193975a_72.jpg",
            "first_name": "Sam",
            "real_name": "Sam Gardner",
            "display_name": "Waterbear, M.D.",
            "team": "T7B710AL9",
            "name": "sgardne1",
            "is_restricted": false,
            "is_ultra_restricted": false
        },
        "blocks": [
            {
                "type": "rich_text",
                "block_id": "8dkpA",
                "elements": [
                    {
                        "type": "rich_text_section",
                        "elements": [
                            {
                                "type": "text",
                                "text": "But who says it's wrong"
                            }
                        ]
                    }
                ]
            }
        ]
    },
    {
        "user": "U7BFY2LQH",
        "type": "message",
        "ts": "1525709119.000558",
        "client_msg_id": "99c1a788-daa5-4598-9f96-8b15e7b04f36",
        "text": "The system",
        "team": "T7B710AL9",
        "user_team": "T7B710AL9",
        "source_team": "T7B710AL9",
        "user_profile": {
            "avatar_hash": "1745198e693f",
            "image_72": "https:\/\/avatars.slack-edge.com\/2018-07-19\/401624787187_1745198e693f1193975a_72.jpg",
            "first_name": "Sam",
            "real_name": "Sam Gardner",
            "display_name": "Waterbear, M.D.",
            "team": "T7B710AL9",
            "name": "sgardne1",
            "is_restricted": false,
            "is_ultra_restricted": false
        },
        "blocks": [
            {
                "type": "rich_text",
                "block_id": "2l=",
                "elements": [
                    {
                        "type": "rich_text_section",
                        "elements": [
                            {
                                "type": "text",
                                "text": "The system"
                            }
                        ]
                    }
                ]
            }
        ]
    },
    {
        "user": "U7BFY2LQH",
        "type": "message",
        "ts": "1525709123.000134",
        "client_msg_id": "9a65b79d-9280-43b0-afc1-81fa30a14686",
        "text": "The SYSTEM",
        "team": "T7B710AL9",
        "user_team": "T7B710AL9",
        "source_team": "T7B710AL9",
        "user_profile": {
            "avatar_hash": "1745198e693f",
            "image_72": "https:\/\/avatars.slack-edge.com\/2018-07-19\/401624787187_1745198e693f1193975a_72.jpg",
            "first_name": "Sam",
            "real_name": "Sam Gardner",
            "display_name": "Waterbear, M.D.",
            "team": "T7B710AL9",
            "name": "sgardne1",
            "is_restricted": false,
            "is_ultra_restricted": false
        },
        "blocks": [
            {
                "type": "rich_text",
                "block_id": "2NU",
                "elements": [
                    {
                        "type": "rich_text_section",
                        "elements": [
                            {
                                "type": "text",
                                "text": "The SYSTEM"
                            }
                        ]
                    }
                ]
            }
        ],
        "reactions": [
            {
                "name": "godkastan",
                "users": [
                    "U7DL9CX6W",
                    "U7CEH7CGM",
                    "U7H3ZE2LC",
                    "U89GWBNNA",
                    "U7D7CAQ5U",
                    "U7C5VN3U1",
                    "U7DLA082W"
                ],
                "count": 7
            },
            {
                "name": "yourite",
                "users": [
                    "U7CUH2Z70",
                    "U7CEH7CGM",
                    "U89GWBNNA",
                    "U7DL9CX6W"
                ],
                "count": 4
            }
        ]
    },
    {
        "user": "U7C7WMV52",
        "type": "message",
        "ts": "1525709139.000415",
        "client_msg_id": "11c20d96-94c5-4692-83f3-ca6066fedeb8",
        "text": "Something You Should Trust Every Moment",
        "team": "T7B710AL9",
        "user_team": "T7B710AL9",
        "source_team": "T7B710AL9",
        "user_profile": {
            "avatar_hash": "ba74640ec113",
            "image_72": "https:\/\/avatars.slack-edge.com\/2018-09-23\/441365102883_ba74640ec113a0bce943_72.jpg",
            "first_name": "Sagnik",
            "real_name": "Sagnik",
            "display_name": "Lick",
            "team": "T7B710AL9",
            "name": "sg.sagnik",
            "is_restricted": false,
            "is_ultra_restricted": false
        },
        "blocks": [
            {
                "type": "rich_text",
                "block_id": "yoXi",
                "elements": [
                    {
                        "type": "rich_text_section",
                        "elements": [
                            {
                                "type": "text",
                                "text": "Something You Should Trust Every Moment"
                            }
                        ]
                    }
                ]
            }
        ]
    },
    {
        "user": "U7BFY2LQH",
        "type": "message",
        "ts": "1525709148.000264",
        "client_msg_id": "26ffe8d9-c05e-417d-b3b6-0d802f1927c0",
        "text": "Are we to be cogs in the dominant ideology machine???",
        "team": "T7B710AL9",
        "user_team": "T7B710AL9",
        "source_team": "T7B710AL9",
        "user_profile": {
            "avatar_hash": "1745198e693f",
            "image_72": "https:\/\/avatars.slack-edge.com\/2018-07-19\/401624787187_1745198e693f1193975a_72.jpg",
            "first_name": "Sam",
            "real_name": "Sam Gardner",
            "display_name": "Waterbear, M.D.",
            "team": "T7B710AL9",
            "name": "sgardne1",
            "is_restricted": false,
            "is_ultra_restricted": false
        },
        "blocks": [
            {
                "type": "rich_text",
                "block_id": "aIgq",
                "elements": [
                    {
                        "type": "rich_text_section",
                        "elements": [
                            {
                                "type": "text",
                                "text": "Are we to be cogs in the dominant ideology machine???"
                            }
                        ]
                    }
                ]
            }
        ]
    },
    {
        "user": "U7H3ZE2LC",
        "type": "message",
        "ts": "1525709157.000676",
        "text": "yes",
        "team": "T7B710AL9",
        "user_team": "T7B710AL9",
        "source_team": "T7B710AL9",
        "user_profile": {
            "avatar_hash": "83ba2775b182",
            "image_72": "https:\/\/avatars.slack-edge.com\/2017-11-17\/274528721828_83ba2775b1821cf1ed15_72.png",
            "first_name": "Zach",
            "real_name": "Zach Lytle",
            "display_name": "",
            "team": "T7B710AL9",
            "name": "zlytle1",
            "is_restricted": false,
            "is_ultra_restricted": false
        },
        "blocks": [
            {
                "type": "rich_text",
                "block_id": "MNMI",
                "elements": [
                    {
                        "type": "rich_text_section",
                        "elements": [
                            {
                                "type": "text",
                                "text": "yes"
                            }
                        ]
                    }
                ]
            }
        ],
        "reactions": [
            {
                "name": "word",
                "users": [
                    "U7CAKF8CS",
                    "U7DKWL5U2",
                    "U7C7WMV52",
                    "U7CEH7CGM"
                ],
                "count": 4
            },
            {
                "name": "googleg",
                "users": [
                    "U7CEH7CGM"
                ],
                "count": 1
            }
        ]
    },
    {
        "subtype": "pinned_item",
        "text": "<@U7BHXDGSV> pinned a message to this channel.",
        "user": "U7BHXDGSV",
        "item_type": "C",
        "attachments": [
            {
                "fallback": "[May 7th, 2018 9:05 AM] sg.sagnik: Something You Should Trust Every Moment",
                "ts": "1525709139.000415",
                "author_id": "U7C7WMV52",
                "author_subname": "Sagnik",
                "channel_id": "CA6TX38LC",
                "channel_team": "T7B710AL9",
                "channel_name": "morallyambiguous",
                "is_msg_unfurl": true,
                "text": "Something You Should Trust Every Moment",
                "message_blocks": [
                    {
                        "team": "T7B710AL9",
                        "channel": "CA6TX38LC",
                        "ts": "1525709139.000415",
                        "message": {
                            "blocks": [
                                {
                                    "type": "rich_text",
                                    "block_id": "2I4Y",
                                    "elements": [
                                        {
                                            "type": "rich_text_section",
                                            "elements": [
                                                {
                                                    "type": "text",
                                                    "text": "Something You Should Trust Every Moment"
                                                }
                                            ]
                                        }
                                    ]
                                }
                            ]
                        }
                    }
                ],
                "author_name": "Sagnik",
                "author_link": "https:\/\/swarthmoreultimate.slack.com\/team\/U7C7WMV52",
                "author_icon": "https:\/\/avatars.slack-edge.com\/2018-09-23\/441365102883_ba74640ec113a0bce943_48.jpg",
                "mrkdwn_in": [
                    "text"
                ],
                "from_hidden_wksp": false
            }
        ],
        "type": "message",
        "ts": "1525709166.000309"
    },
    {
        "user": "U7CAKF8CS",
        "type": "message",
        "ts": "1525709181.000669",
        "client_msg_id": "7AB9ED1D-B2C0-4B47-A03F-B2722EBA4A0C",
        "text": "TRUST THE SYSTEM",
        "team": "T7B710AL9",
        "user_team": "T7B710AL9",
        "source_team": "T7B710AL9",
        "user_profile": {
            "avatar_hash": "0f2bdbac8459",
            "image_72": "https:\/\/avatars.slack-edge.com\/2020-08-28\/1330649910978_0f2bdbac845919cd6e01_72.png",
            "first_name": "Rye",
            "real_name": "Rye Buckley",
            "display_name": "blu",
            "team": "T7B710AL9",
            "name": "rbuckle1",
            "is_restricted": false,
            "is_ultra_restricted": false
        },
        "blocks": [
            {
                "type": "rich_text",
                "block_id": "cXyV",
                "elements": [
                    {
                        "type": "rich_text_section",
                        "elements": [
                            {
                                "type": "text",
                                "text": "TRUST THE SYSTEM"
                            }
                        ]
                    }
                ]
            }
        ]
    },
    {
        "user": "U7BFY2LQH",
        "type": "message",
        "ts": "1525709184.000452",
        "client_msg_id": "a500c0d8-6a76-485b-9cb4-b7f34d70f86a",
        "text": "Then you are lost",
        "team": "T7B710AL9",
        "user_team": "T7B710AL9",
        "source_team": "T7B710AL9",
        "user_profile": {
            "avatar_hash": "1745198e693f",
            "image_72": "https:\/\/avatars.slack-edge.com\/2018-07-19\/401624787187_1745198e693f1193975a_72.jpg",
            "first_name": "Sam",
            "real_name": "Sam Gardner",
            "display_name": "Waterbear, M.D.",
            "team": "T7B710AL9",
            "name": "sgardne1",
            "is_restricted": false,
            "is_ultra_restricted": false
        },
        "blocks": [
            {
                "type": "rich_text",
                "block_id": "1+DoR",
                "elements": [
                    {
                        "type": "rich_text_section",
                        "elements": [
                            {
                                "type": "text",
                                "text": "Then you are lost"
                            }
                        ]
                    }
                ]
            }
        ]
    },
    {
        "user": "U7H3ZE2LC",
        "type": "message",
        "ts": "1525709188.000583",
        "text": "war is peace",
        "team": "T7B710AL9",
        "user_team": "T7B710AL9",
        "source_team": "T7B710AL9",
        "user_profile": {
            "avatar_hash": "83ba2775b182",
            "image_72": "https:\/\/avatars.slack-edge.com\/2017-11-17\/274528721828_83ba2775b1821cf1ed15_72.png",
            "first_name": "Zach",
            "real_name": "Zach Lytle",
            "display_name": "",
            "team": "T7B710AL9",
            "name": "zlytle1",
            "is_restricted": false,
            "is_ultra_restricted": false
        },
        "blocks": [
            {
                "type": "rich_text",
                "block_id": "6rFCv",
                "elements": [
                    {
                        "type": "rich_text_section",
                        "elements": [
                            {
                                "type": "text",
                                "text": "war is peace"
                            }
                        ]
                    }
                ]
            }
        ]
    },
    {
        "user": "U7H3ZE2LC",
        "type": "message",
        "ts": "1525709196.000346",
        "text": "freedom is slavery",
        "team": "T7B710AL9",
        "user_team": "T7B710AL9",
        "source_team": "T7B710AL9",
        "user_profile": {
            "avatar_hash": "83ba2775b182",
            "image_72": "https:\/\/avatars.slack-edge.com\/2017-11-17\/274528721828_83ba2775b1821cf1ed15_72.png",
            "first_name": "Zach",
            "real_name": "Zach Lytle",
            "display_name": "",
            "team": "T7B710AL9",
            "name": "zlytle1",
            "is_restricted": false,
            "is_ultra_restricted": false
        },
        "blocks": [
            {
                "type": "rich_text",
                "block_id": "EYFl",
                "elements": [
                    {
                        "type": "rich_text_section",
                        "elements": [
                            {
                                "type": "text",
                                "text": "freedom is slavery"
                            }
                        ]
                    }
                ]
            }
        ]
    },
    {
        "user": "U7H3ZE2LC",
        "type": "message",
        "ts": "1525709200.000576",
        "text": "ignorance is strength",
        "team": "T7B710AL9",
        "user_team": "T7B710AL9",
        "source_team": "T7B710AL9",
        "user_profile": {
            "avatar_hash": "83ba2775b182",
            "image_72": "https:\/\/avatars.slack-edge.com\/2017-11-17\/274528721828_83ba2775b1821cf1ed15_72.png",
            "first_name": "Zach",
            "real_name": "Zach Lytle",
            "display_name": "",
            "team": "T7B710AL9",
            "name": "zlytle1",
            "is_restricted": false,
            "is_ultra_restricted": false
        },
        "blocks": [
            {
                "type": "rich_text",
                "block_id": "puMr",
                "elements": [
                    {
                        "type": "rich_text_section",
                        "elements": [
                            {
                                "type": "text",
                                "text": "ignorance is strength"
                            }
                        ]
                    }
                ]
            }
        ]
    },
    {
        "user": "U7BHXDGSV",
        "type": "message",
        "ts": "1525709245.000810",
        "text": ":onepixel:",
        "team": "T7B710AL9",
        "user_team": "T7B710AL9",
        "source_team": "T7B710AL9",
        "user_profile": {
            "avatar_hash": "6eb4246bf357",
            "image_72": "https:\/\/avatars.slack-edge.com\/2019-10-07\/788498340102_6eb4246bf357e9f96f85_72.png",
            "first_name": "princess",
            "real_name": "princess callahan",
            "display_name": "broc",
            "team": "T7B710AL9",
            "name": "bcoli",
            "is_restricted": false,
            "is_ultra_restricted": false
        },
        "blocks": [
            {
                "type": "rich_text",
                "block_id": "nQbi",
                "elements": [
                    {
                        "type": "rich_text_section",
                        "elements": [
                            {
                                "type": "emoji",
                                "name": "onepixel"
                            }
                        ]
                    }
                ]
            }
        ],
        "reactions": [
            {
                "name": "onepixel",
                "users": [
                    "U7C7WMV52",
                    "U7CUH2Z70",
                    "U7BFY2LQH",
                    "U7CAKF8CS",
                    "U7DKWL5U2",
                    "U7CEH7CGM",
                    "U7H3ZE2LC",
                    "U7D7CAQ5U"
                ],
                "count": 8
            },
            {
                "name": "2space",
                "users": [
                    "U7CAKF8CS",
                    "U7BHXDGSV",
                    "U7D7CAQ5U",
                    "U7CQU3U6B",
                    "U7CUH2Z70"
                ],
                "count": 5
            }
        ]
    },
    {
        "user": "U7BFY2LQH",
        "type": "message",
        "ts": "1525709325.000360",
        "client_msg_id": "d5caf1ee-a008-4101-ac7e-cbf69f1d720f",
        "text": "Comolli and Narboni are disappointed",
        "team": "T7B710AL9",
        "user_team": "T7B710AL9",
        "source_team": "T7B710AL9",
        "user_profile": {
            "avatar_hash": "1745198e693f",
            "image_72": "https:\/\/avatars.slack-edge.com\/2018-07-19\/401624787187_1745198e693f1193975a_72.jpg",
            "first_name": "Sam",
            "real_name": "Sam Gardner",
            "display_name": "Waterbear, M.D.",
            "team": "T7B710AL9",
            "name": "sgardne1",
            "is_restricted": false,
            "is_ultra_restricted": false
        },
        "blocks": [
            {
                "type": "rich_text",
                "block_id": "KHVv6",
                "elements": [
                    {
                        "type": "rich_text_section",
                        "elements": [
                            {
                                "type": "text",
                                "text": "Comolli and Narboni are disappointed"
                            }
                        ]
                    }
                ]
            }
        ],
        "reactions": [
            {
                "name": "put_litter_in_its_place",
                "users": [
                    "U7C7WMV52",
                    "U7CAKF8CS"
                ],
                "count": 2
            }
        ]
    },
    {
        "user": "U7CAKF8CS",
        "type": "message",
        "ts": "1525709698.000051",
        "client_msg_id": "4D1E71B7-FDA6-4924-94DE-4D7BDABF4990",
        "text": ":2space: ",
        "team": "T7B710AL9",
        "user_team": "T7B710AL9",
        "source_team": "T7B710AL9",
        "user_profile": {
            "avatar_hash": "0f2bdbac8459",
            "image_72": "https:\/\/avatars.slack-edge.com\/2020-08-28\/1330649910978_0f2bdbac845919cd6e01_72.png",
            "first_name": "Rye",
            "real_name": "Rye Buckley",
            "display_name": "blu",
            "team": "T7B710AL9",
            "name": "rbuckle1",
            "is_restricted": false,
            "is_ultra_restricted": false
        },
        "blocks": [
            {
                "type": "rich_text",
                "block_id": "guQdL",
                "elements": [
                    {
                        "type": "rich_text_section",
                        "elements": [
                            {
                                "type": "emoji",
                                "name": "2space"
                            }
                        ]
                    }
                ]
            }
        ],
        "reactions": [
            {
                "name": "2space",
                "users": [
                    "U7CAKF8CS",
                    "U7DL9CX6W",
                    "U7H3ZE2LC",
                    "U7D7CAQ5U",
                    "U7BFY2LQH",
                    "U7CQU3U6B",
                    "U7CUH2Z70",
                    "U868GK012",
                    "U7BPV9XJQ"
                ],
                "count": 9
            }
        ]
    },
    {
        "user": "U7DLA082W",
        "type": "message",
        "ts": "1525709927.000308",
        "client_msg_id": "68AD4E76-3DBB-44AB-AE72-18465AEE39DE",
        "text": "FROM MY POINT OF VIEW THE SPACES ARE EVIL\n\nAlso I have the high ground so, one space.",
        "team": "T7B710AL9",
        "user_team": "T7B710AL9",
        "source_team": "T7B710AL9",
        "user_profile": {
            "avatar_hash": "6f69860fdb5c",
            "image_72": "https:\/\/avatars.slack-edge.com\/2017-10-04\/251744176836_6f69860fdb5ccb4c2d46_72.png",
            "first_name": "Harry",
            "real_name": "Harry Huchra",
            "display_name": "Duck",
            "team": "T7B710AL9",
            "name": "hhuchra",
            "is_restricted": false,
            "is_ultra_restricted": false
        },
        "blocks": [
            {
                "type": "rich_text",
                "block_id": "64u",
                "elements": [
                    {
                        "type": "rich_text_section",
                        "elements": [
                            {
                                "type": "text",
                                "text": "FROM MY POINT OF VIEW THE SPACES ARE EVIL\n\nAlso I have the high ground so, one space."
                            }
                        ]
                    }
                ]
            }
        ],
        "reactions": [
            {
                "name": "+1",
                "users": [
                    "U8CM2ST63",
                    "U7CEH7CGM",
                    "U868GK012"
                ],
                "count": 3
            }
        ]
    },
    {
        "user": "U7H3ZE2LC",
        "type": "message",
        "ts": "1525709962.000287",
        "text": "YOU WERE LIKE A BROTHER TO ME",
        "team": "T7B710AL9",
        "user_team": "T7B710AL9",
        "source_team": "T7B710AL9",
        "user_profile": {
            "avatar_hash": "83ba2775b182",
            "image_72": "https:\/\/avatars.slack-edge.com\/2017-11-17\/274528721828_83ba2775b1821cf1ed15_72.png",
            "first_name": "Zach",
            "real_name": "Zach Lytle",
            "display_name": "",
            "team": "T7B710AL9",
            "name": "zlytle1",
            "is_restricted": false,
            "is_ultra_restricted": false
        },
        "blocks": [
            {
                "type": "rich_text",
                "block_id": "l8mf",
                "elements": [
                    {
                        "type": "rich_text_section",
                        "elements": [
                            {
                                "type": "text",
                                "text": "YOU WERE LIKE A BROTHER TO ME"
                            }
                        ]
                    }
                ]
            }
        ]
    },
    {
        "user": "U7BFY2LQH",
        "type": "message",
        "ts": "1525709973.000635",
        "client_msg_id": "397cdc65-eb5f-4f53-b96d-8cae910a37da",
        "text": "You underestimate my power",
        "team": "T7B710AL9",
        "user_team": "T7B710AL9",
        "source_team": "T7B710AL9",
        "user_profile": {
            "avatar_hash": "1745198e693f",
            "image_72": "https:\/\/avatars.slack-edge.com\/2018-07-19\/401624787187_1745198e693f1193975a_72.jpg",
            "first_name": "Sam",
            "real_name": "Sam Gardner",
            "display_name": "Waterbear, M.D.",
            "team": "T7B710AL9",
            "name": "sgardne1",
            "is_restricted": false,
            "is_ultra_restricted": false
        },
        "blocks": [
            {
                "type": "rich_text",
                "block_id": "bAKDP",
                "elements": [
                    {
                        "type": "rich_text_section",
                        "elements": [
                            {
                                "type": "text",
                                "text": "You underestimate my power"
                            }
                        ]
                    }
                ]
            }
        ]
    },
    {
        "user": "U7DLA082W",
        "type": "message",
        "ts": "1525709974.000655",
        "client_msg_id": "2C15952E-E893-4A14-B22A-A34E9D072138",
        "text": "I LOVE YOU",
        "team": "T7B710AL9",
        "user_team": "T7B710AL9",
        "source_team": "T7B710AL9",
        "user_profile": {
            "avatar_hash": "6f69860fdb5c",
            "image_72": "https:\/\/avatars.slack-edge.com\/2017-10-04\/251744176836_6f69860fdb5ccb4c2d46_72.png",
            "first_name": "Harry",
            "real_name": "Harry Huchra",
            "display_name": "Duck",
            "team": "T7B710AL9",
            "name": "hhuchra",
            "is_restricted": false,
            "is_ultra_restricted": false
        },
        "blocks": [
            {
                "type": "rich_text",
                "block_id": "dbJe",
                "elements": [
                    {
                        "type": "rich_text_section",
                        "elements": [
                            {
                                "type": "text",
                                "text": "I LOVE YOU"
                            }
                        ]
                    }
                ]
            }
        ]
    },
    {
        "user": "U7H3ZE2LC",
        "type": "message",
        "ts": "1525709992.000149",
        "text": "NOOOOOOOOOOOOOOOOOOOOOOOOOOOOOOOOOOOOOOOOOOOOOOOOO",
        "team": "T7B710AL9",
        "user_team": "T7B710AL9",
        "source_team": "T7B710AL9",
        "user_profile": {
            "avatar_hash": "83ba2775b182",
            "image_72": "https:\/\/avatars.slack-edge.com\/2017-11-17\/274528721828_83ba2775b1821cf1ed15_72.png",
            "first_name": "Zach",
            "real_name": "Zach Lytle",
            "display_name": "",
            "team": "T7B710AL9",
            "name": "zlytle1",
            "is_restricted": false,
            "is_ultra_restricted": false
        },
        "blocks": [
            {
                "type": "rich_text",
                "block_id": "RZhl",
                "elements": [
                    {
                        "type": "rich_text_section",
                        "elements": [
                            {
                                "type": "text",
                                "text": "NOOOOOOOOOOOOOOOOOOOOOOOOOOOOOOOOOOOOOOOOOOOOOOOOO"
                            }
                        ]
                    }
                ]
            }
        ]
    },
    {
        "user": "U7D7CAQ5U",
        "type": "message",
        "ts": "1525710033.000268",
        "client_msg_id": "e8c318ae-f588-4b40-b39f-88e7943bb590",
        "text": "I HATE YOU ONE SPACE",
        "team": "T7B710AL9",
        "user_team": "T7B710AL9",
        "source_team": "T7B710AL9",
        "user_profile": {
            "avatar_hash": "0e058cc0bc66",
            "image_72": "https:\/\/avatars.slack-edge.com\/2021-06-02\/2142942975985_0e058cc0bc66dfedae55_72.jpg",
            "first_name": "Kevin",
            "real_name": "Kevin Lai",
            "display_name": "KLai",
            "team": "T7B710AL9",
            "name": "kevin.ming.lai",
            "is_restricted": false,
            "is_ultra_restricted": false
        },
        "blocks": [
            {
                "type": "rich_text",
                "block_id": "SuwB\/",
                "elements": [
                    {
                        "type": "rich_text_section",
                        "elements": [
                            {
                                "type": "text",
                                "text": "I HATE YOU ONE SPACE"
                            }
                        ]
                    }
                ]
            }
        ],
        "reactions": [
            {
                "name": "2space",
                "users": [
                    "U7CAKF8CS",
                    "U7C5VN3U1",
                    "U7D7CAQ5U",
                    "U7CQU3U6B",
                    "U7BPV9XJQ"
                ],
                "count": 5
            },
            {
                "name": "onepixel",
                "users": [
                    "U7BHXDGSV",
                    "U7C5VN3U1",
                    "U7DLA082W",
                    "U7C7WMV52",
                    "U7D7CAQ5U",
                    "U7BPV9XJQ"
                ],
                "count": 6
            }
        ]
    },
    {
        "text": "<@U7DQHCFHT> uploaded a file: <https:\/\/swarthmoreultimate.slack.com\/files\/U7DQHCFHT\/FAJSSPN0G\/.png|Slack for iOS Upload>",
        "files": [
            {
                "id": "FAJSSPN0G",
                "created": 1525710458,
                "timestamp": 1525710458,
                "name": ".png",
                "title": "Slack for iOS Upload",
                "mimetype": "image\/png",
                "filetype": "png",
                "pretty_type": "PNG",
                "user": "U7DQHCFHT",
                "user_team": "T7B710AL9",
                "editable": false,
                "size": 149014,
                "mode": "hosted",
                "is_external": false,
                "external_type": "",
                "is_public": true,
                "public_url_shared": false,
                "display_as_bot": false,
                "username": "",
                "url_private": "https:\/\/files.slack.com\/files-pri\/T7B710AL9-FAJSSPN0G\/.png?t=xoxe-249239010689-7383763303600-7346417720535-c8977b2d870e66a58192db1f0484baaa",
                "url_private_download": "https:\/\/files.slack.com\/files-pri\/T7B710AL9-FAJSSPN0G\/download\/.png?t=xoxe-249239010689-7383763303600-7346417720535-c8977b2d870e66a58192db1f0484baaa",
                "media_display_type": "unknown",
                "thumb_64": "https:\/\/files.slack.com\/files-tmb\/T7B710AL9-FAJSSPN0G-d9631d8865\/_64.png?t=xoxe-249239010689-7383763303600-7346417720535-c8977b2d870e66a58192db1f0484baaa",
                "thumb_80": "https:\/\/files.slack.com\/files-tmb\/T7B710AL9-FAJSSPN0G-d9631d8865\/_80.png?t=xoxe-249239010689-7383763303600-7346417720535-c8977b2d870e66a58192db1f0484baaa",
                "thumb_360": "https:\/\/files.slack.com\/files-tmb\/T7B710AL9-FAJSSPN0G-d9631d8865\/_360.png?t=xoxe-249239010689-7383763303600-7346417720535-c8977b2d870e66a58192db1f0484baaa",
                "thumb_360_w": 202,
                "thumb_360_h": 360,
                "thumb_480": "https:\/\/files.slack.com\/files-tmb\/T7B710AL9-FAJSSPN0G-d9631d8865\/_480.png?t=xoxe-249239010689-7383763303600-7346417720535-c8977b2d870e66a58192db1f0484baaa",
                "thumb_480_w": 270,
                "thumb_480_h": 480,
                "thumb_160": "https:\/\/files.slack.com\/files-tmb\/T7B710AL9-FAJSSPN0G-d9631d8865\/_160.png?t=xoxe-249239010689-7383763303600-7346417720535-c8977b2d870e66a58192db1f0484baaa",
                "thumb_720": "https:\/\/files.slack.com\/files-tmb\/T7B710AL9-FAJSSPN0G-d9631d8865\/_720.png?t=xoxe-249239010689-7383763303600-7346417720535-c8977b2d870e66a58192db1f0484baaa",
                "thumb_720_w": 405,
                "thumb_720_h": 720,
                "thumb_800": "https:\/\/files.slack.com\/files-tmb\/T7B710AL9-FAJSSPN0G-d9631d8865\/_800.png?t=xoxe-249239010689-7383763303600-7346417720535-c8977b2d870e66a58192db1f0484baaa",
                "thumb_800_w": 450,
                "thumb_800_h": 800,
                "thumb_960": "https:\/\/files.slack.com\/files-tmb\/T7B710AL9-FAJSSPN0G-d9631d8865\/_960.png?t=xoxe-249239010689-7383763303600-7346417720535-c8977b2d870e66a58192db1f0484baaa",
                "thumb_960_w": 540,
                "thumb_960_h": 960,
                "thumb_1024": "https:\/\/files.slack.com\/files-tmb\/T7B710AL9-FAJSSPN0G-d9631d8865\/_1024.png?t=xoxe-249239010689-7383763303600-7346417720535-c8977b2d870e66a58192db1f0484baaa",
                "thumb_1024_w": 576,
                "thumb_1024_h": 1024,
                "image_exif_rotation": 1,
                "original_w": 750,
                "original_h": 1334,
                "permalink": "https:\/\/swarthmoreultimate.slack.com\/files\/U7DQHCFHT\/FAJSSPN0G\/.png",
                "permalink_public": "https:\/\/slack-files.com\/T7B710AL9-FAJSSPN0G-48c4c13810",
                "is_starred": false,
                "has_rich_preview": false,
                "file_access": "visible"
            }
        ],
        "upload": true,
        "user": "U7DQHCFHT",
        "display_as_bot": false,
        "blocks": [
            {
                "type": "rich_text",
                "block_id": "X2x",
                "elements": [
                    {
                        "type": "rich_text_section",
                        "elements": [
                            {
                                "type": "user",
                                "user_id": "U7DQHCFHT"
                            },
                            {
                                "type": "text",
                                "text": " uploaded a file: "
                            },
                            {
                                "type": "link",
                                "url": "https:\/\/swarthmoreultimate.slack.com\/files\/U7DQHCFHT\/FAJSSPN0G\/.png",
                                "text": "Slack for iOS Upload"
                            }
                        ]
                    }
                ]
            }
        ],
        "type": "message",
        "ts": "1525710462.000056"
    },
    {
        "user": "U7CUH2Z70",
        "type": "message",
        "ts": "1525710915.000454",
        "client_msg_id": "14c976a3-0504-4f26-8444-87dc7ddae820",
        "text": "Farhad Manjoo is the system",
        "team": "T7B710AL9",
        "user_team": "T7B710AL9",
        "source_team": "T7B710AL9",
        "user_profile": {
            "avatar_hash": "b994d311f580",
            "image_72": "https:\/\/avatars.slack-edge.com\/2020-02-25\/969610744726_b994d311f58072c3a1d2_72.jpg",
            "first_name": "Keshav",
            "real_name": "Keshav Patel",
            "display_name": "Keshav",
            "team": "T7B710AL9",
            "name": "kpatel2",
            "is_restricted": false,
            "is_ultra_restricted": false
        },
        "blocks": [
            {
                "type": "rich_text",
                "block_id": "KsZV0",
                "elements": [
                    {
                        "type": "rich_text_section",
                        "elements": [
                            {
                                "type": "text",
                                "text": "Farhad Manjoo is the system"
                            }
                        ]
                    }
                ]
            }
        ]
    },
    {
        "subtype": "slackbot_response",
        "user": "USLACKBOT",
        "type": "message",
        "ts": "1525710916.000046",
        "text": "TRUST THE SYSTEM",
        "blocks": [
            {
                "type": "rich_text",
                "block_id": "QG\/I",
                "elements": [
                    {
                        "type": "rich_text_section",
                        "elements": [
                            {
                                "type": "text",
                                "text": "TRUST THE SYSTEM"
                            }
                        ]
                    }
                ]
            }
        ],
        "reactions": [
            {
                "name": "200iq",
                "users": [
                    "U7CEH7CGM"
                ],
                "count": 1
            }
        ]
    }
]