[
    {
        "user": "U7DL9CX6W",
        "type": "message",
        "ts": "1539444125.000100",
        "client_msg_id": "9616EA46-90D0-49C3-BBD8-EEFB19564D2C",
        "text": "Warm toilet seats in public bathrooms are better than cold ones ",
        "team": "T7B710AL9",
        "user_team": "T7B710AL9",
        "source_team": "T7B710AL9",
        "user_profile": {
            "avatar_hash": "635c76d5972f",
            "image_72": "https:\/\/avatars.slack-edge.com\/2023-02-20\/4818285176551_635c76d5972f9151b099_72.png",
            "first_name": "Michael",
            "real_name": "Michael Trainor",
            "display_name": "Whip",
            "team": "T7B710AL9",
            "name": "mtraino1",
            "is_restricted": false,
            "is_ultra_restricted": false
        },
        "thread_ts": "1539444125.000100",
        "reply_count": 6,
        "reply_users_count": 4,
        "latest_reply": "1539817297.000200",
        "reply_users": [
            "U7DKWL5U2",
            "U7DL9CX6W",
            "U7C5VN3U1",
            "U7C8U72LB"
        ],
        "replies": [
            {
                "user": "U7DKWL5U2",
                "ts": "1539444156.000100"
            },
            {
                "user": "U7DL9CX6W",
                "ts": "1539444171.000100"
            },
            {
                "user": "U7DKWL5U2",
                "ts": "1539444192.000100"
            },
            {
                "user": "U7DL9CX6W",
                "ts": "1539444206.000100"
            },
            {
                "user": "U7C5VN3U1",
                "ts": "1539448503.000100"
            },
            {
                "user": "U7C8U72LB",
                "ts": "1539817297.000200"
            }
        ],
        "is_locked": false,
        "subscribed": false,
        "blocks": [
            {
                "type": "rich_text",
                "block_id": "ybQCA",
                "elements": [
                    {
                        "type": "rich_text_section",
                        "elements": [
                            {
                                "type": "text",
                                "text": "Warm toilet seats in public bathrooms are better than cold ones"
                            }
                        ]
                    }
                ]
            }
        ],
        "reactions": [
            {
                "name": "x",
                "users": [
                    "UCMEELYF9",
                    "U8JTX11L3",
                    "UCPPDTERY",
                    "U7CEH7CGM",
                    "UCW023U3G",
                    "U7BPUMEAY",
                    "U7BHXDGSV"
                ],
                "count": 7
            },
            {
                "name": "burrito",
                "users": [
                    "U7CUH2Z70"
                ],
                "count": 1
            },
            {
                "name": "objection",
                "users": [
                    "UCU27FNLT",
                    "U868GK012",
                    "U7CUH2Z70"
                ],
                "count": 3
            },
            {
                "name": "lick",
                "users": [
                    "UCVGWJDB8",
                    "U7DKWL5U2"
                ],
                "count": 2
            }
        ]
    },
    {
        "user": "U7DKWL5U2",
        "type": "message",
        "ts": "1539444156.000100",
        "client_msg_id": "FE3929E7-480A-4C1F-AD1E-655497B90AC5",
        "text": "Aren’t you at home?",
        "team": "T7B710AL9",
        "user_team": "T7B710AL9",
        "source_team": "T7B710AL9",
        "user_profile": {
            "avatar_hash": "1a5b7d89096b",
            "image_72": "https:\/\/avatars.slack-edge.com\/2019-03-06\/568729550272_1a5b7d89096b9e952460_72.png",
            "first_name": "Ethan",
            "real_name": "Ethan Chapman",
            "display_name": "Lil'Gup",
            "team": "T7B710AL9",
            "name": "echapma2",
            "is_restricted": false,
            "is_ultra_restricted": false
        },
        "thread_ts": "1539444125.000100",
        "parent_user_id": "U7DL9CX6W",
        "blocks": [
            {
                "type": "rich_text",
                "block_id": "vh5G6",
                "elements": [
                    {
                        "type": "rich_text_section",
                        "elements": [
                            {
                                "type": "text",
                                "text": "Aren’t you at home?"
                            }
                        ]
                    }
                ]
            }
        ]
    },
    {
        "user": "U7DL9CX6W",
        "type": "message",
        "ts": "1539444171.000100",
        "client_msg_id": "FD8B3DB9-C699-4C10-BA00-F7D7D8ADB4CB",
        "text": "I’m at the airport ",
        "team": "T7B710AL9",
        "user_team": "T7B710AL9",
        "source_team": "T7B710AL9",
        "user_profile": {
            "avatar_hash": "635c76d5972f",
            "image_72": "https:\/\/avatars.slack-edge.com\/2023-02-20\/4818285176551_635c76d5972f9151b099_72.png",
            "first_name": "Michael",
            "real_name": "Michael Trainor",
            "display_name": "Whip",
            "team": "T7B710AL9",
            "name": "mtraino1",
            "is_restricted": false,
            "is_ultra_restricted": false
        },
        "thread_ts": "1539444125.000100",
        "parent_user_id": "U7DL9CX6W",
        "blocks": [
            {
                "type": "rich_text",
                "block_id": "d9=Mv",
                "elements": [
                    {
                        "type": "rich_text_section",
                        "elements": [
                            {
                                "type": "text",
                                "text": "I’m at the airport"
                            }
                        ]
                    }
                ]
            }
        ]
    },
    {
        "user": "U7DKWL5U2",
        "type": "message",
        "ts": "1539444192.000100",
        "client_msg_id": "02C1B23E-E760-4604-8841-7011D186BD5D",
        "text": "Checks out",
        "team": "T7B710AL9",
        "user_team": "T7B710AL9",
        "source_team": "T7B710AL9",
        "user_profile": {
            "avatar_hash": "1a5b7d89096b",
            "image_72": "https:\/\/avatars.slack-edge.com\/2019-03-06\/568729550272_1a5b7d89096b9e952460_72.png",
            "first_name": "Ethan",
            "real_name": "Ethan Chapman",
            "display_name": "Lil'Gup",
            "team": "T7B710AL9",
            "name": "echapma2",
            "is_restricted": false,
            "is_ultra_restricted": false
        },
        "thread_ts": "1539444125.000100",
        "parent_user_id": "U7DL9CX6W",
        "blocks": [
            {
                "type": "rich_text",
                "block_id": "uow2",
                "elements": [
                    {
                        "type": "rich_text_section",
                        "elements": [
                            {
                                "type": "text",
                                "text": "Checks out"
                            }
                        ]
                    }
                ]
            }
        ]
    },
    {
        "user": "U7DL9CX6W",
        "type": "message",
        "ts": "1539444206.000100",
        "client_msg_id": "DCB0F0D0-96C0-41E7-8F81-5D0EF45E5328",
        "text": "But either way using a freshly warmed toilet seat is great ",
        "team": "T7B710AL9",
        "user_team": "T7B710AL9",
        "source_team": "T7B710AL9",
        "user_profile": {
            "avatar_hash": "635c76d5972f",
            "image_72": "https:\/\/avatars.slack-edge.com\/2023-02-20\/4818285176551_635c76d5972f9151b099_72.png",
            "first_name": "Michael",
            "real_name": "Michael Trainor",
            "display_name": "Whip",
            "team": "T7B710AL9",
            "name": "mtraino1",
            "is_restricted": false,
            "is_ultra_restricted": false
        },
        "thread_ts": "1539444125.000100",
        "parent_user_id": "U7DL9CX6W",
        "blocks": [
            {
                "type": "rich_text",
                "block_id": "6vHmy",
                "elements": [
                    {
                        "type": "rich_text_section",
                        "elements": [
                            {
                                "type": "text",
                                "text": "But either way using a freshly warmed toilet seat is great"
                            }
                        ]
                    }
                ]
            }
        ],
        "reactions": [
            {
                "name": "yourite",
                "users": [
                    "U7DKWL5U2",
                    "UCVGWJDB8"
                ],
                "count": 2
            },
            {
                "name": "x",
                "users": [
                    "UCMEELYF9",
                    "U7CEH7CGM",
                    "U7BHXDGSV"
                ],
                "count": 3
            }
        ]
    },
    {
        "user": "U7C5VN3U1",
        "type": "message",
        "ts": "1539448503.000100",
        "client_msg_id": "90527B8D-3CFC-4689-8566-B10FB76F90B8",
        "text": "This is a warm take",
        "team": "T7B710AL9",
        "user_team": "T7B710AL9",
        "source_team": "T7B710AL9",
        "user_profile": {
            "avatar_hash": "4adb1c10386b",
            "image_72": "https:\/\/avatars.slack-edge.com\/2018-11-20\/484222800036_4adb1c10386b1f9a1443_72.png",
            "first_name": "Max",
            "real_name": "Max Franklin",
            "display_name": "Max",
            "team": "T7B710AL9",
            "name": "mfrankl2",
            "is_restricted": false,
            "is_ultra_restricted": false
        },
        "thread_ts": "1539444125.000100",
        "parent_user_id": "U7DL9CX6W",
        "blocks": [
            {
                "type": "rich_text",
                "block_id": "tNj3",
                "elements": [
                    {
                        "type": "rich_text_section",
                        "elements": [
                            {
                                "type": "text",
                                "text": "This is a warm take"
                            }
                        ]
                    }
                ]
            }
        ]
    }
]