[
    {
        "text": "<@U7C8U72LB> uploaded a file: <https:\/\/swarthmoreultimate.slack.com\/files\/U7C8U72LB\/FBG8X2DSP\/image.png|image.png>",
        "files": [
            {
                "id": "FBG8X2DSP",
                "created": 1530279269,
                "timestamp": 1530279269,
                "name": "image.png",
                "title": "image.png",
                "mimetype": "image\/png",
                "filetype": "png",
                "pretty_type": "PNG",
                "user": "U7C8U72LB",
                "user_team": "T7B710AL9",
                "editable": false,
                "size": 4701,
                "mode": "hosted",
                "is_external": false,
                "external_type": "",
                "is_public": true,
                "public_url_shared": false,
                "display_as_bot": false,
                "username": "",
                "url_private": "https:\/\/files.slack.com\/files-pri\/T7B710AL9-FBG8X2DSP\/image.png?t=xoxe-249239010689-7383763303600-7346417720535-c8977b2d870e66a58192db1f0484baaa",
                "url_private_download": "https:\/\/files.slack.com\/files-pri\/T7B710AL9-FBG8X2DSP\/download\/image.png?t=xoxe-249239010689-7383763303600-7346417720535-c8977b2d870e66a58192db1f0484baaa",
                "media_display_type": "unknown",
                "thumb_64": "https:\/\/files.slack.com\/files-tmb\/T7B710AL9-FBG8X2DSP-b7ca7d1d94\/image_64.png?t=xoxe-249239010689-7383763303600-7346417720535-c8977b2d870e66a58192db1f0484baaa",
                "thumb_80": "https:\/\/files.slack.com\/files-tmb\/T7B710AL9-FBG8X2DSP-b7ca7d1d94\/image_80.png?t=xoxe-249239010689-7383763303600-7346417720535-c8977b2d870e66a58192db1f0484baaa",
                "thumb_360": "https:\/\/files.slack.com\/files-tmb\/T7B710AL9-FBG8X2DSP-b7ca7d1d94\/image_360.png?t=xoxe-249239010689-7383763303600-7346417720535-c8977b2d870e66a58192db1f0484baaa",
                "thumb_360_w": 276,
                "thumb_360_h": 56,
                "thumb_160": "https:\/\/files.slack.com\/files-tmb\/T7B710AL9-FBG8X2DSP-b7ca7d1d94\/image_160.png?t=xoxe-249239010689-7383763303600-7346417720535-c8977b2d870e66a58192db1f0484baaa",
                "image_exif_rotation": 1,
                "original_w": 276,
                "original_h": 56,
                "permalink": "https:\/\/swarthmoreultimate.slack.com\/files\/U7C8U72LB\/FBG8X2DSP\/image.png",
                "permalink_public": "https:\/\/slack-files.com\/T7B710AL9-FBG8X2DSP-cb277621a7",
                "is_starred": false,
                "has_rich_preview": false,
                "file_access": "visible"
            }
        ],
        "upload": true,
        "user": "U7C8U72LB",
        "display_as_bot": false,
        "blocks": [
            {
                "type": "rich_text",
                "block_id": "YoF",
                "elements": [
                    {
                        "type": "rich_text_section",
                        "elements": [
                            {
                                "type": "user",
                                "user_id": "U7C8U72LB"
                            },
                            {
                                "type": "text",
                                "text": " uploaded a file: "
                            },
                            {
                                "type": "link",
                                "url": "https:\/\/swarthmoreultimate.slack.com\/files\/U7C8U72LB\/FBG8X2DSP\/image.png",
                                "text": "image.png",
                                "unsafe": true
                            }
                        ]
                    }
                ]
            }
        ],
        "type": "message",
        "ts": "1530279270.000496"
    },
    {
        "user": "U868GK012",
        "type": "message",
        "ts": "1530279303.000361",
        "client_msg_id": "0E354AB1-6DAA-4AEA-A23A-F3D574F512AA",
        "text": "No ambiguity ",
        "team": "T7B710AL9",
        "user_team": "T7B710AL9",
        "source_team": "T7B710AL9",
        "user_profile": {
            "avatar_hash": "e6fd7b86fd21",
            "image_72": "https:\/\/avatars.slack-edge.com\/2018-10-18\/458920105140_e6fd7b86fd21f960c65a_72.png",
            "first_name": "Tommy",
            "real_name": "Tommy Dell",
            "display_name": "Father Tom",
            "team": "T7B710AL9",
            "name": "tdell1",
            "is_restricted": false,
            "is_ultra_restricted": false
        },
        "blocks": [
            {
                "type": "rich_text",
                "block_id": "eRE",
                "elements": [
                    {
                        "type": "rich_text_section",
                        "elements": [
                            {
                                "type": "text",
                                "text": "No ambiguity"
                            }
                        ]
                    }
                ]
            }
        ]
    },
    {
        "user": "U868GK012",
        "type": "message",
        "ts": "1530279310.000309",
        "client_msg_id": "B973194F-F836-4EF3-8B00-C7D2A7D1A5F3",
        "text": "Absolutely inexcusable ",
        "team": "T7B710AL9",
        "user_team": "T7B710AL9",
        "source_team": "T7B710AL9",
        "user_profile": {
            "avatar_hash": "e6fd7b86fd21",
            "image_72": "https:\/\/avatars.slack-edge.com\/2018-10-18\/458920105140_e6fd7b86fd21f960c65a_72.png",
            "first_name": "Tommy",
            "real_name": "Tommy Dell",
            "display_name": "Father Tom",
            "team": "T7B710AL9",
            "name": "tdell1",
            "is_restricted": false,
            "is_ultra_restricted": false
        },
        "blocks": [
            {
                "type": "rich_text",
                "block_id": "Vy4X",
                "elements": [
                    {
                        "type": "rich_text_section",
                        "elements": [
                            {
                                "type": "text",
                                "text": "Absolutely inexcusable"
                            }
                        ]
                    }
                ]
            }
        ],
        "reactions": [
            {
                "name": "fathertom",
                "users": [
                    "U7C8U72LB",
                    "U7C5VN3U1",
                    "U8JTX11L3",
                    "U7CEH7CGM",
                    "U7C7WMV52",
                    "U7DL9CX6W",
                    "U7BPUMEAY"
                ],
                "count": 7
            }
        ]
    },
    {
        "text": "<@U7CEH7CGM> uploaded a file: <https:\/\/swarthmoreultimate.slack.com\/files\/U7CEH7CGM\/FBFM15GBS\/image.png|image.png>",
        "files": [
            {
                "id": "FBFM15GBS",
                "created": 1530279736,
                "timestamp": 1530279736,
                "name": "image.png",
                "title": "image.png",
                "mimetype": "image\/png",
                "filetype": "png",
                "pretty_type": "PNG",
                "user": "U7CEH7CGM",
                "user_team": "T7B710AL9",
                "editable": false,
                "size": 7075,
                "mode": "hosted",
                "is_external": false,
                "external_type": "",
                "is_public": true,
                "public_url_shared": false,
                "display_as_bot": false,
                "username": "",
                "url_private": "https:\/\/files.slack.com\/files-pri\/T7B710AL9-FBFM15GBS\/image.png?t=xoxe-249239010689-7383763303600-7346417720535-c8977b2d870e66a58192db1f0484baaa",
                "url_private_download": "https:\/\/files.slack.com\/files-pri\/T7B710AL9-FBFM15GBS\/download\/image.png?t=xoxe-249239010689-7383763303600-7346417720535-c8977b2d870e66a58192db1f0484baaa",
                "media_display_type": "unknown",
                "thumb_64": "https:\/\/files.slack.com\/files-tmb\/T7B710AL9-FBFM15GBS-328027f8e9\/image_64.png?t=xoxe-249239010689-7383763303600-7346417720535-c8977b2d870e66a58192db1f0484baaa",
                "thumb_80": "https:\/\/files.slack.com\/files-tmb\/T7B710AL9-FBFM15GBS-328027f8e9\/image_80.png?t=xoxe-249239010689-7383763303600-7346417720535-c8977b2d870e66a58192db1f0484baaa",
                "thumb_360": "https:\/\/files.slack.com\/files-tmb\/T7B710AL9-FBFM15GBS-328027f8e9\/image_360.png?t=xoxe-249239010689-7383763303600-7346417720535-c8977b2d870e66a58192db1f0484baaa",
                "thumb_360_w": 101,
                "thumb_360_h": 119,
                "thumb_160": "https:\/\/files.slack.com\/files-tmb\/T7B710AL9-FBFM15GBS-328027f8e9\/image_160.png?t=xoxe-249239010689-7383763303600-7346417720535-c8977b2d870e66a58192db1f0484baaa",
                "image_exif_rotation": 1,
                "original_w": 101,
                "original_h": 119,
                "permalink": "https:\/\/swarthmoreultimate.slack.com\/files\/U7CEH7CGM\/FBFM15GBS\/image.png",
                "permalink_public": "https:\/\/slack-files.com\/T7B710AL9-FBFM15GBS-53a548e0f7",
                "is_starred": false,
                "has_rich_preview": false,
                "file_access": "visible"
            }
        ],
        "upload": true,
        "user": "U7CEH7CGM",
        "display_as_bot": false,
        "blocks": [
            {
                "type": "rich_text",
                "block_id": "p9v",
                "elements": [
                    {
                        "type": "rich_text_section",
                        "elements": [
                            {
                                "type": "user",
                                "user_id": "U7CEH7CGM"
                            },
                            {
                                "type": "text",
                                "text": " uploaded a file: "
                            },
                            {
                                "type": "link",
                                "url": "https:\/\/swarthmoreultimate.slack.com\/files\/U7CEH7CGM\/FBFM15GBS\/image.png",
                                "text": "image.png",
                                "unsafe": true
                            }
                        ]
                    }
                ]
            }
        ],
        "type": "message",
        "ts": "1530279737.000133"
    },
    {
        "user": "U7CEH7CGM",
        "type": "message",
        "ts": "1530279749.000026",
        "client_msg_id": "a3f4935b-2d3d-4e85-bf26-9ebd0816fa86",
        "text": "this is my boss's inbox",
        "team": "T7B710AL9",
        "user_team": "T7B710AL9",
        "source_team": "T7B710AL9",
        "user_profile": {
            "avatar_hash": "586b2b51da50",
            "image_72": "https:\/\/avatars.slack-edge.com\/2018-12-17\/504857144561_586b2b51da50812410ae_72.png",
            "first_name": "Alex",
            "real_name": "Alex Jin",
            "display_name": "Ajin2",
            "team": "T7B710AL9",
            "name": "ajin2",
            "is_restricted": false,
            "is_ultra_restricted": false
        },
        "blocks": [
            {
                "type": "rich_text",
                "block_id": "Wil1x",
                "elements": [
                    {
                        "type": "rich_text_section",
                        "elements": [
                            {
                                "type": "text",
                                "text": "this is my boss's inbox"
                            }
                        ]
                    }
                ]
            }
        ]
    },
    {
        "user": "U7C8U72LB",
        "type": "message",
        "ts": "1530279765.000455",
        "client_msg_id": "86d241fc-0b42-427f-9059-916cefeeaa5e",
        "text": "unbelievable. what a god",
        "team": "T7B710AL9",
        "user_team": "T7B710AL9",
        "source_team": "T7B710AL9",
        "user_profile": {
            "avatar_hash": "e610103b9bf7",
            "image_72": "https:\/\/avatars.slack-edge.com\/2018-09-06\/431053250005_e610103b9bf748d6f846_72.png",
            "first_name": "Sam",
            "real_name": "Sam Wallach Hanson",
            "display_name": "Swoonss",
            "team": "T7B710AL9",
            "name": "swallac3",
            "is_restricted": false,
            "is_ultra_restricted": false
        },
        "blocks": [
            {
                "type": "rich_text",
                "block_id": "5N7",
                "elements": [
                    {
                        "type": "rich_text_section",
                        "elements": [
                            {
                                "type": "text",
                                "text": "unbelievable. what a god"
                            }
                        ]
                    }
                ]
            }
        ]
    },
    {
        "user": "U7CAKF8CS",
        "type": "message",
        "ts": "1530279794.000382",
        "client_msg_id": "78384D83-B0E0-4647-8E96-142EAF914724",
        "text": "Those drafts though :open_mouth:",
        "team": "T7B710AL9",
        "user_team": "T7B710AL9",
        "source_team": "T7B710AL9",
        "user_profile": {
            "avatar_hash": "0f2bdbac8459",
            "image_72": "https:\/\/avatars.slack-edge.com\/2020-08-28\/1330649910978_0f2bdbac845919cd6e01_72.png",
            "first_name": "Rye",
            "real_name": "Rye Buckley",
            "display_name": "blu",
            "team": "T7B710AL9",
            "name": "rbuckle1",
            "is_restricted": false,
            "is_ultra_restricted": false
        },
        "blocks": [
            {
                "type": "rich_text",
                "block_id": "Dam",
                "elements": [
                    {
                        "type": "rich_text_section",
                        "elements": [
                            {
                                "type": "text",
                                "text": "Those drafts though "
                            },
                            {
                                "type": "emoji",
                                "name": "open_mouth",
                                "unicode": "1f62e"
                            }
                        ]
                    }
                ]
            }
        ]
    },
    {
        "user": "U7C7WMV52",
        "type": "message",
        "ts": "1530279801.000429",
        "client_msg_id": "2fd58dbe-d547-4f43-8b96-53cb1271d3a1",
        "text": "Taking a screenshot of your boss's inbox seems pretty morally ambiguous",
        "team": "T7B710AL9",
        "user_team": "T7B710AL9",
        "source_team": "T7B710AL9",
        "user_profile": {
            "avatar_hash": "ba74640ec113",
            "image_72": "https:\/\/avatars.slack-edge.com\/2018-09-23\/441365102883_ba74640ec113a0bce943_72.jpg",
            "first_name": "Sagnik",
            "real_name": "Sagnik",
            "display_name": "Lick",
            "team": "T7B710AL9",
            "name": "sg.sagnik",
            "is_restricted": false,
            "is_ultra_restricted": false
        },
        "blocks": [
            {
                "type": "rich_text",
                "block_id": "gGtO6",
                "elements": [
                    {
                        "type": "rich_text_section",
                        "elements": [
                            {
                                "type": "text",
                                "text": "Taking a screenshot of your boss's inbox seems pretty morally ambiguous"
                            }
                        ]
                    }
                ]
            }
        ]
    },
    {
        "user": "U7CEH7CGM",
        "type": "message",
        "ts": "1530279870.000061",
        "client_msg_id": "eaa94190-3232-4492-a4f5-bd8a734744b4",
        "text": "part of my job for the past few days has been to literally copy and paste template emails and save them as drafts",
        "team": "T7B710AL9",
        "user_team": "T7B710AL9",
        "source_team": "T7B710AL9",
        "user_profile": {
            "avatar_hash": "586b2b51da50",
            "image_72": "https:\/\/avatars.slack-edge.com\/2018-12-17\/504857144561_586b2b51da50812410ae_72.png",
            "first_name": "Alex",
            "real_name": "Alex Jin",
            "display_name": "Ajin2",
            "team": "T7B710AL9",
            "name": "ajin2",
            "is_restricted": false,
            "is_ultra_restricted": false
        },
        "blocks": [
            {
                "type": "rich_text",
                "block_id": "ZJx",
                "elements": [
                    {
                        "type": "rich_text_section",
                        "elements": [
                            {
                                "type": "text",
                                "text": "part of my job for the past few days has been to literally copy and paste template emails and save them as drafts"
                            }
                        ]
                    }
                ]
            }
        ]
    },
    {
        "subtype": "slackbot_response",
        "user": "USLACKBOT",
        "type": "message",
        "ts": "1530279870.000342",
        "text": "The FORMALEST OF EMAILS!!",
        "blocks": [
            {
                "type": "rich_text",
                "block_id": "7IR",
                "elements": [
                    {
                        "type": "rich_text_section",
                        "elements": [
                            {
                                "type": "text",
                                "text": "The FORMALEST OF EMAILS!!"
                            }
                        ]
                    }
                ]
            }
        ],
        "reactions": [
            {
                "name": "burntstump",
                "users": [
                    "U7CEH7CGM",
                    "U7BL1F7PD"
                ],
                "count": 2
            }
        ]
    },
    {
        "user": "U7CEH7CGM",
        "type": "message",
        "ts": "1530279904.000282",
        "client_msg_id": "f4e2f15c-8bb9-4337-be0c-35da37b40c14",
        "text": "going through my boss's inbox is more morally ambiguous",
        "team": "T7B710AL9",
        "user_team": "T7B710AL9",
        "source_team": "T7B710AL9",
        "user_profile": {
            "avatar_hash": "586b2b51da50",
            "image_72": "https:\/\/avatars.slack-edge.com\/2018-12-17\/504857144561_586b2b51da50812410ae_72.png",
            "first_name": "Alex",
            "real_name": "Alex Jin",
            "display_name": "Ajin2",
            "team": "T7B710AL9",
            "name": "ajin2",
            "is_restricted": false,
            "is_ultra_restricted": false
        },
        "blocks": [
            {
                "type": "rich_text",
                "block_id": "ilqV",
                "elements": [
                    {
                        "type": "rich_text_section",
                        "elements": [
                            {
                                "type": "text",
                                "text": "going through my boss's inbox is more morally ambiguous"
                            }
                        ]
                    }
                ]
            }
        ]
    },
    {
        "user": "U7CEH7CGM",
        "type": "message",
        "ts": "1530279959.000104",
        "client_msg_id": "5f533be8-db4b-4820-a0ce-48167bf580f9",
        "text": "the guy talks to like don lemon and the ceo of snapchat",
        "team": "T7B710AL9",
        "user_team": "T7B710AL9",
        "source_team": "T7B710AL9",
        "user_profile": {
            "avatar_hash": "586b2b51da50",
            "image_72": "https:\/\/avatars.slack-edge.com\/2018-12-17\/504857144561_586b2b51da50812410ae_72.png",
            "first_name": "Alex",
            "real_name": "Alex Jin",
            "display_name": "Ajin2",
            "team": "T7B710AL9",
            "name": "ajin2",
            "is_restricted": false,
            "is_ultra_restricted": false
        },
        "blocks": [
            {
                "type": "rich_text",
                "block_id": "JuFd",
                "elements": [
                    {
                        "type": "rich_text_section",
                        "elements": [
                            {
                                "type": "text",
                                "text": "the guy talks to like don lemon and the ceo of snapchat"
                            }
                        ]
                    }
                ]
            }
        ]
    },
    {
        "user": "U7DL9CX6W",
        "type": "message",
        "ts": "1530281241.000212",
        "client_msg_id": "847FB136-316E-47F1-B6AF-E7577D4A79F4",
        "text": "Just had a flashback of moral ambiguity ",
        "team": "T7B710AL9",
        "user_team": "T7B710AL9",
        "source_team": "T7B710AL9",
        "user_profile": {
            "avatar_hash": "635c76d5972f",
            "image_72": "https:\/\/avatars.slack-edge.com\/2023-02-20\/4818285176551_635c76d5972f9151b099_72.png",
            "first_name": "Michael",
            "real_name": "Michael Trainor",
            "display_name": "Whip",
            "team": "T7B710AL9",
            "name": "mtraino1",
            "is_restricted": false,
            "is_ultra_restricted": false
        },
        "blocks": [
            {
                "type": "rich_text",
                "block_id": "f=HY",
                "elements": [
                    {
                        "type": "rich_text_section",
                        "elements": [
                            {
                                "type": "text",
                                "text": "Just had a flashback of moral ambiguity"
                            }
                        ]
                    }
                ]
            }
        ]
    },
    {
        "user": "U7DL9CX6W",
        "type": "message",
        "ts": "1530281249.000185",
        "client_msg_id": "D6789D79-9ADB-44D4-814D-D802B7F1F4FF",
        "text": "Over SBB I used up the last of my room’s toilet paper, but then somebody went in the bathroom after me and I didn’t tell them ",
        "team": "T7B710AL9",
        "user_team": "T7B710AL9",
        "source_team": "T7B710AL9",
        "user_profile": {
            "avatar_hash": "635c76d5972f",
            "image_72": "https:\/\/avatars.slack-edge.com\/2023-02-20\/4818285176551_635c76d5972f9151b099_72.png",
            "first_name": "Michael",
            "real_name": "Michael Trainor",
            "display_name": "Whip",
            "team": "T7B710AL9",
            "name": "mtraino1",
            "is_restricted": false,
            "is_ultra_restricted": false
        },
        "blocks": [
            {
                "type": "rich_text",
                "block_id": "nt7Pa",
                "elements": [
                    {
                        "type": "rich_text_section",
                        "elements": [
                            {
                                "type": "text",
                                "text": "Over SBB I used up the last of my room’s toilet paper, but then somebody went in the bathroom after me and I didn’t tell them"
                            }
                        ]
                    }
                ]
            }
        ],
        "reactions": [
            {
                "name": "-1",
                "users": [
                    "U7C7WMV52",
                    "U7C8U72LB",
                    "U7CEH7CGM",
                    "U7C5VN3U1",
                    "U7BPV9XJQ",
                    "U7BPUMEAY",
                    "U7BHXDGSV",
                    "U7BL1F7PD"
                ],
                "count": 8
            }
        ]
    },
    {
        "user": "U7DL9CX6W",
        "type": "message",
        "ts": "1530281281.000397",
        "client_msg_id": "2CD7A2A8-FF14-475D-B5BC-F151AC253703",
        "text": "Then later after the room still didn’t have toilet paper I stole all the remaining toilet paper from a different bathroom ",
        "team": "T7B710AL9",
        "user_team": "T7B710AL9",
        "source_team": "T7B710AL9",
        "user_profile": {
            "avatar_hash": "635c76d5972f",
            "image_72": "https:\/\/avatars.slack-edge.com\/2023-02-20\/4818285176551_635c76d5972f9151b099_72.png",
            "first_name": "Michael",
            "real_name": "Michael Trainor",
            "display_name": "Whip",
            "team": "T7B710AL9",
            "name": "mtraino1",
            "is_restricted": false,
            "is_ultra_restricted": false
        },
        "blocks": [
            {
                "type": "rich_text",
                "block_id": "0FUZ",
                "elements": [
                    {
                        "type": "rich_text_section",
                        "elements": [
                            {
                                "type": "text",
                                "text": "Then later after the room still didn’t have toilet paper I stole all the remaining toilet paper from a different bathroom"
                            }
                        ]
                    }
                ]
            }
        ],
        "reactions": [
            {
                "name": "-1",
                "users": [
                    "U7G3ERU5V",
                    "U7CEH7CGM",
                    "U7C7WMV52",
                    "U7C5VN3U1",
                    "U7C8U72LB",
                    "U7BPV9XJQ",
                    "U7BPUMEAY",
                    "U7BHXDGSV",
                    "U7BL1F7PD"
                ],
                "count": 9
            }
        ]
    },
    {
        "user": "U7C8U72LB",
        "type": "message",
        "ts": "1530281432.000150",
        "client_msg_id": "7D804C28-D979-495A-A81E-65929D2DF5AE",
        "text": "This is definitely not morally ambiguous ",
        "team": "T7B710AL9",
        "user_team": "T7B710AL9",
        "source_team": "T7B710AL9",
        "user_profile": {
            "avatar_hash": "e610103b9bf7",
            "image_72": "https:\/\/avatars.slack-edge.com\/2018-09-06\/431053250005_e610103b9bf748d6f846_72.png",
            "first_name": "Sam",
            "real_name": "Sam Wallach Hanson",
            "display_name": "Swoonss",
            "team": "T7B710AL9",
            "name": "swallac3",
            "is_restricted": false,
            "is_ultra_restricted": false
        },
        "blocks": [
            {
                "type": "rich_text",
                "block_id": "3\/TC",
                "elements": [
                    {
                        "type": "rich_text_section",
                        "elements": [
                            {
                                "type": "text",
                                "text": "This is definitely not morally ambiguous"
                            }
                        ]
                    }
                ]
            }
        ]
    },
    {
        "user": "U7CEH7CGM",
        "type": "message",
        "ts": "1530281626.000280",
        "client_msg_id": "D1C83CB4-A32C-4077-A07A-B4945CE392F8",
        "text": "Really starting to doubt your moral judgment <@U7DL9CX6W> ",
        "team": "T7B710AL9",
        "user_team": "T7B710AL9",
        "source_team": "T7B710AL9",
        "user_profile": {
            "avatar_hash": "586b2b51da50",
            "image_72": "https:\/\/avatars.slack-edge.com\/2018-12-17\/504857144561_586b2b51da50812410ae_72.png",
            "first_name": "Alex",
            "real_name": "Alex Jin",
            "display_name": "Ajin2",
            "team": "T7B710AL9",
            "name": "ajin2",
            "is_restricted": false,
            "is_ultra_restricted": false
        },
        "blocks": [
            {
                "type": "rich_text",
                "block_id": "CleN",
                "elements": [
                    {
                        "type": "rich_text_section",
                        "elements": [
                            {
                                "type": "text",
                                "text": "Really starting to doubt your moral judgment "
                            },
                            {
                                "type": "user",
                                "user_id": "U7DL9CX6W"
                            }
                        ]
                    }
                ]
            }
        ]
    },
    {
        "user": "U7DL9CX6W",
        "type": "message",
        "ts": "1530281737.000287",
        "client_msg_id": "15DE765C-163D-46B2-9F4C-416A3B5790EE",
        "text": "Ok but I stole TP from the second bathroom and gave it to the first bathroom as reparations for not telling anybody we ran out",
        "team": "T7B710AL9",
        "user_team": "T7B710AL9",
        "source_team": "T7B710AL9",
        "user_profile": {
            "avatar_hash": "635c76d5972f",
            "image_72": "https:\/\/avatars.slack-edge.com\/2023-02-20\/4818285176551_635c76d5972f9151b099_72.png",
            "first_name": "Michael",
            "real_name": "Michael Trainor",
            "display_name": "Whip",
            "team": "T7B710AL9",
            "name": "mtraino1",
            "is_restricted": false,
            "is_ultra_restricted": false
        },
        "blocks": [
            {
                "type": "rich_text",
                "block_id": "f3T",
                "elements": [
                    {
                        "type": "rich_text_section",
                        "elements": [
                            {
                                "type": "text",
                                "text": "Ok but I stole TP from the second bathroom and gave it to the first bathroom as reparations for not telling anybody we ran out"
                            }
                        ]
                    }
                ]
            }
        ]
    },
    {
        "user": "U7C8U72LB",
        "type": "message",
        "ts": "1530281763.000164",
        "client_msg_id": "01FF6F3D-2E0D-4DFC-89DC-91C07DAFB6A6",
        "text": "But then the 2nd bathroom didn't have any",
        "team": "T7B710AL9",
        "user_team": "T7B710AL9",
        "source_team": "T7B710AL9",
        "user_profile": {
            "avatar_hash": "e610103b9bf7",
            "image_72": "https:\/\/avatars.slack-edge.com\/2018-09-06\/431053250005_e610103b9bf748d6f846_72.png",
            "first_name": "Sam",
            "real_name": "Sam Wallach Hanson",
            "display_name": "Swoonss",
            "team": "T7B710AL9",
            "name": "swallac3",
            "is_restricted": false,
            "is_ultra_restricted": false
        },
        "blocks": [
            {
                "type": "rich_text",
                "block_id": "OWw",
                "elements": [
                    {
                        "type": "rich_text_section",
                        "elements": [
                            {
                                "type": "text",
                                "text": "But then the 2nd bathroom didn't have any"
                            }
                        ]
                    }
                ]
            }
        ],
        "reactions": [
            {
                "name": "presidentswance",
                "users": [
                    "U7CEH7CGM",
                    "U7BPUMEAY",
                    "U7BHXDGSV",
                    "U7BL1F7PD"
                ],
                "count": 4
            }
        ]
    },
    {
        "user": "U7DL9CX6W",
        "type": "message",
        "ts": "1530281939.000216",
        "client_msg_id": "74D9955D-775D-412C-9E91-C692571C2FD0",
        "text": "My room had all 3 Worms captains tho. You wouldn’t want to have to practice with a bunch of poopybutt captains now would ya? ",
        "team": "T7B710AL9",
        "user_team": "T7B710AL9",
        "source_team": "T7B710AL9",
        "user_profile": {
            "avatar_hash": "635c76d5972f",
            "image_72": "https:\/\/avatars.slack-edge.com\/2023-02-20\/4818285176551_635c76d5972f9151b099_72.png",
            "first_name": "Michael",
            "real_name": "Michael Trainor",
            "display_name": "Whip",
            "team": "T7B710AL9",
            "name": "mtraino1",
            "is_restricted": false,
            "is_ultra_restricted": false
        },
        "blocks": [
            {
                "type": "rich_text",
                "block_id": "4Wy",
                "elements": [
                    {
                        "type": "rich_text_section",
                        "elements": [
                            {
                                "type": "text",
                                "text": "My room had all 3 Worms captains tho. You wouldn’t want to have to practice with a bunch of poopybutt captains now would ya?"
                            }
                        ]
                    }
                ]
            }
        ]
    },
    {
        "user": "U7C5VN3U1",
        "type": "message",
        "ts": "1530281973.000130",
        "client_msg_id": "143A4926-BF2F-4D4D-8EAE-8FDB626964D3",
        "text": "Don’t drag us into this. That shit is morally unambiguous ",
        "team": "T7B710AL9",
        "user_team": "T7B710AL9",
        "source_team": "T7B710AL9",
        "user_profile": {
            "avatar_hash": "4adb1c10386b",
            "image_72": "https:\/\/avatars.slack-edge.com\/2018-11-20\/484222800036_4adb1c10386b1f9a1443_72.png",
            "first_name": "Max",
            "real_name": "Max Franklin",
            "display_name": "Max",
            "team": "T7B710AL9",
            "name": "mfrankl2",
            "is_restricted": false,
            "is_ultra_restricted": false
        },
        "blocks": [
            {
                "type": "rich_text",
                "block_id": "iP739",
                "elements": [
                    {
                        "type": "rich_text_section",
                        "elements": [
                            {
                                "type": "text",
                                "text": "Don’t drag us into this. That shit is morally unambiguous"
                            }
                        ]
                    }
                ]
            }
        ],
        "reactions": [
            {
                "name": "wack",
                "users": [
                    "U7DL9CX6W",
                    "U7C8U72LB",
                    "U7BPUMEAY",
                    "U7BHXDGSV",
                    "U7BPV9XJQ",
                    "U7BL1F7PD"
                ],
                "count": 6
            }
        ]
    },
    {
        "user": "U7CEH7CGM",
        "type": "message",
        "ts": "1530282136.000542",
        "client_msg_id": "7dd58410-755c-43d3-97a8-2dd92ed70058",
        "text": "toilet paper is a basic human right i dont give a fuck who you are",
        "team": "T7B710AL9",
        "user_team": "T7B710AL9",
        "source_team": "T7B710AL9",
        "user_profile": {
            "avatar_hash": "586b2b51da50",
            "image_72": "https:\/\/avatars.slack-edge.com\/2018-12-17\/504857144561_586b2b51da50812410ae_72.png",
            "first_name": "Alex",
            "real_name": "Alex Jin",
            "display_name": "Ajin2",
            "team": "T7B710AL9",
            "name": "ajin2",
            "is_restricted": false,
            "is_ultra_restricted": false
        },
        "blocks": [
            {
                "type": "rich_text",
                "block_id": "sy7",
                "elements": [
                    {
                        "type": "rich_text_section",
                        "elements": [
                            {
                                "type": "text",
                                "text": "toilet paper is a basic human right i dont give a fuck who you are"
                            }
                        ]
                    }
                ]
            }
        ]
    }
]