[
    {
        "text": "",
        "files": [
            {
                "id": "FD0BPV0J3",
                "created": 1537736646,
                "timestamp": 1537736646,
                "name": "Image from iOS.jpg",
                "title": "Image from iOS",
                "mimetype": "image\/jpeg",
                "filetype": "jpg",
                "pretty_type": "JPEG",
                "user": "U7C8U72LB",
                "user_team": "T7B710AL9",
                "editable": false,
                "size": 790457,
                "mode": "hosted",
                "is_external": false,
                "external_type": "",
                "is_public": true,
                "public_url_shared": false,
                "display_as_bot": false,
                "username": "",
                "url_private": "https:\/\/files.slack.com\/files-pri\/T7B710AL9-FD0BPV0J3\/image_from_ios.jpg?t=xoxe-249239010689-7383763303600-7346417720535-c8977b2d870e66a58192db1f0484baaa",
                "url_private_download": "https:\/\/files.slack.com\/files-pri\/T7B710AL9-FD0BPV0J3\/download\/image_from_ios.jpg?t=xoxe-249239010689-7383763303600-7346417720535-c8977b2d870e66a58192db1f0484baaa",
                "media_display_type": "unknown",
                "thumb_64": "https:\/\/files.slack.com\/files-tmb\/T7B710AL9-FD0BPV0J3-9708914a51\/image_from_ios_64.jpg?t=xoxe-249239010689-7383763303600-7346417720535-c8977b2d870e66a58192db1f0484baaa",
                "thumb_80": "https:\/\/files.slack.com\/files-tmb\/T7B710AL9-FD0BPV0J3-9708914a51\/image_from_ios_80.jpg?t=xoxe-249239010689-7383763303600-7346417720535-c8977b2d870e66a58192db1f0484baaa",
                "thumb_360": "https:\/\/files.slack.com\/files-tmb\/T7B710AL9-FD0BPV0J3-9708914a51\/image_from_ios_360.jpg?t=xoxe-249239010689-7383763303600-7346417720535-c8977b2d870e66a58192db1f0484baaa",
                "thumb_360_w": 203,
                "thumb_360_h": 360,
                "thumb_480": "https:\/\/files.slack.com\/files-tmb\/T7B710AL9-FD0BPV0J3-9708914a51\/image_from_ios_480.jpg?t=xoxe-249239010689-7383763303600-7346417720535-c8977b2d870e66a58192db1f0484baaa",
                "thumb_480_w": 270,
                "thumb_480_h": 480,
                "thumb_160": "https:\/\/files.slack.com\/files-tmb\/T7B710AL9-FD0BPV0J3-9708914a51\/image_from_ios_160.jpg?t=xoxe-249239010689-7383763303600-7346417720535-c8977b2d870e66a58192db1f0484baaa",
                "thumb_720": "https:\/\/files.slack.com\/files-tmb\/T7B710AL9-FD0BPV0J3-9708914a51\/image_from_ios_720.jpg?t=xoxe-249239010689-7383763303600-7346417720535-c8977b2d870e66a58192db1f0484baaa",
                "thumb_720_w": 405,
                "thumb_720_h": 720,
                "thumb_800": "https:\/\/files.slack.com\/files-tmb\/T7B710AL9-FD0BPV0J3-9708914a51\/image_from_ios_800.jpg?t=xoxe-249239010689-7383763303600-7346417720535-c8977b2d870e66a58192db1f0484baaa",
                "thumb_800_w": 800,
                "thumb_800_h": 1422,
                "thumb_960": "https:\/\/files.slack.com\/files-tmb\/T7B710AL9-FD0BPV0J3-9708914a51\/image_from_ios_960.jpg?t=xoxe-249239010689-7383763303600-7346417720535-c8977b2d870e66a58192db1f0484baaa",
                "thumb_960_w": 540,
                "thumb_960_h": 960,
                "thumb_1024": "https:\/\/files.slack.com\/files-tmb\/T7B710AL9-FD0BPV0J3-9708914a51\/image_from_ios_1024.jpg?t=xoxe-249239010689-7383763303600-7346417720535-c8977b2d870e66a58192db1f0484baaa",
                "thumb_1024_w": 576,
                "thumb_1024_h": 1024,
                "image_exif_rotation": 1,
                "original_w": 1242,
                "original_h": 2208,
                "permalink": "https:\/\/swarthmoreultimate.slack.com\/files\/U7C8U72LB\/FD0BPV0J3\/image_from_ios.jpg",
                "permalink_public": "https:\/\/slack-files.com\/T7B710AL9-FD0BPV0J3-cde5b6eaca",
                "is_starred": false,
                "has_rich_preview": false,
                "file_access": "visible"
            }
        ],
        "upload": true,
        "user": "U7C8U72LB",
        "display_as_bot": false,
        "type": "message",
        "ts": "1537736651.000100",
        "client_msg_id": "F09EC9C5-C60A-4E49-B00B-EFB9D20A67CB",
        "reactions": [
            {
                "name": "glutenfull",
                "users": [
                    "U7C7WMV52",
                    "U7F238X5F",
                    "U7BPUMEAY",
                    "U7DL9CX6W",
                    "U7BL1F7PD",
                    "U7CEH7CGM"
                ],
                "count": 6
            }
        ]
    },
    {
        "user": "U7BHXDGSV",
        "type": "message",
        "ts": "1537743860.000100",
        "client_msg_id": "19FB2C35-3EB1-4747-9587-B817ECF52C9A",
        "text": "Both of our coaches losing 14-12 in the game to go",
        "team": "T7B710AL9",
        "user_team": "T7B710AL9",
        "source_team": "T7B710AL9",
        "user_profile": {
            "avatar_hash": "6eb4246bf357",
            "image_72": "https:\/\/avatars.slack-edge.com\/2019-10-07\/788498340102_6eb4246bf357e9f96f85_72.png",
            "first_name": "princess",
            "real_name": "princess callahan",
            "display_name": "broc",
            "team": "T7B710AL9",
            "name": "bcoli",
            "is_restricted": false,
            "is_ultra_restricted": false
        },
        "thread_ts": "1537743860.000100",
        "reply_count": 1,
        "reply_users_count": 1,
        "latest_reply": "1537744183.000100",
        "reply_users": [
            "U7C5VN3U1"
        ],
        "replies": [
            {
                "user": "U7C5VN3U1",
                "ts": "1537744183.000100"
            }
        ],
        "is_locked": false,
        "subscribed": false,
        "blocks": [
            {
                "type": "rich_text",
                "block_id": "L6Ame",
                "elements": [
                    {
                        "type": "rich_text_section",
                        "elements": [
                            {
                                "type": "text",
                                "text": "Both of our coaches losing 14-12 in the game to go"
                            }
                        ]
                    }
                ]
            }
        ],
        "reactions": [
            {
                "name": "xleila",
                "users": [
                    "U7C5VN3U1",
                    "U7CEH7CGM"
                ],
                "count": 2
            }
        ]
    },
    {
        "user": "U7C5VN3U1",
        "type": "message",
        "ts": "1537744183.000100",
        "client_msg_id": "5747ca48-3c15-45c6-8d86-1d91408a7109",
        "text": "how is this ambiguous?",
        "team": "T7B710AL9",
        "user_team": "T7B710AL9",
        "source_team": "T7B710AL9",
        "user_profile": {
            "avatar_hash": "4adb1c10386b",
            "image_72": "https:\/\/avatars.slack-edge.com\/2018-11-20\/484222800036_4adb1c10386b1f9a1443_72.png",
            "first_name": "Max",
            "real_name": "Max Franklin",
            "display_name": "Max",
            "team": "T7B710AL9",
            "name": "mfrankl2",
            "is_restricted": false,
            "is_ultra_restricted": false
        },
        "thread_ts": "1537743860.000100",
        "parent_user_id": "U7BHXDGSV",
        "blocks": [
            {
                "type": "rich_text",
                "block_id": "WzC",
                "elements": [
                    {
                        "type": "rich_text_section",
                        "elements": [
                            {
                                "type": "text",
                                "text": "how is this ambiguous?"
                            }
                        ]
                    }
                ]
            }
        ]
    }
]