[
    {
        "user": "U7C8U72LB",
        "type": "message",
        "ts": "1542213120.000300",
        "client_msg_id": "61CF7A12-532F-4994-B286-C580341C5EDA",
        "text": "The live action Pokémon movie ",
        "team": "T7B710AL9",
        "user_team": "T7B710AL9",
        "source_team": "T7B710AL9",
        "user_profile": {
            "avatar_hash": "e610103b9bf7",
            "image_72": "https:\/\/avatars.slack-edge.com\/2018-09-06\/431053250005_e610103b9bf748d6f846_72.png",
            "first_name": "Sam",
            "real_name": "Sam Wallach Hanson",
            "display_name": "Swoonss",
            "team": "T7B710AL9",
            "name": "swallac3",
            "is_restricted": false,
            "is_ultra_restricted": false
        },
        "thread_ts": "1542213120.000300",
        "reply_count": 7,
        "reply_users_count": 5,
        "latest_reply": "1542221628.003900",
        "reply_users": [
            "U8JTX11L3",
            "U868GK012",
            "U7C8U72LB",
            "U7CUH2Z70",
            "U7FM9RC5B"
        ],
        "replies": [
            {
                "user": "U8JTX11L3",
                "ts": "1542213173.000800"
            },
            {
                "user": "U868GK012",
                "ts": "1542213178.001100"
            },
            {
                "user": "U7C8U72LB",
                "ts": "1542213243.001800"
            },
            {
                "user": "U868GK012",
                "ts": "1542213300.002700"
            },
            {
                "user": "U7CUH2Z70",
                "ts": "1542213805.003000"
            },
            {
                "user": "U7FM9RC5B",
                "ts": "1542216052.003200"
            },
            {
                "user": "U7C8U72LB",
                "ts": "1542221628.003900"
            }
        ],
        "is_locked": false,
        "subscribed": false,
        "blocks": [
            {
                "type": "rich_text",
                "block_id": "SxTY",
                "elements": [
                    {
                        "type": "rich_text_section",
                        "elements": [
                            {
                                "type": "text",
                                "text": "The live action Pokémon movie"
                            }
                        ]
                    }
                ]
            }
        ],
        "reactions": [
            {
                "name": "+1",
                "users": [
                    "U7DL9CX6W"
                ],
                "count": 1
            },
            {
                "name": "-1",
                "users": [
                    "UCVGWJDB8"
                ],
                "count": 1
            }
        ]
    },
    {
        "user": "U8JTX11L3",
        "type": "message",
        "ts": "1542213173.000800",
        "client_msg_id": "F6A76E60-2C72-49A4-9E6B-5DC9D4445DE0",
        "text": "Objectively a #goodthing ",
        "team": "T7B710AL9",
        "user_team": "T7B710AL9",
        "source_team": "T7B710AL9",
        "user_profile": {
            "avatar_hash": "593693fd3ca4",
            "image_72": "https:\/\/avatars.slack-edge.com\/2020-05-13\/1133035568081_593693fd3ca4b2ad662d_72.png",
            "first_name": "Jasmine",
            "real_name": "Jasmine Xie",
            "display_name": "jax",
            "team": "T7B710AL9",
            "name": "jxie2",
            "is_restricted": false,
            "is_ultra_restricted": false
        },
        "thread_ts": "1542213120.000300",
        "parent_user_id": "U7C8U72LB",
        "blocks": [
            {
                "type": "rich_text",
                "block_id": "QGj",
                "elements": [
                    {
                        "type": "rich_text_section",
                        "elements": [
                            {
                                "type": "text",
                                "text": "Objectively a #goodthing"
                            }
                        ]
                    }
                ]
            }
        ],
        "reactions": [
            {
                "name": "yes",
                "users": [
                    "U7C7WMV52",
                    "U7BHXDGSV",
                    "U7D2L75DK"
                ],
                "count": 3
            }
        ]
    },
    {
        "user": "U868GK012",
        "type": "message",
        "ts": "1542213178.001100",
        "client_msg_id": "284AE3EC-9E34-4D41-A687-825CAECEC306",
        "text": "^^^",
        "team": "T7B710AL9",
        "user_team": "T7B710AL9",
        "source_team": "T7B710AL9",
        "user_profile": {
            "avatar_hash": "e6fd7b86fd21",
            "image_72": "https:\/\/avatars.slack-edge.com\/2018-10-18\/458920105140_e6fd7b86fd21f960c65a_72.png",
            "first_name": "Tommy",
            "real_name": "Tommy Dell",
            "display_name": "Father Tom",
            "team": "T7B710AL9",
            "name": "tdell1",
            "is_restricted": false,
            "is_ultra_restricted": false
        },
        "thread_ts": "1542213120.000300",
        "parent_user_id": "U7C8U72LB",
        "blocks": [
            {
                "type": "rich_text",
                "block_id": "Bb4",
                "elements": [
                    {
                        "type": "rich_text_section",
                        "elements": [
                            {
                                "type": "text",
                                "text": "^^^"
                            }
                        ]
                    }
                ]
            }
        ]
    },
    {
        "user": "U7C8U72LB",
        "type": "message",
        "ts": "1542213243.001800",
        "client_msg_id": "59D2CE6A-AA71-4EB5-9D0A-4C785F5C3A09",
        "text": "Debatable. I don’t think it’s a bad thing I’m just torn",
        "team": "T7B710AL9",
        "user_team": "T7B710AL9",
        "source_team": "T7B710AL9",
        "user_profile": {
            "avatar_hash": "e610103b9bf7",
            "image_72": "https:\/\/avatars.slack-edge.com\/2018-09-06\/431053250005_e610103b9bf748d6f846_72.png",
            "first_name": "Sam",
            "real_name": "Sam Wallach Hanson",
            "display_name": "Swoonss",
            "team": "T7B710AL9",
            "name": "swallac3",
            "is_restricted": false,
            "is_ultra_restricted": false
        },
        "thread_ts": "1542213120.000300",
        "parent_user_id": "U7C8U72LB",
        "blocks": [
            {
                "type": "rich_text",
                "block_id": "sNQOt",
                "elements": [
                    {
                        "type": "rich_text_section",
                        "elements": [
                            {
                                "type": "text",
                                "text": "Debatable. I don’t think it’s a bad thing I’m just torn"
                            }
                        ]
                    }
                ]
            }
        ]
    },
    {
        "user": "U868GK012",
        "type": "message",
        "ts": "1542213300.002700",
        "client_msg_id": "B61C2DA7-031C-4983-90EA-B43E83E36AA4",
        "text": "I’m skeptical about whether it’ll be good but I’m all for the concept ",
        "team": "T7B710AL9",
        "user_team": "T7B710AL9",
        "source_team": "T7B710AL9",
        "user_profile": {
            "avatar_hash": "e6fd7b86fd21",
            "image_72": "https:\/\/avatars.slack-edge.com\/2018-10-18\/458920105140_e6fd7b86fd21f960c65a_72.png",
            "first_name": "Tommy",
            "real_name": "Tommy Dell",
            "display_name": "Father Tom",
            "team": "T7B710AL9",
            "name": "tdell1",
            "is_restricted": false,
            "is_ultra_restricted": false
        },
        "thread_ts": "1542213120.000300",
        "parent_user_id": "U7C8U72LB",
        "blocks": [
            {
                "type": "rich_text",
                "block_id": "gTUs",
                "elements": [
                    {
                        "type": "rich_text_section",
                        "elements": [
                            {
                                "type": "text",
                                "text": "I’m skeptical about whether it’ll be good but I’m all for the concept"
                            }
                        ]
                    }
                ]
            }
        ]
    },
    {
        "user": "U7CUH2Z70",
        "type": "message",
        "ts": "1542213805.003000",
        "client_msg_id": "34103a91-ef84-4ba5-b2e6-afbaf162a754",
        "text": "^^^",
        "team": "T7B710AL9",
        "user_team": "T7B710AL9",
        "source_team": "T7B710AL9",
        "user_profile": {
            "avatar_hash": "b994d311f580",
            "image_72": "https:\/\/avatars.slack-edge.com\/2020-02-25\/969610744726_b994d311f58072c3a1d2_72.jpg",
            "first_name": "Keshav",
            "real_name": "Keshav Patel",
            "display_name": "Keshav",
            "team": "T7B710AL9",
            "name": "kpatel2",
            "is_restricted": false,
            "is_ultra_restricted": false
        },
        "thread_ts": "1542213120.000300",
        "parent_user_id": "U7C8U72LB",
        "blocks": [
            {
                "type": "rich_text",
                "block_id": "j=Y8",
                "elements": [
                    {
                        "type": "rich_text_section",
                        "elements": [
                            {
                                "type": "text",
                                "text": "^^^"
                            }
                        ]
                    }
                ]
            }
        ]
    },
    {
        "user": "U7FM9RC5B",
        "type": "message",
        "ts": "1542216052.003200",
        "client_msg_id": "091c3e93-3ed7-4bed-8aa3-cb85f38adbf7",
        "text": "The trailer looks promising, but it is Warner Brothers...",
        "team": "T7B710AL9",
        "user_team": "T7B710AL9",
        "source_team": "T7B710AL9",
        "user_profile": {
            "avatar_hash": "504540a75bb5",
            "image_72": "https:\/\/avatars.slack-edge.com\/2020-01-26\/922781589104_504540a75bb5765fa71d_72.jpg",
            "first_name": "Nathan",
            "real_name": "Nathan Moreno-Mendelson",
            "display_name": "Nathan",
            "team": "T7B710AL9",
            "name": "nmoreno1",
            "is_restricted": false,
            "is_ultra_restricted": false
        },
        "thread_ts": "1542213120.000300",
        "parent_user_id": "U7C8U72LB",
        "blocks": [
            {
                "type": "rich_text",
                "block_id": "eTWD",
                "elements": [
                    {
                        "type": "rich_text_section",
                        "elements": [
                            {
                                "type": "text",
                                "text": "The trailer looks promising, but it is Warner Brothers..."
                            }
                        ]
                    }
                ]
            }
        ]
    },
    {
        "user": "U7C8U72LB",
        "type": "message",
        "ts": "1542221628.003900",
        "client_msg_id": "4B7067A5-42BD-467C-8218-68807ED0AFE7",
        "text": "The trailer makes it look like a less raunchy Ted",
        "team": "T7B710AL9",
        "user_team": "T7B710AL9",
        "source_team": "T7B710AL9",
        "user_profile": {
            "avatar_hash": "e610103b9bf7",
            "image_72": "https:\/\/avatars.slack-edge.com\/2018-09-06\/431053250005_e610103b9bf748d6f846_72.png",
            "first_name": "Sam",
            "real_name": "Sam Wallach Hanson",
            "display_name": "Swoonss",
            "team": "T7B710AL9",
            "name": "swallac3",
            "is_restricted": false,
            "is_ultra_restricted": false
        },
        "thread_ts": "1542213120.000300",
        "parent_user_id": "U7C8U72LB",
        "blocks": [
            {
                "type": "rich_text",
                "block_id": "f5a",
                "elements": [
                    {
                        "type": "rich_text_section",
                        "elements": [
                            {
                                "type": "text",
                                "text": "The trailer makes it look like a less raunchy Ted"
                            }
                        ]
                    }
                ]
            }
        ],
        "reactions": [
            {
                "name": "yourite",
                "users": [
                    "U8JTX11L3",
                    "UCVGWJDB8",
                    "U7DKWL5U2",
                    "U7D2L75DK"
                ],
                "count": 4
            }
        ]
    }
]