[
    {
        "user": "U7C8U72LB",
        "type": "message",
        "ts": "1524595860.000241",
        "text": "Hearing <@U8JTX11L3>’s friends call her \"J\"",
        "team": "T7B710AL9",
        "user_team": "T7B710AL9",
        "source_team": "T7B710AL9",
        "user_profile": {
            "avatar_hash": "e610103b9bf7",
            "image_72": "https:\/\/avatars.slack-edge.com\/2018-09-06\/431053250005_e610103b9bf748d6f846_72.png",
            "first_name": "Sam",
            "real_name": "Sam Wallach Hanson",
            "display_name": "Swoonss",
            "team": "T7B710AL9",
            "name": "swallac3",
            "is_restricted": false,
            "is_ultra_restricted": false
        },
        "blocks": [
            {
                "type": "rich_text",
                "block_id": "b2ppZ",
                "elements": [
                    {
                        "type": "rich_text_section",
                        "elements": [
                            {
                                "type": "text",
                                "text": "Hearing "
                            },
                            {
                                "type": "user",
                                "user_id": "U8JTX11L3"
                            },
                            {
                                "type": "text",
                                "text": "’s friends call her \"J\""
                            }
                        ]
                    }
                ]
            }
        ]
    }
]