[
    {
        "text": "This cards against humanity card",
        "files": [
            {
                "id": "FEAHL4Z6U",
                "created": 1543118842,
                "timestamp": 1543118842,
                "name": "Image from iOS.jpg",
                "title": "Image from iOS",
                "mimetype": "image\/jpeg",
                "filetype": "jpg",
                "pretty_type": "JPEG",
                "user": "UCU27FNLT",
                "user_team": "T7B710AL9",
                "editable": false,
                "size": 5387982,
                "mode": "hosted",
                "is_external": false,
                "external_type": "",
                "is_public": true,
                "public_url_shared": false,
                "display_as_bot": false,
                "username": "",
                "url_private": "https:\/\/files.slack.com\/files-pri\/T7B710AL9-FEAHL4Z6U\/image_from_ios.jpg?t=xoxe-249239010689-7383763303600-7346417720535-c8977b2d870e66a58192db1f0484baaa",
                "url_private_download": "https:\/\/files.slack.com\/files-pri\/T7B710AL9-FEAHL4Z6U\/download\/image_from_ios.jpg?t=xoxe-249239010689-7383763303600-7346417720535-c8977b2d870e66a58192db1f0484baaa",
                "media_display_type": "unknown",
                "thumb_64": "https:\/\/files.slack.com\/files-tmb\/T7B710AL9-FEAHL4Z6U-a5b9185427\/image_from_ios_64.jpg?t=xoxe-249239010689-7383763303600-7346417720535-c8977b2d870e66a58192db1f0484baaa",
                "thumb_80": "https:\/\/files.slack.com\/files-tmb\/T7B710AL9-FEAHL4Z6U-a5b9185427\/image_from_ios_80.jpg?t=xoxe-249239010689-7383763303600-7346417720535-c8977b2d870e66a58192db1f0484baaa",
                "thumb_360": "https:\/\/files.slack.com\/files-tmb\/T7B710AL9-FEAHL4Z6U-a5b9185427\/image_from_ios_360.jpg?t=xoxe-249239010689-7383763303600-7346417720535-c8977b2d870e66a58192db1f0484baaa",
                "thumb_360_w": 270,
                "thumb_360_h": 360,
                "thumb_480": "https:\/\/files.slack.com\/files-tmb\/T7B710AL9-FEAHL4Z6U-a5b9185427\/image_from_ios_480.jpg?t=xoxe-249239010689-7383763303600-7346417720535-c8977b2d870e66a58192db1f0484baaa",
                "thumb_480_w": 360,
                "thumb_480_h": 480,
                "thumb_160": "https:\/\/files.slack.com\/files-tmb\/T7B710AL9-FEAHL4Z6U-a5b9185427\/image_from_ios_160.jpg?t=xoxe-249239010689-7383763303600-7346417720535-c8977b2d870e66a58192db1f0484baaa",
                "thumb_720": "https:\/\/files.slack.com\/files-tmb\/T7B710AL9-FEAHL4Z6U-a5b9185427\/image_from_ios_720.jpg?t=xoxe-249239010689-7383763303600-7346417720535-c8977b2d870e66a58192db1f0484baaa",
                "thumb_720_w": 540,
                "thumb_720_h": 720,
                "thumb_800": "https:\/\/files.slack.com\/files-tmb\/T7B710AL9-FEAHL4Z6U-a5b9185427\/image_from_ios_800.jpg?t=xoxe-249239010689-7383763303600-7346417720535-c8977b2d870e66a58192db1f0484baaa",
                "thumb_800_w": 800,
                "thumb_800_h": 1067,
                "thumb_960": "https:\/\/files.slack.com\/files-tmb\/T7B710AL9-FEAHL4Z6U-a5b9185427\/image_from_ios_960.jpg?t=xoxe-249239010689-7383763303600-7346417720535-c8977b2d870e66a58192db1f0484baaa",
                "thumb_960_w": 720,
                "thumb_960_h": 960,
                "thumb_1024": "https:\/\/files.slack.com\/files-tmb\/T7B710AL9-FEAHL4Z6U-a5b9185427\/image_from_ios_1024.jpg?t=xoxe-249239010689-7383763303600-7346417720535-c8977b2d870e66a58192db1f0484baaa",
                "thumb_1024_w": 768,
                "thumb_1024_h": 1024,
                "image_exif_rotation": 1,
                "original_w": 3024,
                "original_h": 4032,
                "permalink": "https:\/\/swarthmoreultimate.slack.com\/files\/UCU27FNLT\/FEAHL4Z6U\/image_from_ios.jpg",
                "permalink_public": "https:\/\/slack-files.com\/T7B710AL9-FEAHL4Z6U-768f0b8b3f",
                "is_starred": false,
                "has_rich_preview": false,
                "file_access": "visible"
            }
        ],
        "upload": true,
        "user": "UCU27FNLT",
        "display_as_bot": false,
        "blocks": [
            {
                "type": "rich_text",
                "block_id": "pnOd",
                "elements": [
                    {
                        "type": "rich_text_section",
                        "elements": [
                            {
                                "type": "text",
                                "text": "This cards against humanity card"
                            }
                        ]
                    }
                ]
            }
        ],
        "type": "message",
        "ts": "1543118842.002800",
        "client_msg_id": "04315EF9-C610-4138-958D-F1C534941D1F",
        "reactions": [
            {
                "name": "gottem",
                "users": [
                    "U7B71CPG9",
                    "U7CUH2Z70",
                    "U7DL9CX6W",
                    "U7FM9RC5B",
                    "UCVGWJDB8",
                    "U7C8U72LB"
                ],
                "count": 6
            },
            {
                "name": "fingerguns",
                "users": [
                    "U7B71CPG9",
                    "U89GWBNNA",
                    "U7DL9CX6W",
                    "U868GK012",
                    "UCVGWJDB8",
                    "U7C8U72LB",
                    "U7BHXDGSV",
                    "U7F238X5F"
                ],
                "count": 8
            },
            {
                "name": "so-fli",
                "users": [
                    "U7B71CPG9",
                    "UCVGWJDB8"
                ],
                "count": 2
            },
            {
                "name": "200iq",
                "users": [
                    "UCKMFGMMW",
                    "U868GK012",
                    "U7FM9RC5B",
                    "U8CM2ST63",
                    "U7C7WMV52",
                    "U7CEH7CGM"
                ],
                "count": 6
            },
            {
                "name": "renato",
                "users": [
                    "UCPPDTERY"
                ],
                "count": 1
            }
        ]
    }
]