[
    {
        "user": "U7DL9CX6W",
        "type": "message",
        "ts": "1526050681.000307",
        "client_msg_id": "1CE786BC-BBF3-447E-B705-25D45552B1B8",
        "text": "Should I respond to the email about bikes in Parrish basement and ask for a free bike",
        "team": "T7B710AL9",
        "user_team": "T7B710AL9",
        "source_team": "T7B710AL9",
        "user_profile": {
            "avatar_hash": "635c76d5972f",
            "image_72": "https:\/\/avatars.slack-edge.com\/2023-02-20\/4818285176551_635c76d5972f9151b099_72.png",
            "first_name": "Michael",
            "real_name": "Michael Trainor",
            "display_name": "Whip",
            "team": "T7B710AL9",
            "name": "mtraino1",
            "is_restricted": false,
            "is_ultra_restricted": false
        },
        "blocks": [
            {
                "type": "rich_text",
                "block_id": "3V6W",
                "elements": [
                    {
                        "type": "rich_text_section",
                        "elements": [
                            {
                                "type": "text",
                                "text": "Should I respond to the email about bikes in Parrish basement and ask for a free bike"
                            }
                        ]
                    }
                ]
            }
        ]
    },
    {
        "user": "U7C7WMV52",
        "type": "message",
        "ts": "1526050826.000769",
        "client_msg_id": "5054d9af-bebd-41d9-8f69-36cc58fe647b",
        "text": "That's actually what I'm doing",
        "team": "T7B710AL9",
        "user_team": "T7B710AL9",
        "source_team": "T7B710AL9",
        "user_profile": {
            "avatar_hash": "ba74640ec113",
            "image_72": "https:\/\/avatars.slack-edge.com\/2018-09-23\/441365102883_ba74640ec113a0bce943_72.jpg",
            "first_name": "Sagnik",
            "real_name": "Sagnik",
            "display_name": "Lick",
            "team": "T7B710AL9",
            "name": "sg.sagnik",
            "is_restricted": false,
            "is_ultra_restricted": false
        },
        "blocks": [
            {
                "type": "rich_text",
                "block_id": "\/TehP",
                "elements": [
                    {
                        "type": "rich_text_section",
                        "elements": [
                            {
                                "type": "text",
                                "text": "That's actually what I'm doing"
                            }
                        ]
                    }
                ]
            }
        ],
        "reactions": [
            {
                "name": "ayyy",
                "users": [
                    "U7DL9CX6W",
                    "U7BHXDGSV"
                ],
                "count": 2
            }
        ]
    },
    {
        "text": "<@U7DL9CX6W> uploaded a file: <https:\/\/swarthmoreultimate.slack.com\/files\/U7DL9CX6W\/FANAHS6R0\/image_uploaded_from_ios.jpg|Slack for iOS Upload>",
        "files": [
            {
                "id": "FANAHS6R0",
                "created": 1526051955,
                "timestamp": 1526051955,
                "name": "Image uploaded from iOS.jpg",
                "title": "Slack for iOS Upload",
                "mimetype": "image\/jpeg",
                "filetype": "jpg",
                "pretty_type": "JPEG",
                "user": "U7DL9CX6W",
                "user_team": "T7B710AL9",
                "editable": false,
                "size": 187787,
                "mode": "hosted",
                "is_external": false,
                "external_type": "",
                "is_public": true,
                "public_url_shared": false,
                "display_as_bot": false,
                "username": "",
                "url_private": "https:\/\/files.slack.com\/files-pri\/T7B710AL9-FANAHS6R0\/image_uploaded_from_ios.jpg?t=xoxe-249239010689-7383763303600-7346417720535-c8977b2d870e66a58192db1f0484baaa",
                "url_private_download": "https:\/\/files.slack.com\/files-pri\/T7B710AL9-FANAHS6R0\/download\/image_uploaded_from_ios.jpg?t=xoxe-249239010689-7383763303600-7346417720535-c8977b2d870e66a58192db1f0484baaa",
                "media_display_type": "unknown",
                "thumb_64": "https:\/\/files.slack.com\/files-tmb\/T7B710AL9-FANAHS6R0-65ce2a05a3\/image_uploaded_from_ios_64.jpg?t=xoxe-249239010689-7383763303600-7346417720535-c8977b2d870e66a58192db1f0484baaa",
                "thumb_80": "https:\/\/files.slack.com\/files-tmb\/T7B710AL9-FANAHS6R0-65ce2a05a3\/image_uploaded_from_ios_80.jpg?t=xoxe-249239010689-7383763303600-7346417720535-c8977b2d870e66a58192db1f0484baaa",
                "thumb_360": "https:\/\/files.slack.com\/files-tmb\/T7B710AL9-FANAHS6R0-65ce2a05a3\/image_uploaded_from_ios_360.jpg?t=xoxe-249239010689-7383763303600-7346417720535-c8977b2d870e66a58192db1f0484baaa",
                "thumb_360_w": 312,
                "thumb_360_h": 360,
                "thumb_480": "https:\/\/files.slack.com\/files-tmb\/T7B710AL9-FANAHS6R0-65ce2a05a3\/image_uploaded_from_ios_480.jpg?t=xoxe-249239010689-7383763303600-7346417720535-c8977b2d870e66a58192db1f0484baaa",
                "thumb_480_w": 416,
                "thumb_480_h": 480,
                "thumb_160": "https:\/\/files.slack.com\/files-tmb\/T7B710AL9-FANAHS6R0-65ce2a05a3\/image_uploaded_from_ios_160.jpg?t=xoxe-249239010689-7383763303600-7346417720535-c8977b2d870e66a58192db1f0484baaa",
                "thumb_720": "https:\/\/files.slack.com\/files-tmb\/T7B710AL9-FANAHS6R0-65ce2a05a3\/image_uploaded_from_ios_720.jpg?t=xoxe-249239010689-7383763303600-7346417720535-c8977b2d870e66a58192db1f0484baaa",
                "thumb_720_w": 624,
                "thumb_720_h": 720,
                "thumb_800": "https:\/\/files.slack.com\/files-tmb\/T7B710AL9-FANAHS6R0-65ce2a05a3\/image_uploaded_from_ios_800.jpg?t=xoxe-249239010689-7383763303600-7346417720535-c8977b2d870e66a58192db1f0484baaa",
                "thumb_800_w": 694,
                "thumb_800_h": 800,
                "image_exif_rotation": 1,
                "original_w": 750,
                "original_h": 865,
                "permalink": "https:\/\/swarthmoreultimate.slack.com\/files\/U7DL9CX6W\/FANAHS6R0\/image_uploaded_from_ios.jpg",
                "permalink_public": "https:\/\/slack-files.com\/T7B710AL9-FANAHS6R0-6fbd9e79b9",
                "is_starred": false,
                "has_rich_preview": false,
                "file_access": "visible"
            }
        ],
        "upload": true,
        "user": "U7DL9CX6W",
        "display_as_bot": false,
        "upload_reply_to": "35EBAC2E-9EE7-469E-B727-A13E04D609BB",
        "blocks": [
            {
                "type": "rich_text",
                "block_id": "WcDqk",
                "elements": [
                    {
                        "type": "rich_text_section",
                        "elements": [
                            {
                                "type": "user",
                                "user_id": "U7DL9CX6W"
                            },
                            {
                                "type": "text",
                                "text": " uploaded a file: "
                            },
                            {
                                "type": "link",
                                "url": "https:\/\/swarthmoreultimate.slack.com\/files\/U7DL9CX6W\/FANAHS6R0\/image_uploaded_from_ios.jpg",
                                "text": "Slack for iOS Upload"
                            }
                        ]
                    }
                ]
            }
        ],
        "type": "message",
        "ts": "1526051958.000075"
    },
    {
        "user": "U7DL9CX6W",
        "type": "message",
        "ts": "1526051964.000784",
        "client_msg_id": "9CC88D84-6B21-41C9-A9F8-19F0F60EBDF0",
        "text": "CAPITAL THRUST",
        "team": "T7B710AL9",
        "user_team": "T7B710AL9",
        "source_team": "T7B710AL9",
        "user_profile": {
            "avatar_hash": "635c76d5972f",
            "image_72": "https:\/\/avatars.slack-edge.com\/2023-02-20\/4818285176551_635c76d5972f9151b099_72.png",
            "first_name": "Michael",
            "real_name": "Michael Trainor",
            "display_name": "Whip",
            "team": "T7B710AL9",
            "name": "mtraino1",
            "is_restricted": false,
            "is_ultra_restricted": false
        },
        "blocks": [
            {
                "type": "rich_text",
                "block_id": "9UYf",
                "elements": [
                    {
                        "type": "rich_text_section",
                        "elements": [
                            {
                                "type": "text",
                                "text": "CAPITAL THRUST"
                            }
                        ]
                    }
                ]
            }
        ],
        "reactions": [
            {
                "name": "godkastan",
                "users": [
                    "U7BCAGWUQ"
                ],
                "count": 1
            }
        ]
    },
    {
        "user": "U868GK012",
        "type": "message",
        "ts": "1526054070.000093",
        "client_msg_id": "ADA40944-E518-42F7-80D3-A04423D5E966",
        "text": "Who the fuck is Michael?",
        "team": "T7B710AL9",
        "user_team": "T7B710AL9",
        "source_team": "T7B710AL9",
        "user_profile": {
            "avatar_hash": "e6fd7b86fd21",
            "image_72": "https:\/\/avatars.slack-edge.com\/2018-10-18\/458920105140_e6fd7b86fd21f960c65a_72.png",
            "first_name": "Tommy",
            "real_name": "Tommy Dell",
            "display_name": "Father Tom",
            "team": "T7B710AL9",
            "name": "tdell1",
            "is_restricted": false,
            "is_ultra_restricted": false
        },
        "blocks": [
            {
                "type": "rich_text",
                "block_id": "Vx5K",
                "elements": [
                    {
                        "type": "rich_text_section",
                        "elements": [
                            {
                                "type": "text",
                                "text": "Who the fuck is Michael?"
                            }
                        ]
                    }
                ]
            }
        ],
        "reactions": [
            {
                "name": "whip",
                "users": [
                    "U7DL9CX6W"
                ],
                "count": 1
            }
        ]
    },
    {
        "user": "U7G3ERU5V",
        "type": "message",
        "ts": "1526054506.000551",
        "client_msg_id": "6918BB3F-E0AB-4512-95FA-547116D52B25",
        "text": "Idk, I think he’s friends with Matthew. ",
        "team": "T7B710AL9",
        "user_team": "T7B710AL9",
        "source_team": "T7B710AL9",
        "user_profile": {
            "avatar_hash": "a7d2af132a2e",
            "image_72": "https:\/\/avatars.slack-edge.com\/2019-07-22\/691057671298_a7d2af132a2ea37401fd_72.png",
            "first_name": "Vinay",
            "real_name": "Vinay",
            "display_name": "",
            "team": "T7B710AL9",
            "name": "vkeefe1",
            "is_restricted": false,
            "is_ultra_restricted": false
        },
        "blocks": [
            {
                "type": "rich_text",
                "block_id": "9uYx",
                "elements": [
                    {
                        "type": "rich_text_section",
                        "elements": [
                            {
                                "type": "text",
                                "text": "Idk, I think he’s friends with Matthew."
                            }
                        ]
                    }
                ]
            }
        ]
    },
    {
        "user": "U7C7WMV52",
        "type": "message",
        "ts": "1526054588.000095",
        "client_msg_id": "f97a537a-4636-42a0-8b04-3926b23d14ba",
        "text": "He lives on my hall. Don't know him very well, seems like an average guy.",
        "team": "T7B710AL9",
        "user_team": "T7B710AL9",
        "source_team": "T7B710AL9",
        "user_profile": {
            "avatar_hash": "ba74640ec113",
            "image_72": "https:\/\/avatars.slack-edge.com\/2018-09-23\/441365102883_ba74640ec113a0bce943_72.jpg",
            "first_name": "Sagnik",
            "real_name": "Sagnik",
            "display_name": "Lick",
            "team": "T7B710AL9",
            "name": "sg.sagnik",
            "is_restricted": false,
            "is_ultra_restricted": false
        },
        "blocks": [
            {
                "type": "rich_text",
                "block_id": "ofHS",
                "elements": [
                    {
                        "type": "rich_text_section",
                        "elements": [
                            {
                                "type": "text",
                                "text": "He lives on my hall. Don't know him very well, seems like an average guy."
                            }
                        ]
                    }
                ]
            }
        ]
    },
    {
        "user": "U7BFY2LQH",
        "type": "message",
        "ts": "1526055327.000071",
        "client_msg_id": "f872137b-8bfb-4c55-b192-246865eaf292",
        "text": "I heard he stole a sweatshirt from someone named Alex",
        "team": "T7B710AL9",
        "user_team": "T7B710AL9",
        "source_team": "T7B710AL9",
        "user_profile": {
            "avatar_hash": "1745198e693f",
            "image_72": "https:\/\/avatars.slack-edge.com\/2018-07-19\/401624787187_1745198e693f1193975a_72.jpg",
            "first_name": "Sam",
            "real_name": "Sam Gardner",
            "display_name": "Waterbear, M.D.",
            "team": "T7B710AL9",
            "name": "sgardne1",
            "is_restricted": false,
            "is_ultra_restricted": false
        },
        "blocks": [
            {
                "type": "rich_text",
                "block_id": "ytVB",
                "elements": [
                    {
                        "type": "rich_text_section",
                        "elements": [
                            {
                                "type": "text",
                                "text": "I heard he stole a sweatshirt from someone named Alex"
                            }
                        ]
                    }
                ]
            }
        ]
    },
    {
        "text": "A file was commented on",
        "blocks": [
            {
                "type": "rich_text",
                "elements": [
                    {
                        "type": "rich_text_section",
                        "elements": [
                            {
                                "type": "text",
                                "text": "A file was commented on"
                            }
                        ]
                    }
                ]
            }
        ],
        "type": "message",
        "ts": "1526071211.000029"
    },
    {
        "text": "A file was commented on",
        "blocks": [
            {
                "type": "rich_text",
                "elements": [
                    {
                        "type": "rich_text_section",
                        "elements": [
                            {
                                "type": "text",
                                "text": "A file was commented on"
                            }
                        ]
                    }
                ]
            }
        ],
        "type": "message",
        "ts": "1526071605.000552"
    }
]