[
    {
        "user": "U7E500PJN",
        "type": "message",
        "ts": "1540852774.001000",
        "client_msg_id": "16E00D87-F8C0-4758-8E53-2139D1AAEDBE",
        "text": "“My girlfriend is paying me $5 to vote for a republican” - badger",
        "team": "T7B710AL9",
        "user_team": "T7B710AL9",
        "source_team": "T7B710AL9",
        "user_profile": {
            "avatar_hash": "g8be42509b05",
            "image_72": "https:\/\/secure.gravatar.com\/avatar\/58be42509b05f6f0682237cc62560b0e.jpg?s=72&d=https%3A%2F%2Fa.slack-edge.com%2Fdf10d%2Fimg%2Favatars%2Fava_0009-72.png",
            "first_name": "jail",
            "real_name": "jail bait",
            "display_name": "Jail Bait",
            "team": "T7B710AL9",
            "name": "jbrady2",
            "is_restricted": false,
            "is_ultra_restricted": false
        },
        "thread_ts": "1540852774.001000",
        "reply_count": 1,
        "reply_users_count": 1,
        "latest_reply": "1540854675.002500",
        "reply_users": [
            "U7CEH7CGM"
        ],
        "replies": [
            {
                "user": "U7CEH7CGM",
                "ts": "1540854675.002500"
            }
        ],
        "is_locked": false,
        "subscribed": false,
        "blocks": [
            {
                "type": "rich_text",
                "block_id": "rNs",
                "elements": [
                    {
                        "type": "rich_text_section",
                        "elements": [
                            {
                                "type": "text",
                                "text": "“My girlfriend is paying me $5 to vote for a republican” - badger"
                            }
                        ]
                    }
                ]
            }
        ],
        "reactions": [
            {
                "name": "x",
                "users": [
                    "UCPPDTERY",
                    "UCMEELYF9",
                    "U7DKWL5U2"
                ],
                "count": 3
            },
            {
                "name": "potable_water",
                "users": [
                    "U7BHXDGSV",
                    "U7DKWL5U2"
                ],
                "count": 2
            },
            {
                "name": "200iq",
                "users": [
                    "UCU27FNLT",
                    "U7DKWL5U2"
                ],
                "count": 2
            }
        ]
    },
    {
        "user": "U7CEH7CGM",
        "type": "message",
        "ts": "1540854675.002500",
        "client_msg_id": "410E0475-6A6D-4BEF-9CFF-26B9D1A79D03",
        "text": "In a district where the republican is basically a democrat and clinton had won the district by 28 pts",
        "team": "T7B710AL9",
        "user_team": "T7B710AL9",
        "source_team": "T7B710AL9",
        "user_profile": {
            "avatar_hash": "586b2b51da50",
            "image_72": "https:\/\/avatars.slack-edge.com\/2018-12-17\/504857144561_586b2b51da50812410ae_72.png",
            "first_name": "Alex",
            "real_name": "Alex Jin",
            "display_name": "Ajin2",
            "team": "T7B710AL9",
            "name": "ajin2",
            "is_restricted": false,
            "is_ultra_restricted": false
        },
        "thread_ts": "1540852774.001000",
        "parent_user_id": "U7E500PJN",
        "blocks": [
            {
                "type": "rich_text",
                "block_id": "XrmN",
                "elements": [
                    {
                        "type": "rich_text_section",
                        "elements": [
                            {
                                "type": "text",
                                "text": "In a district where the republican is basically a democrat and clinton had won the district by 28 pts"
                            }
                        ]
                    }
                ]
            }
        ]
    }
]