[
    {
        "text": "A bowl of unpacked m&amp;ms in McCabe ",
        "files": [
            {
                "id": "FDTP4C6DS",
                "created": 1541102683,
                "timestamp": 1541102683,
                "name": "Image from iOS.jpg",
                "title": "Image from iOS",
                "mimetype": "image\/jpeg",
                "filetype": "jpg",
                "pretty_type": "JPEG",
                "user": "UCKMFGMMW",
                "user_team": "T7B710AL9",
                "editable": false,
                "size": 6316444,
                "mode": "hosted",
                "is_external": false,
                "external_type": "",
                "is_public": true,
                "public_url_shared": false,
                "display_as_bot": false,
                "username": "",
                "url_private": "https:\/\/files.slack.com\/files-pri\/T7B710AL9-FDTP4C6DS\/image_from_ios.jpg?t=xoxe-249239010689-7383763303600-7346417720535-c8977b2d870e66a58192db1f0484baaa",
                "url_private_download": "https:\/\/files.slack.com\/files-pri\/T7B710AL9-FDTP4C6DS\/download\/image_from_ios.jpg?t=xoxe-249239010689-7383763303600-7346417720535-c8977b2d870e66a58192db1f0484baaa",
                "media_display_type": "unknown",
                "thumb_64": "https:\/\/files.slack.com\/files-tmb\/T7B710AL9-FDTP4C6DS-130e7ab4ed\/image_from_ios_64.jpg?t=xoxe-249239010689-7383763303600-7346417720535-c8977b2d870e66a58192db1f0484baaa",
                "thumb_80": "https:\/\/files.slack.com\/files-tmb\/T7B710AL9-FDTP4C6DS-130e7ab4ed\/image_from_ios_80.jpg?t=xoxe-249239010689-7383763303600-7346417720535-c8977b2d870e66a58192db1f0484baaa",
                "thumb_360": "https:\/\/files.slack.com\/files-tmb\/T7B710AL9-FDTP4C6DS-130e7ab4ed\/image_from_ios_360.jpg?t=xoxe-249239010689-7383763303600-7346417720535-c8977b2d870e66a58192db1f0484baaa",
                "thumb_360_w": 270,
                "thumb_360_h": 360,
                "thumb_480": "https:\/\/files.slack.com\/files-tmb\/T7B710AL9-FDTP4C6DS-130e7ab4ed\/image_from_ios_480.jpg?t=xoxe-249239010689-7383763303600-7346417720535-c8977b2d870e66a58192db1f0484baaa",
                "thumb_480_w": 360,
                "thumb_480_h": 480,
                "thumb_160": "https:\/\/files.slack.com\/files-tmb\/T7B710AL9-FDTP4C6DS-130e7ab4ed\/image_from_ios_160.jpg?t=xoxe-249239010689-7383763303600-7346417720535-c8977b2d870e66a58192db1f0484baaa",
                "thumb_720": "https:\/\/files.slack.com\/files-tmb\/T7B710AL9-FDTP4C6DS-130e7ab4ed\/image_from_ios_720.jpg?t=xoxe-249239010689-7383763303600-7346417720535-c8977b2d870e66a58192db1f0484baaa",
                "thumb_720_w": 540,
                "thumb_720_h": 720,
                "thumb_800": "https:\/\/files.slack.com\/files-tmb\/T7B710AL9-FDTP4C6DS-130e7ab4ed\/image_from_ios_800.jpg?t=xoxe-249239010689-7383763303600-7346417720535-c8977b2d870e66a58192db1f0484baaa",
                "thumb_800_w": 800,
                "thumb_800_h": 1067,
                "thumb_960": "https:\/\/files.slack.com\/files-tmb\/T7B710AL9-FDTP4C6DS-130e7ab4ed\/image_from_ios_960.jpg?t=xoxe-249239010689-7383763303600-7346417720535-c8977b2d870e66a58192db1f0484baaa",
                "thumb_960_w": 720,
                "thumb_960_h": 960,
                "thumb_1024": "https:\/\/files.slack.com\/files-tmb\/T7B710AL9-FDTP4C6DS-130e7ab4ed\/image_from_ios_1024.jpg?t=xoxe-249239010689-7383763303600-7346417720535-c8977b2d870e66a58192db1f0484baaa",
                "thumb_1024_w": 768,
                "thumb_1024_h": 1024,
                "image_exif_rotation": 1,
                "original_w": 3024,
                "original_h": 4032,
                "permalink": "https:\/\/swarthmoreultimate.slack.com\/files\/UCKMFGMMW\/FDTP4C6DS\/image_from_ios.jpg",
                "permalink_public": "https:\/\/slack-files.com\/T7B710AL9-FDTP4C6DS-3861135d41",
                "is_starred": false,
                "has_rich_preview": false,
                "file_access": "visible"
            }
        ],
        "upload": true,
        "user": "UCKMFGMMW",
        "display_as_bot": false,
        "upload_reply_to": "E456389C-9473-4C25-80D0-E922FE777868",
        "blocks": [
            {
                "type": "rich_text",
                "block_id": "brZUP",
                "elements": [
                    {
                        "type": "rich_text_section",
                        "elements": [
                            {
                                "type": "text",
                                "text": "A bowl of unpacked m&ms in McCabe"
                            }
                        ]
                    }
                ]
            }
        ],
        "type": "message",
        "ts": "1541102683.000500",
        "reactions": [
            {
                "name": "+1",
                "users": [
                    "U8CM2ST63"
                ],
                "count": 1
            }
        ]
    },
    {
        "user": "UCPPDTERY",
        "type": "message",
        "ts": "1541113278.001300",
        "client_msg_id": "a0c0ecfa-6551-45e0-81be-a0e858fda857",
        "text": "Squatch and Rye eating granola in chocolate milk",
        "team": "T7B710AL9",
        "user_team": "T7B710AL9",
        "source_team": "T7B710AL9",
        "user_profile": {
            "avatar_hash": "031a36e30261",
            "image_72": "https:\/\/avatars.slack-edge.com\/2018-09-16\/435764698624_031a36e3026176f0645d_72.jpg",
            "first_name": "Matt",
            "real_name": "Matt Anderson",
            "display_name": "Cnips",
            "team": "T7B710AL9",
            "name": "manders4",
            "is_restricted": false,
            "is_ultra_restricted": false
        },
        "blocks": [
            {
                "type": "rich_text",
                "block_id": "wa0A",
                "elements": [
                    {
                        "type": "rich_text_section",
                        "elements": [
                            {
                                "type": "text",
                                "text": "Squatch and Rye eating granola in chocolate milk"
                            }
                        ]
                    }
                ]
            }
        ],
        "reactions": [
            {
                "name": "ryeshrug",
                "users": [
                    "U7DL9CX6W"
                ],
                "count": 1
            },
            {
                "name": "+1",
                "users": [
                    "U8CM2ST63"
                ],
                "count": 1
            }
        ]
    }
]