[
    {
        "text": "",
        "files": [
            {
                "id": "FEBFXUU78",
                "created": 1542897176,
                "timestamp": 1542897176,
                "name": "Screen Shot 2018-11-22 at 9.31.36 AM.png",
                "title": "Screen Shot 2018-11-22 at 9.31.36 AM.png",
                "mimetype": "image\/png",
                "filetype": "png",
                "pretty_type": "PNG",
                "user": "U7BPUMEAY",
                "user_team": "T7B710AL9",
                "editable": false,
                "size": 1042930,
                "mode": "hosted",
                "is_external": false,
                "external_type": "",
                "is_public": true,
                "public_url_shared": false,
                "display_as_bot": false,
                "username": "",
                "url_private": "https:\/\/files.slack.com\/files-pri\/T7B710AL9-FEBFXUU78\/screen_shot_2018-11-22_at_9.31.36_am.png?t=xoxe-249239010689-7383763303600-7346417720535-c8977b2d870e66a58192db1f0484baaa",
                "url_private_download": "https:\/\/files.slack.com\/files-pri\/T7B710AL9-FEBFXUU78\/download\/screen_shot_2018-11-22_at_9.31.36_am.png?t=xoxe-249239010689-7383763303600-7346417720535-c8977b2d870e66a58192db1f0484baaa",
                "media_display_type": "unknown",
                "thumb_64": "https:\/\/files.slack.com\/files-tmb\/T7B710AL9-FEBFXUU78-f76b04df81\/screen_shot_2018-11-22_at_9.31.36_am_64.png?t=xoxe-249239010689-7383763303600-7346417720535-c8977b2d870e66a58192db1f0484baaa",
                "thumb_80": "https:\/\/files.slack.com\/files-tmb\/T7B710AL9-FEBFXUU78-f76b04df81\/screen_shot_2018-11-22_at_9.31.36_am_80.png?t=xoxe-249239010689-7383763303600-7346417720535-c8977b2d870e66a58192db1f0484baaa",
                "thumb_360": "https:\/\/files.slack.com\/files-tmb\/T7B710AL9-FEBFXUU78-f76b04df81\/screen_shot_2018-11-22_at_9.31.36_am_360.png?t=xoxe-249239010689-7383763303600-7346417720535-c8977b2d870e66a58192db1f0484baaa",
                "thumb_360_w": 334,
                "thumb_360_h": 360,
                "thumb_480": "https:\/\/files.slack.com\/files-tmb\/T7B710AL9-FEBFXUU78-f76b04df81\/screen_shot_2018-11-22_at_9.31.36_am_480.png?t=xoxe-249239010689-7383763303600-7346417720535-c8977b2d870e66a58192db1f0484baaa",
                "thumb_480_w": 445,
                "thumb_480_h": 480,
                "thumb_160": "https:\/\/files.slack.com\/files-tmb\/T7B710AL9-FEBFXUU78-f76b04df81\/screen_shot_2018-11-22_at_9.31.36_am_160.png?t=xoxe-249239010689-7383763303600-7346417720535-c8977b2d870e66a58192db1f0484baaa",
                "thumb_720": "https:\/\/files.slack.com\/files-tmb\/T7B710AL9-FEBFXUU78-f76b04df81\/screen_shot_2018-11-22_at_9.31.36_am_720.png?t=xoxe-249239010689-7383763303600-7346417720535-c8977b2d870e66a58192db1f0484baaa",
                "thumb_720_w": 668,
                "thumb_720_h": 720,
                "thumb_800": "https:\/\/files.slack.com\/files-tmb\/T7B710AL9-FEBFXUU78-f76b04df81\/screen_shot_2018-11-22_at_9.31.36_am_800.png?t=xoxe-249239010689-7383763303600-7346417720535-c8977b2d870e66a58192db1f0484baaa",
                "thumb_800_w": 800,
                "thumb_800_h": 862,
                "thumb_960": "https:\/\/files.slack.com\/files-tmb\/T7B710AL9-FEBFXUU78-f76b04df81\/screen_shot_2018-11-22_at_9.31.36_am_960.png?t=xoxe-249239010689-7383763303600-7346417720535-c8977b2d870e66a58192db1f0484baaa",
                "thumb_960_w": 891,
                "thumb_960_h": 960,
                "thumb_1024": "https:\/\/files.slack.com\/files-tmb\/T7B710AL9-FEBFXUU78-f76b04df81\/screen_shot_2018-11-22_at_9.31.36_am_1024.png?t=xoxe-249239010689-7383763303600-7346417720535-c8977b2d870e66a58192db1f0484baaa",
                "thumb_1024_w": 950,
                "thumb_1024_h": 1024,
                "image_exif_rotation": 1,
                "original_w": 1290,
                "original_h": 1390,
                "permalink": "https:\/\/swarthmoreultimate.slack.com\/files\/U7BPUMEAY\/FEBFXUU78\/screen_shot_2018-11-22_at_9.31.36_am.png",
                "permalink_public": "https:\/\/slack-files.com\/T7B710AL9-FEBFXUU78-d8e0b8e461",
                "is_starred": false,
                "has_rich_preview": false,
                "file_access": "visible"
            }
        ],
        "upload": true,
        "user": "U7BPUMEAY",
        "display_as_bot": false,
        "type": "message",
        "ts": "1542897181.000100",
        "reactions": [
            {
                "name": "non-potable_water",
                "users": [
                    "U868GK012",
                    "UCLD8BFM0",
                    "U7C5VN3U1",
                    "U7BHXDGSV",
                    "U7D0YG3J4",
                    "UCPPDTERY",
                    "U7CEH7CGM"
                ],
                "count": 7
            },
            {
                "name": "lick",
                "users": [
                    "UCVGWJDB8"
                ],
                "count": 1
            }
        ]
    },
    {
        "user": "U7CEH7CGM",
        "type": "message",
        "ts": "1542936789.001400",
        "client_msg_id": "7028df59-3856-45ea-b1e1-3d4a3b757839",
        "text": "citing teen vogue in your thesis",
        "team": "T7B710AL9",
        "user_team": "T7B710AL9",
        "source_team": "T7B710AL9",
        "user_profile": {
            "avatar_hash": "586b2b51da50",
            "image_72": "https:\/\/avatars.slack-edge.com\/2018-12-17\/504857144561_586b2b51da50812410ae_72.png",
            "first_name": "Alex",
            "real_name": "Alex Jin",
            "display_name": "Ajin2",
            "team": "T7B710AL9",
            "name": "ajin2",
            "is_restricted": false,
            "is_ultra_restricted": false
        },
        "blocks": [
            {
                "type": "rich_text",
                "block_id": "=jt",
                "elements": [
                    {
                        "type": "rich_text_section",
                        "elements": [
                            {
                                "type": "text",
                                "text": "citing teen vogue in your thesis"
                            }
                        ]
                    }
                ]
            }
        ],
        "reactions": [
            {
                "name": "potable_water",
                "users": [
                    "U7C5VN3U1",
                    "UCPPDTERY",
                    "U8CM2ST63",
                    "U7F238X5F",
                    "U7BPUMEAY",
                    "U7CQU3U6B"
                ],
                "count": 6
            }
        ]
    },
    {
        "user": "U89GWBNNA",
        "type": "message",
        "ts": "1542941732.002300",
        "client_msg_id": "2AD197D1-F0F2-48BC-91A5-B5D2FC1DD690",
        "text": "My grandmother saying Trump is retarded",
        "team": "T7B710AL9",
        "user_team": "T7B710AL9",
        "source_team": "T7B710AL9",
        "user_profile": {
            "avatar_hash": "3aa2960ed82b",
            "image_72": "https:\/\/avatars.slack-edge.com\/2019-06-24\/668472322033_3aa2960ed82b167e956a_72.png",
            "first_name": "Charles",
            "real_name": "Charles Cole",
            "display_name": "Lox",
            "team": "T7B710AL9",
            "name": "chcole07",
            "is_restricted": false,
            "is_ultra_restricted": false
        },
        "thread_ts": "1542941732.002300",
        "reply_count": 1,
        "reply_users_count": 1,
        "latest_reply": "1542941842.002400",
        "reply_users": [
            "U7C7WMV52"
        ],
        "replies": [
            {
                "user": "U7C7WMV52",
                "ts": "1542941842.002400"
            }
        ],
        "is_locked": false,
        "subscribed": false,
        "blocks": [
            {
                "type": "rich_text",
                "block_id": "0366P",
                "elements": [
                    {
                        "type": "rich_text_section",
                        "elements": [
                            {
                                "type": "text",
                                "text": "My grandmother saying Trump is retarded"
                            }
                        ]
                    }
                ]
            }
        ]
    },
    {
        "user": "U7C7WMV52",
        "type": "message",
        "ts": "1542941842.002400",
        "client_msg_id": "d0ecdf70-56ed-4754-8edf-9c0a68f20b28",
        "text": "no grand ma",
        "team": "T7B710AL9",
        "user_team": "T7B710AL9",
        "source_team": "T7B710AL9",
        "user_profile": {
            "avatar_hash": "ba74640ec113",
            "image_72": "https:\/\/avatars.slack-edge.com\/2018-09-23\/441365102883_ba74640ec113a0bce943_72.jpg",
            "first_name": "Sagnik",
            "real_name": "Sagnik",
            "display_name": "Lick",
            "team": "T7B710AL9",
            "name": "sg.sagnik",
            "is_restricted": false,
            "is_ultra_restricted": false
        },
        "thread_ts": "1542941732.002300",
        "parent_user_id": "U89GWBNNA",
        "blocks": [
            {
                "type": "rich_text",
                "block_id": "sCQCE",
                "elements": [
                    {
                        "type": "rich_text_section",
                        "elements": [
                            {
                                "type": "text",
                                "text": "no grand ma"
                            }
                        ]
                    }
                ]
            }
        ]
    }
]