[
    {
        "user": "U7CAKF8CS",
        "type": "message",
        "ts": "1538615112.000100",
        "client_msg_id": "377D09C6-7FAC-4961-BA0C-CAD350664F10",
        "text": "The moodle text editor caught an error google docs missed ",
        "team": "T7B710AL9",
        "user_team": "T7B710AL9",
        "source_team": "T7B710AL9",
        "user_profile": {
            "avatar_hash": "0f2bdbac8459",
            "image_72": "https:\/\/avatars.slack-edge.com\/2020-08-28\/1330649910978_0f2bdbac845919cd6e01_72.png",
            "first_name": "Rye",
            "real_name": "Rye Buckley",
            "display_name": "blu",
            "team": "T7B710AL9",
            "name": "rbuckle1",
            "is_restricted": false,
            "is_ultra_restricted": false
        },
        "blocks": [
            {
                "type": "rich_text",
                "block_id": "Lnj",
                "elements": [
                    {
                        "type": "rich_text_section",
                        "elements": [
                            {
                                "type": "text",
                                "text": "The moodle text editor caught an error google docs missed"
                            }
                        ]
                    }
                ]
            }
        ],
        "reactions": [
            {
                "name": "googleshets",
                "users": [
                    "UCW023U3G",
                    "UCPPDTERY",
                    "UCU27FNLT",
                    "U7DL9CX6W",
                    "U7BFY2LQH",
                    "U7C5VN3U1",
                    "U7CUH2Z70",
                    "U7CQU3U6B",
                    "U7BHXDGSV",
                    "U7DQHCFHT",
                    "U868GK012",
                    "U7C7WMV52",
                    "U7DLA082W"
                ],
                "count": 13
            }
        ]
    }
]