[
    {
        "user": "U7DL9CX6W",
        "type": "message",
        "ts": "1533486640.000036",
        "client_msg_id": "00BC93B0-9D29-4666-B0E8-44B722BF7827",
        "text": "Drinking\/eating while using the bathroom ",
        "team": "T7B710AL9",
        "user_team": "T7B710AL9",
        "source_team": "T7B710AL9",
        "user_profile": {
            "avatar_hash": "635c76d5972f",
            "image_72": "https:\/\/avatars.slack-edge.com\/2023-02-20\/4818285176551_635c76d5972f9151b099_72.png",
            "first_name": "Michael",
            "real_name": "Michael Trainor",
            "display_name": "Whip",
            "team": "T7B710AL9",
            "name": "mtraino1",
            "is_restricted": false,
            "is_ultra_restricted": false
        },
        "blocks": [
            {
                "type": "rich_text",
                "block_id": "DhI",
                "elements": [
                    {
                        "type": "rich_text_section",
                        "elements": [
                            {
                                "type": "text",
                                "text": "Drinking\/eating while using the bathroom"
                            }
                        ]
                    }
                ]
            }
        ]
    },
    {
        "user": "U7BPV9XJQ",
        "type": "message",
        "ts": "1533486887.000026",
        "client_msg_id": "12134a8c-967a-4560-9393-1b11621bd3c7",
        "text": "This is not morally ambiguous simply efficient",
        "team": "T7B710AL9",
        "user_team": "T7B710AL9",
        "source_team": "T7B710AL9",
        "user_profile": {
            "avatar_hash": "f7b9e2eb0e99",
            "image_72": "https:\/\/avatars.slack-edge.com\/2019-02-04\/540758259841_f7b9e2eb0e9941c4485e_72.png",
            "first_name": "Muha",
            "real_name": "Muha Haque",
            "display_name": "Muha",
            "team": "T7B710AL9",
            "name": "mhaque2",
            "is_restricted": false,
            "is_ultra_restricted": false
        },
        "thread_ts": "1533486887.000026",
        "reply_count": 2,
        "reply_users_count": 2,
        "latest_reply": "1533646439.000360",
        "reply_users": [
            "U7BCAGWUQ",
            "U7C7WMV52"
        ],
        "replies": [
            {
                "user": "U7BCAGWUQ",
                "ts": "1533495517.000002"
            },
            {
                "user": "U7C7WMV52",
                "ts": "1533646439.000360"
            }
        ],
        "is_locked": false,
        "subscribed": false,
        "blocks": [
            {
                "type": "rich_text",
                "block_id": "Kyte",
                "elements": [
                    {
                        "type": "rich_text_section",
                        "elements": [
                            {
                                "type": "text",
                                "text": "This is not morally ambiguous simply efficient"
                            }
                        ]
                    }
                ]
            }
        ],
        "reactions": [
            {
                "name": "fingerguns",
                "users": [
                    "U7DL9CX6W",
                    "U89GWBNNA",
                    "U7BCAGWUQ",
                    "U7C8U72LB",
                    "U7C7WMV52",
                    "U7C5VN3U1"
                ],
                "count": 6
            }
        ]
    },
    {
        "user": "U7BCAGWUQ",
        "type": "message",
        "ts": "1533495517.000002",
        "edited": {
            "user": "U7BCAGWUQ",
            "ts": "1533495554.000000"
        },
        "client_msg_id": "baecf457-75a8-45b4-97fe-3bbc3ef871c1",
        "text": "<@U7E6Q7K0D> maximum efficiency",
        "team": "T7B710AL9",
        "user_team": "T7B710AL9",
        "source_team": "T7B710AL9",
        "user_profile": {
            "avatar_hash": "b3fc544b04dc",
            "image_72": "https:\/\/avatars.slack-edge.com\/2018-11-10\/476915393109_b3fc544b04dc4d997fbb_72.jpg",
            "first_name": "Terrence",
            "real_name": "Terrence Xiao",
            "display_name": "trance",
            "team": "T7B710AL9",
            "name": "txiao1",
            "is_restricted": false,
            "is_ultra_restricted": false
        },
        "thread_ts": "1533486887.000026",
        "parent_user_id": "U7BPV9XJQ",
        "blocks": [
            {
                "type": "rich_text",
                "block_id": "sUo",
                "elements": [
                    {
                        "type": "rich_text_section",
                        "elements": [
                            {
                                "type": "user",
                                "user_id": "U7E6Q7K0D"
                            },
                            {
                                "type": "text",
                                "text": " maximum efficiency"
                            }
                        ]
                    }
                ]
            }
        ]
    }
]