[
    {
        "user": "U7BFY2LQH",
        "type": "message",
        "ts": "1544583980.054200",
        "client_msg_id": "dd046eb2-05cd-4f35-b9b1-410beb0b9ff2",
        "text": "Making a 23-page cover page so my essay only has to be 1 page long with a page of citations",
        "team": "T7B710AL9",
        "user_team": "T7B710AL9",
        "source_team": "T7B710AL9",
        "user_profile": {
            "avatar_hash": "1745198e693f",
            "image_72": "https:\/\/avatars.slack-edge.com\/2018-07-19\/401624787187_1745198e693f1193975a_72.jpg",
            "first_name": "Sam",
            "real_name": "Sam Gardner",
            "display_name": "Waterbear, M.D.",
            "team": "T7B710AL9",
            "name": "sgardne1",
            "is_restricted": false,
            "is_ultra_restricted": false
        },
        "thread_ts": "1544583980.054200",
        "reply_count": 2,
        "reply_users_count": 2,
        "latest_reply": "1544584034.054700",
        "reply_users": [
            "U7CEH7CGM",
            "U7CQU3U6B"
        ],
        "replies": [
            {
                "user": "U7CEH7CGM",
                "ts": "1544584010.054300"
            },
            {
                "user": "U7CQU3U6B",
                "ts": "1544584034.054700"
            }
        ],
        "is_locked": false,
        "subscribed": false,
        "blocks": [
            {
                "type": "rich_text",
                "block_id": "WMt",
                "elements": [
                    {
                        "type": "rich_text_section",
                        "elements": [
                            {
                                "type": "text",
                                "text": "Making a 23-page cover page so my essay only has to be 1 page long with a page of citations"
                            }
                        ]
                    }
                ]
            }
        ],
        "reactions": [
            {
                "name": "sadbear",
                "users": [
                    "U7CQU3U6B",
                    "U7CEH7CGM",
                    "U8CM2ST63"
                ],
                "count": 3
            },
            {
                "name": "potable_water",
                "users": [
                    "U7BHXDGSV",
                    "U7F238X5F",
                    "UCVGWJDB8"
                ],
                "count": 3
            }
        ]
    },
    {
        "user": "U7CEH7CGM",
        "type": "message",
        "ts": "1544584010.054300",
        "client_msg_id": "617f9bc0-9648-4e65-8352-bc8c2319ddce",
        "text": "stop procrastinating you fool",
        "team": "T7B710AL9",
        "user_team": "T7B710AL9",
        "source_team": "T7B710AL9",
        "user_profile": {
            "avatar_hash": "586b2b51da50",
            "image_72": "https:\/\/avatars.slack-edge.com\/2018-12-17\/504857144561_586b2b51da50812410ae_72.png",
            "first_name": "Alex",
            "real_name": "Alex Jin",
            "display_name": "Ajin2",
            "team": "T7B710AL9",
            "name": "ajin2",
            "is_restricted": false,
            "is_ultra_restricted": false
        },
        "thread_ts": "1544583980.054200",
        "parent_user_id": "U7BFY2LQH",
        "blocks": [
            {
                "type": "rich_text",
                "block_id": "b\/5",
                "elements": [
                    {
                        "type": "rich_text_section",
                        "elements": [
                            {
                                "type": "text",
                                "text": "stop procrastinating you fool"
                            }
                        ]
                    }
                ]
            }
        ]
    },
    {
        "user": "U7CQU3U6B",
        "type": "message",
        "ts": "1544584034.054700",
        "client_msg_id": "178CF5BF-B8A3-45C4-914A-5E75CB3D68BD",
        "text": "valid ",
        "team": "T7B710AL9",
        "user_team": "T7B710AL9",
        "source_team": "T7B710AL9",
        "user_profile": {
            "avatar_hash": "9aa821409e67",
            "image_72": "https:\/\/avatars.slack-edge.com\/2018-11-13\/478546525250_9aa821409e67096e9da5_72.png",
            "first_name": "Richelle",
            "real_name": "Richelle Robinson",
            "display_name": "R ic h   el    l",
            "team": "T7B710AL9",
            "name": "rrobins1",
            "is_restricted": false,
            "is_ultra_restricted": false
        },
        "thread_ts": "1544583980.054200",
        "parent_user_id": "U7BFY2LQH",
        "blocks": [
            {
                "type": "rich_text",
                "block_id": "0qrW",
                "elements": [
                    {
                        "type": "rich_text_section",
                        "elements": [
                            {
                                "type": "text",
                                "text": "valid"
                            }
                        ]
                    }
                ]
            }
        ],
        "reactions": [
            {
                "name": "-1",
                "users": [
                    "U7CEH7CGM",
                    "U8CM2ST63"
                ],
                "count": 2
            },
            {
                "name": "+1",
                "users": [
                    "U7BHXDGSV",
                    "U8CM2ST63"
                ],
                "count": 2
            }
        ]
    },
    {
        "user": "U7CQU3U6B",
        "type": "message",
        "ts": "1544584406.056300",
        "client_msg_id": "EDECEF35-B96D-4F80-8FC0-4152457017EE",
        "text": "becky rigged the worms captain elections when she ran them ",
        "team": "T7B710AL9",
        "user_team": "T7B710AL9",
        "source_team": "T7B710AL9",
        "user_profile": {
            "avatar_hash": "9aa821409e67",
            "image_72": "https:\/\/avatars.slack-edge.com\/2018-11-13\/478546525250_9aa821409e67096e9da5_72.png",
            "first_name": "Richelle",
            "real_name": "Richelle Robinson",
            "display_name": "R ic h   el    l",
            "team": "T7B710AL9",
            "name": "rrobins1",
            "is_restricted": false,
            "is_ultra_restricted": false
        },
        "thread_ts": "1544584406.056300",
        "reply_count": 3,
        "reply_users_count": 3,
        "latest_reply": "1544584896.057200",
        "reply_users": [
            "U7DKWL5U2",
            "U7CQU3U6B",
            "U7C5VN3U1"
        ],
        "replies": [
            {
                "user": "U7DKWL5U2",
                "ts": "1544584424.056500"
            },
            {
                "user": "U7CQU3U6B",
                "ts": "1544584527.057000"
            },
            {
                "user": "U7C5VN3U1",
                "ts": "1544584896.057200"
            }
        ],
        "is_locked": false,
        "subscribed": false,
        "blocks": [
            {
                "type": "rich_text",
                "block_id": "sVPvx",
                "elements": [
                    {
                        "type": "rich_text_section",
                        "elements": [
                            {
                                "type": "text",
                                "text": "becky rigged the worms captain elections when she ran them"
                            }
                        ]
                    }
                ]
            }
        ]
    },
    {
        "user": "U7DKWL5U2",
        "type": "message",
        "ts": "1544584424.056500",
        "client_msg_id": "CC20021F-C972-4782-ADDC-03E799B768B2",
        "text": "What",
        "team": "T7B710AL9",
        "user_team": "T7B710AL9",
        "source_team": "T7B710AL9",
        "user_profile": {
            "avatar_hash": "1a5b7d89096b",
            "image_72": "https:\/\/avatars.slack-edge.com\/2019-03-06\/568729550272_1a5b7d89096b9e952460_72.png",
            "first_name": "Ethan",
            "real_name": "Ethan Chapman",
            "display_name": "Lil'Gup",
            "team": "T7B710AL9",
            "name": "echapma2",
            "is_restricted": false,
            "is_ultra_restricted": false
        },
        "thread_ts": "1544584406.056300",
        "parent_user_id": "U7CQU3U6B",
        "blocks": [
            {
                "type": "rich_text",
                "block_id": "EgBgj",
                "elements": [
                    {
                        "type": "rich_text_section",
                        "elements": [
                            {
                                "type": "text",
                                "text": "What"
                            }
                        ]
                    }
                ]
            }
        ]
    },
    {
        "user": "U7CQU3U6B",
        "type": "message",
        "ts": "1544584527.057000",
        "client_msg_id": "5BF26A31-DC8E-4BBD-8297-C894053AEF96",
        "text": "(she did not do this this is a joke but lox believes)",
        "team": "T7B710AL9",
        "user_team": "T7B710AL9",
        "source_team": "T7B710AL9",
        "user_profile": {
            "avatar_hash": "9aa821409e67",
            "image_72": "https:\/\/avatars.slack-edge.com\/2018-11-13\/478546525250_9aa821409e67096e9da5_72.png",
            "first_name": "Richelle",
            "real_name": "Richelle Robinson",
            "display_name": "R ic h   el    l",
            "team": "T7B710AL9",
            "name": "rrobins1",
            "is_restricted": false,
            "is_ultra_restricted": false
        },
        "thread_ts": "1544584406.056300",
        "parent_user_id": "U7CQU3U6B",
        "blocks": [
            {
                "type": "rich_text",
                "block_id": "fJREe",
                "elements": [
                    {
                        "type": "rich_text_section",
                        "elements": [
                            {
                                "type": "text",
                                "text": "(she did not do this this is a joke but lox believes)"
                            }
                        ]
                    }
                ]
            }
        ]
    },
    {
        "user": "U7C5VN3U1",
        "type": "message",
        "ts": "1544584896.057200",
        "client_msg_id": "b9e37afc-0e2b-4236-ac89-807df934bc2b",
        "text": "I fucking knew it",
        "team": "T7B710AL9",
        "user_team": "T7B710AL9",
        "source_team": "T7B710AL9",
        "user_profile": {
            "avatar_hash": "4adb1c10386b",
            "image_72": "https:\/\/avatars.slack-edge.com\/2018-11-20\/484222800036_4adb1c10386b1f9a1443_72.png",
            "first_name": "Max",
            "real_name": "Max Franklin",
            "display_name": "Max",
            "team": "T7B710AL9",
            "name": "mfrankl2",
            "is_restricted": false,
            "is_ultra_restricted": false
        },
        "thread_ts": "1544584406.056300",
        "parent_user_id": "U7CQU3U6B",
        "blocks": [
            {
                "type": "rich_text",
                "block_id": "K+NE",
                "elements": [
                    {
                        "type": "rich_text_section",
                        "elements": [
                            {
                                "type": "text",
                                "text": "I fucking knew it"
                            }
                        ]
                    }
                ]
            }
        ]
    }
]