[
    {
        "user": "U89GWBNNA",
        "type": "message",
        "ts": "1541789550.000900",
        "client_msg_id": "16514E3B-A268-40E6-9EE0-20DBB7463544",
        "text": "Kesh eating a cookie my mom made, telling me it tasted terrible and then DMing me the next day saying sorry",
        "team": "T7B710AL9",
        "user_team": "T7B710AL9",
        "source_team": "T7B710AL9",
        "user_profile": {
            "avatar_hash": "3aa2960ed82b",
            "image_72": "https:\/\/avatars.slack-edge.com\/2019-06-24\/668472322033_3aa2960ed82b167e956a_72.png",
            "first_name": "Charles",
            "real_name": "Charles Cole",
            "display_name": "Lox",
            "team": "T7B710AL9",
            "name": "chcole07",
            "is_restricted": false,
            "is_ultra_restricted": false
        },
        "thread_ts": "1541789550.000900",
        "reply_count": 3,
        "reply_users_count": 3,
        "latest_reply": "1541793694.001900",
        "reply_users": [
            "U7DL9CX6W",
            "U7CUH2Z70",
            "UCVGWJDB8"
        ],
        "replies": [
            {
                "user": "U7DL9CX6W",
                "ts": "1541789600.001100"
            },
            {
                "user": "U7CUH2Z70",
                "ts": "1541791297.001500"
            },
            {
                "user": "UCVGWJDB8",
                "ts": "1541793694.001900"
            }
        ],
        "is_locked": false,
        "subscribed": false,
        "blocks": [
            {
                "type": "rich_text",
                "block_id": "55S",
                "elements": [
                    {
                        "type": "rich_text_section",
                        "elements": [
                            {
                                "type": "text",
                                "text": "Kesh eating a cookie my mom made, telling me it tasted terrible and then DMing me the next day saying sorry"
                            }
                        ]
                    }
                ]
            }
        ],
        "reactions": [
            {
                "name": "yikesgrass",
                "users": [
                    "U7CEH7CGM",
                    "U7DKWL5U2"
                ],
                "count": 2
            },
            {
                "name": "keshdafuq",
                "users": [
                    "U7DL9CX6W",
                    "UCPPDTERY",
                    "U7C8U72LB",
                    "U7CEH7CGM",
                    "U7CQU3U6B",
                    "U7DKWL5U2",
                    "U7BPUMEAY"
                ],
                "count": 7
            }
        ]
    },
    {
        "user": "U7DL9CX6W",
        "type": "message",
        "ts": "1541789600.001100",
        "client_msg_id": "054104ba-3c37-4ae4-9f0f-831fbe981843",
        "text": "Those cookies were delicious, big :thumbsdown: at Kesh",
        "team": "T7B710AL9",
        "user_team": "T7B710AL9",
        "source_team": "T7B710AL9",
        "user_profile": {
            "avatar_hash": "635c76d5972f",
            "image_72": "https:\/\/avatars.slack-edge.com\/2023-02-20\/4818285176551_635c76d5972f9151b099_72.png",
            "first_name": "Michael",
            "real_name": "Michael Trainor",
            "display_name": "Whip",
            "team": "T7B710AL9",
            "name": "mtraino1",
            "is_restricted": false,
            "is_ultra_restricted": false
        },
        "thread_ts": "1541789550.000900",
        "parent_user_id": "U89GWBNNA",
        "blocks": [
            {
                "type": "rich_text",
                "block_id": "jmhc",
                "elements": [
                    {
                        "type": "rich_text_section",
                        "elements": [
                            {
                                "type": "text",
                                "text": "Those cookies were delicious, big "
                            },
                            {
                                "type": "emoji",
                                "name": "thumbsdown",
                                "unicode": "1f44e"
                            },
                            {
                                "type": "text",
                                "text": " at Kesh"
                            }
                        ]
                    }
                ]
            }
        ]
    },
    {
        "user": "U7CUH2Z70",
        "type": "message",
        "ts": "1541791297.001500",
        "client_msg_id": "ce2b67d3-c9d3-4b5a-a38d-c5f26b9c46e8",
        "text": "I didnt know they were made by his mom. Regardless they weren't good",
        "team": "T7B710AL9",
        "user_team": "T7B710AL9",
        "source_team": "T7B710AL9",
        "user_profile": {
            "avatar_hash": "b994d311f580",
            "image_72": "https:\/\/avatars.slack-edge.com\/2020-02-25\/969610744726_b994d311f58072c3a1d2_72.jpg",
            "first_name": "Keshav",
            "real_name": "Keshav Patel",
            "display_name": "Keshav",
            "team": "T7B710AL9",
            "name": "kpatel2",
            "is_restricted": false,
            "is_ultra_restricted": false
        },
        "thread_ts": "1541789550.000900",
        "parent_user_id": "U89GWBNNA",
        "blocks": [
            {
                "type": "rich_text",
                "block_id": "38SaO",
                "elements": [
                    {
                        "type": "rich_text_section",
                        "elements": [
                            {
                                "type": "text",
                                "text": "I didnt know they were made by his mom. Regardless they weren't good"
                            }
                        ]
                    }
                ]
            }
        ],
        "reactions": [
            {
                "name": "breadhell",
                "users": [
                    "U7BPUMEAY"
                ],
                "count": 1
            }
        ]
    },
    {
        "user": "UCVGWJDB8",
        "type": "message",
        "ts": "1541793694.001900",
        "client_msg_id": "c7df8897-c164-4693-a0f7-60440b632888",
        "text": "I got a cookie last night from Jfli which was tasty although oddly wet. I assume it was one of yours",
        "team": "T7B710AL9",
        "user_team": "T7B710AL9",
        "source_team": "T7B710AL9",
        "user_profile": {
            "avatar_hash": "3146f470029a",
            "image_72": "https:\/\/avatars.slack-edge.com\/2018-10-27\/467046307783_3146f470029a7a4f7e7c_72.jpg",
            "first_name": "George",
            "real_name": "George Curtis",
            "display_name": "Jorjito",
            "team": "T7B710AL9",
            "name": "gcurtis1",
            "is_restricted": false,
            "is_ultra_restricted": false
        },
        "thread_ts": "1541789550.000900",
        "parent_user_id": "U89GWBNNA",
        "blocks": [
            {
                "type": "rich_text",
                "block_id": "W\/2w1",
                "elements": [
                    {
                        "type": "rich_text_section",
                        "elements": [
                            {
                                "type": "text",
                                "text": "I got a cookie last night from Jfli which was tasty although oddly wet. I assume it was one of yours"
                            }
                        ]
                    }
                ]
            }
        ]
    },
    {
        "text": "",
        "files": [
            {
                "id": "FE0DZDG3X",
                "created": 1541796161,
                "timestamp": 1541796161,
                "name": "Image from iOS.jpg",
                "title": "Image from iOS",
                "mimetype": "image\/jpeg",
                "filetype": "jpg",
                "pretty_type": "JPEG",
                "user": "U7CQU3U6B",
                "user_team": "T7B710AL9",
                "editable": false,
                "size": 9071675,
                "mode": "hosted",
                "is_external": false,
                "external_type": "",
                "is_public": true,
                "public_url_shared": false,
                "display_as_bot": false,
                "username": "",
                "url_private": "https:\/\/files.slack.com\/files-pri\/T7B710AL9-FE0DZDG3X\/image_from_ios.jpg?t=xoxe-249239010689-7383763303600-7346417720535-c8977b2d870e66a58192db1f0484baaa",
                "url_private_download": "https:\/\/files.slack.com\/files-pri\/T7B710AL9-FE0DZDG3X\/download\/image_from_ios.jpg?t=xoxe-249239010689-7383763303600-7346417720535-c8977b2d870e66a58192db1f0484baaa",
                "media_display_type": "unknown",
                "thumb_64": "https:\/\/files.slack.com\/files-tmb\/T7B710AL9-FE0DZDG3X-095a189458\/image_from_ios_64.jpg?t=xoxe-249239010689-7383763303600-7346417720535-c8977b2d870e66a58192db1f0484baaa",
                "thumb_80": "https:\/\/files.slack.com\/files-tmb\/T7B710AL9-FE0DZDG3X-095a189458\/image_from_ios_80.jpg?t=xoxe-249239010689-7383763303600-7346417720535-c8977b2d870e66a58192db1f0484baaa",
                "thumb_360": "https:\/\/files.slack.com\/files-tmb\/T7B710AL9-FE0DZDG3X-095a189458\/image_from_ios_360.jpg?t=xoxe-249239010689-7383763303600-7346417720535-c8977b2d870e66a58192db1f0484baaa",
                "thumb_360_w": 270,
                "thumb_360_h": 360,
                "thumb_480": "https:\/\/files.slack.com\/files-tmb\/T7B710AL9-FE0DZDG3X-095a189458\/image_from_ios_480.jpg?t=xoxe-249239010689-7383763303600-7346417720535-c8977b2d870e66a58192db1f0484baaa",
                "thumb_480_w": 360,
                "thumb_480_h": 480,
                "thumb_160": "https:\/\/files.slack.com\/files-tmb\/T7B710AL9-FE0DZDG3X-095a189458\/image_from_ios_160.jpg?t=xoxe-249239010689-7383763303600-7346417720535-c8977b2d870e66a58192db1f0484baaa",
                "thumb_720": "https:\/\/files.slack.com\/files-tmb\/T7B710AL9-FE0DZDG3X-095a189458\/image_from_ios_720.jpg?t=xoxe-249239010689-7383763303600-7346417720535-c8977b2d870e66a58192db1f0484baaa",
                "thumb_720_w": 540,
                "thumb_720_h": 720,
                "thumb_800": "https:\/\/files.slack.com\/files-tmb\/T7B710AL9-FE0DZDG3X-095a189458\/image_from_ios_800.jpg?t=xoxe-249239010689-7383763303600-7346417720535-c8977b2d870e66a58192db1f0484baaa",
                "thumb_800_w": 800,
                "thumb_800_h": 1067,
                "thumb_960": "https:\/\/files.slack.com\/files-tmb\/T7B710AL9-FE0DZDG3X-095a189458\/image_from_ios_960.jpg?t=xoxe-249239010689-7383763303600-7346417720535-c8977b2d870e66a58192db1f0484baaa",
                "thumb_960_w": 720,
                "thumb_960_h": 960,
                "thumb_1024": "https:\/\/files.slack.com\/files-tmb\/T7B710AL9-FE0DZDG3X-095a189458\/image_from_ios_1024.jpg?t=xoxe-249239010689-7383763303600-7346417720535-c8977b2d870e66a58192db1f0484baaa",
                "thumb_1024_w": 768,
                "thumb_1024_h": 1024,
                "image_exif_rotation": 1,
                "original_w": 3024,
                "original_h": 4032,
                "permalink": "https:\/\/swarthmoreultimate.slack.com\/files\/U7CQU3U6B\/FE0DZDG3X\/image_from_ios.jpg",
                "permalink_public": "https:\/\/slack-files.com\/T7B710AL9-FE0DZDG3X-ec1bd67e04",
                "is_starred": false,
                "has_rich_preview": false,
                "file_access": "visible"
            }
        ],
        "upload": true,
        "user": "U7CQU3U6B",
        "display_as_bot": false,
        "upload_reply_to": "122BACCB-1D81-4DA7-9A58-5F251A343E45",
        "type": "message",
        "ts": "1541796171.002200",
        "reactions": [
            {
                "name": "xleila",
                "users": [
                    "U7DL9CX6W",
                    "UCVGWJDB8",
                    "U7DKWL5U2",
                    "U7DHWSHGB"
                ],
                "count": 4
            },
            {
                "name": "potable_water",
                "users": [
                    "UCPPDTERY",
                    "U7BL1F7PD",
                    "U7DKWL5U2"
                ],
                "count": 3
            },
            {
                "name": "happyshep",
                "users": [
                    "U7B71CPG9",
                    "U7BL1F7PD",
                    "U7DKWL5U2"
                ],
                "count": 3
            },
            {
                "name": "wumbo",
                "users": [
                    "U7BHXDGSV",
                    "U7DKWL5U2"
                ],
                "count": 2
            },
            {
                "name": "non-potable_water",
                "users": [
                    "UCVGWJDB8",
                    "U7F238X5F",
                    "U868GK012",
                    "U7DKWL5U2",
                    "U7DHWSHGB"
                ],
                "count": 5
            }
        ]
    }
]