[
    {
        "user": "U7C5VN3U1",
        "type": "message",
        "ts": "1537300997.000100",
        "client_msg_id": "2486bed0-000e-4874-9a0d-eb8aa3581030",
        "text": "it got lost at a tournament",
        "team": "T7B710AL9",
        "user_team": "T7B710AL9",
        "source_team": "T7B710AL9",
        "user_profile": {
            "avatar_hash": "4adb1c10386b",
            "image_72": "https:\/\/avatars.slack-edge.com\/2018-11-20\/484222800036_4adb1c10386b1f9a1443_72.png",
            "first_name": "Max",
            "real_name": "Max Franklin",
            "display_name": "Max",
            "team": "T7B710AL9",
            "name": "mfrankl2",
            "is_restricted": false,
            "is_ultra_restricted": false
        },
        "thread_ts": "1536792105.000100",
        "parent_user_id": "U89GWBNNA",
        "blocks": [
            {
                "type": "rich_text",
                "block_id": "l\/F",
                "elements": [
                    {
                        "type": "rich_text_section",
                        "elements": [
                            {
                                "type": "text",
                                "text": "it got lost at a tournament"
                            }
                        ]
                    }
                ]
            }
        ]
    }
]