[
    {
        "user": "U7C7WMV52",
        "type": "message",
        "ts": "1529170401.000055",
        "client_msg_id": "b91f0236-1639-4d00-b3f8-ce9b1b693ef9",
        "text": "\"accidentally\"",
        "team": "T7B710AL9",
        "user_team": "T7B710AL9",
        "source_team": "T7B710AL9",
        "user_profile": {
            "avatar_hash": "ba74640ec113",
            "image_72": "https:\/\/avatars.slack-edge.com\/2018-09-23\/441365102883_ba74640ec113a0bce943_72.jpg",
            "first_name": "Sagnik",
            "real_name": "Sagnik",
            "display_name": "Lick",
            "team": "T7B710AL9",
            "name": "sg.sagnik",
            "is_restricted": false,
            "is_ultra_restricted": false
        },
        "thread_ts": "1529088344.000456",
        "parent_user_id": "U7BFY2LQH",
        "blocks": [
            {
                "type": "rich_text",
                "block_id": "7LEYh",
                "elements": [
                    {
                        "type": "rich_text_section",
                        "elements": [
                            {
                                "type": "text",
                                "text": "\"accidentally\""
                            }
                        ]
                    }
                ]
            }
        ],
        "reactions": [
            {
                "name": "shookbear",
                "users": [
                    "U8CM2ST63"
                ],
                "count": 1
            }
        ]
    },
    {
        "user": "U7C7WMV52",
        "type": "message",
        "ts": "1529170445.000058",
        "client_msg_id": "c5e841fc-03f0-423b-8317-6705774ade8b",
        "text": "Is it morally ambiguous to not tip at the farmers market?",
        "team": "T7B710AL9",
        "user_team": "T7B710AL9",
        "source_team": "T7B710AL9",
        "user_profile": {
            "avatar_hash": "ba74640ec113",
            "image_72": "https:\/\/avatars.slack-edge.com\/2018-09-23\/441365102883_ba74640ec113a0bce943_72.jpg",
            "first_name": "Sagnik",
            "real_name": "Sagnik",
            "display_name": "Lick",
            "team": "T7B710AL9",
            "name": "sg.sagnik",
            "is_restricted": false,
            "is_ultra_restricted": false
        },
        "blocks": [
            {
                "type": "rich_text",
                "block_id": "DjP",
                "elements": [
                    {
                        "type": "rich_text_section",
                        "elements": [
                            {
                                "type": "text",
                                "text": "Is it morally ambiguous to not tip at the farmers market?"
                            }
                        ]
                    }
                ]
            }
        ],
        "reactions": [
            {
                "name": "itstheperfectcrime",
                "users": [
                    "U7CUH2Z70",
                    "U7DL9CX6W"
                ],
                "count": 2
            }
        ]
    },
    {
        "user": "U868GK012",
        "type": "message",
        "ts": "1529183859.000073",
        "client_msg_id": "0711B32A-FB36-4651-829B-665E9145D737",
        "text": "Nope you’re good ",
        "team": "T7B710AL9",
        "user_team": "T7B710AL9",
        "source_team": "T7B710AL9",
        "user_profile": {
            "avatar_hash": "e6fd7b86fd21",
            "image_72": "https:\/\/avatars.slack-edge.com\/2018-10-18\/458920105140_e6fd7b86fd21f960c65a_72.png",
            "first_name": "Tommy",
            "real_name": "Tommy Dell",
            "display_name": "Father Tom",
            "team": "T7B710AL9",
            "name": "tdell1",
            "is_restricted": false,
            "is_ultra_restricted": false
        },
        "blocks": [
            {
                "type": "rich_text",
                "block_id": "YNkjU",
                "elements": [
                    {
                        "type": "rich_text_section",
                        "elements": [
                            {
                                "type": "text",
                                "text": "Nope you’re good"
                            }
                        ]
                    }
                ]
            }
        ]
    }
]