[
    {
        "user": "U7BFY2LQH",
        "type": "message",
        "ts": "1528118592.000058",
        "client_msg_id": "8425e002-a522-42d1-b9c4-82c8959f6231",
        "text": "I have access to the master keys",
        "team": "T7B710AL9",
        "user_team": "T7B710AL9",
        "source_team": "T7B710AL9",
        "user_profile": {
            "avatar_hash": "1745198e693f",
            "image_72": "https:\/\/avatars.slack-edge.com\/2018-07-19\/401624787187_1745198e693f1193975a_72.jpg",
            "first_name": "Sam",
            "real_name": "Sam Gardner",
            "display_name": "Waterbear, M.D.",
            "team": "T7B710AL9",
            "name": "sgardne1",
            "is_restricted": false,
            "is_ultra_restricted": false
        },
        "thread_ts": "1528118592.000058",
        "reply_count": 1,
        "reply_users_count": 1,
        "latest_reply": "1528120599.000129",
        "reply_users": [
            "U7CEH7CGM"
        ],
        "replies": [
            {
                "user": "U7CEH7CGM",
                "ts": "1528120599.000129"
            }
        ],
        "is_locked": false,
        "subscribed": false,
        "blocks": [
            {
                "type": "rich_text",
                "block_id": "2uGZ",
                "elements": [
                    {
                        "type": "rich_text_section",
                        "elements": [
                            {
                                "type": "text",
                                "text": "I have access to the master keys"
                            }
                        ]
                    }
                ]
            }
        ],
        "reactions": [
            {
                "name": "moth_daddy",
                "users": [
                    "U7CEH7CGM"
                ],
                "count": 1
            },
            {
                "name": "lolmuha",
                "users": [
                    "U7CUH2Z70"
                ],
                "count": 1
            }
        ]
    },
    {
        "user": "U7CEH7CGM",
        "type": "message",
        "ts": "1528120599.000129",
        "text": "who thought this was a good idea",
        "team": "T7B710AL9",
        "user_team": "T7B710AL9",
        "source_team": "T7B710AL9",
        "user_profile": {
            "avatar_hash": "586b2b51da50",
            "image_72": "https:\/\/avatars.slack-edge.com\/2018-12-17\/504857144561_586b2b51da50812410ae_72.png",
            "first_name": "Alex",
            "real_name": "Alex Jin",
            "display_name": "Ajin2",
            "team": "T7B710AL9",
            "name": "ajin2",
            "is_restricted": false,
            "is_ultra_restricted": false
        },
        "thread_ts": "1528118592.000058",
        "parent_user_id": "U7BFY2LQH",
        "blocks": [
            {
                "type": "rich_text",
                "block_id": "HkE",
                "elements": [
                    {
                        "type": "rich_text_section",
                        "elements": [
                            {
                                "type": "text",
                                "text": "who thought this was a good idea"
                            }
                        ]
                    }
                ]
            }
        ]
    },
    {
        "user": "U7FM9RC5B",
        "type": "message",
        "ts": "1528121323.000517",
        "client_msg_id": "b5579096-119e-442b-b78b-861ee38d2708",
        "text": "I need ten minutes with them...for research",
        "team": "T7B710AL9",
        "user_team": "T7B710AL9",
        "source_team": "T7B710AL9",
        "user_profile": {
            "avatar_hash": "504540a75bb5",
            "image_72": "https:\/\/avatars.slack-edge.com\/2020-01-26\/922781589104_504540a75bb5765fa71d_72.jpg",
            "first_name": "Nathan",
            "real_name": "Nathan Moreno-Mendelson",
            "display_name": "Nathan",
            "team": "T7B710AL9",
            "name": "nmoreno1",
            "is_restricted": false,
            "is_ultra_restricted": false
        },
        "blocks": [
            {
                "type": "rich_text",
                "block_id": "bUfw",
                "elements": [
                    {
                        "type": "rich_text_section",
                        "elements": [
                            {
                                "type": "text",
                                "text": "I need ten minutes with them...for research"
                            }
                        ]
                    }
                ]
            }
        ]
    }
]