[
    {
        "text": "Sauce has the new assassins creed on google stream...",
        "files": [
            {
                "id": "FDDL8QP9V",
                "created": 1539303859,
                "timestamp": 1539303859,
                "name": "Image from iOS.jpg",
                "title": "Image from iOS",
                "mimetype": "image\/jpeg",
                "filetype": "jpg",
                "pretty_type": "JPEG",
                "user": "U7DKWL5U2",
                "user_team": "T7B710AL9",
                "editable": false,
                "size": 7049429,
                "mode": "hosted",
                "is_external": false,
                "external_type": "",
                "is_public": true,
                "public_url_shared": false,
                "display_as_bot": false,
                "username": "",
                "url_private": "https:\/\/files.slack.com\/files-pri\/T7B710AL9-FDDL8QP9V\/image_from_ios.jpg?t=xoxe-249239010689-7383763303600-7346417720535-c8977b2d870e66a58192db1f0484baaa",
                "url_private_download": "https:\/\/files.slack.com\/files-pri\/T7B710AL9-FDDL8QP9V\/download\/image_from_ios.jpg?t=xoxe-249239010689-7383763303600-7346417720535-c8977b2d870e66a58192db1f0484baaa",
                "media_display_type": "unknown",
                "thumb_64": "https:\/\/files.slack.com\/files-tmb\/T7B710AL9-FDDL8QP9V-5b2948d2b9\/image_from_ios_64.jpg?t=xoxe-249239010689-7383763303600-7346417720535-c8977b2d870e66a58192db1f0484baaa",
                "thumb_80": "https:\/\/files.slack.com\/files-tmb\/T7B710AL9-FDDL8QP9V-5b2948d2b9\/image_from_ios_80.jpg?t=xoxe-249239010689-7383763303600-7346417720535-c8977b2d870e66a58192db1f0484baaa",
                "thumb_360": "https:\/\/files.slack.com\/files-tmb\/T7B710AL9-FDDL8QP9V-5b2948d2b9\/image_from_ios_360.jpg?t=xoxe-249239010689-7383763303600-7346417720535-c8977b2d870e66a58192db1f0484baaa",
                "thumb_360_w": 270,
                "thumb_360_h": 360,
                "thumb_480": "https:\/\/files.slack.com\/files-tmb\/T7B710AL9-FDDL8QP9V-5b2948d2b9\/image_from_ios_480.jpg?t=xoxe-249239010689-7383763303600-7346417720535-c8977b2d870e66a58192db1f0484baaa",
                "thumb_480_w": 360,
                "thumb_480_h": 480,
                "thumb_160": "https:\/\/files.slack.com\/files-tmb\/T7B710AL9-FDDL8QP9V-5b2948d2b9\/image_from_ios_160.jpg?t=xoxe-249239010689-7383763303600-7346417720535-c8977b2d870e66a58192db1f0484baaa",
                "thumb_720": "https:\/\/files.slack.com\/files-tmb\/T7B710AL9-FDDL8QP9V-5b2948d2b9\/image_from_ios_720.jpg?t=xoxe-249239010689-7383763303600-7346417720535-c8977b2d870e66a58192db1f0484baaa",
                "thumb_720_w": 540,
                "thumb_720_h": 720,
                "thumb_800": "https:\/\/files.slack.com\/files-tmb\/T7B710AL9-FDDL8QP9V-5b2948d2b9\/image_from_ios_800.jpg?t=xoxe-249239010689-7383763303600-7346417720535-c8977b2d870e66a58192db1f0484baaa",
                "thumb_800_w": 800,
                "thumb_800_h": 1067,
                "thumb_960": "https:\/\/files.slack.com\/files-tmb\/T7B710AL9-FDDL8QP9V-5b2948d2b9\/image_from_ios_960.jpg?t=xoxe-249239010689-7383763303600-7346417720535-c8977b2d870e66a58192db1f0484baaa",
                "thumb_960_w": 720,
                "thumb_960_h": 960,
                "thumb_1024": "https:\/\/files.slack.com\/files-tmb\/T7B710AL9-FDDL8QP9V-5b2948d2b9\/image_from_ios_1024.jpg?t=xoxe-249239010689-7383763303600-7346417720535-c8977b2d870e66a58192db1f0484baaa",
                "thumb_1024_w": 768,
                "thumb_1024_h": 1024,
                "image_exif_rotation": 1,
                "original_w": 3024,
                "original_h": 4032,
                "permalink": "https:\/\/swarthmoreultimate.slack.com\/files\/U7DKWL5U2\/FDDL8QP9V\/image_from_ios.jpg",
                "permalink_public": "https:\/\/slack-files.com\/T7B710AL9-FDDL8QP9V-5f51402cbf",
                "is_starred": false,
                "has_rich_preview": false,
                "file_access": "visible"
            }
        ],
        "upload": true,
        "user": "U7DKWL5U2",
        "display_as_bot": false,
        "blocks": [
            {
                "type": "rich_text",
                "block_id": "qyI+",
                "elements": [
                    {
                        "type": "rich_text_section",
                        "elements": [
                            {
                                "type": "text",
                                "text": "Sauce has the new assassins creed on google stream..."
                            }
                        ]
                    }
                ]
            }
        ],
        "type": "message",
        "ts": "1539303867.000100",
        "client_msg_id": "78450E56-D258-46F0-99C8-471721A4B441",
        "thread_ts": "1539303867.000100",
        "reply_count": 2,
        "reply_users_count": 2,
        "latest_reply": "1539320086.000100",
        "reply_users": [
            "U7DL9CX6W",
            "U7DKWL5U2"
        ],
        "replies": [
            {
                "user": "U7DL9CX6W",
                "ts": "1539318545.000100"
            },
            {
                "user": "U7DKWL5U2",
                "ts": "1539320086.000100"
            }
        ],
        "is_locked": false,
        "subscribed": false
    },
    {
        "user": "U7DL9CX6W",
        "type": "message",
        "ts": "1539318545.000100",
        "client_msg_id": "03FEB160-BE44-4B68-A3F8-08A7B8C28AA3",
        "text": "That rock looks like an uncircumcised dick and balls",
        "team": "T7B710AL9",
        "user_team": "T7B710AL9",
        "source_team": "T7B710AL9",
        "user_profile": {
            "avatar_hash": "635c76d5972f",
            "image_72": "https:\/\/avatars.slack-edge.com\/2023-02-20\/4818285176551_635c76d5972f9151b099_72.png",
            "first_name": "Michael",
            "real_name": "Michael Trainor",
            "display_name": "Whip",
            "team": "T7B710AL9",
            "name": "mtraino1",
            "is_restricted": false,
            "is_ultra_restricted": false
        },
        "thread_ts": "1539303867.000100",
        "parent_user_id": "U7DKWL5U2",
        "blocks": [
            {
                "type": "rich_text",
                "block_id": "5JNL",
                "elements": [
                    {
                        "type": "rich_text_section",
                        "elements": [
                            {
                                "type": "text",
                                "text": "That rock looks like an uncircumcised dick and balls"
                            }
                        ]
                    }
                ]
            }
        ]
    },
    {
        "user": "U7DKWL5U2",
        "type": "message",
        "ts": "1539320086.000100",
        "client_msg_id": "B6C9FB3A-6621-4ED4-8C96-8F88E6AF6C31",
        "text": "It’s the big statue",
        "team": "T7B710AL9",
        "user_team": "T7B710AL9",
        "source_team": "T7B710AL9",
        "user_profile": {
            "avatar_hash": "1a5b7d89096b",
            "image_72": "https:\/\/avatars.slack-edge.com\/2019-03-06\/568729550272_1a5b7d89096b9e952460_72.png",
            "first_name": "Ethan",
            "real_name": "Ethan Chapman",
            "display_name": "Lil'Gup",
            "team": "T7B710AL9",
            "name": "echapma2",
            "is_restricted": false,
            "is_ultra_restricted": false
        },
        "thread_ts": "1539303867.000100",
        "parent_user_id": "U7DKWL5U2",
        "blocks": [
            {
                "type": "rich_text",
                "block_id": "qcV",
                "elements": [
                    {
                        "type": "rich_text_section",
                        "elements": [
                            {
                                "type": "text",
                                "text": "It’s the big statue"
                            }
                        ]
                    }
                ]
            }
        ]
    },
    {
        "text": "Hallowell all blinged out",
        "files": [
            {
                "id": "FDC3KRJ4R",
                "created": 1539320800,
                "timestamp": 1539320800,
                "name": "IMG_20181012_010545.jpg",
                "title": "IMG_20181012_010545.jpg",
                "mimetype": "image\/jpeg",
                "filetype": "jpg",
                "pretty_type": "JPEG",
                "user": "UCVGWJDB8",
                "user_team": "T7B710AL9",
                "editable": false,
                "size": 4076392,
                "mode": "hosted",
                "is_external": false,
                "external_type": "",
                "is_public": true,
                "public_url_shared": false,
                "display_as_bot": false,
                "username": "",
                "url_private": "https:\/\/files.slack.com\/files-pri\/T7B710AL9-FDC3KRJ4R\/img_20181012_010545.jpg?t=xoxe-249239010689-7383763303600-7346417720535-c8977b2d870e66a58192db1f0484baaa",
                "url_private_download": "https:\/\/files.slack.com\/files-pri\/T7B710AL9-FDC3KRJ4R\/download\/img_20181012_010545.jpg?t=xoxe-249239010689-7383763303600-7346417720535-c8977b2d870e66a58192db1f0484baaa",
                "media_display_type": "unknown",
                "thumb_64": "https:\/\/files.slack.com\/files-tmb\/T7B710AL9-FDC3KRJ4R-4c028df855\/img_20181012_010545_64.jpg?t=xoxe-249239010689-7383763303600-7346417720535-c8977b2d870e66a58192db1f0484baaa",
                "thumb_80": "https:\/\/files.slack.com\/files-tmb\/T7B710AL9-FDC3KRJ4R-4c028df855\/img_20181012_010545_80.jpg?t=xoxe-249239010689-7383763303600-7346417720535-c8977b2d870e66a58192db1f0484baaa",
                "thumb_360": "https:\/\/files.slack.com\/files-tmb\/T7B710AL9-FDC3KRJ4R-4c028df855\/img_20181012_010545_360.jpg?t=xoxe-249239010689-7383763303600-7346417720535-c8977b2d870e66a58192db1f0484baaa",
                "thumb_360_w": 270,
                "thumb_360_h": 360,
                "thumb_480": "https:\/\/files.slack.com\/files-tmb\/T7B710AL9-FDC3KRJ4R-4c028df855\/img_20181012_010545_480.jpg?t=xoxe-249239010689-7383763303600-7346417720535-c8977b2d870e66a58192db1f0484baaa",
                "thumb_480_w": 360,
                "thumb_480_h": 480,
                "thumb_160": "https:\/\/files.slack.com\/files-tmb\/T7B710AL9-FDC3KRJ4R-4c028df855\/img_20181012_010545_160.jpg?t=xoxe-249239010689-7383763303600-7346417720535-c8977b2d870e66a58192db1f0484baaa",
                "thumb_720": "https:\/\/files.slack.com\/files-tmb\/T7B710AL9-FDC3KRJ4R-4c028df855\/img_20181012_010545_720.jpg?t=xoxe-249239010689-7383763303600-7346417720535-c8977b2d870e66a58192db1f0484baaa",
                "thumb_720_w": 540,
                "thumb_720_h": 720,
                "thumb_800": "https:\/\/files.slack.com\/files-tmb\/T7B710AL9-FDC3KRJ4R-4c028df855\/img_20181012_010545_800.jpg?t=xoxe-249239010689-7383763303600-7346417720535-c8977b2d870e66a58192db1f0484baaa",
                "thumb_800_w": 800,
                "thumb_800_h": 1067,
                "thumb_960": "https:\/\/files.slack.com\/files-tmb\/T7B710AL9-FDC3KRJ4R-4c028df855\/img_20181012_010545_960.jpg?t=xoxe-249239010689-7383763303600-7346417720535-c8977b2d870e66a58192db1f0484baaa",
                "thumb_960_w": 720,
                "thumb_960_h": 960,
                "thumb_1024": "https:\/\/files.slack.com\/files-tmb\/T7B710AL9-FDC3KRJ4R-4c028df855\/img_20181012_010545_1024.jpg?t=xoxe-249239010689-7383763303600-7346417720535-c8977b2d870e66a58192db1f0484baaa",
                "thumb_1024_w": 768,
                "thumb_1024_h": 1024,
                "image_exif_rotation": 1,
                "original_w": 4160,
                "original_h": 3120,
                "permalink": "https:\/\/swarthmoreultimate.slack.com\/files\/UCVGWJDB8\/FDC3KRJ4R\/img_20181012_010545.jpg",
                "permalink_public": "https:\/\/slack-files.com\/T7B710AL9-FDC3KRJ4R-95f7717ef8",
                "is_starred": false,
                "has_rich_preview": false,
                "file_access": "visible"
            }
        ],
        "upload": true,
        "user": "UCVGWJDB8",
        "display_as_bot": false,
        "blocks": [
            {
                "type": "rich_text",
                "block_id": "kqe",
                "elements": [
                    {
                        "type": "rich_text_section",
                        "elements": [
                            {
                                "type": "text",
                                "text": "Hallowell all blinged out"
                            }
                        ]
                    }
                ]
            }
        ],
        "type": "message",
        "ts": "1539320807.000100",
        "client_msg_id": "21cc1cfe-78ec-48b5-8cb2-afdf9249bf75",
        "reactions": [
            {
                "name": "potable_water",
                "users": [
                    "UCPPDTERY",
                    "UCLD8BFM0"
                ],
                "count": 2
            },
            {
                "name": "420iris",
                "users": [
                    "U7C7WMV52"
                ],
                "count": 1
            }
        ]
    }
]