[
    {
        "user": "U7CEH7CGM",
        "type": "message",
        "ts": "1542729809.000700",
        "client_msg_id": "d163267e-736e-4ef4-9cc9-c4eb116ca1f7",
        "text": "An Essie's worker wouldn't stop yelling: \"I can't eat raw carrots, THEY MAKE ME GAY.\"",
        "team": "T7B710AL9",
        "user_team": "T7B710AL9",
        "source_team": "T7B710AL9",
        "user_profile": {
            "avatar_hash": "586b2b51da50",
            "image_72": "https:\/\/avatars.slack-edge.com\/2018-12-17\/504857144561_586b2b51da50812410ae_72.png",
            "first_name": "Alex",
            "real_name": "Alex Jin",
            "display_name": "Ajin2",
            "team": "T7B710AL9",
            "name": "ajin2",
            "is_restricted": false,
            "is_ultra_restricted": false
        },
        "blocks": [
            {
                "type": "rich_text",
                "block_id": "oe5bd",
                "elements": [
                    {
                        "type": "rich_text_section",
                        "elements": [
                            {
                                "type": "text",
                                "text": "An Essie's worker wouldn't stop yelling: \"I can't eat raw carrots, THEY MAKE ME GAY.\""
                            }
                        ]
                    }
                ]
            }
        ],
        "reactions": [
            {
                "name": "skepticalnhung",
                "users": [
                    "U7C7WMV52",
                    "U7F238X5F",
                    "UCPPDTERY",
                    "U7BHXDGSV"
                ],
                "count": 4
            },
            {
                "name": "snailpride",
                "users": [
                    "U7F238X5F",
                    "U7C8U72LB",
                    "U868GK012",
                    "U8CM2ST63",
                    "UCVGWJDB8"
                ],
                "count": 5
            },
            {
                "name": "carrot",
                "users": [
                    "U8CM2ST63",
                    "UCVGWJDB8"
                ],
                "count": 2
            }
        ]
    }
]