[
    {
        "user": "U7BFY2LQH",
        "type": "message",
        "ts": "1545017092.001600",
        "client_msg_id": "043f1529-1c3e-496b-a3fc-ab963764754f",
        "text": "I've been working on this 25 page German essay for 2 weeks and I'm finally halfway there! .... it's due tomorrow ",
        "team": "T7B710AL9",
        "user_team": "T7B710AL9",
        "source_team": "T7B710AL9",
        "user_profile": {
            "avatar_hash": "1745198e693f",
            "image_72": "https:\/\/avatars.slack-edge.com\/2018-07-19\/401624787187_1745198e693f1193975a_72.jpg",
            "first_name": "Sam",
            "real_name": "Sam Gardner",
            "display_name": "Waterbear, M.D.",
            "team": "T7B710AL9",
            "name": "sgardne1",
            "is_restricted": false,
            "is_ultra_restricted": false
        },
        "thread_ts": "1545017092.001600",
        "reply_count": 3,
        "reply_users_count": 3,
        "latest_reply": "1545017214.002800",
        "reply_users": [
            "U7CUH2Z70",
            "U7C7WMV52",
            "U7BFY2LQH"
        ],
        "replies": [
            {
                "user": "U7CUH2Z70",
                "ts": "1545017125.002000"
            },
            {
                "user": "U7C7WMV52",
                "ts": "1545017147.002500"
            },
            {
                "user": "U7BFY2LQH",
                "ts": "1545017214.002800"
            }
        ],
        "is_locked": false,
        "subscribed": false,
        "blocks": [
            {
                "type": "rich_text",
                "block_id": "wXI5",
                "elements": [
                    {
                        "type": "rich_text_section",
                        "elements": [
                            {
                                "type": "text",
                                "text": "I've been working on this 25 page German essay for 2 weeks and I'm finally halfway there! .... it's due tomorrow"
                            }
                        ]
                    }
                ]
            }
        ],
        "reactions": [
            {
                "name": "potable_water",
                "users": [
                    "U7C7WMV52",
                    "U7CQU3U6B",
                    "UCP04JZ9B",
                    "U7F238X5F",
                    "UCPPDTERY",
                    "U7BHXDGSV",
                    "U7BPUMEAY"
                ],
                "count": 7
            },
            {
                "name": "200iq",
                "users": [
                    "U7CQU3U6B",
                    "U868GK012",
                    "UCPPDTERY",
                    "U7CEH7CGM",
                    "U7BPUMEAY"
                ],
                "count": 5
            },
            {
                "name": "yikesgrass",
                "users": [
                    "U7CQU3U6B",
                    "U8CM2ST63",
                    "U7BPUMEAY"
                ],
                "count": 3
            },
            {
                "name": "happyshep",
                "users": [
                    "U7CQU3U6B",
                    "UCMEELYF9",
                    "U8CM2ST63"
                ],
                "count": 3
            },
            {
                "name": "waterbear",
                "users": [
                    "U8CM2ST63",
                    "UCPPDTERY",
                    "U7CEH7CGM",
                    "U7BPUMEAY"
                ],
                "count": 4
            }
        ]
    },
    {
        "user": "U7CUH2Z70",
        "type": "message",
        "ts": "1545017125.002000",
        "client_msg_id": "bd1567bb-1078-4b85-aec5-5acc138e3018",
        "text": "Hang in there!",
        "team": "T7B710AL9",
        "user_team": "T7B710AL9",
        "source_team": "T7B710AL9",
        "user_profile": {
            "avatar_hash": "b994d311f580",
            "image_72": "https:\/\/avatars.slack-edge.com\/2020-02-25\/969610744726_b994d311f58072c3a1d2_72.jpg",
            "first_name": "Keshav",
            "real_name": "Keshav Patel",
            "display_name": "Keshav",
            "team": "T7B710AL9",
            "name": "kpatel2",
            "is_restricted": false,
            "is_ultra_restricted": false
        },
        "thread_ts": "1545017092.001600",
        "parent_user_id": "U7BFY2LQH",
        "blocks": [
            {
                "type": "rich_text",
                "block_id": "z0HE+",
                "elements": [
                    {
                        "type": "rich_text_section",
                        "elements": [
                            {
                                "type": "text",
                                "text": "Hang in there!"
                            }
                        ]
                    }
                ]
            }
        ]
    },
    {
        "user": "U7C7WMV52",
        "type": "message",
        "ts": "1545017147.002500",
        "edited": {
            "user": "U7C7WMV52",
            "ts": "1545017153.000000"
        },
        "client_msg_id": "47685006-b536-4fba-860a-3e9fe9716fb1",
        "text": "U got this",
        "team": "T7B710AL9",
        "user_team": "T7B710AL9",
        "source_team": "T7B710AL9",
        "user_profile": {
            "avatar_hash": "ba74640ec113",
            "image_72": "https:\/\/avatars.slack-edge.com\/2018-09-23\/441365102883_ba74640ec113a0bce943_72.jpg",
            "first_name": "Sagnik",
            "real_name": "Sagnik",
            "display_name": "Lick",
            "team": "T7B710AL9",
            "name": "sg.sagnik",
            "is_restricted": false,
            "is_ultra_restricted": false
        },
        "thread_ts": "1545017092.001600",
        "parent_user_id": "U7BFY2LQH",
        "blocks": [
            {
                "type": "rich_text",
                "block_id": "uym",
                "elements": [
                    {
                        "type": "rich_text_section",
                        "elements": [
                            {
                                "type": "text",
                                "text": "U got this"
                            }
                        ]
                    }
                ]
            }
        ]
    },
    {
        "user": "U7BFY2LQH",
        "type": "message",
        "ts": "1545017214.002800",
        "client_msg_id": "d61a81b2-62ae-44ee-9d01-a761aacd4f6a",
        "text": "I guess the morally ambiguous part is: does 25 round down to 20? And if so, can two of my pages be for references? So then it's only 18 pages that I need to write? And then does 18 round down to 15? So I only have two more pages to write?",
        "team": "T7B710AL9",
        "user_team": "T7B710AL9",
        "source_team": "T7B710AL9",
        "user_profile": {
            "avatar_hash": "1745198e693f",
            "image_72": "https:\/\/avatars.slack-edge.com\/2018-07-19\/401624787187_1745198e693f1193975a_72.jpg",
            "first_name": "Sam",
            "real_name": "Sam Gardner",
            "display_name": "Waterbear, M.D.",
            "team": "T7B710AL9",
            "name": "sgardne1",
            "is_restricted": false,
            "is_ultra_restricted": false
        },
        "thread_ts": "1545017092.001600",
        "parent_user_id": "U7BFY2LQH",
        "blocks": [
            {
                "type": "rich_text",
                "block_id": "FE\/d",
                "elements": [
                    {
                        "type": "rich_text_section",
                        "elements": [
                            {
                                "type": "text",
                                "text": "I guess the morally ambiguous part is: does 25 round down to 20? And if so, can two of my pages be for references? So then it's only 18 pages that I need to write? And then does 18 round down to 15? So I only have two more pages to write?"
                            }
                        ]
                    }
                ]
            }
        ],
        "reactions": [
            {
                "name": "man",
                "users": [
                    "U7C7WMV52",
                    "U7CEH7CGM"
                ],
                "count": 2
            },
            {
                "name": "x",
                "users": [
                    "U7C7WMV52",
                    "U868GK012",
                    "U7H3ZE2LC",
                    "U8CM2ST63",
                    "U7CEH7CGM",
                    "U7BHXDGSV",
                    "U7BPUMEAY"
                ],
                "count": 7
            },
            {
                "name": "fire",
                "users": [
                    "U7C7WMV52",
                    "U7CEH7CGM"
                ],
                "count": 2
            }
        ]
    }
]