[
    {
        "user": "U7C8U72LB",
        "type": "message",
        "ts": "1532058371.000162",
        "client_msg_id": "B3BAA3A7-21E3-4AB5-A281-B78556F7A61D",
        "text": "Yeah this is something I do occasionally and have never thought it was weird ",
        "team": "T7B710AL9",
        "user_team": "T7B710AL9",
        "source_team": "T7B710AL9",
        "user_profile": {
            "avatar_hash": "e610103b9bf7",
            "image_72": "https:\/\/avatars.slack-edge.com\/2018-09-06\/431053250005_e610103b9bf748d6f846_72.png",
            "first_name": "Sam",
            "real_name": "Sam Wallach Hanson",
            "display_name": "Swoonss",
            "team": "T7B710AL9",
            "name": "swallac3",
            "is_restricted": false,
            "is_ultra_restricted": false
        },
        "thread_ts": "1531888787.000030",
        "parent_user_id": "U7C7WMV52",
        "blocks": [
            {
                "type": "rich_text",
                "block_id": "\/KILu",
                "elements": [
                    {
                        "type": "rich_text_section",
                        "elements": [
                            {
                                "type": "text",
                                "text": "Yeah this is something I do occasionally and have never thought it was weird"
                            }
                        ]
                    }
                ]
            }
        ]
    }
]