[
    {
        "text": "",
        "files": [
            {
                "id": "FDLM6HQ0P",
                "created": 1540228525,
                "timestamp": 1540228525,
                "name": "Screen Shot 2018-10-22 at 1.14.02 PM.png",
                "title": "Screen Shot 2018-10-22 at 1.14.02 PM.png",
                "mimetype": "image\/png",
                "filetype": "png",
                "pretty_type": "PNG",
                "user": "U7BPUMEAY",
                "user_team": "T7B710AL9",
                "editable": false,
                "size": 14775,
                "mode": "hosted",
                "is_external": false,
                "external_type": "",
                "is_public": true,
                "public_url_shared": false,
                "display_as_bot": false,
                "username": "",
                "url_private": "https:\/\/files.slack.com\/files-pri\/T7B710AL9-FDLM6HQ0P\/screen_shot_2018-10-22_at_1.14.02_pm.png?t=xoxe-249239010689-7383763303600-7346417720535-c8977b2d870e66a58192db1f0484baaa",
                "url_private_download": "https:\/\/files.slack.com\/files-pri\/T7B710AL9-FDLM6HQ0P\/download\/screen_shot_2018-10-22_at_1.14.02_pm.png?t=xoxe-249239010689-7383763303600-7346417720535-c8977b2d870e66a58192db1f0484baaa",
                "media_display_type": "unknown",
                "thumb_64": "https:\/\/files.slack.com\/files-tmb\/T7B710AL9-FDLM6HQ0P-fd07c6b5c7\/screen_shot_2018-10-22_at_1.14.02_pm_64.png?t=xoxe-249239010689-7383763303600-7346417720535-c8977b2d870e66a58192db1f0484baaa",
                "thumb_80": "https:\/\/files.slack.com\/files-tmb\/T7B710AL9-FDLM6HQ0P-fd07c6b5c7\/screen_shot_2018-10-22_at_1.14.02_pm_80.png?t=xoxe-249239010689-7383763303600-7346417720535-c8977b2d870e66a58192db1f0484baaa",
                "thumb_360": "https:\/\/files.slack.com\/files-tmb\/T7B710AL9-FDLM6HQ0P-fd07c6b5c7\/screen_shot_2018-10-22_at_1.14.02_pm_360.png?t=xoxe-249239010689-7383763303600-7346417720535-c8977b2d870e66a58192db1f0484baaa",
                "thumb_360_w": 360,
                "thumb_360_h": 30,
                "thumb_480": "https:\/\/files.slack.com\/files-tmb\/T7B710AL9-FDLM6HQ0P-fd07c6b5c7\/screen_shot_2018-10-22_at_1.14.02_pm_480.png?t=xoxe-249239010689-7383763303600-7346417720535-c8977b2d870e66a58192db1f0484baaa",
                "thumb_480_w": 480,
                "thumb_480_h": 40,
                "thumb_160": "https:\/\/files.slack.com\/files-tmb\/T7B710AL9-FDLM6HQ0P-fd07c6b5c7\/screen_shot_2018-10-22_at_1.14.02_pm_160.png?t=xoxe-249239010689-7383763303600-7346417720535-c8977b2d870e66a58192db1f0484baaa",
                "image_exif_rotation": 1,
                "original_w": 578,
                "original_h": 48,
                "permalink": "https:\/\/swarthmoreultimate.slack.com\/files\/U7BPUMEAY\/FDLM6HQ0P\/screen_shot_2018-10-22_at_1.14.02_pm.png",
                "permalink_public": "https:\/\/slack-files.com\/T7B710AL9-FDLM6HQ0P-a2d6e19f66",
                "is_starred": false,
                "has_rich_preview": false,
                "file_access": "visible"
            }
        ],
        "upload": true,
        "user": "U7BPUMEAY",
        "display_as_bot": false,
        "type": "message",
        "ts": "1540228527.000100",
        "thread_ts": "1540228527.000100",
        "reply_count": 1,
        "reply_users_count": 1,
        "latest_reply": "1540228549.000100",
        "reply_users": [
            "U7C5VN3U1"
        ],
        "replies": [
            {
                "user": "U7C5VN3U1",
                "ts": "1540228549.000100"
            }
        ],
        "is_locked": false,
        "subscribed": false,
        "reactions": [
            {
                "name": "200iq",
                "users": [
                    "UD7R9NDNK",
                    "U8CM2ST63",
                    "U7C7WMV52",
                    "U7BHXDGSV",
                    "U868GK012",
                    "U7C8U72LB",
                    "U7CUH2Z70",
                    "U7CEH7CGM",
                    "U7DKWL5U2"
                ],
                "count": 9
            },
            {
                "name": "whip",
                "users": [
                    "UCMEELYF9",
                    "U8JTX11L3",
                    "U7DKWL5U2",
                    "UCVGWJDB8"
                ],
                "count": 4
            }
        ]
    },
    {
        "user": "U7C5VN3U1",
        "type": "message",
        "ts": "1540228549.000100",
        "client_msg_id": "2f232a27-682c-4512-8c3d-8fe076f1a7af",
        "text": "this is morally fantastic",
        "team": "T7B710AL9",
        "user_team": "T7B710AL9",
        "source_team": "T7B710AL9",
        "user_profile": {
            "avatar_hash": "4adb1c10386b",
            "image_72": "https:\/\/avatars.slack-edge.com\/2018-11-20\/484222800036_4adb1c10386b1f9a1443_72.png",
            "first_name": "Max",
            "real_name": "Max Franklin",
            "display_name": "Max",
            "team": "T7B710AL9",
            "name": "mfrankl2",
            "is_restricted": false,
            "is_ultra_restricted": false
        },
        "thread_ts": "1540228527.000100",
        "parent_user_id": "U7BPUMEAY",
        "blocks": [
            {
                "type": "rich_text",
                "block_id": "AWHi",
                "elements": [
                    {
                        "type": "rich_text_section",
                        "elements": [
                            {
                                "type": "text",
                                "text": "this is morally fantastic"
                            }
                        ]
                    }
                ]
            }
        ],
        "reactions": [
            {
                "name": "godkastan",
                "users": [
                    "U7C7WMV52"
                ],
                "count": 1
            }
        ]
    }
]