[
    {
        "user": "U7DKWL5U2",
        "type": "message",
        "ts": "1540416949.000100",
        "client_msg_id": "15749070-E6D1-4A99-80D0-A3F265C945C8",
        "text": "A penis react???",
        "team": "T7B710AL9",
        "user_team": "T7B710AL9",
        "source_team": "T7B710AL9",
        "user_profile": {
            "avatar_hash": "1a5b7d89096b",
            "image_72": "https:\/\/avatars.slack-edge.com\/2019-03-06\/568729550272_1a5b7d89096b9e952460_72.png",
            "first_name": "Ethan",
            "real_name": "Ethan Chapman",
            "display_name": "Lil'Gup",
            "team": "T7B710AL9",
            "name": "echapma2",
            "is_restricted": false,
            "is_ultra_restricted": false
        },
        "thread_ts": "1540416949.000100",
        "reply_count": 1,
        "reply_users_count": 1,
        "latest_reply": "1540428472.000100",
        "reply_users": [
            "UCVGWJDB8"
        ],
        "replies": [
            {
                "user": "UCVGWJDB8",
                "ts": "1540428472.000100"
            }
        ],
        "is_locked": false,
        "subscribed": false,
        "blocks": [
            {
                "type": "rich_text",
                "block_id": "2qRc",
                "elements": [
                    {
                        "type": "rich_text_section",
                        "elements": [
                            {
                                "type": "text",
                                "text": "A penis react???"
                            }
                        ]
                    }
                ]
            }
        ],
        "reactions": [
            {
                "name": "non-potable_water",
                "users": [
                    "U7C5VN3U1",
                    "U7DL9CX6W"
                ],
                "count": 2
            }
        ]
    },
    {
        "user": "UCVGWJDB8",
        "type": "message",
        "ts": "1540428472.000100",
        "client_msg_id": "7cc116b4-f001-43ca-9982-a61aba51ebe8",
        "text": "I mean we already have :mouth-wide-open:  what more do we really need",
        "team": "T7B710AL9",
        "user_team": "T7B710AL9",
        "source_team": "T7B710AL9",
        "user_profile": {
            "avatar_hash": "3146f470029a",
            "image_72": "https:\/\/avatars.slack-edge.com\/2018-10-27\/467046307783_3146f470029a7a4f7e7c_72.jpg",
            "first_name": "George",
            "real_name": "George Curtis",
            "display_name": "Jorjito",
            "team": "T7B710AL9",
            "name": "gcurtis1",
            "is_restricted": false,
            "is_ultra_restricted": false
        },
        "thread_ts": "1540416949.000100",
        "parent_user_id": "U7DKWL5U2",
        "blocks": [
            {
                "type": "rich_text",
                "block_id": "Dnk",
                "elements": [
                    {
                        "type": "rich_text_section",
                        "elements": [
                            {
                                "type": "text",
                                "text": "I mean we already have "
                            },
                            {
                                "type": "emoji",
                                "name": "mouth-wide-open"
                            },
                            {
                                "type": "text",
                                "text": "  what more do we really need"
                            }
                        ]
                    }
                ]
            }
        ]
    }
]