[
    {
        "user": "U7BFY2LQH",
        "type": "message",
        "ts": "1534731425.000100",
        "client_msg_id": "19697761-e703-4700-b4ef-5b7178f03cf8",
        "text": "Angry orchard mixed with fireball",
        "team": "T7B710AL9",
        "user_team": "T7B710AL9",
        "source_team": "T7B710AL9",
        "user_profile": {
            "avatar_hash": "1745198e693f",
            "image_72": "https:\/\/avatars.slack-edge.com\/2018-07-19\/401624787187_1745198e693f1193975a_72.jpg",
            "first_name": "Sam",
            "real_name": "Sam Gardner",
            "display_name": "Waterbear, M.D.",
            "team": "T7B710AL9",
            "name": "sgardne1",
            "is_restricted": false,
            "is_ultra_restricted": false
        },
        "blocks": [
            {
                "type": "rich_text",
                "block_id": "QrIKt",
                "elements": [
                    {
                        "type": "rich_text_section",
                        "elements": [
                            {
                                "type": "text",
                                "text": "Angry orchard mixed with fireball"
                            }
                        ]
                    }
                ]
            }
        ],
        "reactions": [
            {
                "name": "thumbs_middle",
                "users": [
                    "U7DL9CX6W",
                    "U7CUH2Z70",
                    "U7CEH7CGM"
                ],
                "count": 3
            }
        ]
    },
    {
        "user": "U7BPV9XJQ",
        "type": "message",
        "ts": "1534731638.000100",
        "client_msg_id": "b1a599b1-b354-4852-b8fd-6778d5808539",
        "text": "That sounds AMAZING",
        "team": "T7B710AL9",
        "user_team": "T7B710AL9",
        "source_team": "T7B710AL9",
        "user_profile": {
            "avatar_hash": "f7b9e2eb0e99",
            "image_72": "https:\/\/avatars.slack-edge.com\/2019-02-04\/540758259841_f7b9e2eb0e9941c4485e_72.png",
            "first_name": "Muha",
            "real_name": "Muha Haque",
            "display_name": "Muha",
            "team": "T7B710AL9",
            "name": "mhaque2",
            "is_restricted": false,
            "is_ultra_restricted": false
        },
        "blocks": [
            {
                "type": "rich_text",
                "block_id": "ljFg",
                "elements": [
                    {
                        "type": "rich_text_section",
                        "elements": [
                            {
                                "type": "text",
                                "text": "That sounds AMAZING"
                            }
                        ]
                    }
                ]
            }
        ]
    },
    {
        "user": "U7BPV9XJQ",
        "type": "message",
        "ts": "1534731656.000100",
        "client_msg_id": "9d9abd41-39bb-48c8-9ac2-ac4d45ed753f",
        "text": "But is it as good as kraken mixed with angry orchard ",
        "team": "T7B710AL9",
        "user_team": "T7B710AL9",
        "source_team": "T7B710AL9",
        "user_profile": {
            "avatar_hash": "f7b9e2eb0e99",
            "image_72": "https:\/\/avatars.slack-edge.com\/2019-02-04\/540758259841_f7b9e2eb0e9941c4485e_72.png",
            "first_name": "Muha",
            "real_name": "Muha Haque",
            "display_name": "Muha",
            "team": "T7B710AL9",
            "name": "mhaque2",
            "is_restricted": false,
            "is_ultra_restricted": false
        },
        "blocks": [
            {
                "type": "rich_text",
                "block_id": "6dr=",
                "elements": [
                    {
                        "type": "rich_text_section",
                        "elements": [
                            {
                                "type": "text",
                                "text": "But is it as good as kraken mixed with angry orchard"
                            }
                        ]
                    }
                ]
            }
        ]
    }
]