[
    {
        "user": "U7CQU3U6B",
        "type": "message",
        "ts": "1528382785.000222",
        "text": "sir no",
        "team": "T7B710AL9",
        "user_team": "T7B710AL9",
        "source_team": "T7B710AL9",
        "user_profile": {
            "avatar_hash": "9aa821409e67",
            "image_72": "https:\/\/avatars.slack-edge.com\/2018-11-13\/478546525250_9aa821409e67096e9da5_72.png",
            "first_name": "Richelle",
            "real_name": "Richelle Robinson",
            "display_name": "R ic h   el    l",
            "team": "T7B710AL9",
            "name": "rrobins1",
            "is_restricted": false,
            "is_ultra_restricted": false
        },
        "thread_ts": "1528346734.000244",
        "parent_user_id": "U7CEH7CGM",
        "blocks": [
            {
                "type": "rich_text",
                "block_id": "XkE",
                "elements": [
                    {
                        "type": "rich_text_section",
                        "elements": [
                            {
                                "type": "text",
                                "text": "sir no"
                            }
                        ]
                    }
                ]
            }
        ],
        "reactions": [
            {
                "name": "breadhell",
                "users": [
                    "U7CEH7CGM"
                ],
                "count": 1
            }
        ]
    }
]