[
    {
        "user": "U7C8U72LB",
        "type": "message",
        "ts": "1531255849.000447",
        "client_msg_id": "e3384320-c289-4fe3-8805-de35f8cc80af",
        "text": "There's a dude at my work who has the exact same voice as Won",
        "team": "T7B710AL9",
        "user_team": "T7B710AL9",
        "source_team": "T7B710AL9",
        "user_profile": {
            "avatar_hash": "e610103b9bf7",
            "image_72": "https:\/\/avatars.slack-edge.com\/2018-09-06\/431053250005_e610103b9bf748d6f846_72.png",
            "first_name": "Sam",
            "real_name": "Sam Wallach Hanson",
            "display_name": "Swoonss",
            "team": "T7B710AL9",
            "name": "swallac3",
            "is_restricted": false,
            "is_ultra_restricted": false
        },
        "blocks": [
            {
                "type": "rich_text",
                "block_id": "zsvL0",
                "elements": [
                    {
                        "type": "rich_text_section",
                        "elements": [
                            {
                                "type": "text",
                                "text": "There's a dude at my work who has the exact same voice as Won"
                            }
                        ]
                    }
                ]
            }
        ]
    }
]