[
    {
        "user": "U7BFY2LQH",
        "type": "message",
        "ts": "1533646024.000148",
        "client_msg_id": "76907326-d615-422b-b372-1ca21930fdd6",
        "text": "I saved a worm from the hot sidewalk but then that made my dog notice the worm and...... my dog ate the worm",
        "team": "T7B710AL9",
        "user_team": "T7B710AL9",
        "source_team": "T7B710AL9",
        "user_profile": {
            "avatar_hash": "1745198e693f",
            "image_72": "https:\/\/avatars.slack-edge.com\/2018-07-19\/401624787187_1745198e693f1193975a_72.jpg",
            "first_name": "Sam",
            "real_name": "Sam Gardner",
            "display_name": "Waterbear, M.D.",
            "team": "T7B710AL9",
            "name": "sgardne1",
            "is_restricted": false,
            "is_ultra_restricted": false
        },
        "blocks": [
            {
                "type": "rich_text",
                "block_id": "gPGK",
                "elements": [
                    {
                        "type": "rich_text_section",
                        "elements": [
                            {
                                "type": "text",
                                "text": "I saved a worm from the hot sidewalk but then that made my dog notice the worm and...... my dog ate the worm"
                            }
                        ]
                    }
                ]
            }
        ],
        "reactions": [
            {
                "name": "sadbennye",
                "users": [
                    "U8CM2ST63",
                    "U7BPUMEAY"
                ],
                "count": 2
            }
        ]
    },
    {
        "user": "U7C7WMV52",
        "type": "message",
        "ts": "1533646439.000360",
        "client_msg_id": "414352b9-cfc2-4a39-87e9-e4260faebaed",
        "text": "Dynamic equilibrium",
        "team": "T7B710AL9",
        "user_team": "T7B710AL9",
        "source_team": "T7B710AL9",
        "user_profile": {
            "avatar_hash": "ba74640ec113",
            "image_72": "https:\/\/avatars.slack-edge.com\/2018-09-23\/441365102883_ba74640ec113a0bce943_72.jpg",
            "first_name": "Sagnik",
            "real_name": "Sagnik",
            "display_name": "Lick",
            "team": "T7B710AL9",
            "name": "sg.sagnik",
            "is_restricted": false,
            "is_ultra_restricted": false
        },
        "thread_ts": "1533486887.000026",
        "parent_user_id": "U7BPV9XJQ",
        "blocks": [
            {
                "type": "rich_text",
                "block_id": "+6Fc",
                "elements": [
                    {
                        "type": "rich_text_section",
                        "elements": [
                            {
                                "type": "text",
                                "text": "Dynamic equilibrium"
                            }
                        ]
                    }
                ]
            }
        ]
    },
    {
        "user": "U7C8U72LB",
        "type": "message",
        "ts": "1533650533.000357",
        "client_msg_id": "E4E69D40-BA90-4C3C-ACBF-9AF0C8D715A5",
        "text": "You have to eat your dog now ",
        "team": "T7B710AL9",
        "user_team": "T7B710AL9",
        "source_team": "T7B710AL9",
        "user_profile": {
            "avatar_hash": "e610103b9bf7",
            "image_72": "https:\/\/avatars.slack-edge.com\/2018-09-06\/431053250005_e610103b9bf748d6f846_72.png",
            "first_name": "Sam",
            "real_name": "Sam Wallach Hanson",
            "display_name": "Swoonss",
            "team": "T7B710AL9",
            "name": "swallac3",
            "is_restricted": false,
            "is_ultra_restricted": false
        },
        "thread_ts": "1533650533.000357",
        "reply_count": 1,
        "reply_users_count": 1,
        "latest_reply": "1533652734.000234",
        "reply_users": [
            "U7DL9CX6W"
        ],
        "replies": [
            {
                "user": "U7DL9CX6W",
                "ts": "1533652734.000234"
            }
        ],
        "is_locked": false,
        "subscribed": false,
        "blocks": [
            {
                "type": "rich_text",
                "block_id": "JIx",
                "elements": [
                    {
                        "type": "rich_text_section",
                        "elements": [
                            {
                                "type": "text",
                                "text": "You have to eat your dog now"
                            }
                        ]
                    }
                ]
            }
        ]
    },
    {
        "user": "U7DL9CX6W",
        "type": "message",
        "ts": "1533652734.000234",
        "client_msg_id": "D27863F9-5DEC-467E-AE6D-6DE3175EE9D8",
        "text": "<#CA7CER3B6|notmorallyambiguous> ",
        "team": "T7B710AL9",
        "user_team": "T7B710AL9",
        "source_team": "T7B710AL9",
        "user_profile": {
            "avatar_hash": "635c76d5972f",
            "image_72": "https:\/\/avatars.slack-edge.com\/2023-02-20\/4818285176551_635c76d5972f9151b099_72.png",
            "first_name": "Michael",
            "real_name": "Michael Trainor",
            "display_name": "Whip",
            "team": "T7B710AL9",
            "name": "mtraino1",
            "is_restricted": false,
            "is_ultra_restricted": false
        },
        "thread_ts": "1533650533.000357",
        "parent_user_id": "U7C8U72LB",
        "blocks": [
            {
                "type": "rich_text",
                "block_id": "nfo",
                "elements": [
                    {
                        "type": "rich_text_section",
                        "elements": [
                            {
                                "type": "channel",
                                "channel_id": "CA7CER3B6"
                            }
                        ]
                    }
                ]
            }
        ]
    }
]