[
    {
        "text": "The students answer, and the prof endorsing it",
        "files": [
            {
                "id": "FPZUT7XK2",
                "created": 1572491788,
                "timestamp": 1572491788,
                "name": "1706495242.png",
                "title": "7244",
                "mimetype": "image\/png",
                "filetype": "png",
                "pretty_type": "PNG",
                "user": "UD7R9NDNK",
                "user_team": "T7B710AL9",
                "editable": false,
                "size": 513283,
                "mode": "hosted",
                "is_external": false,
                "external_type": "",
                "is_public": true,
                "public_url_shared": false,
                "display_as_bot": false,
                "username": "",
                "url_private": "https:\/\/files.slack.com\/files-pri\/T7B710AL9-FPZUT7XK2\/1706495242.png?t=xoxe-249239010689-7383763303600-7346417720535-c8977b2d870e66a58192db1f0484baaa",
                "url_private_download": "https:\/\/files.slack.com\/files-pri\/T7B710AL9-FPZUT7XK2\/download\/1706495242.png?t=xoxe-249239010689-7383763303600-7346417720535-c8977b2d870e66a58192db1f0484baaa",
                "media_display_type": "unknown",
                "thumb_64": "https:\/\/files.slack.com\/files-tmb\/T7B710AL9-FPZUT7XK2-7d5e380728\/1706495242_64.png?t=xoxe-249239010689-7383763303600-7346417720535-c8977b2d870e66a58192db1f0484baaa",
                "thumb_80": "https:\/\/files.slack.com\/files-tmb\/T7B710AL9-FPZUT7XK2-7d5e380728\/1706495242_80.png?t=xoxe-249239010689-7383763303600-7346417720535-c8977b2d870e66a58192db1f0484baaa",
                "thumb_360": "https:\/\/files.slack.com\/files-tmb\/T7B710AL9-FPZUT7XK2-7d5e380728\/1706495242_360.png?t=xoxe-249239010689-7383763303600-7346417720535-c8977b2d870e66a58192db1f0484baaa",
                "thumb_360_w": 302,
                "thumb_360_h": 360,
                "thumb_480": "https:\/\/files.slack.com\/files-tmb\/T7B710AL9-FPZUT7XK2-7d5e380728\/1706495242_480.png?t=xoxe-249239010689-7383763303600-7346417720535-c8977b2d870e66a58192db1f0484baaa",
                "thumb_480_w": 402,
                "thumb_480_h": 480,
                "thumb_160": "https:\/\/files.slack.com\/files-tmb\/T7B710AL9-FPZUT7XK2-7d5e380728\/1706495242_160.png?t=xoxe-249239010689-7383763303600-7346417720535-c8977b2d870e66a58192db1f0484baaa",
                "thumb_720": "https:\/\/files.slack.com\/files-tmb\/T7B710AL9-FPZUT7XK2-7d5e380728\/1706495242_720.png?t=xoxe-249239010689-7383763303600-7346417720535-c8977b2d870e66a58192db1f0484baaa",
                "thumb_720_w": 604,
                "thumb_720_h": 720,
                "thumb_800": "https:\/\/files.slack.com\/files-tmb\/T7B710AL9-FPZUT7XK2-7d5e380728\/1706495242_800.png?t=xoxe-249239010689-7383763303600-7346417720535-c8977b2d870e66a58192db1f0484baaa",
                "thumb_800_w": 800,
                "thumb_800_h": 954,
                "thumb_960": "https:\/\/files.slack.com\/files-tmb\/T7B710AL9-FPZUT7XK2-7d5e380728\/1706495242_960.png?t=xoxe-249239010689-7383763303600-7346417720535-c8977b2d870e66a58192db1f0484baaa",
                "thumb_960_w": 805,
                "thumb_960_h": 960,
                "thumb_1024": "https:\/\/files.slack.com\/files-tmb\/T7B710AL9-FPZUT7XK2-7d5e380728\/1706495242_1024.png?t=xoxe-249239010689-7383763303600-7346417720535-c8977b2d870e66a58192db1f0484baaa",
                "thumb_1024_w": 859,
                "thumb_1024_h": 1024,
                "image_exif_rotation": 1,
                "original_w": 1717,
                "original_h": 2048,
                "thumb_tiny": "AwAwACi+Bj1NLx\/coDcngfnTt1ACYX0\/SjC+n6UuaM0AJhfT9KML6fpS5PpRk+lACfQ\/rS8\/5NNC4JPr7Uv50AH50v50n50v50ALRScehpOPQ0AGM9hSjjt+tA9qMn2oAOfSl59KTJ9qMn2oAWijNGR60Af\/2Q==",
                "permalink": "https:\/\/swarthmoreultimate.slack.com\/files\/UD7R9NDNK\/FPZUT7XK2\/1706495242.png",
                "permalink_public": "https:\/\/slack-files.com\/T7B710AL9-FPZUT7XK2-8e428705e2",
                "is_starred": false,
                "has_rich_preview": false,
                "file_access": "visible"
            }
        ],
        "upload": true,
        "user": "UD7R9NDNK",
        "display_as_bot": false,
        "blocks": [
            {
                "type": "rich_text",
                "block_id": "PWX",
                "elements": [
                    {
                        "type": "rich_text_section",
                        "elements": [
                            {
                                "type": "text",
                                "text": "The students answer, and the prof endorsing it"
                            }
                        ]
                    }
                ]
            }
        ],
        "type": "message",
        "ts": "1572491788.009400",
        "client_msg_id": "2fa76209-8eb7-4ffa-84bd-5f0d338f4cd2",
        "thread_ts": "1572491788.009400",
        "reply_count": 1,
        "reply_users_count": 1,
        "latest_reply": "1572494619.011200",
        "reply_users": [
            "U7BHXDGSV"
        ],
        "replies": [
            {
                "user": "U7BHXDGSV",
                "ts": "1572494619.011200"
            }
        ],
        "is_locked": false,
        "subscribed": false,
        "reactions": [
            {
                "name": "wowpika",
                "users": [
                    "U7DL9CX6W",
                    "U7CUH2Z70",
                    "U868GK012",
                    "U8JTX11L3",
                    "U7BHXDGSV",
                    "UCTUCD1C4",
                    "U7D11040G"
                ],
                "count": 7
            }
        ]
    },
    {
        "user": "U7BHXDGSV",
        "type": "message",
        "ts": "1572494619.011200",
        "client_msg_id": "CD30B601-0A04-4F2F-8973-77CBC57A75A0",
        "text": "I see you cutting off who wrote the student answer to not out yourself",
        "team": "T7B710AL9",
        "user_team": "T7B710AL9",
        "source_team": "T7B710AL9",
        "user_profile": {
            "avatar_hash": "6eb4246bf357",
            "image_72": "https:\/\/avatars.slack-edge.com\/2019-10-07\/788498340102_6eb4246bf357e9f96f85_72.png",
            "first_name": "princess",
            "real_name": "princess callahan",
            "display_name": "broc",
            "team": "T7B710AL9",
            "name": "bcoli",
            "is_restricted": false,
            "is_ultra_restricted": false
        },
        "thread_ts": "1572491788.009400",
        "parent_user_id": "UD7R9NDNK",
        "blocks": [
            {
                "type": "rich_text",
                "block_id": "5qQAk",
                "elements": [
                    {
                        "type": "rich_text_section",
                        "elements": [
                            {
                                "type": "text",
                                "text": "I see you cutting off who wrote the student answer to not out yourself"
                            }
                        ]
                    }
                ]
            }
        ]
    }
]