[
    {
        "user": "U7CAKF8CS",
        "type": "message",
        "ts": "1548612264.001200",
        "client_msg_id": "2731009A-9079-4040-8868-61BB03462F0F",
        "text": "A Swarthmore Ultimate porno titled: “what would you do to go on SBB”  ",
        "team": "T7B710AL9",
        "user_team": "T7B710AL9",
        "source_team": "T7B710AL9",
        "user_profile": {
            "avatar_hash": "0f2bdbac8459",
            "image_72": "https:\/\/avatars.slack-edge.com\/2020-08-28\/1330649910978_0f2bdbac845919cd6e01_72.png",
            "first_name": "Rye",
            "real_name": "Rye Buckley",
            "display_name": "blu",
            "team": "T7B710AL9",
            "name": "rbuckle1",
            "is_restricted": false,
            "is_ultra_restricted": false
        },
        "blocks": [
            {
                "type": "rich_text",
                "block_id": "H0A",
                "elements": [
                    {
                        "type": "rich_text_section",
                        "elements": [
                            {
                                "type": "text",
                                "text": "A Swarthmore Ultimate porno titled: “what would you do to go on SBB”"
                            }
                        ]
                    }
                ]
            }
        ],
        "reactions": [
            {
                "name": "whip",
                "users": [
                    "UD7R9NDNK",
                    "U8JTX11L3",
                    "UD3552DL0",
                    "U7CEH7CGM",
                    "U7BHXDGSV",
                    "U868GK012",
                    "U7C8U72LB",
                    "U7CQU3U6B",
                    "U7F238X5F",
                    "UCTM0MY9E"
                ],
                "count": 10
            },
            {
                "name": "yes",
                "users": [
                    "U7CAKF8CS",
                    "U7CEH7CGM"
                ],
                "count": 2
            },
            {
                "name": "niceonerye",
                "users": [
                    "U7F238X5F",
                    "U8CM2ST63"
                ],
                "count": 2
            }
        ]
    }
]