[
    {
        "user": "U7G3ERU5V",
        "type": "message",
        "ts": "1572049143.008900",
        "client_msg_id": "DA0CA146-26B0-4AE8-9881-F90CBF2E791F",
        "text": "I’ve checked out the same reserve book twice today and gotten two overdue notices on it. ",
        "team": "T7B710AL9",
        "user_team": "T7B710AL9",
        "source_team": "T7B710AL9",
        "user_profile": {
            "avatar_hash": "a7d2af132a2e",
            "image_72": "https:\/\/avatars.slack-edge.com\/2019-07-22\/691057671298_a7d2af132a2ea37401fd_72.png",
            "first_name": "Vinay",
            "real_name": "Vinay",
            "display_name": "",
            "team": "T7B710AL9",
            "name": "vkeefe1",
            "is_restricted": false,
            "is_ultra_restricted": false
        },
        "blocks": [
            {
                "type": "rich_text",
                "block_id": "Ok5",
                "elements": [
                    {
                        "type": "rich_text_section",
                        "elements": [
                            {
                                "type": "text",
                                "text": "I’ve checked out the same reserve book twice today and gotten two overdue notices on it."
                            }
                        ]
                    }
                ]
            }
        ]
    }
]