[
    {
        "user": "UD7R9NDNK",
        "type": "message",
        "ts": "1551836519.000900",
        "client_msg_id": "11b0778d-1f67-4389-a1ed-eee3996ef14e",
        "text": "My math textbook starting off a problem with \"Your letter carrier has a drinking problem\"",
        "team": "T7B710AL9",
        "user_team": "T7B710AL9",
        "source_team": "T7B710AL9",
        "user_profile": {
            "avatar_hash": "56390e1b7bba",
            "image_72": "https:\/\/avatars.slack-edge.com\/2022-03-16\/3244528122342_56390e1b7bba6e52fe73_72.png",
            "first_name": "Otis",
            "real_name": "Otis Peterson",
            "display_name": "Otis",
            "team": "T7B710AL9",
            "name": "opeters1",
            "is_restricted": false,
            "is_ultra_restricted": false
        },
        "blocks": [
            {
                "type": "rich_text",
                "block_id": "Y9ZE",
                "elements": [
                    {
                        "type": "rich_text_section",
                        "elements": [
                            {
                                "type": "text",
                                "text": "My math textbook starting off a problem with \"Your letter carrier has a drinking problem\""
                            }
                        ]
                    }
                ]
            }
        ],
        "reactions": [
            {
                "name": "potable_water",
                "users": [
                    "UCMEELYF9",
                    "UCLD8BFM0",
                    "U7F238X5F"
                ],
                "count": 3
            },
            {
                "name": "kindvinay",
                "users": [
                    "UCMEELYF9",
                    "UCLD8BFM0"
                ],
                "count": 2
            }
        ]
    },
    {
        "text": "",
        "files": [
            {
                "id": "FGPGDJHFA",
                "created": 1551844573,
                "timestamp": 1551844573,
                "name": "Image from iOS.png",
                "title": "Image from iOS",
                "mimetype": "image\/png",
                "filetype": "png",
                "pretty_type": "PNG",
                "user": "U7CEH7CGM",
                "user_team": "T7B710AL9",
                "editable": false,
                "size": 1810665,
                "mode": "hosted",
                "is_external": false,
                "external_type": "",
                "is_public": true,
                "public_url_shared": false,
                "display_as_bot": false,
                "username": "",
                "url_private": "https:\/\/files.slack.com\/files-pri\/T7B710AL9-FGPGDJHFA\/image_from_ios.png?t=xoxe-249239010689-7383763303600-7346417720535-c8977b2d870e66a58192db1f0484baaa",
                "url_private_download": "https:\/\/files.slack.com\/files-pri\/T7B710AL9-FGPGDJHFA\/download\/image_from_ios.png?t=xoxe-249239010689-7383763303600-7346417720535-c8977b2d870e66a58192db1f0484baaa",
                "media_display_type": "unknown",
                "thumb_64": "https:\/\/files.slack.com\/files-tmb\/T7B710AL9-FGPGDJHFA-535572cff4\/image_from_ios_64.png?t=xoxe-249239010689-7383763303600-7346417720535-c8977b2d870e66a58192db1f0484baaa",
                "thumb_80": "https:\/\/files.slack.com\/files-tmb\/T7B710AL9-FGPGDJHFA-535572cff4\/image_from_ios_80.png?t=xoxe-249239010689-7383763303600-7346417720535-c8977b2d870e66a58192db1f0484baaa",
                "thumb_360": "https:\/\/files.slack.com\/files-tmb\/T7B710AL9-FGPGDJHFA-535572cff4\/image_from_ios_360.png?t=xoxe-249239010689-7383763303600-7346417720535-c8977b2d870e66a58192db1f0484baaa",
                "thumb_360_w": 166,
                "thumb_360_h": 360,
                "thumb_480": "https:\/\/files.slack.com\/files-tmb\/T7B710AL9-FGPGDJHFA-535572cff4\/image_from_ios_480.png?t=xoxe-249239010689-7383763303600-7346417720535-c8977b2d870e66a58192db1f0484baaa",
                "thumb_480_w": 222,
                "thumb_480_h": 480,
                "thumb_160": "https:\/\/files.slack.com\/files-tmb\/T7B710AL9-FGPGDJHFA-535572cff4\/image_from_ios_160.png?t=xoxe-249239010689-7383763303600-7346417720535-c8977b2d870e66a58192db1f0484baaa",
                "thumb_720": "https:\/\/files.slack.com\/files-tmb\/T7B710AL9-FGPGDJHFA-535572cff4\/image_from_ios_720.png?t=xoxe-249239010689-7383763303600-7346417720535-c8977b2d870e66a58192db1f0484baaa",
                "thumb_720_w": 333,
                "thumb_720_h": 720,
                "thumb_800": "https:\/\/files.slack.com\/files-tmb\/T7B710AL9-FGPGDJHFA-535572cff4\/image_from_ios_800.png?t=xoxe-249239010689-7383763303600-7346417720535-c8977b2d870e66a58192db1f0484baaa",
                "thumb_800_w": 800,
                "thumb_800_h": 1732,
                "thumb_960": "https:\/\/files.slack.com\/files-tmb\/T7B710AL9-FGPGDJHFA-535572cff4\/image_from_ios_960.png?t=xoxe-249239010689-7383763303600-7346417720535-c8977b2d870e66a58192db1f0484baaa",
                "thumb_960_w": 443,
                "thumb_960_h": 960,
                "thumb_1024": "https:\/\/files.slack.com\/files-tmb\/T7B710AL9-FGPGDJHFA-535572cff4\/image_from_ios_1024.png?t=xoxe-249239010689-7383763303600-7346417720535-c8977b2d870e66a58192db1f0484baaa",
                "thumb_1024_w": 473,
                "thumb_1024_h": 1024,
                "image_exif_rotation": 1,
                "original_w": 1125,
                "original_h": 2436,
                "permalink": "https:\/\/swarthmoreultimate.slack.com\/files\/U7CEH7CGM\/FGPGDJHFA\/image_from_ios.png",
                "permalink_public": "https:\/\/slack-files.com\/T7B710AL9-FGPGDJHFA-0f21f5e2f0",
                "is_starred": false,
                "has_rich_preview": false,
                "file_access": "visible"
            }
        ],
        "upload": true,
        "user": "U7CEH7CGM",
        "display_as_bot": false,
        "type": "message",
        "ts": "1551844576.001500",
        "client_msg_id": "F663355A-8BC7-4ABD-B7AC-5FF455F218A2",
        "reactions": [
            {
                "name": "thumbs_middle",
                "users": [
                    "U7BL1F7PD"
                ],
                "count": 1
            }
        ]
    }
]