[
    {
        "user": "U7CQU3U6B",
        "type": "message",
        "ts": "1549477632.001000",
        "client_msg_id": "7C9759F3-0AFB-48D1-A6A4-88E0B109D82B",
        "text": "i quit a job today because i didn’t have enough time for it but then today i also accepted another job offer ",
        "team": "T7B710AL9",
        "user_team": "T7B710AL9",
        "source_team": "T7B710AL9",
        "user_profile": {
            "avatar_hash": "9aa821409e67",
            "image_72": "https:\/\/avatars.slack-edge.com\/2018-11-13\/478546525250_9aa821409e67096e9da5_72.png",
            "first_name": "Richelle",
            "real_name": "Richelle Robinson",
            "display_name": "R ic h   el    l",
            "team": "T7B710AL9",
            "name": "rrobins1",
            "is_restricted": false,
            "is_ultra_restricted": false
        },
        "blocks": [
            {
                "type": "rich_text",
                "block_id": "NH3rC",
                "elements": [
                    {
                        "type": "rich_text_section",
                        "elements": [
                            {
                                "type": "text",
                                "text": "i quit a job today because i didn’t have enough time for it but then today i also accepted another job offer"
                            }
                        ]
                    }
                ]
            }
        ],
        "reactions": [
            {
                "name": "wack",
                "users": [
                    "U7CEH7CGM",
                    "U8JTX11L3",
                    "U7BHXDGSV"
                ],
                "count": 3
            },
            {
                "name": "open_mouth",
                "users": [
                    "U7CAKF8CS",
                    "U868GK012"
                ],
                "count": 2
            },
            {
                "name": "isitcorn",
                "users": [
                    "U7BL1F7PD"
                ],
                "count": 1
            }
        ]
    }
]