[
    {
        "user": "U858X4UAW",
        "type": "message",
        "ts": "1563916679.001500",
        "client_msg_id": "eb412eb2-c52c-43d6-9d95-c7a65d301ef0",
        "text": "Taxi driver on the chaotic driving patterns in Saigon: \"Green means go. Red also means go, but slightly slower.\"",
        "team": "T7B710AL9",
        "user_team": "T7B710AL9",
        "source_team": "T7B710AL9",
        "user_profile": {
            "avatar_hash": "b550d4286360",
            "image_72": "https:\/\/avatars.slack-edge.com\/2020-09-29\/1380754309719_b550d428636061c22023_72.jpg",
            "first_name": "Nhung",
            "real_name": "Nhung Hoang",
            "display_name": "Nhung",
            "team": "T7B710AL9",
            "name": "nhoang1",
            "is_restricted": false,
            "is_ultra_restricted": false
        },
        "blocks": [
            {
                "type": "rich_text",
                "block_id": "Oho3",
                "elements": [
                    {
                        "type": "rich_text_section",
                        "elements": [
                            {
                                "type": "text",
                                "text": "Taxi driver on the chaotic driving patterns in Saigon: \"Green means go. Red also means go, but slightly slower.\""
                            }
                        ]
                    }
                ]
            }
        ],
        "reactions": [
            {
                "name": "shookbear",
                "users": [
                    "U7CEH7CGM",
                    "U7BFY2LQH",
                    "U8JTX11L3",
                    "U7FMYUQMD"
                ],
                "count": 4
            }
        ]
    }
]