[
    {
        "user": "U89GWBNNA",
        "type": "message",
        "ts": "1577217025.001600",
        "client_msg_id": "c4408d02-6216-461a-be82-9e76223d1af3",
        "text": "While on my phone i just shouted \"yoooo he resigned\" in a room with my family and they thought I was talking about trump but really I was talking about the guy I was playing online chess with",
        "team": "T7B710AL9",
        "user_team": "T7B710AL9",
        "source_team": "T7B710AL9",
        "user_profile": {
            "avatar_hash": "3aa2960ed82b",
            "image_72": "https:\/\/avatars.slack-edge.com\/2019-06-24\/668472322033_3aa2960ed82b167e956a_72.png",
            "first_name": "Charles",
            "real_name": "Charles Cole",
            "display_name": "Lox",
            "team": "T7B710AL9",
            "name": "chcole07",
            "is_restricted": false,
            "is_ultra_restricted": false
        },
        "thread_ts": "1577217025.001600",
        "reply_count": 1,
        "reply_users_count": 1,
        "latest_reply": "1577222529.000100",
        "reply_users": [
            "UNC4W0F96"
        ],
        "replies": [
            {
                "user": "UNC4W0F96",
                "ts": "1577222529.000100"
            }
        ],
        "is_locked": false,
        "subscribed": false,
        "blocks": [
            {
                "type": "rich_text",
                "block_id": "xGlf",
                "elements": [
                    {
                        "type": "rich_text_section",
                        "elements": [
                            {
                                "type": "text",
                                "text": "While on my phone i just shouted \"yoooo he resigned\" in a room with my family and they thought I was talking about trump but really I was talking about the guy I was playing online chess with"
                            }
                        ]
                    }
                ]
            }
        ]
    },
    {
        "user": "UNC4W0F96",
        "type": "message",
        "ts": "1577222529.000100",
        "client_msg_id": "d739a2b8-d105-43ef-9ced-3b586cd5077c",
        "text": "Congrats on the W",
        "team": "T7B710AL9",
        "user_team": "T7B710AL9",
        "source_team": "T7B710AL9",
        "user_profile": {
            "avatar_hash": "c0762b751fcb",
            "image_72": "https:\/\/avatars.slack-edge.com\/2022-11-06\/4353663255168_c0762b751fcb3221faae_72.jpg",
            "first_name": "Rory",
            "real_name": "Rory Schmidt",
            "display_name": "Rory",
            "team": "T7B710AL9",
            "name": "rschmid1",
            "is_restricted": false,
            "is_ultra_restricted": false
        },
        "thread_ts": "1577217025.001600",
        "parent_user_id": "U89GWBNNA",
        "blocks": [
            {
                "type": "rich_text",
                "block_id": "ulY\/\/",
                "elements": [
                    {
                        "type": "rich_text_section",
                        "elements": [
                            {
                                "type": "text",
                                "text": "Congrats on the W"
                            }
                        ]
                    }
                ]
            }
        ]
    }
]