[
    {
        "text": "No one: \nEvan: ",
        "files": [
            {
                "id": "FNTEVHD98",
                "created": 1570564489,
                "timestamp": 1570564489,
                "name": "Image from iOS.jpg",
                "title": "Image from iOS",
                "mimetype": "image\/jpeg",
                "filetype": "jpg",
                "pretty_type": "JPEG",
                "user": "UCU8N6U00",
                "user_team": "T7B710AL9",
                "editable": false,
                "size": 790933,
                "mode": "hosted",
                "is_external": false,
                "external_type": "",
                "is_public": true,
                "public_url_shared": false,
                "display_as_bot": false,
                "username": "",
                "url_private": "https:\/\/files.slack.com\/files-pri\/T7B710AL9-FNTEVHD98\/image_from_ios.jpg?t=xoxe-249239010689-7383763303600-7346417720535-c8977b2d870e66a58192db1f0484baaa",
                "url_private_download": "https:\/\/files.slack.com\/files-pri\/T7B710AL9-FNTEVHD98\/download\/image_from_ios.jpg?t=xoxe-249239010689-7383763303600-7346417720535-c8977b2d870e66a58192db1f0484baaa",
                "media_display_type": "unknown",
                "thumb_64": "https:\/\/files.slack.com\/files-tmb\/T7B710AL9-FNTEVHD98-d13c5bd48a\/image_from_ios_64.jpg?t=xoxe-249239010689-7383763303600-7346417720535-c8977b2d870e66a58192db1f0484baaa",
                "thumb_80": "https:\/\/files.slack.com\/files-tmb\/T7B710AL9-FNTEVHD98-d13c5bd48a\/image_from_ios_80.jpg?t=xoxe-249239010689-7383763303600-7346417720535-c8977b2d870e66a58192db1f0484baaa",
                "thumb_360": "https:\/\/files.slack.com\/files-tmb\/T7B710AL9-FNTEVHD98-d13c5bd48a\/image_from_ios_360.jpg?t=xoxe-249239010689-7383763303600-7346417720535-c8977b2d870e66a58192db1f0484baaa",
                "thumb_360_w": 270,
                "thumb_360_h": 360,
                "thumb_480": "https:\/\/files.slack.com\/files-tmb\/T7B710AL9-FNTEVHD98-d13c5bd48a\/image_from_ios_480.jpg?t=xoxe-249239010689-7383763303600-7346417720535-c8977b2d870e66a58192db1f0484baaa",
                "thumb_480_w": 360,
                "thumb_480_h": 480,
                "thumb_160": "https:\/\/files.slack.com\/files-tmb\/T7B710AL9-FNTEVHD98-d13c5bd48a\/image_from_ios_160.jpg?t=xoxe-249239010689-7383763303600-7346417720535-c8977b2d870e66a58192db1f0484baaa",
                "thumb_720": "https:\/\/files.slack.com\/files-tmb\/T7B710AL9-FNTEVHD98-d13c5bd48a\/image_from_ios_720.jpg?t=xoxe-249239010689-7383763303600-7346417720535-c8977b2d870e66a58192db1f0484baaa",
                "thumb_720_w": 540,
                "thumb_720_h": 720,
                "thumb_800": "https:\/\/files.slack.com\/files-tmb\/T7B710AL9-FNTEVHD98-d13c5bd48a\/image_from_ios_800.jpg?t=xoxe-249239010689-7383763303600-7346417720535-c8977b2d870e66a58192db1f0484baaa",
                "thumb_800_w": 800,
                "thumb_800_h": 1067,
                "thumb_960": "https:\/\/files.slack.com\/files-tmb\/T7B710AL9-FNTEVHD98-d13c5bd48a\/image_from_ios_960.jpg?t=xoxe-249239010689-7383763303600-7346417720535-c8977b2d870e66a58192db1f0484baaa",
                "thumb_960_w": 720,
                "thumb_960_h": 960,
                "thumb_1024": "https:\/\/files.slack.com\/files-tmb\/T7B710AL9-FNTEVHD98-d13c5bd48a\/image_from_ios_1024.jpg?t=xoxe-249239010689-7383763303600-7346417720535-c8977b2d870e66a58192db1f0484baaa",
                "thumb_1024_w": 768,
                "thumb_1024_h": 1024,
                "image_exif_rotation": 8,
                "original_w": 4032,
                "original_h": 3024,
                "thumb_tiny": "AwAwACRGXjmmIMuAFLAdcUsxOFz0zzVtYiqDJGPQdKRRnXO4sSTwewqDrWtcQKYSQBxzWW+N5wMDPSmJiYxRSUUCNJVDZVjg+9TQsfL2sfmTg02Mq0fXOOMmkD\/vgTgllwceopIpsjluGRHyAT09qot82G9avuhc5A49W6VWELqC2MITwaYmQbDRsNTbB6D86TYPQUrhYuyxlAVUZHY0wqv3kPzDHFSC4LoRnBHT3qurFnAxjPbOKQD5lkkJ8oMqnls8c0xS+wIWyvWraxbQfX61TLAH6cU7iHGM9ulJ5b0\/7SR0QUfam\/uj8qBn\/9k=",
                "permalink": "https:\/\/swarthmoreultimate.slack.com\/files\/UCU8N6U00\/FNTEVHD98\/image_from_ios.jpg",
                "permalink_public": "https:\/\/slack-files.com\/T7B710AL9-FNTEVHD98-6cda8c0199",
                "is_starred": false,
                "has_rich_preview": false,
                "file_access": "visible"
            }
        ],
        "upload": true,
        "user": "UCU8N6U00",
        "display_as_bot": false,
        "blocks": [
            {
                "type": "rich_text",
                "block_id": "mJqRA",
                "elements": [
                    {
                        "type": "rich_text_section",
                        "elements": [
                            {
                                "type": "text",
                                "text": "No one: \nEvan:"
                            }
                        ]
                    }
                ]
            }
        ],
        "type": "message",
        "ts": "1570564490.000400",
        "client_msg_id": "986C64D6-54DD-466B-85FA-CDF1C366B1F6",
        "thread_ts": "1570564490.000400",
        "reply_count": 1,
        "reply_users_count": 1,
        "latest_reply": "1570578470.002100",
        "reply_users": [
            "U7G3ERU5V"
        ],
        "replies": [
            {
                "user": "U7G3ERU5V",
                "ts": "1570578470.002100"
            }
        ],
        "is_locked": false,
        "subscribed": false,
        "reactions": [
            {
                "name": "national_park",
                "users": [
                    "U7CUH2Z70",
                    "UCMEELYF9",
                    "U8E7UM7R6",
                    "U8JTX11L3",
                    "UCVG0T6RL",
                    "UCU52BKEE",
                    "U7FMYUQMD"
                ],
                "count": 7
            },
            {
                "name": "regalfiremoose",
                "users": [
                    "U7BHXDGSV"
                ],
                "count": 1
            }
        ]
    },
    {
        "user": "U7G3ERU5V",
        "type": "message",
        "ts": "1570578470.002100",
        "client_msg_id": "974F7E58-320E-47EF-AD9D-4A296BE700CA",
        "text": "Is this his phone or yours?",
        "team": "T7B710AL9",
        "user_team": "T7B710AL9",
        "source_team": "T7B710AL9",
        "user_profile": {
            "avatar_hash": "a7d2af132a2e",
            "image_72": "https:\/\/avatars.slack-edge.com\/2019-07-22\/691057671298_a7d2af132a2ea37401fd_72.png",
            "first_name": "Vinay",
            "real_name": "Vinay",
            "display_name": "",
            "team": "T7B710AL9",
            "name": "vkeefe1",
            "is_restricted": false,
            "is_ultra_restricted": false
        },
        "thread_ts": "1570564490.000400",
        "parent_user_id": "UCU8N6U00",
        "blocks": [
            {
                "type": "rich_text",
                "block_id": "JIk3j",
                "elements": [
                    {
                        "type": "rich_text_section",
                        "elements": [
                            {
                                "type": "text",
                                "text": "Is this his phone or yours?"
                            }
                        ]
                    }
                ]
            }
        ]
    }
]