[
    {
        "user": "UCU27FNLT",
        "type": "message",
        "ts": "1570161660.000900",
        "client_msg_id": "D12F360A-8FED-4BD8-8765-74F7BAC9D636",
        "text": "The lodge, after a chill kickback tonight, is net +1 sock. We don’t know whose sock it is. ",
        "team": "T7B710AL9",
        "user_team": "T7B710AL9",
        "source_team": "T7B710AL9",
        "user_profile": {
            "avatar_hash": "f809cb2b0e54",
            "image_72": "https:\/\/avatars.slack-edge.com\/2021-08-17\/2388388479701_f809cb2b0e5406e174b3_72.png",
            "first_name": "Adam",
            "real_name": "Adam Lloyd-Jones",
            "display_name": "Squatch",
            "team": "T7B710AL9",
            "name": "adamlj827",
            "is_restricted": false,
            "is_ultra_restricted": false
        },
        "blocks": [
            {
                "type": "rich_text",
                "block_id": "DKgq",
                "elements": [
                    {
                        "type": "rich_text_section",
                        "elements": [
                            {
                                "type": "text",
                                "text": "The lodge, after a chill kickback tonight, is net +1 sock. We don’t know whose sock it is."
                            }
                        ]
                    }
                ]
            }
        ],
        "reactions": [
            {
                "name": "socks",
                "users": [
                    "U8JTX11L3",
                    "UCU52BKEE",
                    "UCKMFGMMW",
                    "U7BHXDGSV",
                    "UCMEELYF9",
                    "U7CQU3U6B",
                    "UCP04JZ9B",
                    "U868GK012"
                ],
                "count": 8
            }
        ]
    }
]