[
    {
        "user": "UD7R9NDNK",
        "type": "message",
        "ts": "1568648335.002000",
        "client_msg_id": "7cc4e2d9-bf43-46e5-808c-11dc2f79f99e",
        "text": "1: My mom sent me a little stuffed animal that I lost on the first day of having.\n2: After hearing this she sent me a second one with the note attached: \"NOT passive aggressive\"",
        "team": "T7B710AL9",
        "user_team": "T7B710AL9",
        "source_team": "T7B710AL9",
        "user_profile": {
            "avatar_hash": "56390e1b7bba",
            "image_72": "https:\/\/avatars.slack-edge.com\/2022-03-16\/3244528122342_56390e1b7bba6e52fe73_72.png",
            "first_name": "Otis",
            "real_name": "Otis Peterson",
            "display_name": "Otis",
            "team": "T7B710AL9",
            "name": "opeters1",
            "is_restricted": false,
            "is_ultra_restricted": false
        },
        "blocks": [
            {
                "type": "rich_text",
                "block_id": "bvc6",
                "elements": [
                    {
                        "type": "rich_text_section",
                        "elements": [
                            {
                                "type": "text",
                                "text": "1: My mom sent me a little stuffed animal that I lost on the first day of having.\n2: After hearing this she sent me a second one with the note attached: \"NOT passive aggressive\""
                            }
                        ]
                    }
                ]
            }
        ],
        "reactions": [
            {
                "name": "heart",
                "users": [
                    "U7DKWL5U2",
                    "U7BHXDGSV",
                    "U7BFY2LQH",
                    "U7CUH2Z70",
                    "U7F238X5F"
                ],
                "count": 5
            }
        ]
    },
    {
        "user": "U7BFY2LQH",
        "type": "message",
        "ts": "1568650137.004800",
        "client_msg_id": "f09151b5-7d6e-4674-8759-85d706546c77",
        "text": "I was looking through old Facebook friend requests I had never responded to and I found one from 3 years ago from a guy who I used to be really good friends with but since like high school we were more just familiar acquaintances, is it weird to accept that friend request now",
        "team": "T7B710AL9",
        "user_team": "T7B710AL9",
        "source_team": "T7B710AL9",
        "user_profile": {
            "avatar_hash": "1745198e693f",
            "image_72": "https:\/\/avatars.slack-edge.com\/2018-07-19\/401624787187_1745198e693f1193975a_72.jpg",
            "first_name": "Sam",
            "real_name": "Sam Gardner",
            "display_name": "Waterbear, M.D.",
            "team": "T7B710AL9",
            "name": "sgardne1",
            "is_restricted": false,
            "is_ultra_restricted": false
        },
        "thread_ts": "1568650137.004800",
        "reply_count": 1,
        "reply_users_count": 1,
        "latest_reply": "1568654180.005000",
        "reply_users": [
            "U7C7WMV52"
        ],
        "replies": [
            {
                "user": "U7C7WMV52",
                "ts": "1568654180.005000"
            }
        ],
        "is_locked": false,
        "subscribed": false,
        "blocks": [
            {
                "type": "rich_text",
                "block_id": "gKaP",
                "elements": [
                    {
                        "type": "rich_text_section",
                        "elements": [
                            {
                                "type": "text",
                                "text": "I was looking through old Facebook friend requests I had never responded to and I found one from 3 years ago from a guy who I used to be really good friends with but since like high school we were more just familiar acquaintances, is it weird to accept that friend request now"
                            }
                        ]
                    }
                ]
            }
        ]
    },
    {
        "user": "U7C7WMV52",
        "type": "message",
        "ts": "1568654180.005000",
        "client_msg_id": "e9cb25c3-5999-4e6d-b0d9-5e336a3216d2",
        "text": "Cancel it and send him one that'll show him",
        "team": "T7B710AL9",
        "user_team": "T7B710AL9",
        "source_team": "T7B710AL9",
        "user_profile": {
            "avatar_hash": "ba74640ec113",
            "image_72": "https:\/\/avatars.slack-edge.com\/2018-09-23\/441365102883_ba74640ec113a0bce943_72.jpg",
            "first_name": "Sagnik",
            "real_name": "Sagnik",
            "display_name": "Lick",
            "team": "T7B710AL9",
            "name": "sg.sagnik",
            "is_restricted": false,
            "is_ultra_restricted": false
        },
        "thread_ts": "1568650137.004800",
        "parent_user_id": "U7BFY2LQH",
        "blocks": [
            {
                "type": "rich_text",
                "block_id": "jzpgo",
                "elements": [
                    {
                        "type": "rich_text_section",
                        "elements": [
                            {
                                "type": "text",
                                "text": "Cancel it and send him one that'll show him"
                            }
                        ]
                    }
                ]
            }
        ]
    }
]