[
    {
        "user": "U7CEH7CGM",
        "type": "message",
        "ts": "1547488504.000800",
        "client_msg_id": "30aa5548-56b5-44a6-83a4-601cc0721191",
        "text": "The new Swarthmore webpage features a video of the worms doing cheers in which I look possessed and bear looks like he’s nutting in the background",
        "team": "T7B710AL9",
        "user_team": "T7B710AL9",
        "source_team": "T7B710AL9",
        "user_profile": {
            "avatar_hash": "586b2b51da50",
            "image_72": "https:\/\/avatars.slack-edge.com\/2018-12-17\/504857144561_586b2b51da50812410ae_72.png",
            "first_name": "Alex",
            "real_name": "Alex Jin",
            "display_name": "Ajin2",
            "team": "T7B710AL9",
            "name": "ajin2",
            "is_restricted": false,
            "is_ultra_restricted": false
        },
        "thread_ts": "1547488504.000800",
        "reply_count": 7,
        "reply_users_count": 3,
        "latest_reply": "1547490512.004400",
        "reply_users": [
            "U868GK012",
            "U7CEH7CGM",
            "U7CQU3U6B"
        ],
        "replies": [
            {
                "user": "U868GK012",
                "ts": "1547488546.001300"
            },
            {
                "user": "U7CEH7CGM",
                "ts": "1547488562.001600"
            },
            {
                "user": "U868GK012",
                "ts": "1547488749.002400"
            },
            {
                "user": "U7CEH7CGM",
                "ts": "1547488821.002600"
            },
            {
                "user": "U7CQU3U6B",
                "ts": "1547490492.003700"
            },
            {
                "user": "U7CQU3U6B",
                "ts": "1547490497.004100"
            },
            {
                "user": "U7CQU3U6B",
                "ts": "1547490512.004400"
            }
        ],
        "is_locked": false,
        "subscribed": false,
        "blocks": [
            {
                "type": "rich_text",
                "block_id": "X4ux7",
                "elements": [
                    {
                        "type": "rich_text_section",
                        "elements": [
                            {
                                "type": "text",
                                "text": "The new Swarthmore webpage features a video of the worms doing cheers in which I look possessed and bear looks like he’s nutting in the background"
                            }
                        ]
                    }
                ]
            }
        ],
        "reactions": [
            {
                "name": "imaworm",
                "users": [
                    "U8CM2ST63",
                    "U7CQU3U6B",
                    "U868GK012"
                ],
                "count": 3
            }
        ]
    },
    {
        "user": "U868GK012",
        "type": "message",
        "ts": "1547488546.001300",
        "client_msg_id": "3374D83B-EC70-400E-89A9-8F4B34301E4D",
        "text": "Seems to be a pretty accurate depiction of our team then ",
        "team": "T7B710AL9",
        "user_team": "T7B710AL9",
        "source_team": "T7B710AL9",
        "user_profile": {
            "avatar_hash": "e6fd7b86fd21",
            "image_72": "https:\/\/avatars.slack-edge.com\/2018-10-18\/458920105140_e6fd7b86fd21f960c65a_72.png",
            "first_name": "Tommy",
            "real_name": "Tommy Dell",
            "display_name": "Father Tom",
            "team": "T7B710AL9",
            "name": "tdell1",
            "is_restricted": false,
            "is_ultra_restricted": false
        },
        "thread_ts": "1547488504.000800",
        "parent_user_id": "U7CEH7CGM",
        "blocks": [
            {
                "type": "rich_text",
                "block_id": "=wlYY",
                "elements": [
                    {
                        "type": "rich_text_section",
                        "elements": [
                            {
                                "type": "text",
                                "text": "Seems to be a pretty accurate depiction of our team then"
                            }
                        ]
                    }
                ]
            }
        ],
        "reactions": [
            {
                "name": "fathertom",
                "users": [
                    "U7CEH7CGM",
                    "U7BHXDGSV",
                    "U7CQU3U6B"
                ],
                "count": 3
            }
        ]
    },
    {
        "user": "U7CEH7CGM",
        "type": "message",
        "ts": "1547488562.001600",
        "edited": {
            "user": "U7CEH7CGM",
            "ts": "1547488630.000000"
        },
        "client_msg_id": "123e8f76-0ae5-4249-85bc-f7888aebc793",
        "text": "<https:\/\/www.swarthmore.edu\/campus-life>",
        "team": "T7B710AL9",
        "user_team": "T7B710AL9",
        "source_team": "T7B710AL9",
        "user_profile": {
            "avatar_hash": "586b2b51da50",
            "image_72": "https:\/\/avatars.slack-edge.com\/2018-12-17\/504857144561_586b2b51da50812410ae_72.png",
            "first_name": "Alex",
            "real_name": "Alex Jin",
            "display_name": "Ajin2",
            "team": "T7B710AL9",
            "name": "ajin2",
            "is_restricted": false,
            "is_ultra_restricted": false
        },
        "thread_ts": "1547488504.000800",
        "parent_user_id": "U7CEH7CGM",
        "blocks": [
            {
                "type": "rich_text",
                "block_id": "GTT72",
                "elements": [
                    {
                        "type": "rich_text_section",
                        "elements": [
                            {
                                "type": "link",
                                "url": "https:\/\/www.swarthmore.edu\/campus-life"
                            }
                        ]
                    }
                ]
            }
        ]
    },
    {
        "user": "U868GK012",
        "type": "message",
        "ts": "1547488749.002400",
        "client_msg_id": "F8055345-7EBD-4BDA-B8E6-7CB8EDD3261E",
        "text": "Oh sick they got a great shot of my back too",
        "team": "T7B710AL9",
        "user_team": "T7B710AL9",
        "source_team": "T7B710AL9",
        "user_profile": {
            "avatar_hash": "e6fd7b86fd21",
            "image_72": "https:\/\/avatars.slack-edge.com\/2018-10-18\/458920105140_e6fd7b86fd21f960c65a_72.png",
            "first_name": "Tommy",
            "real_name": "Tommy Dell",
            "display_name": "Father Tom",
            "team": "T7B710AL9",
            "name": "tdell1",
            "is_restricted": false,
            "is_ultra_restricted": false
        },
        "thread_ts": "1547488504.000800",
        "parent_user_id": "U7CEH7CGM",
        "blocks": [
            {
                "type": "rich_text",
                "block_id": "Y5wd",
                "elements": [
                    {
                        "type": "rich_text_section",
                        "elements": [
                            {
                                "type": "text",
                                "text": "Oh sick they got a great shot of my back too"
                            }
                        ]
                    }
                ]
            }
        ],
        "reactions": [
            {
                "name": "thumbs_middle",
                "users": [
                    "U7CEH7CGM",
                    "U7BHXDGSV",
                    "U7CQU3U6B",
                    "U7CUH2Z70"
                ],
                "count": 4
            }
        ]
    },
    {
        "text": "They also got this great shot of the moms!",
        "files": [
            {
                "id": "FFD96QKGS",
                "created": 1547488809,
                "timestamp": 1547488809,
                "name": "Screen Shot 2019-01-15 at 1.59.03 AM.png",
                "title": "Screen Shot 2019-01-15 at 1.59.03 AM.png",
                "mimetype": "image\/png",
                "filetype": "png",
                "pretty_type": "PNG",
                "user": "U7CEH7CGM",
                "user_team": "T7B710AL9",
                "editable": false,
                "size": 2347925,
                "mode": "hosted",
                "is_external": false,
                "external_type": "",
                "is_public": true,
                "public_url_shared": false,
                "display_as_bot": false,
                "username": "",
                "url_private": "https:\/\/files.slack.com\/files-pri\/T7B710AL9-FFD96QKGS\/screen_shot_2019-01-15_at_1.59.03_am.png?t=xoxe-249239010689-7383763303600-7346417720535-c8977b2d870e66a58192db1f0484baaa",
                "url_private_download": "https:\/\/files.slack.com\/files-pri\/T7B710AL9-FFD96QKGS\/download\/screen_shot_2019-01-15_at_1.59.03_am.png?t=xoxe-249239010689-7383763303600-7346417720535-c8977b2d870e66a58192db1f0484baaa",
                "media_display_type": "unknown",
                "thumb_64": "https:\/\/files.slack.com\/files-tmb\/T7B710AL9-FFD96QKGS-d64d06d0f6\/screen_shot_2019-01-15_at_1.59.03_am_64.png?t=xoxe-249239010689-7383763303600-7346417720535-c8977b2d870e66a58192db1f0484baaa",
                "thumb_80": "https:\/\/files.slack.com\/files-tmb\/T7B710AL9-FFD96QKGS-d64d06d0f6\/screen_shot_2019-01-15_at_1.59.03_am_80.png?t=xoxe-249239010689-7383763303600-7346417720535-c8977b2d870e66a58192db1f0484baaa",
                "thumb_360": "https:\/\/files.slack.com\/files-tmb\/T7B710AL9-FFD96QKGS-d64d06d0f6\/screen_shot_2019-01-15_at_1.59.03_am_360.png?t=xoxe-249239010689-7383763303600-7346417720535-c8977b2d870e66a58192db1f0484baaa",
                "thumb_360_w": 360,
                "thumb_360_h": 192,
                "thumb_480": "https:\/\/files.slack.com\/files-tmb\/T7B710AL9-FFD96QKGS-d64d06d0f6\/screen_shot_2019-01-15_at_1.59.03_am_480.png?t=xoxe-249239010689-7383763303600-7346417720535-c8977b2d870e66a58192db1f0484baaa",
                "thumb_480_w": 480,
                "thumb_480_h": 256,
                "thumb_160": "https:\/\/files.slack.com\/files-tmb\/T7B710AL9-FFD96QKGS-d64d06d0f6\/screen_shot_2019-01-15_at_1.59.03_am_160.png?t=xoxe-249239010689-7383763303600-7346417720535-c8977b2d870e66a58192db1f0484baaa",
                "thumb_720": "https:\/\/files.slack.com\/files-tmb\/T7B710AL9-FFD96QKGS-d64d06d0f6\/screen_shot_2019-01-15_at_1.59.03_am_720.png?t=xoxe-249239010689-7383763303600-7346417720535-c8977b2d870e66a58192db1f0484baaa",
                "thumb_720_w": 720,
                "thumb_720_h": 383,
                "thumb_800": "https:\/\/files.slack.com\/files-tmb\/T7B710AL9-FFD96QKGS-d64d06d0f6\/screen_shot_2019-01-15_at_1.59.03_am_800.png?t=xoxe-249239010689-7383763303600-7346417720535-c8977b2d870e66a58192db1f0484baaa",
                "thumb_800_w": 800,
                "thumb_800_h": 426,
                "thumb_960": "https:\/\/files.slack.com\/files-tmb\/T7B710AL9-FFD96QKGS-d64d06d0f6\/screen_shot_2019-01-15_at_1.59.03_am_960.png?t=xoxe-249239010689-7383763303600-7346417720535-c8977b2d870e66a58192db1f0484baaa",
                "thumb_960_w": 960,
                "thumb_960_h": 511,
                "thumb_1024": "https:\/\/files.slack.com\/files-tmb\/T7B710AL9-FFD96QKGS-d64d06d0f6\/screen_shot_2019-01-15_at_1.59.03_am_1024.png?t=xoxe-249239010689-7383763303600-7346417720535-c8977b2d870e66a58192db1f0484baaa",
                "thumb_1024_w": 1024,
                "thumb_1024_h": 545,
                "image_exif_rotation": 1,
                "original_w": 2194,
                "original_h": 1168,
                "permalink": "https:\/\/swarthmoreultimate.slack.com\/files\/U7CEH7CGM\/FFD96QKGS\/screen_shot_2019-01-15_at_1.59.03_am.png",
                "permalink_public": "https:\/\/slack-files.com\/T7B710AL9-FFD96QKGS-e7150d9a3d",
                "is_starred": false,
                "has_rich_preview": false,
                "file_access": "visible"
            }
        ],
        "upload": true,
        "user": "U7CEH7CGM",
        "display_as_bot": false,
        "blocks": [
            {
                "type": "rich_text",
                "block_id": "jY1e",
                "elements": [
                    {
                        "type": "rich_text_section",
                        "elements": [
                            {
                                "type": "text",
                                "text": "They also got this great shot of the moms!"
                            }
                        ]
                    }
                ]
            }
        ],
        "type": "message",
        "ts": "1547488821.002600",
        "thread_ts": "1547488504.000800",
        "parent_user_id": "U7CEH7CGM",
        "reactions": [
            {
                "name": "heart",
                "users": [
                    "U7D0YG3J4",
                    "U7BHXDGSV",
                    "U7CQU3U6B",
                    "U7BL1F7PD"
                ],
                "count": 4
            }
        ]
    },
    {
        "user": "U7CQU3U6B",
        "type": "message",
        "ts": "1547490492.003700",
        "client_msg_id": "32F904B3-FD71-4D2C-8C0F-9D814E4765D4",
        "text": "when did i say this ",
        "team": "T7B710AL9",
        "user_team": "T7B710AL9",
        "source_team": "T7B710AL9",
        "user_profile": {
            "avatar_hash": "9aa821409e67",
            "image_72": "https:\/\/avatars.slack-edge.com\/2018-11-13\/478546525250_9aa821409e67096e9da5_72.png",
            "first_name": "Richelle",
            "real_name": "Richelle Robinson",
            "display_name": "R ic h   el    l",
            "team": "T7B710AL9",
            "name": "rrobins1",
            "is_restricted": false,
            "is_ultra_restricted": false
        },
        "thread_ts": "1547488504.000800",
        "parent_user_id": "U7CEH7CGM",
        "blocks": [
            {
                "type": "rich_text",
                "block_id": "FXUMm",
                "elements": [
                    {
                        "type": "rich_text_section",
                        "elements": [
                            {
                                "type": "text",
                                "text": "when did i say this"
                            }
                        ]
                    }
                ]
            }
        ]
    },
    {
        "user": "U7CQU3U6B",
        "type": "message",
        "ts": "1547490497.004100",
        "client_msg_id": "FE3A8002-6D8D-409B-AF0B-D5D9D15BEAA5",
        "text": "who did i say this to ",
        "team": "T7B710AL9",
        "user_team": "T7B710AL9",
        "source_team": "T7B710AL9",
        "user_profile": {
            "avatar_hash": "9aa821409e67",
            "image_72": "https:\/\/avatars.slack-edge.com\/2018-11-13\/478546525250_9aa821409e67096e9da5_72.png",
            "first_name": "Richelle",
            "real_name": "Richelle Robinson",
            "display_name": "R ic h   el    l",
            "team": "T7B710AL9",
            "name": "rrobins1",
            "is_restricted": false,
            "is_ultra_restricted": false
        },
        "thread_ts": "1547488504.000800",
        "parent_user_id": "U7CEH7CGM",
        "blocks": [
            {
                "type": "rich_text",
                "block_id": "n4QAR",
                "elements": [
                    {
                        "type": "rich_text_section",
                        "elements": [
                            {
                                "type": "text",
                                "text": "who did i say this to"
                            }
                        ]
                    }
                ]
            }
        ]
    },
    {
        "user": "U7CQU3U6B",
        "type": "message",
        "ts": "1547490512.004400",
        "client_msg_id": "D46981EA-79D3-4E55-91BF-BA5076DE8099",
        "text": "i wasn’t even there ",
        "team": "T7B710AL9",
        "user_team": "T7B710AL9",
        "source_team": "T7B710AL9",
        "user_profile": {
            "avatar_hash": "9aa821409e67",
            "image_72": "https:\/\/avatars.slack-edge.com\/2018-11-13\/478546525250_9aa821409e67096e9da5_72.png",
            "first_name": "Richelle",
            "real_name": "Richelle Robinson",
            "display_name": "R ic h   el    l",
            "team": "T7B710AL9",
            "name": "rrobins1",
            "is_restricted": false,
            "is_ultra_restricted": false
        },
        "thread_ts": "1547488504.000800",
        "parent_user_id": "U7CEH7CGM",
        "blocks": [
            {
                "type": "rich_text",
                "block_id": "BgVC",
                "elements": [
                    {
                        "type": "rich_text_section",
                        "elements": [
                            {
                                "type": "text",
                                "text": "i wasn’t even there"
                            }
                        ]
                    }
                ]
            }
        ],
        "reactions": [
            {
                "name": "ricehell",
                "users": [
                    "U7CEH7CGM"
                ],
                "count": 1
            }
        ]
    }
]