[
    {
        "user": "U7G3ERU5V",
        "type": "message",
        "ts": "1547607352.006300",
        "client_msg_id": "0CE26131-F9D2-461E-B530-5A26B9C52F7F",
        "text": "On the page about what’s distinctive about swarthmore Jacky sharks is in two of the 8 photos ",
        "team": "T7B710AL9",
        "user_team": "T7B710AL9",
        "source_team": "T7B710AL9",
        "user_profile": {
            "avatar_hash": "a7d2af132a2e",
            "image_72": "https:\/\/avatars.slack-edge.com\/2019-07-22\/691057671298_a7d2af132a2ea37401fd_72.png",
            "first_name": "Vinay",
            "real_name": "Vinay",
            "display_name": "",
            "team": "T7B710AL9",
            "name": "vkeefe1",
            "is_restricted": false,
            "is_ultra_restricted": false
        },
        "blocks": [
            {
                "type": "rich_text",
                "block_id": "USh\/W",
                "elements": [
                    {
                        "type": "rich_text_section",
                        "elements": [
                            {
                                "type": "text",
                                "text": "On the page about what’s distinctive about swarthmore Jacky sharks is in two of the 8 photos"
                            }
                        ]
                    }
                ]
            }
        ],
        "reactions": [
            {
                "name": "beef-ragout",
                "users": [
                    "U7C7WMV52",
                    "U7F238X5F",
                    "U7DL9CX6W",
                    "U868GK012",
                    "U7BHXDGSV"
                ],
                "count": 5
            }
        ]
    }
]