[
    {
        "user": "U7CAKF8CS",
        "type": "message",
        "ts": "1569077954.007900",
        "client_msg_id": "6692E199-4CA3-4FB6-BD87-5AA1D97BA7F5",
        "text": "I dislike this\nDeeply ",
        "team": "T7B710AL9",
        "user_team": "T7B710AL9",
        "source_team": "T7B710AL9",
        "user_profile": {
            "avatar_hash": "0f2bdbac8459",
            "image_72": "https:\/\/avatars.slack-edge.com\/2020-08-28\/1330649910978_0f2bdbac845919cd6e01_72.png",
            "first_name": "Rye",
            "real_name": "Rye Buckley",
            "display_name": "blu",
            "team": "T7B710AL9",
            "name": "rbuckle1",
            "is_restricted": false,
            "is_ultra_restricted": false
        },
        "thread_ts": "1569039242.006800",
        "parent_user_id": "U7CQU3U6B",
        "blocks": [
            {
                "type": "rich_text",
                "block_id": "5H\/x",
                "elements": [
                    {
                        "type": "rich_text_section",
                        "elements": [
                            {
                                "type": "text",
                                "text": "I dislike this\nDeeply"
                            }
                        ]
                    }
                ]
            }
        ]
    },
    {
        "user": "U7CQU3U6B",
        "type": "message",
        "ts": "1569081947.008200",
        "client_msg_id": "C97C6213-562B-4369-962A-866B4CCF08BF",
        "text": "yeah same ",
        "team": "T7B710AL9",
        "user_team": "T7B710AL9",
        "source_team": "T7B710AL9",
        "user_profile": {
            "avatar_hash": "9aa821409e67",
            "image_72": "https:\/\/avatars.slack-edge.com\/2018-11-13\/478546525250_9aa821409e67096e9da5_72.png",
            "first_name": "Richelle",
            "real_name": "Richelle Robinson",
            "display_name": "R ic h   el    l",
            "team": "T7B710AL9",
            "name": "rrobins1",
            "is_restricted": false,
            "is_ultra_restricted": false
        },
        "thread_ts": "1569039242.006800",
        "parent_user_id": "U7CQU3U6B",
        "blocks": [
            {
                "type": "rich_text",
                "block_id": "nRR",
                "elements": [
                    {
                        "type": "rich_text_section",
                        "elements": [
                            {
                                "type": "text",
                                "text": "yeah same"
                            }
                        ]
                    }
                ]
            }
        ]
    }
]