[
    {
        "user": "UCPPDTERY",
        "type": "message",
        "ts": "1548216258.000600",
        "client_msg_id": "b3f80b6c-3c5f-43a4-9dca-d3c0bd6263da",
        "text": "Paying your social dues in 2 installments to clear your venmo balance",
        "team": "T7B710AL9",
        "user_team": "T7B710AL9",
        "source_team": "T7B710AL9",
        "user_profile": {
            "avatar_hash": "031a36e30261",
            "image_72": "https:\/\/avatars.slack-edge.com\/2018-09-16\/435764698624_031a36e3026176f0645d_72.jpg",
            "first_name": "Matt",
            "real_name": "Matt Anderson",
            "display_name": "Cnips",
            "team": "T7B710AL9",
            "name": "manders4",
            "is_restricted": false,
            "is_ultra_restricted": false
        },
        "blocks": [
            {
                "type": "rich_text",
                "block_id": "GjTD",
                "elements": [
                    {
                        "type": "rich_text_section",
                        "elements": [
                            {
                                "type": "text",
                                "text": "Paying your social dues in 2 installments to clear your venmo balance"
                            }
                        ]
                    }
                ]
            }
        ]
    }
]