[
    {
        "user": "U89GWBNNA",
        "type": "message",
        "ts": "1549737313.000800",
        "client_msg_id": "87792C99-06FB-4AD6-9645-A31D3FFAD66D",
        "text": "I’m in the midst of listening to a 10 minute rap\/poem about biological pest management",
        "team": "T7B710AL9",
        "user_team": "T7B710AL9",
        "source_team": "T7B710AL9",
        "user_profile": {
            "avatar_hash": "3aa2960ed82b",
            "image_72": "https:\/\/avatars.slack-edge.com\/2019-06-24\/668472322033_3aa2960ed82b167e956a_72.png",
            "first_name": "Charles",
            "real_name": "Charles Cole",
            "display_name": "Lox",
            "team": "T7B710AL9",
            "name": "chcole07",
            "is_restricted": false,
            "is_ultra_restricted": false
        },
        "thread_ts": "1549737313.000800",
        "reply_count": 2,
        "reply_users_count": 2,
        "latest_reply": "1549756538.001600",
        "reply_users": [
            "U7F238X5F",
            "U89GWBNNA"
        ],
        "replies": [
            {
                "user": "U7F238X5F",
                "ts": "1549753813.001100"
            },
            {
                "user": "U89GWBNNA",
                "ts": "1549756538.001600"
            }
        ],
        "is_locked": false,
        "subscribed": false,
        "blocks": [
            {
                "type": "rich_text",
                "block_id": "RFHB",
                "elements": [
                    {
                        "type": "rich_text_section",
                        "elements": [
                            {
                                "type": "text",
                                "text": "I’m in the midst of listening to a 10 minute rap\/poem about biological pest management"
                            }
                        ]
                    }
                ]
            }
        ]
    },
    {
        "user": "U7F238X5F",
        "type": "message",
        "ts": "1549753813.001100",
        "client_msg_id": "CE855A75-3B1A-4065-BCCD-1159F5F1F594",
        "text": "10 minutes???",
        "team": "T7B710AL9",
        "user_team": "T7B710AL9",
        "source_team": "T7B710AL9",
        "user_profile": {
            "avatar_hash": "808e86919bf4",
            "image_72": "https:\/\/avatars.slack-edge.com\/2019-06-03\/647125247665_808e86919bf4f4af0af6_72.png",
            "first_name": "Ray",
            "real_name": "Ray Sidener",
            "display_name": "",
            "team": "T7B710AL9",
            "name": "rsidene1",
            "is_restricted": false,
            "is_ultra_restricted": false
        },
        "thread_ts": "1549737313.000800",
        "parent_user_id": "U89GWBNNA",
        "blocks": [
            {
                "type": "rich_text",
                "block_id": "qf5A",
                "elements": [
                    {
                        "type": "rich_text_section",
                        "elements": [
                            {
                                "type": "text",
                                "text": "10 minutes???"
                            }
                        ]
                    }
                ]
            }
        ]
    },
    {
        "user": "U89GWBNNA",
        "type": "message",
        "ts": "1549756538.001600",
        "client_msg_id": "B2229E89-0F64-4BC2-B7C5-94FFC062F886",
        "text": "The video may be online ",
        "team": "T7B710AL9",
        "user_team": "T7B710AL9",
        "source_team": "T7B710AL9",
        "user_profile": {
            "avatar_hash": "3aa2960ed82b",
            "image_72": "https:\/\/avatars.slack-edge.com\/2019-06-24\/668472322033_3aa2960ed82b167e956a_72.png",
            "first_name": "Charles",
            "real_name": "Charles Cole",
            "display_name": "Lox",
            "team": "T7B710AL9",
            "name": "chcole07",
            "is_restricted": false,
            "is_ultra_restricted": false
        },
        "thread_ts": "1549737313.000800",
        "parent_user_id": "U89GWBNNA",
        "blocks": [
            {
                "type": "rich_text",
                "block_id": "U5a0p",
                "elements": [
                    {
                        "type": "rich_text_section",
                        "elements": [
                            {
                                "type": "text",
                                "text": "The video may be online"
                            }
                        ]
                    }
                ]
            }
        ]
    }
]