[
    {
        "user": "U7BFY2LQH",
        "type": "message",
        "ts": "1556812873.000600",
        "client_msg_id": "1ddeb3b0-0e76-4a25-9b04-d4b2bdd27549",
        "text": "All I've eaten for lunch is 4 rice crispy treats",
        "team": "T7B710AL9",
        "user_team": "T7B710AL9",
        "source_team": "T7B710AL9",
        "user_profile": {
            "avatar_hash": "1745198e693f",
            "image_72": "https:\/\/avatars.slack-edge.com\/2018-07-19\/401624787187_1745198e693f1193975a_72.jpg",
            "first_name": "Sam",
            "real_name": "Sam Gardner",
            "display_name": "Waterbear, M.D.",
            "team": "T7B710AL9",
            "name": "sgardne1",
            "is_restricted": false,
            "is_ultra_restricted": false
        },
        "blocks": [
            {
                "type": "rich_text",
                "block_id": "JUv",
                "elements": [
                    {
                        "type": "rich_text_section",
                        "elements": [
                            {
                                "type": "text",
                                "text": "All I've eaten for lunch is 4 rice crispy treats"
                            }
                        ]
                    }
                ]
            }
        ],
        "reactions": [
            {
                "name": "sadbear",
                "users": [
                    "U8CM2ST63"
                ],
                "count": 1
            }
        ]
    }
]