[
    {
        "user": "U7F238X5F",
        "type": "message",
        "ts": "1571520680.001600",
        "client_msg_id": "3427D3CC-D1F5-4595-A16F-846705E1FE4B",
        "text": "played indoor tourney and didn’t find out till 3 games in that stall was actually to 8",
        "team": "T7B710AL9",
        "user_team": "T7B710AL9",
        "source_team": "T7B710AL9",
        "user_profile": {
            "avatar_hash": "808e86919bf4",
            "image_72": "https:\/\/avatars.slack-edge.com\/2019-06-03\/647125247665_808e86919bf4f4af0af6_72.png",
            "first_name": "Ray",
            "real_name": "Ray Sidener",
            "display_name": "",
            "team": "T7B710AL9",
            "name": "rsidene1",
            "is_restricted": false,
            "is_ultra_restricted": false
        },
        "thread_ts": "1571520680.001600",
        "reply_count": 2,
        "reply_users_count": 2,
        "latest_reply": "1571584863.003000",
        "reply_users": [
            "U7G3ERU5V",
            "U7F238X5F"
        ],
        "replies": [
            {
                "user": "U7G3ERU5V",
                "ts": "1571533550.002100"
            },
            {
                "user": "U7F238X5F",
                "ts": "1571584863.003000"
            }
        ],
        "is_locked": false,
        "subscribed": false,
        "blocks": [
            {
                "type": "rich_text",
                "block_id": "+nzV9",
                "elements": [
                    {
                        "type": "rich_text_section",
                        "elements": [
                            {
                                "type": "text",
                                "text": "played indoor tourney and didn’t find out till 3 games in that stall was actually to 8"
                            }
                        ]
                    }
                ]
            }
        ]
    },
    {
        "user": "U7G3ERU5V",
        "type": "message",
        "ts": "1571533550.002100",
        "client_msg_id": "95BB59CD-1B18-4E74-994D-E2CE0BE6F1CE",
        "text": "Tournaments with stalls to 8 are morally ambiguous ",
        "team": "T7B710AL9",
        "user_team": "T7B710AL9",
        "source_team": "T7B710AL9",
        "user_profile": {
            "avatar_hash": "a7d2af132a2e",
            "image_72": "https:\/\/avatars.slack-edge.com\/2019-07-22\/691057671298_a7d2af132a2ea37401fd_72.png",
            "first_name": "Vinay",
            "real_name": "Vinay",
            "display_name": "",
            "team": "T7B710AL9",
            "name": "vkeefe1",
            "is_restricted": false,
            "is_ultra_restricted": false
        },
        "thread_ts": "1571520680.001600",
        "parent_user_id": "U7F238X5F",
        "blocks": [
            {
                "type": "rich_text",
                "block_id": "=+LFL",
                "elements": [
                    {
                        "type": "rich_text_section",
                        "elements": [
                            {
                                "type": "text",
                                "text": "Tournaments with stalls to 8 are morally ambiguous"
                            }
                        ]
                    }
                ]
            }
        ]
    }
]