[
    {
        "user": "UD7R9NDNK",
        "type": "message",
        "ts": "1549812267.001300",
        "client_msg_id": "01792fd5-c059-4045-9bf2-c948a1c6214c",
        "text": "Two people, while taking showers across from each other in Dana, were carrying out a conversation",
        "team": "T7B710AL9",
        "user_team": "T7B710AL9",
        "source_team": "T7B710AL9",
        "user_profile": {
            "avatar_hash": "56390e1b7bba",
            "image_72": "https:\/\/avatars.slack-edge.com\/2022-03-16\/3244528122342_56390e1b7bba6e52fe73_72.png",
            "first_name": "Otis",
            "real_name": "Otis Peterson",
            "display_name": "Otis",
            "team": "T7B710AL9",
            "name": "opeters1",
            "is_restricted": false,
            "is_ultra_restricted": false
        },
        "thread_ts": "1549812267.001300",
        "reply_count": 4,
        "reply_users_count": 3,
        "latest_reply": "1549813241.004300",
        "reply_users": [
            "U7CQU3U6B",
            "UCMEELYF9",
            "U7BFY2LQH"
        ],
        "replies": [
            {
                "user": "U7CQU3U6B",
                "ts": "1549812327.003200"
            },
            {
                "user": "UCMEELYF9",
                "ts": "1549812334.003700"
            },
            {
                "user": "U7CQU3U6B",
                "ts": "1549812338.004000"
            },
            {
                "user": "U7BFY2LQH",
                "ts": "1549813241.004300"
            }
        ],
        "is_locked": false,
        "subscribed": false,
        "blocks": [
            {
                "type": "rich_text",
                "block_id": "KIAF",
                "elements": [
                    {
                        "type": "rich_text_section",
                        "elements": [
                            {
                                "type": "text",
                                "text": "Two people, while taking showers across from each other in Dana, were carrying out a conversation"
                            }
                        ]
                    }
                ]
            }
        ],
        "reactions": [
            {
                "name": "potable_water",
                "users": [
                    "U7C7WMV52",
                    "U7CEH7CGM",
                    "U7CQU3U6B",
                    "U7CAKF8CS",
                    "U7BHXDGSV",
                    "UCPPDTERY",
                    "U868GK012",
                    "U7C5VN3U1"
                ],
                "count": 8
            },
            {
                "name": "+1",
                "users": [
                    "U7CEH7CGM",
                    "U7CUH2Z70",
                    "U7CQU3U6B",
                    "UCPPDTERY",
                    "U7C5VN3U1",
                    "U7BL1F7PD"
                ],
                "count": 6
            },
            {
                "name": "thumbs_middle",
                "users": [
                    "U7BFY2LQH"
                ],
                "count": 1
            },
            {
                "name": "gritty",
                "users": [
                    "U89GWBNNA"
                ],
                "count": 1
            }
        ]
    },
    {
        "user": "U7CQU3U6B",
        "type": "message",
        "ts": "1549812327.003200",
        "client_msg_id": "FD49A75B-575F-429A-BB3C-4646A03ADE2B",
        "text": "this is VERY NORMAL shower practice ",
        "team": "T7B710AL9",
        "user_team": "T7B710AL9",
        "source_team": "T7B710AL9",
        "user_profile": {
            "avatar_hash": "9aa821409e67",
            "image_72": "https:\/\/avatars.slack-edge.com\/2018-11-13\/478546525250_9aa821409e67096e9da5_72.png",
            "first_name": "Richelle",
            "real_name": "Richelle Robinson",
            "display_name": "R ic h   el    l",
            "team": "T7B710AL9",
            "name": "rrobins1",
            "is_restricted": false,
            "is_ultra_restricted": false
        },
        "thread_ts": "1549812267.001300",
        "parent_user_id": "UD7R9NDNK",
        "blocks": [
            {
                "type": "rich_text",
                "block_id": "aSag",
                "elements": [
                    {
                        "type": "rich_text_section",
                        "elements": [
                            {
                                "type": "text",
                                "text": "this is VERY NORMAL shower practice"
                            }
                        ]
                    }
                ]
            }
        ]
    },
    {
        "user": "UCMEELYF9",
        "type": "message",
        "ts": "1549812334.003700",
        "client_msg_id": "716BBEB1-816F-4E6B-90CF-DAF6763959AB",
        "text": "Hop in the shower rn open a window and lets see if we can converse while Im showering in Wharton",
        "team": "T7B710AL9",
        "user_team": "T7B710AL9",
        "source_team": "T7B710AL9",
        "user_profile": {
            "avatar_hash": "4fd5a65d0bbf",
            "image_72": "https:\/\/avatars.slack-edge.com\/2022-05-01\/3464979741378_4fd5a65d0bbf8c147fd1_72.png",
            "first_name": "frogger",
            "real_name": "frogger",
            "display_name": "frogger",
            "team": "T7B710AL9",
            "name": "kstewar1",
            "is_restricted": false,
            "is_ultra_restricted": false
        },
        "thread_ts": "1549812267.001300",
        "parent_user_id": "UD7R9NDNK",
        "blocks": [
            {
                "type": "rich_text",
                "block_id": "rhZ",
                "elements": [
                    {
                        "type": "rich_text_section",
                        "elements": [
                            {
                                "type": "text",
                                "text": "Hop in the shower rn open a window and lets see if we can converse while Im showering in Wharton"
                            }
                        ]
                    }
                ]
            }
        ],
        "reactions": [
            {
                "name": "passionatekiss",
                "users": [
                    "U868GK012"
                ],
                "count": 1
            }
        ]
    },
    {
        "user": "U7CQU3U6B",
        "type": "message",
        "ts": "1549812338.004000",
        "client_msg_id": "0C87A124-60C7-4D0D-8BF4-E0937CBAE68F",
        "text": "i think you just need better shower buddies ",
        "team": "T7B710AL9",
        "user_team": "T7B710AL9",
        "source_team": "T7B710AL9",
        "user_profile": {
            "avatar_hash": "9aa821409e67",
            "image_72": "https:\/\/avatars.slack-edge.com\/2018-11-13\/478546525250_9aa821409e67096e9da5_72.png",
            "first_name": "Richelle",
            "real_name": "Richelle Robinson",
            "display_name": "R ic h   el    l",
            "team": "T7B710AL9",
            "name": "rrobins1",
            "is_restricted": false,
            "is_ultra_restricted": false
        },
        "thread_ts": "1549812267.001300",
        "parent_user_id": "UD7R9NDNK",
        "blocks": [
            {
                "type": "rich_text",
                "block_id": "T0GeY",
                "elements": [
                    {
                        "type": "rich_text_section",
                        "elements": [
                            {
                                "type": "text",
                                "text": "i think you just need better shower buddies"
                            }
                        ]
                    }
                ]
            }
        ]
    },
    {
        "user": "U7BFY2LQH",
        "type": "message",
        "ts": "1549813241.004300",
        "client_msg_id": "a0ec5c45-1d19-4c07-b411-f51c9a980386",
        "text": "I do think it's ok if other people wanna do it but my roommate used to do this to me all the time and I did not want to talk while in the shower so PSA make sure your shower buddies actually do wanna talk ",
        "team": "T7B710AL9",
        "user_team": "T7B710AL9",
        "source_team": "T7B710AL9",
        "user_profile": {
            "avatar_hash": "1745198e693f",
            "image_72": "https:\/\/avatars.slack-edge.com\/2018-07-19\/401624787187_1745198e693f1193975a_72.jpg",
            "first_name": "Sam",
            "real_name": "Sam Gardner",
            "display_name": "Waterbear, M.D.",
            "team": "T7B710AL9",
            "name": "sgardne1",
            "is_restricted": false,
            "is_ultra_restricted": false
        },
        "thread_ts": "1549812267.001300",
        "parent_user_id": "UD7R9NDNK",
        "blocks": [
            {
                "type": "rich_text",
                "block_id": "9cv",
                "elements": [
                    {
                        "type": "rich_text_section",
                        "elements": [
                            {
                                "type": "text",
                                "text": "I do think it's ok if other people wanna do it but my roommate used to do this to me all the time and I did not want to talk while in the shower so PSA make sure your shower buddies actually do wanna talk"
                            }
                        ]
                    }
                ]
            }
        ],
        "reactions": [
            {
                "name": "+1",
                "users": [
                    "U7CQU3U6B",
                    "U7BHXDGSV",
                    "UCPPDTERY",
                    "U7DQHCFHT",
                    "U7C5VN3U1"
                ],
                "count": 5
            }
        ]
    },
    {
        "user": "U7C5VN3U1",
        "type": "message",
        "ts": "1549829802.006200",
        "client_msg_id": "6C3961D4-0B1E-4A72-B832-60A0426C9B58",
        "text": "The bookstore I’m in now has Camus in the young adult section",
        "team": "T7B710AL9",
        "user_team": "T7B710AL9",
        "source_team": "T7B710AL9",
        "user_profile": {
            "avatar_hash": "4adb1c10386b",
            "image_72": "https:\/\/avatars.slack-edge.com\/2018-11-20\/484222800036_4adb1c10386b1f9a1443_72.png",
            "first_name": "Max",
            "real_name": "Max Franklin",
            "display_name": "Max",
            "team": "T7B710AL9",
            "name": "mfrankl2",
            "is_restricted": false,
            "is_ultra_restricted": false
        },
        "thread_ts": "1549829802.006200",
        "reply_count": 5,
        "reply_users_count": 3,
        "latest_reply": "1549832427.010800",
        "reply_users": [
            "U7C5VN3U1",
            "U7DL9CX6W",
            "U7BPV9XJQ"
        ],
        "replies": [
            {
                "user": "U7C5VN3U1",
                "ts": "1549829902.007100"
            },
            {
                "user": "U7DL9CX6W",
                "ts": "1549831570.007700"
            },
            {
                "user": "U7BPV9XJQ",
                "ts": "1549832350.009100"
            },
            {
                "user": "U7C5VN3U1",
                "ts": "1549832397.009900"
            },
            {
                "user": "U7C5VN3U1",
                "ts": "1549832427.010800"
            }
        ],
        "is_locked": false,
        "subscribed": false,
        "blocks": [
            {
                "type": "rich_text",
                "block_id": "N8n1i",
                "elements": [
                    {
                        "type": "rich_text_section",
                        "elements": [
                            {
                                "type": "text",
                                "text": "The bookstore I’m in now has Camus in the young adult section"
                            }
                        ]
                    }
                ]
            }
        ],
        "reactions": [
            {
                "name": "potable_water",
                "users": [
                    "U7CEH7CGM",
                    "UCPPDTERY"
                ],
                "count": 2
            },
            {
                "name": "notebook",
                "users": [
                    "U7BHXDGSV"
                ],
                "count": 1
            }
        ]
    },
    {
        "user": "U7C5VN3U1",
        "type": "message",
        "ts": "1549829902.007100",
        "client_msg_id": "9A019E97-2802-42F0-B229-39E20134028C",
        "text": "Also Heart of Darkness and Wuthering Heights",
        "team": "T7B710AL9",
        "user_team": "T7B710AL9",
        "source_team": "T7B710AL9",
        "user_profile": {
            "avatar_hash": "4adb1c10386b",
            "image_72": "https:\/\/avatars.slack-edge.com\/2018-11-20\/484222800036_4adb1c10386b1f9a1443_72.png",
            "first_name": "Max",
            "real_name": "Max Franklin",
            "display_name": "Max",
            "team": "T7B710AL9",
            "name": "mfrankl2",
            "is_restricted": false,
            "is_ultra_restricted": false
        },
        "thread_ts": "1549829802.006200",
        "parent_user_id": "U7C5VN3U1",
        "blocks": [
            {
                "type": "rich_text",
                "block_id": "MwI",
                "elements": [
                    {
                        "type": "rich_text_section",
                        "elements": [
                            {
                                "type": "text",
                                "text": "Also Heart of Darkness and Wuthering Heights"
                            }
                        ]
                    }
                ]
            }
        ],
        "reactions": [
            {
                "name": "water_of_questionable_potability",
                "users": [
                    "UCPPDTERY",
                    "U7BHXDGSV"
                ],
                "count": 2
            }
        ]
    },
    {
        "user": "U7DL9CX6W",
        "type": "message",
        "ts": "1549831570.007700",
        "client_msg_id": "C4F9C6EE-2E70-4DA1-966D-16531FD9A133",
        "text": "Why is this morally ambiguous? ",
        "team": "T7B710AL9",
        "user_team": "T7B710AL9",
        "source_team": "T7B710AL9",
        "user_profile": {
            "avatar_hash": "635c76d5972f",
            "image_72": "https:\/\/avatars.slack-edge.com\/2023-02-20\/4818285176551_635c76d5972f9151b099_72.png",
            "first_name": "Michael",
            "real_name": "Michael Trainor",
            "display_name": "Whip",
            "team": "T7B710AL9",
            "name": "mtraino1",
            "is_restricted": false,
            "is_ultra_restricted": false
        },
        "thread_ts": "1549829802.006200",
        "parent_user_id": "U7C5VN3U1",
        "blocks": [
            {
                "type": "rich_text",
                "block_id": "6ek",
                "elements": [
                    {
                        "type": "rich_text_section",
                        "elements": [
                            {
                                "type": "text",
                                "text": "Why is this morally ambiguous?"
                            }
                        ]
                    }
                ]
            }
        ]
    },
    {
        "user": "U7BPV9XJQ",
        "type": "message",
        "ts": "1549832350.009100",
        "client_msg_id": "8E0E7823-18B9-4170-876E-70CD5EDE3327",
        "text": "I'd guess because those are all legit works\/classics, and not something of the YA framework like Twilight or the hunger games",
        "team": "T7B710AL9",
        "user_team": "T7B710AL9",
        "source_team": "T7B710AL9",
        "user_profile": {
            "avatar_hash": "f7b9e2eb0e99",
            "image_72": "https:\/\/avatars.slack-edge.com\/2019-02-04\/540758259841_f7b9e2eb0e9941c4485e_72.png",
            "first_name": "Muha",
            "real_name": "Muha Haque",
            "display_name": "Muha",
            "team": "T7B710AL9",
            "name": "mhaque2",
            "is_restricted": false,
            "is_ultra_restricted": false
        },
        "thread_ts": "1549829802.006200",
        "parent_user_id": "U7C5VN3U1",
        "blocks": [
            {
                "type": "rich_text",
                "block_id": "Al5o",
                "elements": [
                    {
                        "type": "rich_text_section",
                        "elements": [
                            {
                                "type": "text",
                                "text": "I'd guess because those are all legit works\/classics, and not something of the YA framework like Twilight or the hunger games"
                            }
                        ]
                    }
                ]
            }
        ]
    },
    {
        "user": "U7C5VN3U1",
        "type": "message",
        "ts": "1549832397.009900",
        "client_msg_id": "9BBC2360-5A64-4E69-864D-09A0A1523769",
        "text": "Right. Seeing them side by side with John green is a little jarring ",
        "team": "T7B710AL9",
        "user_team": "T7B710AL9",
        "source_team": "T7B710AL9",
        "user_profile": {
            "avatar_hash": "4adb1c10386b",
            "image_72": "https:\/\/avatars.slack-edge.com\/2018-11-20\/484222800036_4adb1c10386b1f9a1443_72.png",
            "first_name": "Max",
            "real_name": "Max Franklin",
            "display_name": "Max",
            "team": "T7B710AL9",
            "name": "mfrankl2",
            "is_restricted": false,
            "is_ultra_restricted": false
        },
        "thread_ts": "1549829802.006200",
        "parent_user_id": "U7C5VN3U1",
        "blocks": [
            {
                "type": "rich_text",
                "block_id": "Lih",
                "elements": [
                    {
                        "type": "rich_text_section",
                        "elements": [
                            {
                                "type": "text",
                                "text": "Right. Seeing them side by side with John green is a little jarring"
                            }
                        ]
                    }
                ]
            }
        ]
    },
    {
        "user": "U7C5VN3U1",
        "type": "message",
        "ts": "1549832427.010800",
        "client_msg_id": "03AFBD0F-B236-4551-BE1F-D8324B0D2821",
        "text": "Also I do not like wuthering heights",
        "team": "T7B710AL9",
        "user_team": "T7B710AL9",
        "source_team": "T7B710AL9",
        "user_profile": {
            "avatar_hash": "4adb1c10386b",
            "image_72": "https:\/\/avatars.slack-edge.com\/2018-11-20\/484222800036_4adb1c10386b1f9a1443_72.png",
            "first_name": "Max",
            "real_name": "Max Franklin",
            "display_name": "Max",
            "team": "T7B710AL9",
            "name": "mfrankl2",
            "is_restricted": false,
            "is_ultra_restricted": false
        },
        "thread_ts": "1549829802.006200",
        "parent_user_id": "U7C5VN3U1",
        "blocks": [
            {
                "type": "rich_text",
                "block_id": "Ea5WJ",
                "elements": [
                    {
                        "type": "rich_text_section",
                        "elements": [
                            {
                                "type": "text",
                                "text": "Also I do not like wuthering heights"
                            }
                        ]
                    }
                ]
            }
        ]
    }
]