[
    {
        "user": "U7DL9CX6W",
        "type": "message",
        "ts": "1554499547.000300",
        "client_msg_id": "6A8A9846-71AD-4309-8F2C-ED856FCE38C1",
        "text": "Uhh ",
        "team": "T7B710AL9",
        "user_team": "T7B710AL9",
        "source_team": "T7B710AL9",
        "user_profile": {
            "avatar_hash": "635c76d5972f",
            "image_72": "https:\/\/avatars.slack-edge.com\/2023-02-20\/4818285176551_635c76d5972f9151b099_72.png",
            "first_name": "Michael",
            "real_name": "Michael Trainor",
            "display_name": "Whip",
            "team": "T7B710AL9",
            "name": "mtraino1",
            "is_restricted": false,
            "is_ultra_restricted": false
        },
        "thread_ts": "1554499547.000300",
        "reply_count": 4,
        "reply_users_count": 4,
        "latest_reply": "1554501466.002200",
        "reply_users": [
            "U7CQU3U6B",
            "U8JTX11L3",
            "U7C7WMV52",
            "U7CEH7CGM"
        ],
        "replies": [
            {
                "user": "U7CQU3U6B",
                "ts": "1554499564.000500"
            },
            {
                "user": "U8JTX11L3",
                "ts": "1554499844.001300"
            },
            {
                "user": "U7C7WMV52",
                "ts": "1554501146.001600"
            },
            {
                "user": "U7CEH7CGM",
                "ts": "1554501466.002200"
            }
        ],
        "is_locked": false,
        "subscribed": false,
        "blocks": [
            {
                "type": "rich_text",
                "block_id": "Of\/m",
                "elements": [
                    {
                        "type": "rich_text_section",
                        "elements": [
                            {
                                "type": "text",
                                "text": "Uhh"
                            }
                        ]
                    }
                ]
            }
        ],
        "reactions": [
            {
                "name": "atomica",
                "users": [
                    "U7BL1F7PD",
                    "U7BHXDGSV",
                    "U7CEH7CGM",
                    "U7CUH2Z70"
                ],
                "count": 4
            }
        ]
    },
    {
        "user": "U7CQU3U6B",
        "type": "message",
        "ts": "1554499564.000500",
        "client_msg_id": "C7A600D1-1CBE-484A-A607-6F7C7B86A5DF",
        "text": "lol",
        "team": "T7B710AL9",
        "user_team": "T7B710AL9",
        "source_team": "T7B710AL9",
        "user_profile": {
            "avatar_hash": "9aa821409e67",
            "image_72": "https:\/\/avatars.slack-edge.com\/2018-11-13\/478546525250_9aa821409e67096e9da5_72.png",
            "first_name": "Richelle",
            "real_name": "Richelle Robinson",
            "display_name": "R ic h   el    l",
            "team": "T7B710AL9",
            "name": "rrobins1",
            "is_restricted": false,
            "is_ultra_restricted": false
        },
        "thread_ts": "1554499547.000300",
        "parent_user_id": "U7DL9CX6W",
        "blocks": [
            {
                "type": "rich_text",
                "block_id": "AzYfm",
                "elements": [
                    {
                        "type": "rich_text_section",
                        "elements": [
                            {
                                "type": "text",
                                "text": "lol"
                            }
                        ]
                    }
                ]
            }
        ]
    },
    {
        "user": "U8JTX11L3",
        "type": "message",
        "ts": "1554499844.001300",
        "client_msg_id": "F6CEBF24-A2AB-4AD4-9B5B-47A44A016A30",
        "text": "~ it is fine ~",
        "team": "T7B710AL9",
        "user_team": "T7B710AL9",
        "source_team": "T7B710AL9",
        "user_profile": {
            "avatar_hash": "593693fd3ca4",
            "image_72": "https:\/\/avatars.slack-edge.com\/2020-05-13\/1133035568081_593693fd3ca4b2ad662d_72.png",
            "first_name": "Jasmine",
            "real_name": "Jasmine Xie",
            "display_name": "jax",
            "team": "T7B710AL9",
            "name": "jxie2",
            "is_restricted": false,
            "is_ultra_restricted": false
        },
        "thread_ts": "1554499547.000300",
        "parent_user_id": "U7DL9CX6W",
        "blocks": [
            {
                "type": "rich_text",
                "block_id": "2CB",
                "elements": [
                    {
                        "type": "rich_text_section",
                        "elements": [
                            {
                                "type": "text",
                                "text": "~ it is fine ~"
                            }
                        ]
                    }
                ]
            }
        ]
    },
    {
        "user": "U7C7WMV52",
        "type": "message",
        "ts": "1554501146.001600",
        "client_msg_id": "1e55c864-6c41-4686-8a3b-ecc1afb1bc9b",
        "text": "swat tank is not a fair playing field to begin with",
        "team": "T7B710AL9",
        "user_team": "T7B710AL9",
        "source_team": "T7B710AL9",
        "user_profile": {
            "avatar_hash": "ba74640ec113",
            "image_72": "https:\/\/avatars.slack-edge.com\/2018-09-23\/441365102883_ba74640ec113a0bce943_72.jpg",
            "first_name": "Sagnik",
            "real_name": "Sagnik",
            "display_name": "Lick",
            "team": "T7B710AL9",
            "name": "sg.sagnik",
            "is_restricted": false,
            "is_ultra_restricted": false
        },
        "thread_ts": "1554499547.000300",
        "parent_user_id": "U7DL9CX6W",
        "blocks": [
            {
                "type": "rich_text",
                "block_id": "Jp4I",
                "elements": [
                    {
                        "type": "rich_text_section",
                        "elements": [
                            {
                                "type": "text",
                                "text": "swat tank is not a fair playing field to begin with"
                            }
                        ]
                    }
                ]
            }
        ]
    },
    {
        "user": "U7CEH7CGM",
        "type": "message",
        "ts": "1554501466.002200",
        "client_msg_id": "248BA708-1DF4-4D93-94A6-58F24854CC49",
        "text": "I'm sorry i fucked up",
        "team": "T7B710AL9",
        "user_team": "T7B710AL9",
        "source_team": "T7B710AL9",
        "user_profile": {
            "avatar_hash": "586b2b51da50",
            "image_72": "https:\/\/avatars.slack-edge.com\/2018-12-17\/504857144561_586b2b51da50812410ae_72.png",
            "first_name": "Alex",
            "real_name": "Alex Jin",
            "display_name": "Ajin2",
            "team": "T7B710AL9",
            "name": "ajin2",
            "is_restricted": false,
            "is_ultra_restricted": false
        },
        "thread_ts": "1554499547.000300",
        "parent_user_id": "U7DL9CX6W",
        "blocks": [
            {
                "type": "rich_text",
                "block_id": "1Ln",
                "elements": [
                    {
                        "type": "rich_text_section",
                        "elements": [
                            {
                                "type": "text",
                                "text": "I'm sorry i fucked up"
                            }
                        ]
                    }
                ]
            }
        ]
    }
]