[
    {
        "user": "U7CEH7CGM",
        "type": "message",
        "ts": "1554229501.000600",
        "client_msg_id": "6acfd2ad-dd0c-42a5-9c3d-5416f748a51a",
        "text": "washing down your lactaid pill with milk",
        "team": "T7B710AL9",
        "user_team": "T7B710AL9",
        "source_team": "T7B710AL9",
        "user_profile": {
            "avatar_hash": "586b2b51da50",
            "image_72": "https:\/\/avatars.slack-edge.com\/2018-12-17\/504857144561_586b2b51da50812410ae_72.png",
            "first_name": "Alex",
            "real_name": "Alex Jin",
            "display_name": "Ajin2",
            "team": "T7B710AL9",
            "name": "ajin2",
            "is_restricted": false,
            "is_ultra_restricted": false
        },
        "blocks": [
            {
                "type": "rich_text",
                "block_id": "eI3",
                "elements": [
                    {
                        "type": "rich_text_section",
                        "elements": [
                            {
                                "type": "text",
                                "text": "washing down your lactaid pill with milk"
                            }
                        ]
                    }
                ]
            }
        ],
        "reactions": [
            {
                "name": "drinkamilk",
                "users": [
                    "UD7R9NDNK",
                    "U858X4UAW",
                    "U868GK012",
                    "U7DL9CX6W",
                    "U7F238X5F",
                    "U8JTX11L3",
                    "U7D2L75DK",
                    "U7FMYUQMD",
                    "U7BHXDGSV",
                    "U7BPUMEAY"
                ],
                "count": 10
            }
        ]
    }
]