[
    {
        "user": "U7F238X5F",
        "type": "message",
        "ts": "1570308535.000700",
        "client_msg_id": "8C6311A2-5E5D-4226-A0A0-44A53CF4B760",
        "text": "Overnight tourney that’s 40 minutes away from campus?",
        "team": "T7B710AL9",
        "user_team": "T7B710AL9",
        "source_team": "T7B710AL9",
        "user_profile": {
            "avatar_hash": "808e86919bf4",
            "image_72": "https:\/\/avatars.slack-edge.com\/2019-06-03\/647125247665_808e86919bf4f4af0af6_72.png",
            "first_name": "Ray",
            "real_name": "Ray Sidener",
            "display_name": "",
            "team": "T7B710AL9",
            "name": "rsidene1",
            "is_restricted": false,
            "is_ultra_restricted": false
        },
        "blocks": [
            {
                "type": "rich_text",
                "block_id": "OXFA",
                "elements": [
                    {
                        "type": "rich_text_section",
                        "elements": [
                            {
                                "type": "text",
                                "text": "Overnight tourney that’s 40 minutes away from campus?"
                            }
                        ]
                    }
                ]
            }
        ],
        "reactions": [
            {
                "name": "+1",
                "users": [
                    "U8CM2ST63"
                ],
                "count": 1
            }
        ]
    }
]