[
    {
        "user": "U7G3ERU5V",
        "type": "message",
        "ts": "1574613542.002700",
        "client_msg_id": "B314B551-9524-4737-BFD1-92AF689B6E2F",
        "text": "I do this all the time, but with a different European name. Very morally unambiguous. ",
        "team": "T7B710AL9",
        "user_team": "T7B710AL9",
        "source_team": "T7B710AL9",
        "user_profile": {
            "avatar_hash": "a7d2af132a2e",
            "image_72": "https:\/\/avatars.slack-edge.com\/2019-07-22\/691057671298_a7d2af132a2ea37401fd_72.png",
            "first_name": "Vinay",
            "real_name": "Vinay",
            "display_name": "",
            "team": "T7B710AL9",
            "name": "vkeefe1",
            "is_restricted": false,
            "is_ultra_restricted": false
        },
        "thread_ts": "1574566108.001000",
        "parent_user_id": "U8JTX11L3",
        "blocks": [
            {
                "type": "rich_text",
                "block_id": "2ir",
                "elements": [
                    {
                        "type": "rich_text_section",
                        "elements": [
                            {
                                "type": "text",
                                "text": "I do this all the time, but with a different European name. Very morally unambiguous."
                            }
                        ]
                    }
                ]
            }
        ]
    }
]