[
    {
        "user": "U7CQU3U6B",
        "type": "message",
        "ts": "1555088645.000600",
        "client_msg_id": "3ADE2A7F-CFD4-47BC-8BE6-272D71FE218E",
        "text": "i accidentally let one of those big bees into sharples",
        "team": "T7B710AL9",
        "user_team": "T7B710AL9",
        "source_team": "T7B710AL9",
        "user_profile": {
            "avatar_hash": "9aa821409e67",
            "image_72": "https:\/\/avatars.slack-edge.com\/2018-11-13\/478546525250_9aa821409e67096e9da5_72.png",
            "first_name": "Richelle",
            "real_name": "Richelle Robinson",
            "display_name": "R ic h   el    l",
            "team": "T7B710AL9",
            "name": "rrobins1",
            "is_restricted": false,
            "is_ultra_restricted": false
        },
        "blocks": [
            {
                "type": "rich_text",
                "block_id": "wFV",
                "elements": [
                    {
                        "type": "rich_text_section",
                        "elements": [
                            {
                                "type": "text",
                                "text": "i accidentally let one of those big bees into sharples"
                            }
                        ]
                    }
                ]
            }
        ],
        "reactions": [
            {
                "name": "ivemadeahugemistake",
                "users": [
                    "U7DL9CX6W",
                    "U7B71CPG9",
                    "U7F238X5F",
                    "U7BHXDGSV",
                    "UCU52BKEE",
                    "U7BL1F7PD"
                ],
                "count": 6
            }
        ]
    }
]