[
    {
        "user": "U89GWBNNA",
        "type": "message",
        "ts": "1559912871.000100",
        "client_msg_id": "d28c2a0b-64d2-4c70-b235-5b5e94e327cb",
        "text": "There are amish folk on my bus right now like isn't that not what they do?",
        "team": "T7B710AL9",
        "user_team": "T7B710AL9",
        "source_team": "T7B710AL9",
        "user_profile": {
            "avatar_hash": "3aa2960ed82b",
            "image_72": "https:\/\/avatars.slack-edge.com\/2019-06-24\/668472322033_3aa2960ed82b167e956a_72.png",
            "first_name": "Charles",
            "real_name": "Charles Cole",
            "display_name": "Lox",
            "team": "T7B710AL9",
            "name": "chcole07",
            "is_restricted": false,
            "is_ultra_restricted": false
        },
        "thread_ts": "1559912871.000100",
        "reply_count": 2,
        "reply_users_count": 2,
        "latest_reply": "1559913005.000700",
        "reply_users": [
            "U868GK012",
            "U89GWBNNA"
        ],
        "replies": [
            {
                "user": "U868GK012",
                "ts": "1559912990.000500"
            },
            {
                "user": "U89GWBNNA",
                "ts": "1559913005.000700"
            }
        ],
        "is_locked": false,
        "subscribed": false,
        "blocks": [
            {
                "type": "rich_text",
                "block_id": "2+J6i",
                "elements": [
                    {
                        "type": "rich_text_section",
                        "elements": [
                            {
                                "type": "text",
                                "text": "There are amish folk on my bus right now like isn't that not what they do?"
                            }
                        ]
                    }
                ]
            }
        ]
    },
    {
        "user": "U868GK012",
        "type": "message",
        "ts": "1559912990.000500",
        "client_msg_id": "DB18E585-527C-4C34-B32B-22140810856E",
        "text": "They can accept rides, they just can’t operate themselves ",
        "team": "T7B710AL9",
        "user_team": "T7B710AL9",
        "source_team": "T7B710AL9",
        "user_profile": {
            "avatar_hash": "e6fd7b86fd21",
            "image_72": "https:\/\/avatars.slack-edge.com\/2018-10-18\/458920105140_e6fd7b86fd21f960c65a_72.png",
            "first_name": "Tommy",
            "real_name": "Tommy Dell",
            "display_name": "Father Tom",
            "team": "T7B710AL9",
            "name": "tdell1",
            "is_restricted": false,
            "is_ultra_restricted": false
        },
        "thread_ts": "1559912871.000100",
        "parent_user_id": "U89GWBNNA",
        "blocks": [
            {
                "type": "rich_text",
                "block_id": "5\/WSo",
                "elements": [
                    {
                        "type": "rich_text_section",
                        "elements": [
                            {
                                "type": "text",
                                "text": "They can accept rides, they just can’t operate themselves"
                            }
                        ]
                    }
                ]
            }
        ]
    },
    {
        "user": "U89GWBNNA",
        "type": "message",
        "ts": "1559913005.000700",
        "client_msg_id": "8154883c-21b6-40a2-9c7b-6c252aada24f",
        "text": "Gotcha",
        "team": "T7B710AL9",
        "user_team": "T7B710AL9",
        "source_team": "T7B710AL9",
        "user_profile": {
            "avatar_hash": "3aa2960ed82b",
            "image_72": "https:\/\/avatars.slack-edge.com\/2019-06-24\/668472322033_3aa2960ed82b167e956a_72.png",
            "first_name": "Charles",
            "real_name": "Charles Cole",
            "display_name": "Lox",
            "team": "T7B710AL9",
            "name": "chcole07",
            "is_restricted": false,
            "is_ultra_restricted": false
        },
        "thread_ts": "1559912871.000100",
        "parent_user_id": "U89GWBNNA",
        "blocks": [
            {
                "type": "rich_text",
                "block_id": "zIgE",
                "elements": [
                    {
                        "type": "rich_text_section",
                        "elements": [
                            {
                                "type": "text",
                                "text": "Gotcha"
                            }
                        ]
                    }
                ]
            }
        ]
    }
]