[
    {
        "user": "U7D2L75DK",
        "type": "message",
        "ts": "1571884587.007800",
        "client_msg_id": "48EA0AF8-A9F7-4E07-97B2-57BF9EF99931",
        "text": "Wait this is terrible and defeats the point of ratemyprofessor. Also I hated multi with her ",
        "team": "T7B710AL9",
        "user_team": "T7B710AL9",
        "source_team": "T7B710AL9",
        "user_profile": {
            "avatar_hash": "8a6d816a7960",
            "image_72": "https:\/\/avatars.slack-edge.com\/2020-03-02\/964995893522_8a6d816a796044eb327a_72.png",
            "first_name": "Jack",
            "real_name": "Jack Cote",
            "display_name": "Sauce",
            "team": "T7B710AL9",
            "name": "jcote1",
            "is_restricted": false,
            "is_ultra_restricted": false
        },
        "thread_ts": "1571103354.000100",
        "parent_user_id": "U8E7UM7R6",
        "blocks": [
            {
                "type": "rich_text",
                "block_id": "nnXst",
                "elements": [
                    {
                        "type": "rich_text_section",
                        "elements": [
                            {
                                "type": "text",
                                "text": "Wait this is terrible and defeats the point of ratemyprofessor. Also I hated multi with her"
                            }
                        ]
                    }
                ]
            }
        ]
    }
]