[
    {
        "user": "UCMEELYF9",
        "type": "message",
        "ts": "1569261053.009800",
        "client_msg_id": "22D7AB8E-82F6-4D45-BF9F-709D5E24FFFB",
        "text": "A couple days ago Gritty bought Amazon gift cards at the coop w swat points, which he later used to buy airpods. Today we tried to do the same thing again and they no longer sell gift cards for swat points",
        "team": "T7B710AL9",
        "user_team": "T7B710AL9",
        "source_team": "T7B710AL9",
        "user_profile": {
            "avatar_hash": "4fd5a65d0bbf",
            "image_72": "https:\/\/avatars.slack-edge.com\/2022-05-01\/3464979741378_4fd5a65d0bbf8c147fd1_72.png",
            "first_name": "frogger",
            "real_name": "frogger",
            "display_name": "frogger",
            "team": "T7B710AL9",
            "name": "kstewar1",
            "is_restricted": false,
            "is_ultra_restricted": false
        },
        "blocks": [
            {
                "type": "rich_text",
                "block_id": "yqO7S",
                "elements": [
                    {
                        "type": "rich_text_section",
                        "elements": [
                            {
                                "type": "text",
                                "text": "A couple days ago Gritty bought Amazon gift cards at the coop w swat points, which he later used to buy airpods. Today we tried to do the same thing again and they no longer sell gift cards for swat points"
                            }
                        ]
                    }
                ]
            }
        ],
        "reactions": [
            {
                "name": "200iq",
                "users": [
                    "UD7R9NDNK",
                    "U8JTX11L3",
                    "U7D11040G",
                    "U7BHXDGSV",
                    "UCU27FNLT",
                    "U868GK012",
                    "U7DL9CX6W",
                    "U7FMYUQMD",
                    "U7CUH2Z70",
                    "UCTM0MY9E",
                    "UCKMFGMMW",
                    "U7BPUMEAY"
                ],
                "count": 12
            }
        ]
    },
    {
        "user": "U7DL9CX6W",
        "type": "message",
        "ts": "1569296016.011600",
        "client_msg_id": "1bcede73-7a5f-400f-ad51-97c5265319ae",
        "text": "Otis made the Lodge listserve an infinite loop and I've received 150 emails in like 3 minutes",
        "team": "T7B710AL9",
        "user_team": "T7B710AL9",
        "source_team": "T7B710AL9",
        "user_profile": {
            "avatar_hash": "635c76d5972f",
            "image_72": "https:\/\/avatars.slack-edge.com\/2023-02-20\/4818285176551_635c76d5972f9151b099_72.png",
            "first_name": "Michael",
            "real_name": "Michael Trainor",
            "display_name": "Whip",
            "team": "T7B710AL9",
            "name": "mtraino1",
            "is_restricted": false,
            "is_ultra_restricted": false
        },
        "thread_ts": "1569296016.011600",
        "reply_count": 1,
        "reply_users_count": 1,
        "latest_reply": "1569297179.011800",
        "reply_users": [
            "UCVG0T6RL"
        ],
        "replies": [
            {
                "user": "UCVG0T6RL",
                "ts": "1569297179.011800"
            }
        ],
        "is_locked": false,
        "subscribed": false,
        "blocks": [
            {
                "type": "rich_text",
                "block_id": "f2Sh",
                "elements": [
                    {
                        "type": "rich_text_section",
                        "elements": [
                            {
                                "type": "text",
                                "text": "Otis made the Lodge listserve an infinite loop and I've received 150 emails in like 3 minutes"
                            }
                        ]
                    }
                ]
            }
        ]
    },
    {
        "subtype": "slackbot_response",
        "user": "USLACKBOT",
        "type": "message",
        "ts": "1569296017.011700",
        "text": "The FORMALEST OF EMAILS!!",
        "blocks": [
            {
                "type": "rich_text",
                "block_id": "QFL=5",
                "elements": [
                    {
                        "type": "rich_text_section",
                        "elements": [
                            {
                                "type": "text",
                                "text": "The FORMALEST OF EMAILS!!"
                            }
                        ]
                    }
                ]
            }
        ]
    },
    {
        "user": "UCVG0T6RL",
        "type": "message",
        "ts": "1569297179.011800",
        "client_msg_id": "ece12e69-031e-401f-a91a-3c527cfe4dea",
        "text": "I do not want this unsubscribe pls",
        "team": "T7B710AL9",
        "user_team": "T7B710AL9",
        "source_team": "T7B710AL9",
        "user_profile": {
            "avatar_hash": "d407cc342426",
            "image_72": "https:\/\/avatars.slack-edge.com\/2019-03-30\/594334718292_d407cc342426c2eaa863_72.png",
            "first_name": "Esther",
            "real_name": "Esther Couch",
            "display_name": "Buckets",
            "team": "T7B710AL9",
            "name": "ecouch1",
            "is_restricted": false,
            "is_ultra_restricted": false
        },
        "thread_ts": "1569296016.011600",
        "parent_user_id": "U7DL9CX6W",
        "blocks": [
            {
                "type": "rich_text",
                "block_id": "Eai6v",
                "elements": [
                    {
                        "type": "rich_text_section",
                        "elements": [
                            {
                                "type": "text",
                                "text": "I do not want this unsubscribe pls"
                            }
                        ]
                    }
                ]
            }
        ]
    }
]