[
    {
        "user": "UCU52BKEE",
        "type": "message",
        "ts": "1567988398.004600",
        "edited": {
            "user": "UCU52BKEE",
            "ts": "1567988476.000000"
        },
        "client_msg_id": "F0716D7E-D9B8-48F3-A72C-077F1A7A8E06",
        "text": "Okay so I’m driving back to PA and we stopped at a Burger King and decided to buy a packet of almond butter that was with all the snacks they sell (already morally ambiguous) but when I went to check out they said that they don’t sell almond butter and so they don’t know where that came from?? So I just took it and I’m now eating it.",
        "team": "T7B710AL9",
        "user_team": "T7B710AL9",
        "source_team": "T7B710AL9",
        "user_profile": {
            "avatar_hash": "4ea2812d6fec",
            "image_72": "https:\/\/avatars.slack-edge.com\/2022-03-25\/3310823701185_4ea2812d6fec171a02d2_72.png",
            "first_name": "Susannah",
            "real_name": "Susannah Broun",
            "display_name": "Snakey",
            "team": "T7B710AL9",
            "name": "sbroun1",
            "is_restricted": false,
            "is_ultra_restricted": false
        },
        "thread_ts": "1567988398.004600",
        "reply_count": 5,
        "reply_users_count": 3,
        "latest_reply": "1567989973.007300",
        "reply_users": [
            "U7BHXDGSV",
            "UCU52BKEE",
            "U7CUH2Z70"
        ],
        "replies": [
            {
                "user": "U7BHXDGSV",
                "ts": "1567988750.005200"
            },
            {
                "user": "UCU52BKEE",
                "ts": "1567988792.006200"
            },
            {
                "user": "U7CUH2Z70",
                "ts": "1567989081.006500"
            },
            {
                "user": "U7BHXDGSV",
                "ts": "1567989690.006700"
            },
            {
                "user": "UCU52BKEE",
                "ts": "1567989973.007300"
            }
        ],
        "is_locked": false,
        "subscribed": false,
        "blocks": [
            {
                "type": "rich_text",
                "block_id": "hPvS",
                "elements": [
                    {
                        "type": "rich_text_section",
                        "elements": [
                            {
                                "type": "text",
                                "text": "Okay so I’m driving back to PA and we stopped at a Burger King and decided to buy a packet of almond butter that was with all the snacks they sell (already morally ambiguous) but when I went to check out they said that they don’t sell almond butter and so they don’t know where that came from?? So I just took it and I’m now eating it."
                            }
                        ]
                    }
                ]
            }
        ],
        "reactions": [
            {
                "name": "water_of_questionable_potability",
                "users": [
                    "UCVG0T6RL",
                    "U868GK012",
                    "U7BPUMEAY",
                    "U7D11040G"
                ],
                "count": 4
            },
            {
                "name": "anguished",
                "users": [
                    "UCVG0T6RL",
                    "U7DQHCFHT"
                ],
                "count": 2
            },
            {
                "name": "potable_water",
                "users": [
                    "U7BHXDGSV"
                ],
                "count": 1
            }
        ]
    },
    {
        "user": "U7BHXDGSV",
        "type": "message",
        "ts": "1567988750.005200",
        "client_msg_id": "1c98508a-fa55-4731-9eae-e3cd3ededd22",
        "text": "Honestly it probably would have been thrown away so I think you are good",
        "team": "T7B710AL9",
        "user_team": "T7B710AL9",
        "source_team": "T7B710AL9",
        "user_profile": {
            "avatar_hash": "6eb4246bf357",
            "image_72": "https:\/\/avatars.slack-edge.com\/2019-10-07\/788498340102_6eb4246bf357e9f96f85_72.png",
            "first_name": "princess",
            "real_name": "princess callahan",
            "display_name": "broc",
            "team": "T7B710AL9",
            "name": "bcoli",
            "is_restricted": false,
            "is_ultra_restricted": false
        },
        "thread_ts": "1567988398.004600",
        "parent_user_id": "UCU52BKEE",
        "blocks": [
            {
                "type": "rich_text",
                "block_id": "Z9iIk",
                "elements": [
                    {
                        "type": "rich_text_section",
                        "elements": [
                            {
                                "type": "text",
                                "text": "Honestly it probably would have been thrown away so I think you are good"
                            }
                        ]
                    }
                ]
            }
        ]
    },
    {
        "user": "UCU52BKEE",
        "type": "message",
        "ts": "1567988792.006200",
        "client_msg_id": "1CB4CD01-BC89-4CAF-9E0B-F9A08589FA47",
        "text": "You right. Also there were 10 packets of them though? Like it wasn’t alone ",
        "team": "T7B710AL9",
        "user_team": "T7B710AL9",
        "source_team": "T7B710AL9",
        "user_profile": {
            "avatar_hash": "4ea2812d6fec",
            "image_72": "https:\/\/avatars.slack-edge.com\/2022-03-25\/3310823701185_4ea2812d6fec171a02d2_72.png",
            "first_name": "Susannah",
            "real_name": "Susannah Broun",
            "display_name": "Snakey",
            "team": "T7B710AL9",
            "name": "sbroun1",
            "is_restricted": false,
            "is_ultra_restricted": false
        },
        "thread_ts": "1567988398.004600",
        "parent_user_id": "UCU52BKEE",
        "blocks": [
            {
                "type": "rich_text",
                "block_id": "0Pv",
                "elements": [
                    {
                        "type": "rich_text_section",
                        "elements": [
                            {
                                "type": "text",
                                "text": "You right. Also there were 10 packets of them though? Like it wasn’t alone"
                            }
                        ]
                    }
                ]
            }
        ]
    },
    {
        "user": "U7CUH2Z70",
        "type": "message",
        "ts": "1567989081.006500",
        "client_msg_id": "bd905500-2506-49d2-ab4b-fcd56663cf1b",
        "text": "Pls update in 24hrs with symptoms",
        "team": "T7B710AL9",
        "user_team": "T7B710AL9",
        "source_team": "T7B710AL9",
        "user_profile": {
            "avatar_hash": "b994d311f580",
            "image_72": "https:\/\/avatars.slack-edge.com\/2020-02-25\/969610744726_b994d311f58072c3a1d2_72.jpg",
            "first_name": "Keshav",
            "real_name": "Keshav Patel",
            "display_name": "Keshav",
            "team": "T7B710AL9",
            "name": "kpatel2",
            "is_restricted": false,
            "is_ultra_restricted": false
        },
        "thread_ts": "1567988398.004600",
        "parent_user_id": "UCU52BKEE",
        "blocks": [
            {
                "type": "rich_text",
                "block_id": "Fvq",
                "elements": [
                    {
                        "type": "rich_text_section",
                        "elements": [
                            {
                                "type": "text",
                                "text": "Pls update in 24hrs with symptoms"
                            }
                        ]
                    }
                ]
            }
        ]
    },
    {
        "user": "U7BHXDGSV",
        "type": "message",
        "ts": "1567989690.006700",
        "client_msg_id": "b34231b6-8d48-45a9-b984-229462a33911",
        "text": "Did you take all 10? Also yeah tell us if you die, that might change the calculus",
        "team": "T7B710AL9",
        "user_team": "T7B710AL9",
        "source_team": "T7B710AL9",
        "user_profile": {
            "avatar_hash": "6eb4246bf357",
            "image_72": "https:\/\/avatars.slack-edge.com\/2019-10-07\/788498340102_6eb4246bf357e9f96f85_72.png",
            "first_name": "princess",
            "real_name": "princess callahan",
            "display_name": "broc",
            "team": "T7B710AL9",
            "name": "bcoli",
            "is_restricted": false,
            "is_ultra_restricted": false
        },
        "thread_ts": "1567988398.004600",
        "parent_user_id": "UCU52BKEE",
        "blocks": [
            {
                "type": "rich_text",
                "block_id": "hV0",
                "elements": [
                    {
                        "type": "rich_text_section",
                        "elements": [
                            {
                                "type": "text",
                                "text": "Did you take all 10? Also yeah tell us if you die, that might change the calculus"
                            }
                        ]
                    }
                ]
            }
        ]
    },
    {
        "user": "UCU52BKEE",
        "type": "message",
        "ts": "1567989973.007300",
        "client_msg_id": "7A76B539-074C-41BD-B5C7-34301CCA2AC8",
        "text": "Only took 1 but yes if I die I will tell y’all first ",
        "team": "T7B710AL9",
        "user_team": "T7B710AL9",
        "source_team": "T7B710AL9",
        "user_profile": {
            "avatar_hash": "4ea2812d6fec",
            "image_72": "https:\/\/avatars.slack-edge.com\/2022-03-25\/3310823701185_4ea2812d6fec171a02d2_72.png",
            "first_name": "Susannah",
            "real_name": "Susannah Broun",
            "display_name": "Snakey",
            "team": "T7B710AL9",
            "name": "sbroun1",
            "is_restricted": false,
            "is_ultra_restricted": false
        },
        "thread_ts": "1567988398.004600",
        "parent_user_id": "UCU52BKEE",
        "blocks": [
            {
                "type": "rich_text",
                "block_id": "752F",
                "elements": [
                    {
                        "type": "rich_text_section",
                        "elements": [
                            {
                                "type": "text",
                                "text": "Only took 1 but yes if I die I will tell y’all first"
                            }
                        ]
                    }
                ]
            }
        ],
        "reactions": [
            {
                "name": "heart",
                "users": [
                    "U7BHXDGSV"
                ],
                "count": 1
            }
        ]
    }
]