[
    {
        "user": "U7BFY2LQH",
        "type": "message",
        "ts": "1557936775.001200",
        "client_msg_id": "8515222c-faab-4c00-b925-d3b09a3c4169",
        "text": "I have a 2nd interview but I only have one nice shirt, which is bright purple, and I wore it to the 1st interview. Can I wear the same one?",
        "team": "T7B710AL9",
        "user_team": "T7B710AL9",
        "source_team": "T7B710AL9",
        "user_profile": {
            "avatar_hash": "1745198e693f",
            "image_72": "https:\/\/avatars.slack-edge.com\/2018-07-19\/401624787187_1745198e693f1193975a_72.jpg",
            "first_name": "Sam",
            "real_name": "Sam Gardner",
            "display_name": "Waterbear, M.D.",
            "team": "T7B710AL9",
            "name": "sgardne1",
            "is_restricted": false,
            "is_ultra_restricted": false
        },
        "thread_ts": "1557936775.001200",
        "reply_count": 4,
        "reply_users_count": 3,
        "latest_reply": "1557938070.004000",
        "reply_users": [
            "U7CAKF8CS",
            "U7BFY2LQH",
            "U7C8U72LB"
        ],
        "replies": [
            {
                "user": "U7CAKF8CS",
                "ts": "1557937047.001600"
            },
            {
                "user": "U7BFY2LQH",
                "ts": "1557937190.001900"
            },
            {
                "user": "U7CAKF8CS",
                "ts": "1557937250.003100"
            },
            {
                "user": "U7C8U72LB",
                "ts": "1557938070.004000"
            }
        ],
        "is_locked": false,
        "subscribed": false,
        "blocks": [
            {
                "type": "rich_text",
                "block_id": "bqKFW",
                "elements": [
                    {
                        "type": "rich_text_section",
                        "elements": [
                            {
                                "type": "text",
                                "text": "I have a 2nd interview but I only have one nice shirt, which is bright purple, and I wore it to the 1st interview. Can I wear the same one?"
                            }
                        ]
                    }
                ]
            }
        ]
    },
    {
        "user": "U7CAKF8CS",
        "type": "message",
        "ts": "1557937047.001600",
        "client_msg_id": "EEBE086E-D15A-432F-9416-2112CA3AD2DB",
        "text": "Will it be the same people? ",
        "team": "T7B710AL9",
        "user_team": "T7B710AL9",
        "source_team": "T7B710AL9",
        "user_profile": {
            "avatar_hash": "0f2bdbac8459",
            "image_72": "https:\/\/avatars.slack-edge.com\/2020-08-28\/1330649910978_0f2bdbac845919cd6e01_72.png",
            "first_name": "Rye",
            "real_name": "Rye Buckley",
            "display_name": "blu",
            "team": "T7B710AL9",
            "name": "rbuckle1",
            "is_restricted": false,
            "is_ultra_restricted": false
        },
        "thread_ts": "1557936775.001200",
        "parent_user_id": "U7BFY2LQH",
        "blocks": [
            {
                "type": "rich_text",
                "block_id": "I1+l",
                "elements": [
                    {
                        "type": "rich_text_section",
                        "elements": [
                            {
                                "type": "text",
                                "text": "Will it be the same people?"
                            }
                        ]
                    }
                ]
            }
        ]
    },
    {
        "user": "U7BFY2LQH",
        "type": "message",
        "ts": "1557937190.001900",
        "client_msg_id": "7dca5b7d-a8e6-4575-9764-65dcc825f5f6",
        "text": "I believe so",
        "team": "T7B710AL9",
        "user_team": "T7B710AL9",
        "source_team": "T7B710AL9",
        "user_profile": {
            "avatar_hash": "1745198e693f",
            "image_72": "https:\/\/avatars.slack-edge.com\/2018-07-19\/401624787187_1745198e693f1193975a_72.jpg",
            "first_name": "Sam",
            "real_name": "Sam Gardner",
            "display_name": "Waterbear, M.D.",
            "team": "T7B710AL9",
            "name": "sgardne1",
            "is_restricted": false,
            "is_ultra_restricted": false
        },
        "thread_ts": "1557936775.001200",
        "parent_user_id": "U7BFY2LQH",
        "blocks": [
            {
                "type": "rich_text",
                "block_id": "oE4",
                "elements": [
                    {
                        "type": "rich_text_section",
                        "elements": [
                            {
                                "type": "text",
                                "text": "I believe so"
                            }
                        ]
                    }
                ]
            }
        ]
    },
    {
        "user": "U7CAKF8CS",
        "type": "message",
        "ts": "1557937250.003100",
        "client_msg_id": "5E75341A-6EAF-4755-A6DF-549E2A2D6D96",
        "text": "Probably wouldn’t hurt to try and borrow a different one, I’m sure showing up in the same shirt would not make or break the interview though ",
        "team": "T7B710AL9",
        "user_team": "T7B710AL9",
        "source_team": "T7B710AL9",
        "user_profile": {
            "avatar_hash": "0f2bdbac8459",
            "image_72": "https:\/\/avatars.slack-edge.com\/2020-08-28\/1330649910978_0f2bdbac845919cd6e01_72.png",
            "first_name": "Rye",
            "real_name": "Rye Buckley",
            "display_name": "blu",
            "team": "T7B710AL9",
            "name": "rbuckle1",
            "is_restricted": false,
            "is_ultra_restricted": false
        },
        "thread_ts": "1557936775.001200",
        "parent_user_id": "U7BFY2LQH",
        "blocks": [
            {
                "type": "rich_text",
                "block_id": "r6vH",
                "elements": [
                    {
                        "type": "rich_text_section",
                        "elements": [
                            {
                                "type": "text",
                                "text": "Probably wouldn’t hurt to try and borrow a different one, I’m sure showing up in the same shirt would not make or break the interview though"
                            }
                        ]
                    }
                ]
            }
        ]
    },
    {
        "user": "U7C8U72LB",
        "type": "message",
        "ts": "1557938070.004000",
        "client_msg_id": "680F7207-2571-4BE2-86CE-247473A2271C",
        "text": "You can probably get a shirt from career services",
        "team": "T7B710AL9",
        "user_team": "T7B710AL9",
        "source_team": "T7B710AL9",
        "user_profile": {
            "avatar_hash": "e610103b9bf7",
            "image_72": "https:\/\/avatars.slack-edge.com\/2018-09-06\/431053250005_e610103b9bf748d6f846_72.png",
            "first_name": "Sam",
            "real_name": "Sam Wallach Hanson",
            "display_name": "Swoonss",
            "team": "T7B710AL9",
            "name": "swallac3",
            "is_restricted": false,
            "is_ultra_restricted": false
        },
        "thread_ts": "1557936775.001200",
        "parent_user_id": "U7BFY2LQH",
        "blocks": [
            {
                "type": "rich_text",
                "block_id": "zo6w",
                "elements": [
                    {
                        "type": "rich_text_section",
                        "elements": [
                            {
                                "type": "text",
                                "text": "You can probably get a shirt from career services"
                            }
                        ]
                    }
                ]
            }
        ]
    }
]