[
    {
        "text": "Apparently my home town still shows this interview of me and my buddy when we were \"captains\" of the \"ultimate\" \"club\" at my high school (and it was shot in this super flattering aspect ratio)",
        "files": [
            {
                "id": "FRCCTQZCP",
                "created": 1575511571,
                "timestamp": 1575511571,
                "name": "received_514104645844165.jpeg",
                "title": "232986",
                "mimetype": "image\/jpeg",
                "filetype": "jpg",
                "pretty_type": "JPEG",
                "user": "U7BFY2LQH",
                "user_team": "T7B710AL9",
                "editable": false,
                "size": 238700,
                "mode": "hosted",
                "is_external": false,
                "external_type": "",
                "is_public": true,
                "public_url_shared": false,
                "display_as_bot": false,
                "username": "",
                "url_private": "https:\/\/files.slack.com\/files-pri\/T7B710AL9-FRCCTQZCP\/received_514104645844165.jpeg?t=xoxe-249239010689-7383763303600-7346417720535-c8977b2d870e66a58192db1f0484baaa",
                "url_private_download": "https:\/\/files.slack.com\/files-pri\/T7B710AL9-FRCCTQZCP\/download\/received_514104645844165.jpeg?t=xoxe-249239010689-7383763303600-7346417720535-c8977b2d870e66a58192db1f0484baaa",
                "media_display_type": "unknown",
                "thumb_64": "https:\/\/files.slack.com\/files-tmb\/T7B710AL9-FRCCTQZCP-62dcb7ef69\/received_514104645844165_64.jpg?t=xoxe-249239010689-7383763303600-7346417720535-c8977b2d870e66a58192db1f0484baaa",
                "thumb_80": "https:\/\/files.slack.com\/files-tmb\/T7B710AL9-FRCCTQZCP-62dcb7ef69\/received_514104645844165_80.jpg?t=xoxe-249239010689-7383763303600-7346417720535-c8977b2d870e66a58192db1f0484baaa",
                "thumb_360": "https:\/\/files.slack.com\/files-tmb\/T7B710AL9-FRCCTQZCP-62dcb7ef69\/received_514104645844165_360.jpg?t=xoxe-249239010689-7383763303600-7346417720535-c8977b2d870e66a58192db1f0484baaa",
                "thumb_360_w": 360,
                "thumb_360_h": 203,
                "thumb_480": "https:\/\/files.slack.com\/files-tmb\/T7B710AL9-FRCCTQZCP-62dcb7ef69\/received_514104645844165_480.jpg?t=xoxe-249239010689-7383763303600-7346417720535-c8977b2d870e66a58192db1f0484baaa",
                "thumb_480_w": 480,
                "thumb_480_h": 270,
                "thumb_160": "https:\/\/files.slack.com\/files-tmb\/T7B710AL9-FRCCTQZCP-62dcb7ef69\/received_514104645844165_160.jpg?t=xoxe-249239010689-7383763303600-7346417720535-c8977b2d870e66a58192db1f0484baaa",
                "thumb_720": "https:\/\/files.slack.com\/files-tmb\/T7B710AL9-FRCCTQZCP-62dcb7ef69\/received_514104645844165_720.jpg?t=xoxe-249239010689-7383763303600-7346417720535-c8977b2d870e66a58192db1f0484baaa",
                "thumb_720_w": 720,
                "thumb_720_h": 405,
                "thumb_800": "https:\/\/files.slack.com\/files-tmb\/T7B710AL9-FRCCTQZCP-62dcb7ef69\/received_514104645844165_800.jpg?t=xoxe-249239010689-7383763303600-7346417720535-c8977b2d870e66a58192db1f0484baaa",
                "thumb_800_w": 800,
                "thumb_800_h": 450,
                "thumb_960": "https:\/\/files.slack.com\/files-tmb\/T7B710AL9-FRCCTQZCP-62dcb7ef69\/received_514104645844165_960.jpg?t=xoxe-249239010689-7383763303600-7346417720535-c8977b2d870e66a58192db1f0484baaa",
                "thumb_960_w": 960,
                "thumb_960_h": 540,
                "thumb_1024": "https:\/\/files.slack.com\/files-tmb\/T7B710AL9-FRCCTQZCP-62dcb7ef69\/received_514104645844165_1024.jpg?t=xoxe-249239010689-7383763303600-7346417720535-c8977b2d870e66a58192db1f0484baaa",
                "thumb_1024_w": 1024,
                "thumb_1024_h": 576,
                "image_exif_rotation": 1,
                "original_w": 2444,
                "original_h": 1375,
                "thumb_tiny": "AwAbADBPt4CkiM+2TR9tll4jUJjqetOnliaEqG3FhjHp71Xiixyg\/WpbLjBvUtwXRw63LKpXkHGM1Os0LDIlQj61myx5YsRtJqIRnuRQpBKDRoS3irIEjQyepB4pHnh2KxYDd2xzVeLzABtGVHWoXj5OSfXBppg4MmjVWJGMgDPPeliEZjw5AOc96bCfn\/A00dqluxdNc0bMmba8mB0x+tR9RzzQv3h9aZ2pIKmjVh6bSvJ280jhSzEdAOKYKU\/db6U7lONk2f\/Z",
                "permalink": "https:\/\/swarthmoreultimate.slack.com\/files\/U7BFY2LQH\/FRCCTQZCP\/received_514104645844165.jpeg",
                "permalink_public": "https:\/\/slack-files.com\/T7B710AL9-FRCCTQZCP-e30e217cdf",
                "is_starred": false,
                "has_rich_preview": false,
                "file_access": "visible"
            }
        ],
        "upload": true,
        "user": "U7BFY2LQH",
        "display_as_bot": false,
        "blocks": [
            {
                "type": "rich_text",
                "block_id": "yhBK+",
                "elements": [
                    {
                        "type": "rich_text_section",
                        "elements": [
                            {
                                "type": "text",
                                "text": "Apparently my home town still shows this interview of me and my buddy when we were \"captains\" of the \"ultimate\" \"club\" at my high school (and it was shot in this super flattering aspect ratio)"
                            }
                        ]
                    }
                ]
            }
        ],
        "type": "message",
        "ts": "1575511571.001900",
        "client_msg_id": "e515573c-aa78-4569-85e2-a4dfda77f60d",
        "thread_ts": "1575511571.001900",
        "reply_count": 3,
        "reply_users_count": 2,
        "latest_reply": "1575517511.005000",
        "reply_users": [
            "U7C8U72LB",
            "U7BFY2LQH"
        ],
        "replies": [
            {
                "user": "U7C8U72LB",
                "ts": "1575516082.003500"
            },
            {
                "user": "U7BFY2LQH",
                "ts": "1575516343.003700"
            },
            {
                "user": "U7C8U72LB",
                "ts": "1575517511.005000"
            }
        ],
        "is_locked": false,
        "subscribed": false,
        "reactions": [
            {
                "name": "shookbear",
                "users": [
                    "U7CQU3U6B",
                    "UCP04JZ9B",
                    "U7DL9CX6W",
                    "U7C7WMV52",
                    "UCKMFGMMW",
                    "U7FMYUQMD",
                    "U7CUH2Z70",
                    "U8JTX11L3",
                    "U8CM2ST63",
                    "U7D2L75DK",
                    "U7D11040G",
                    "U7BPUMEAY",
                    "U7CEH7CGM"
                ],
                "count": 13
            },
            {
                "name": "bear",
                "users": [
                    "U7BHXDGSV",
                    "U7BL1F7PD"
                ],
                "count": 2
            }
        ]
    },
    {
        "user": "U7C8U72LB",
        "type": "message",
        "ts": "1575516082.003500",
        "client_msg_id": "47BE747E-108F-4541-A9F0-EBE7CF3B88FF",
        "text": "Did you guys just steal the Atlanta Falcons logo",
        "team": "T7B710AL9",
        "user_team": "T7B710AL9",
        "source_team": "T7B710AL9",
        "user_profile": {
            "avatar_hash": "e610103b9bf7",
            "image_72": "https:\/\/avatars.slack-edge.com\/2018-09-06\/431053250005_e610103b9bf748d6f846_72.png",
            "first_name": "Sam",
            "real_name": "Sam Wallach Hanson",
            "display_name": "Swoonss",
            "team": "T7B710AL9",
            "name": "swallac3",
            "is_restricted": false,
            "is_ultra_restricted": false
        },
        "thread_ts": "1575511571.001900",
        "parent_user_id": "U7BFY2LQH",
        "blocks": [
            {
                "type": "rich_text",
                "block_id": "oSk3",
                "elements": [
                    {
                        "type": "rich_text_section",
                        "elements": [
                            {
                                "type": "text",
                                "text": "Did you guys just steal the Atlanta Falcons logo"
                            }
                        ]
                    }
                ]
            }
        ]
    },
    {
        "user": "U7BFY2LQH",
        "type": "message",
        "ts": "1575516343.003700",
        "client_msg_id": "78336722-2953-42e5-8d70-635b7e06c3dc",
        "text": "Yeah that's our official highschool logo",
        "team": "T7B710AL9",
        "user_team": "T7B710AL9",
        "source_team": "T7B710AL9",
        "user_profile": {
            "avatar_hash": "1745198e693f",
            "image_72": "https:\/\/avatars.slack-edge.com\/2018-07-19\/401624787187_1745198e693f1193975a_72.jpg",
            "first_name": "Sam",
            "real_name": "Sam Gardner",
            "display_name": "Waterbear, M.D.",
            "team": "T7B710AL9",
            "name": "sgardne1",
            "is_restricted": false,
            "is_ultra_restricted": false
        },
        "thread_ts": "1575511571.001900",
        "parent_user_id": "U7BFY2LQH",
        "blocks": [
            {
                "type": "rich_text",
                "block_id": "\/t6n",
                "elements": [
                    {
                        "type": "rich_text_section",
                        "elements": [
                            {
                                "type": "text",
                                "text": "Yeah that's our official highschool logo"
                            }
                        ]
                    }
                ]
            }
        ]
    },
    {
        "user": "U7C8U72LB",
        "type": "message",
        "ts": "1575517511.005000",
        "client_msg_id": "DAD2FC80-5F91-47A6-81E3-F5FF35E1853E",
        "text": "You know this is the first time I’ve really looked at it. I always sort of thought it was like a kakuna with a beak and claw but realize now it’s a bird with two wings ",
        "team": "T7B710AL9",
        "user_team": "T7B710AL9",
        "source_team": "T7B710AL9",
        "user_profile": {
            "avatar_hash": "e610103b9bf7",
            "image_72": "https:\/\/avatars.slack-edge.com\/2018-09-06\/431053250005_e610103b9bf748d6f846_72.png",
            "first_name": "Sam",
            "real_name": "Sam Wallach Hanson",
            "display_name": "Swoonss",
            "team": "T7B710AL9",
            "name": "swallac3",
            "is_restricted": false,
            "is_ultra_restricted": false
        },
        "thread_ts": "1575511571.001900",
        "parent_user_id": "U7BFY2LQH",
        "blocks": [
            {
                "type": "rich_text",
                "block_id": "Fw3k",
                "elements": [
                    {
                        "type": "rich_text_section",
                        "elements": [
                            {
                                "type": "text",
                                "text": "You know this is the first time I’ve really looked at it. I always sort of thought it was like a kakuna with a beak and claw but realize now it’s a bird with two wings"
                            }
                        ]
                    }
                ]
            }
        ]
    }
]