[
    {
        "user": "UCU27FNLT",
        "type": "message",
        "ts": "1561076090.000700",
        "client_msg_id": "593B7B2F-0FB0-430C-ACFB-E528CE408BC8",
        "text": "My grandma just told me she has gummy edibles in her purse...",
        "team": "T7B710AL9",
        "user_team": "T7B710AL9",
        "source_team": "T7B710AL9",
        "user_profile": {
            "avatar_hash": "f809cb2b0e54",
            "image_72": "https:\/\/avatars.slack-edge.com\/2021-08-17\/2388388479701_f809cb2b0e5406e174b3_72.png",
            "first_name": "Adam",
            "real_name": "Adam Lloyd-Jones",
            "display_name": "Squatch",
            "team": "T7B710AL9",
            "name": "adamlj827",
            "is_restricted": false,
            "is_ultra_restricted": false
        },
        "blocks": [
            {
                "type": "rich_text",
                "block_id": "Jk+J+",
                "elements": [
                    {
                        "type": "rich_text_section",
                        "elements": [
                            {
                                "type": "text",
                                "text": "My grandma just told me she has gummy edibles in her purse..."
                            }
                        ]
                    }
                ]
            }
        ],
        "reactions": [
            {
                "name": "partyparrot",
                "users": [
                    "U7CQU3U6B",
                    "UD7R9NDNK",
                    "U7DL9CX6W",
                    "U7BHXDGSV",
                    "U868GK012",
                    "U7F238X5F",
                    "UCKMFGMMW",
                    "UNC4W0F96"
                ],
                "count": 8
            }
        ]
    }
]