[
    {
        "text": "There was a dead spotted lantern guy on the ground of the willets bathroom right in front of a shower",
        "files": [
            {
                "id": "F01CUJUDA80",
                "created": 1602078245,
                "timestamp": 1602078245,
                "name": "20201007_000246.jpg",
                "title": "20201007_000246.jpg",
                "mimetype": "image\/jpeg",
                "filetype": "jpg",
                "pretty_type": "JPEG",
                "user": "U89GWBNNA",
                "user_team": "T7B710AL9",
                "editable": false,
                "size": 245552,
                "mode": "hosted",
                "is_external": false,
                "external_type": "",
                "is_public": true,
                "public_url_shared": false,
                "display_as_bot": false,
                "username": "",
                "url_private": "https:\/\/files.slack.com\/files-pri\/T7B710AL9-F01CUJUDA80\/20201007_000246.jpg?t=xoxe-249239010689-7383763303600-7346417720535-c8977b2d870e66a58192db1f0484baaa",
                "url_private_download": "https:\/\/files.slack.com\/files-pri\/T7B710AL9-F01CUJUDA80\/download\/20201007_000246.jpg?t=xoxe-249239010689-7383763303600-7346417720535-c8977b2d870e66a58192db1f0484baaa",
                "media_display_type": "unknown",
                "thumb_64": "https:\/\/files.slack.com\/files-tmb\/T7B710AL9-F01CUJUDA80-d81af6431c\/20201007_000246_64.jpg?t=xoxe-249239010689-7383763303600-7346417720535-c8977b2d870e66a58192db1f0484baaa",
                "thumb_80": "https:\/\/files.slack.com\/files-tmb\/T7B710AL9-F01CUJUDA80-d81af6431c\/20201007_000246_80.jpg?t=xoxe-249239010689-7383763303600-7346417720535-c8977b2d870e66a58192db1f0484baaa",
                "thumb_360": "https:\/\/files.slack.com\/files-tmb\/T7B710AL9-F01CUJUDA80-d81af6431c\/20201007_000246_360.jpg?t=xoxe-249239010689-7383763303600-7346417720535-c8977b2d870e66a58192db1f0484baaa",
                "thumb_360_w": 170,
                "thumb_360_h": 360,
                "thumb_480": "https:\/\/files.slack.com\/files-tmb\/T7B710AL9-F01CUJUDA80-d81af6431c\/20201007_000246_480.jpg?t=xoxe-249239010689-7383763303600-7346417720535-c8977b2d870e66a58192db1f0484baaa",
                "thumb_480_w": 227,
                "thumb_480_h": 480,
                "thumb_160": "https:\/\/files.slack.com\/files-tmb\/T7B710AL9-F01CUJUDA80-d81af6431c\/20201007_000246_160.jpg?t=xoxe-249239010689-7383763303600-7346417720535-c8977b2d870e66a58192db1f0484baaa",
                "thumb_720": "https:\/\/files.slack.com\/files-tmb\/T7B710AL9-F01CUJUDA80-d81af6431c\/20201007_000246_720.jpg?t=xoxe-249239010689-7383763303600-7346417720535-c8977b2d870e66a58192db1f0484baaa",
                "thumb_720_w": 341,
                "thumb_720_h": 720,
                "thumb_800": "https:\/\/files.slack.com\/files-tmb\/T7B710AL9-F01CUJUDA80-d81af6431c\/20201007_000246_800.jpg?t=xoxe-249239010689-7383763303600-7346417720535-c8977b2d870e66a58192db1f0484baaa",
                "thumb_800_w": 800,
                "thumb_800_h": 1691,
                "thumb_960": "https:\/\/files.slack.com\/files-tmb\/T7B710AL9-F01CUJUDA80-d81af6431c\/20201007_000246_960.jpg?t=xoxe-249239010689-7383763303600-7346417720535-c8977b2d870e66a58192db1f0484baaa",
                "thumb_960_w": 454,
                "thumb_960_h": 960,
                "thumb_1024": "https:\/\/files.slack.com\/files-tmb\/T7B710AL9-F01CUJUDA80-d81af6431c\/20201007_000246_1024.jpg?t=xoxe-249239010689-7383763303600-7346417720535-c8977b2d870e66a58192db1f0484baaa",
                "thumb_1024_w": 485,
                "thumb_1024_h": 1024,
                "original_w": 1908,
                "original_h": 4032,
                "thumb_tiny": "AwAwABa6KZL1Qf7QokfahK4JHaoDchmXchG05+tAFs0lIrB1DDoaWgCNokIOFXP0qomHkC+p5q9URUCdMDHBPFIYohQDHzf99Gl8lP8Aa\/76NPooEJUZ\/wCPgeymm5nHZTTN8glJMeW29BQBZoqDznHWJqPPb\/nk1Az\/2Q==",
                "permalink": "https:\/\/swarthmoreultimate.slack.com\/files\/U89GWBNNA\/F01CUJUDA80\/20201007_000246.jpg",
                "permalink_public": "https:\/\/slack-files.com\/T7B710AL9-F01CUJUDA80-ade572d3a6",
                "is_starred": false,
                "has_rich_preview": false,
                "file_access": "visible"
            }
        ],
        "upload": true,
        "user": "U89GWBNNA",
        "display_as_bot": false,
        "blocks": [
            {
                "type": "rich_text",
                "block_id": "HTT",
                "elements": [
                    {
                        "type": "rich_text_section",
                        "elements": [
                            {
                                "type": "text",
                                "text": "There was a dead spotted lantern guy on the ground of the willets bathroom right in front of a shower"
                            }
                        ]
                    }
                ]
            }
        ],
        "type": "message",
        "ts": "1602078276.000900",
        "client_msg_id": "2446c177-18f1-4a3e-8d14-4bb878b8fb5d",
        "thread_ts": "1602078276.000900",
        "reply_count": 1,
        "reply_users_count": 1,
        "latest_reply": "1602079180.001600",
        "reply_users": [
            "UCU52BKEE"
        ],
        "replies": [
            {
                "user": "UCU52BKEE",
                "ts": "1602079180.001600"
            }
        ],
        "is_locked": false,
        "subscribed": false,
        "reactions": [
            {
                "name": "badbug",
                "users": [
                    "UCU52BKEE",
                    "U8JTX11L3",
                    "U7C7WMV52",
                    "UCU27FNLT"
                ],
                "count": 4
            }
        ]
    },
    {
        "user": "UN35A0Q7L",
        "type": "message",
        "ts": "1602078895.001400",
        "client_msg_id": "1F77E1F3-94B6-4F76-876D-6E89829B0D1B",
        "text": "Are the bees gone?",
        "team": "T7B710AL9",
        "user_team": "T7B710AL9",
        "source_team": "T7B710AL9",
        "user_profile": {
            "avatar_hash": "2186e77394a8",
            "image_72": "https:\/\/avatars.slack-edge.com\/2023-03-20\/4966805674135_2186e77394a8fa1d03c6_72.png",
            "first_name": "Jonathan",
            "real_name": "Jonathan Lehr",
            "display_name": "Lord Jonnis",
            "team": "T7B710AL9",
            "name": "jlehr1",
            "is_restricted": false,
            "is_ultra_restricted": false
        },
        "thread_ts": "1602078895.001400",
        "reply_count": 1,
        "reply_users_count": 1,
        "latest_reply": "1602079944.002200",
        "reply_users": [
            "UCMEELYF9"
        ],
        "replies": [
            {
                "user": "UCMEELYF9",
                "ts": "1602079944.002200"
            }
        ],
        "is_locked": false,
        "subscribed": false,
        "blocks": [
            {
                "type": "rich_text",
                "block_id": "CVIU",
                "elements": [
                    {
                        "type": "rich_text_section",
                        "elements": [
                            {
                                "type": "text",
                                "text": "Are the bees gone?"
                            }
                        ]
                    }
                ]
            }
        ]
    },
    {
        "user": "UCU52BKEE",
        "type": "message",
        "ts": "1602079180.001600",
        "client_msg_id": "250facb3-1847-41e2-9b40-8839ca028213",
        "text": "leave it there as a warning to all other bad bugs",
        "team": "T7B710AL9",
        "user_team": "T7B710AL9",
        "source_team": "T7B710AL9",
        "user_profile": {
            "avatar_hash": "4ea2812d6fec",
            "image_72": "https:\/\/avatars.slack-edge.com\/2022-03-25\/3310823701185_4ea2812d6fec171a02d2_72.png",
            "first_name": "Susannah",
            "real_name": "Susannah Broun",
            "display_name": "Snakey",
            "team": "T7B710AL9",
            "name": "sbroun1",
            "is_restricted": false,
            "is_ultra_restricted": false
        },
        "thread_ts": "1602078276.000900",
        "parent_user_id": "U89GWBNNA",
        "blocks": [
            {
                "type": "rich_text",
                "block_id": "XCIa",
                "elements": [
                    {
                        "type": "rich_text_section",
                        "elements": [
                            {
                                "type": "text",
                                "text": "leave it there as a warning to all other bad bugs"
                            }
                        ]
                    }
                ]
            }
        ],
        "reactions": [
            {
                "name": "badbug",
                "users": [
                    "U8JTX11L3",
                    "U7C7WMV52"
                ],
                "count": 2
            }
        ]
    },
    {
        "user": "UCMEELYF9",
        "type": "message",
        "ts": "1602079944.002200",
        "client_msg_id": "54B5A5A7-F530-4BC0-8C01-15C258CE02C2",
        "text": "Some bees escaped extermination",
        "team": "T7B710AL9",
        "user_team": "T7B710AL9",
        "source_team": "T7B710AL9",
        "user_profile": {
            "avatar_hash": "4fd5a65d0bbf",
            "image_72": "https:\/\/avatars.slack-edge.com\/2022-05-01\/3464979741378_4fd5a65d0bbf8c147fd1_72.png",
            "first_name": "frogger",
            "real_name": "frogger",
            "display_name": "frogger",
            "team": "T7B710AL9",
            "name": "kstewar1",
            "is_restricted": false,
            "is_ultra_restricted": false
        },
        "thread_ts": "1602078895.001400",
        "parent_user_id": "UN35A0Q7L",
        "blocks": [
            {
                "type": "rich_text",
                "block_id": "=6kj",
                "elements": [
                    {
                        "type": "rich_text_section",
                        "elements": [
                            {
                                "type": "text",
                                "text": "Some bees escaped extermination"
                            }
                        ]
                    }
                ]
            }
        ]
    }
]