[
    {
        "user": "UNC4W0F96",
        "type": "message",
        "ts": "1604326958.002700",
        "client_msg_id": "522e4072-6785-4d68-8212-79bd5144cec1",
        "text": "Can we get an emergency team meeting on this?",
        "team": "T7B710AL9",
        "user_team": "T7B710AL9",
        "source_team": "T7B710AL9",
        "user_profile": {
            "avatar_hash": "c0762b751fcb",
            "image_72": "https:\/\/avatars.slack-edge.com\/2022-11-06\/4353663255168_c0762b751fcb3221faae_72.jpg",
            "first_name": "Rory",
            "real_name": "Rory Schmidt",
            "display_name": "Rory",
            "team": "T7B710AL9",
            "name": "rschmid1",
            "is_restricted": false,
            "is_ultra_restricted": false
        },
        "thread_ts": "1604299039.002000",
        "parent_user_id": "U7G3ERU5V",
        "blocks": [
            {
                "type": "rich_text",
                "block_id": "af5e",
                "elements": [
                    {
                        "type": "rich_text_section",
                        "elements": [
                            {
                                "type": "text",
                                "text": "Can we get an emergency team meeting on this?"
                            }
                        ]
                    }
                ]
            }
        ]
    },
    {
        "user": "U7G3ERU5V",
        "type": "message",
        "ts": "1604364917.003200",
        "client_msg_id": "42bd2a89-a3b1-4516-ac9a-cd6d225d5327",
        "text": "Maybe. I shall talk with the other 5 captain, both treasurers and all four SOCOs to see if this warrants further examination at a team-wide level.",
        "team": "T7B710AL9",
        "user_team": "T7B710AL9",
        "source_team": "T7B710AL9",
        "user_profile": {
            "avatar_hash": "a7d2af132a2e",
            "image_72": "https:\/\/avatars.slack-edge.com\/2019-07-22\/691057671298_a7d2af132a2ea37401fd_72.png",
            "first_name": "Vinay",
            "real_name": "Vinay",
            "display_name": "",
            "team": "T7B710AL9",
            "name": "vkeefe1",
            "is_restricted": false,
            "is_ultra_restricted": false
        },
        "thread_ts": "1604299039.002000",
        "parent_user_id": "U7G3ERU5V",
        "blocks": [
            {
                "type": "rich_text",
                "block_id": "JAN",
                "elements": [
                    {
                        "type": "rich_text_section",
                        "elements": [
                            {
                                "type": "text",
                                "text": "Maybe. I shall talk with the other 5 captain, both treasurers and all four SOCOs to see if this warrants further examination at a team-wide level."
                            }
                        ]
                    }
                ]
            }
        ]
    }
]