[
    {
        "text": "This coronavirus shirt that Bay Area disc is selling",
        "files": [
            {
                "id": "F011AJYLK9B",
                "created": 1585862717,
                "timestamp": 1585862717,
                "name": "Image from iOS.png",
                "title": "Image from iOS",
                "mimetype": "image\/png",
                "filetype": "png",
                "pretty_type": "PNG",
                "user": "U7BL1F7PD",
                "user_team": "T7B710AL9",
                "editable": false,
                "size": 420784,
                "mode": "hosted",
                "is_external": false,
                "external_type": "",
                "is_public": true,
                "public_url_shared": false,
                "display_as_bot": false,
                "username": "",
                "url_private": "https:\/\/files.slack.com\/files-pri\/T7B710AL9-F011AJYLK9B\/image_from_ios.png?t=xoxe-249239010689-7383763303600-7346417720535-c8977b2d870e66a58192db1f0484baaa",
                "url_private_download": "https:\/\/files.slack.com\/files-pri\/T7B710AL9-F011AJYLK9B\/download\/image_from_ios.png?t=xoxe-249239010689-7383763303600-7346417720535-c8977b2d870e66a58192db1f0484baaa",
                "media_display_type": "unknown",
                "thumb_64": "https:\/\/files.slack.com\/files-tmb\/T7B710AL9-F011AJYLK9B-5402ee4541\/image_from_ios_64.png?t=xoxe-249239010689-7383763303600-7346417720535-c8977b2d870e66a58192db1f0484baaa",
                "thumb_80": "https:\/\/files.slack.com\/files-tmb\/T7B710AL9-F011AJYLK9B-5402ee4541\/image_from_ios_80.png?t=xoxe-249239010689-7383763303600-7346417720535-c8977b2d870e66a58192db1f0484baaa",
                "thumb_360": "https:\/\/files.slack.com\/files-tmb\/T7B710AL9-F011AJYLK9B-5402ee4541\/image_from_ios_360.png?t=xoxe-249239010689-7383763303600-7346417720535-c8977b2d870e66a58192db1f0484baaa",
                "thumb_360_w": 202,
                "thumb_360_h": 360,
                "thumb_480": "https:\/\/files.slack.com\/files-tmb\/T7B710AL9-F011AJYLK9B-5402ee4541\/image_from_ios_480.png?t=xoxe-249239010689-7383763303600-7346417720535-c8977b2d870e66a58192db1f0484baaa",
                "thumb_480_w": 270,
                "thumb_480_h": 480,
                "thumb_160": "https:\/\/files.slack.com\/files-tmb\/T7B710AL9-F011AJYLK9B-5402ee4541\/image_from_ios_160.png?t=xoxe-249239010689-7383763303600-7346417720535-c8977b2d870e66a58192db1f0484baaa",
                "thumb_720": "https:\/\/files.slack.com\/files-tmb\/T7B710AL9-F011AJYLK9B-5402ee4541\/image_from_ios_720.png?t=xoxe-249239010689-7383763303600-7346417720535-c8977b2d870e66a58192db1f0484baaa",
                "thumb_720_w": 405,
                "thumb_720_h": 720,
                "thumb_800": "https:\/\/files.slack.com\/files-tmb\/T7B710AL9-F011AJYLK9B-5402ee4541\/image_from_ios_800.png?t=xoxe-249239010689-7383763303600-7346417720535-c8977b2d870e66a58192db1f0484baaa",
                "thumb_800_w": 450,
                "thumb_800_h": 800,
                "thumb_960": "https:\/\/files.slack.com\/files-tmb\/T7B710AL9-F011AJYLK9B-5402ee4541\/image_from_ios_960.png?t=xoxe-249239010689-7383763303600-7346417720535-c8977b2d870e66a58192db1f0484baaa",
                "thumb_960_w": 540,
                "thumb_960_h": 960,
                "thumb_1024": "https:\/\/files.slack.com\/files-tmb\/T7B710AL9-F011AJYLK9B-5402ee4541\/image_from_ios_1024.png?t=xoxe-249239010689-7383763303600-7346417720535-c8977b2d870e66a58192db1f0484baaa",
                "thumb_1024_w": 576,
                "thumb_1024_h": 1024,
                "image_exif_rotation": 1,
                "original_w": 750,
                "original_h": 1334,
                "thumb_tiny": "AwAwABrRyoPv9KCy8H+lHzc80uD\/AHqAEznjIP4U7Ao\/GigCG5uFgTJ5Y9BVD7ZctlgQB7LWjNEkq5dQ23kVihiBgHimhM07S8Ex2SYD9vQ1bqnYwRmJJdvz88\/jVykxgRkEVR\/sxf8Anq35VakYjABxTPMbH3qAHwReTEsYOcd6kqJHJYZOc8YqWgD\/2Q==",
                "permalink": "https:\/\/swarthmoreultimate.slack.com\/files\/U7BL1F7PD\/F011AJYLK9B\/image_from_ios.png",
                "permalink_public": "https:\/\/slack-files.com\/T7B710AL9-F011AJYLK9B-16c3987366",
                "is_starred": false,
                "has_rich_preview": false,
                "file_access": "visible"
            }
        ],
        "upload": true,
        "user": "U7BL1F7PD",
        "display_as_bot": false,
        "blocks": [
            {
                "type": "rich_text",
                "block_id": "=5g",
                "elements": [
                    {
                        "type": "rich_text_section",
                        "elements": [
                            {
                                "type": "text",
                                "text": "This coronavirus shirt that Bay Area disc is selling"
                            }
                        ]
                    }
                ]
            }
        ],
        "type": "message",
        "ts": "1585862738.000600",
        "client_msg_id": "F102A2C6-364E-4A52-9C2C-DE42A2EFB6EC",
        "reactions": [
            {
                "name": "non-potable_water",
                "users": [
                    "U7CQU3U6B",
                    "U7CUH2Z70",
                    "U7F238X5F"
                ],
                "count": 3
            },
            {
                "name": "water_of_questionable_potability",
                "users": [
                    "U7BHXDGSV",
                    "U8JTX11L3",
                    "U7F238X5F",
                    "UCLD8BFM0"
                ],
                "count": 4
            },
            {
                "name": "thumbs_middle",
                "users": [
                    "U8CM2ST63",
                    "U7FMYUQMD"
                ],
                "count": 2
            }
        ]
    }
]