[
    {
        "user": "U7FMYUQMD",
        "type": "message",
        "ts": "1589414123.001100",
        "edited": {
            "user": "U7FMYUQMD",
            "ts": "1589414139.000000"
        },
        "client_msg_id": "30257bdf-77e3-4ab1-a154-60dccd06fe7a",
        "text": "A soft serve ice cream truck pulled up and a bunch of kids are lining up for it",
        "team": "T7B710AL9",
        "user_team": "T7B710AL9",
        "source_team": "T7B710AL9",
        "user_profile": {
            "avatar_hash": "6a522773f344",
            "image_72": "https:\/\/avatars.slack-edge.com\/2020-02-20\/964704271894_6a522773f34493f59c37_72.jpg",
            "first_name": "Carlos",
            "real_name": "Carlos Almeida",
            "display_name": "Carlos",
            "team": "T7B710AL9",
            "name": "calmeid1",
            "is_restricted": false,
            "is_ultra_restricted": false
        },
        "blocks": [
            {
                "type": "rich_text",
                "block_id": "k1x",
                "elements": [
                    {
                        "type": "rich_text_section",
                        "elements": [
                            {
                                "type": "text",
                                "text": "A soft serve ice cream truck pulled up and a bunch of kids are lining up for it"
                            }
                        ]
                    }
                ]
            }
        ]
    }
]