[
    {
        "text": "Zoom asked me an interesting question",
        "files": [
            {
                "id": "F01EF8323QU",
                "created": 1604801389,
                "timestamp": 1604801389,
                "name": "Image from iOS.jpg",
                "title": "Image from iOS",
                "mimetype": "image\/jpeg",
                "filetype": "jpg",
                "pretty_type": "JPEG",
                "user": "UN35A0Q7L",
                "user_team": "T7B710AL9",
                "editable": false,
                "size": 345511,
                "mode": "hosted",
                "is_external": false,
                "external_type": "",
                "is_public": true,
                "public_url_shared": false,
                "display_as_bot": false,
                "username": "",
                "url_private": "https:\/\/files.slack.com\/files-pri\/T7B710AL9-F01EF8323QU\/image_from_ios.jpg?t=xoxe-249239010689-7383763303600-7346417720535-c8977b2d870e66a58192db1f0484baaa",
                "url_private_download": "https:\/\/files.slack.com\/files-pri\/T7B710AL9-F01EF8323QU\/download\/image_from_ios.jpg?t=xoxe-249239010689-7383763303600-7346417720535-c8977b2d870e66a58192db1f0484baaa",
                "media_display_type": "unknown",
                "thumb_64": "https:\/\/files.slack.com\/files-tmb\/T7B710AL9-F01EF8323QU-d8a63fcdd5\/image_from_ios_64.jpg?t=xoxe-249239010689-7383763303600-7346417720535-c8977b2d870e66a58192db1f0484baaa",
                "thumb_80": "https:\/\/files.slack.com\/files-tmb\/T7B710AL9-F01EF8323QU-d8a63fcdd5\/image_from_ios_80.jpg?t=xoxe-249239010689-7383763303600-7346417720535-c8977b2d870e66a58192db1f0484baaa",
                "thumb_360": "https:\/\/files.slack.com\/files-tmb\/T7B710AL9-F01EF8323QU-d8a63fcdd5\/image_from_ios_360.jpg?t=xoxe-249239010689-7383763303600-7346417720535-c8977b2d870e66a58192db1f0484baaa",
                "thumb_360_w": 270,
                "thumb_360_h": 360,
                "thumb_480": "https:\/\/files.slack.com\/files-tmb\/T7B710AL9-F01EF8323QU-d8a63fcdd5\/image_from_ios_480.jpg?t=xoxe-249239010689-7383763303600-7346417720535-c8977b2d870e66a58192db1f0484baaa",
                "thumb_480_w": 360,
                "thumb_480_h": 480,
                "thumb_160": "https:\/\/files.slack.com\/files-tmb\/T7B710AL9-F01EF8323QU-d8a63fcdd5\/image_from_ios_160.jpg?t=xoxe-249239010689-7383763303600-7346417720535-c8977b2d870e66a58192db1f0484baaa",
                "thumb_720": "https:\/\/files.slack.com\/files-tmb\/T7B710AL9-F01EF8323QU-d8a63fcdd5\/image_from_ios_720.jpg?t=xoxe-249239010689-7383763303600-7346417720535-c8977b2d870e66a58192db1f0484baaa",
                "thumb_720_w": 540,
                "thumb_720_h": 720,
                "thumb_800": "https:\/\/files.slack.com\/files-tmb\/T7B710AL9-F01EF8323QU-d8a63fcdd5\/image_from_ios_800.jpg?t=xoxe-249239010689-7383763303600-7346417720535-c8977b2d870e66a58192db1f0484baaa",
                "thumb_800_w": 800,
                "thumb_800_h": 1067,
                "thumb_960": "https:\/\/files.slack.com\/files-tmb\/T7B710AL9-F01EF8323QU-d8a63fcdd5\/image_from_ios_960.jpg?t=xoxe-249239010689-7383763303600-7346417720535-c8977b2d870e66a58192db1f0484baaa",
                "thumb_960_w": 720,
                "thumb_960_h": 960,
                "thumb_1024": "https:\/\/files.slack.com\/files-tmb\/T7B710AL9-F01EF8323QU-d8a63fcdd5\/image_from_ios_1024.jpg?t=xoxe-249239010689-7383763303600-7346417720535-c8977b2d870e66a58192db1f0484baaa",
                "thumb_1024_w": 768,
                "thumb_1024_h": 1024,
                "original_w": 3024,
                "original_h": 4032,
                "thumb_tiny": "AwAwACR+pEhI8Ejk1n72\/vH860dT\/wBVH\/vVnbeewHuaaVwE3v8A3m\/Oje\/95vzp4TgbCGJ\/Sni3k25IFN2QJNkO9\/7zfnRvf+83505k5puw0+UVzXuoWnRQpAIOeaq\/2dJ\/eT9avoCEwx\/EU4fWoTGUEsZU6OlSi3m\/vJj8at0UbjTsUGs5iT80Z9Mik+xy\/wB6L\/vmr9FPmYrIjlk8qMuRkD0NQLfqWUBDycdammLeUdn3vpmq6tPvA8s4z1KipAlllBfaHKlSQcd6Fk2R7mYtk8Z7U5zJuOOnakPneWBn5snNPpYBfOFHmiq7C6zwWx9RSYvPVvzFTqB\/\/9k=",
                "permalink": "https:\/\/swarthmoreultimate.slack.com\/files\/UN35A0Q7L\/F01EF8323QU\/image_from_ios.jpg",
                "permalink_public": "https:\/\/slack-files.com\/T7B710AL9-F01EF8323QU-dc69b6fab5",
                "is_starred": false,
                "has_rich_preview": false,
                "file_access": "visible"
            }
        ],
        "upload": true,
        "user": "UN35A0Q7L",
        "display_as_bot": false,
        "blocks": [
            {
                "type": "rich_text",
                "block_id": "gOK",
                "elements": [
                    {
                        "type": "rich_text_section",
                        "elements": [
                            {
                                "type": "text",
                                "text": "Zoom asked me an interesting question"
                            }
                        ]
                    }
                ]
            }
        ],
        "type": "message",
        "ts": "1604801400.000400",
        "client_msg_id": "031BF91D-6F21-4C64-8F14-3B3561AF0E14",
        "reactions": [
            {
                "name": "happyjon",
                "users": [
                    "UCU27FNLT",
                    "UCKMFGMMW",
                    "U7DL9CX6W",
                    "UCMEELYF9",
                    "U7FM9RC5B",
                    "UQCAL163W",
                    "U7G3ERU5V",
                    "UMZBG9WSW",
                    "U7FMYUQMD",
                    "UCLD8BFM0"
                ],
                "count": 10
            },
            {
                "name": "god",
                "users": [
                    "U7DL9CX6W",
                    "UCMEELYF9",
                    "U7FM9RC5B",
                    "UNC4W0F96",
                    "U7D0YG3J4",
                    "UQCAL163W",
                    "U7C7WMV52"
                ],
                "count": 7
            }
        ]
    }
]