[
    {
        "text": "This appears to be a real stop sign someone just left out for people to take?",
        "files": [
            {
                "id": "F029L1LAHV4",
                "created": 1627705094,
                "timestamp": 1627705094,
                "name": "PXL_20210731_041613377.jpg",
                "title": "PXL_20210731_041613377.jpg",
                "mimetype": "image\/jpeg",
                "filetype": "jpg",
                "pretty_type": "JPEG",
                "user": "UNC4W0F96",
                "user_team": "T7B710AL9",
                "editable": false,
                "size": 1028597,
                "mode": "hosted",
                "is_external": false,
                "external_type": "",
                "is_public": true,
                "public_url_shared": false,
                "display_as_bot": false,
                "username": "",
                "url_private": "https:\/\/files.slack.com\/files-pri\/T7B710AL9-F029L1LAHV4\/pxl_20210731_041613377.jpg?t=xoxe-249239010689-7383763303600-7346417720535-c8977b2d870e66a58192db1f0484baaa",
                "url_private_download": "https:\/\/files.slack.com\/files-pri\/T7B710AL9-F029L1LAHV4\/download\/pxl_20210731_041613377.jpg?t=xoxe-249239010689-7383763303600-7346417720535-c8977b2d870e66a58192db1f0484baaa",
                "media_display_type": "unknown",
                "thumb_64": "https:\/\/files.slack.com\/files-tmb\/T7B710AL9-F029L1LAHV4-9d46c75b26\/pxl_20210731_041613377_64.jpg?t=xoxe-249239010689-7383763303600-7346417720535-c8977b2d870e66a58192db1f0484baaa",
                "thumb_80": "https:\/\/files.slack.com\/files-tmb\/T7B710AL9-F029L1LAHV4-9d46c75b26\/pxl_20210731_041613377_80.jpg?t=xoxe-249239010689-7383763303600-7346417720535-c8977b2d870e66a58192db1f0484baaa",
                "thumb_360": "https:\/\/files.slack.com\/files-tmb\/T7B710AL9-F029L1LAHV4-9d46c75b26\/pxl_20210731_041613377_360.jpg?t=xoxe-249239010689-7383763303600-7346417720535-c8977b2d870e66a58192db1f0484baaa",
                "thumb_360_w": 270,
                "thumb_360_h": 360,
                "thumb_480": "https:\/\/files.slack.com\/files-tmb\/T7B710AL9-F029L1LAHV4-9d46c75b26\/pxl_20210731_041613377_480.jpg?t=xoxe-249239010689-7383763303600-7346417720535-c8977b2d870e66a58192db1f0484baaa",
                "thumb_480_w": 360,
                "thumb_480_h": 480,
                "thumb_160": "https:\/\/files.slack.com\/files-tmb\/T7B710AL9-F029L1LAHV4-9d46c75b26\/pxl_20210731_041613377_160.jpg?t=xoxe-249239010689-7383763303600-7346417720535-c8977b2d870e66a58192db1f0484baaa",
                "thumb_720": "https:\/\/files.slack.com\/files-tmb\/T7B710AL9-F029L1LAHV4-9d46c75b26\/pxl_20210731_041613377_720.jpg?t=xoxe-249239010689-7383763303600-7346417720535-c8977b2d870e66a58192db1f0484baaa",
                "thumb_720_w": 540,
                "thumb_720_h": 720,
                "thumb_800": "https:\/\/files.slack.com\/files-tmb\/T7B710AL9-F029L1LAHV4-9d46c75b26\/pxl_20210731_041613377_800.jpg?t=xoxe-249239010689-7383763303600-7346417720535-c8977b2d870e66a58192db1f0484baaa",
                "thumb_800_w": 800,
                "thumb_800_h": 1067,
                "thumb_960": "https:\/\/files.slack.com\/files-tmb\/T7B710AL9-F029L1LAHV4-9d46c75b26\/pxl_20210731_041613377_960.jpg?t=xoxe-249239010689-7383763303600-7346417720535-c8977b2d870e66a58192db1f0484baaa",
                "thumb_960_w": 720,
                "thumb_960_h": 960,
                "thumb_1024": "https:\/\/files.slack.com\/files-tmb\/T7B710AL9-F029L1LAHV4-9d46c75b26\/pxl_20210731_041613377_1024.jpg?t=xoxe-249239010689-7383763303600-7346417720535-c8977b2d870e66a58192db1f0484baaa",
                "thumb_1024_w": 768,
                "thumb_1024_h": 1024,
                "original_w": 3024,
                "original_h": 4032,
                "thumb_tiny": "AwAwACSOElU4OChxVgSq4HmAA9jmoMdcEjd1pmAvDk5qWUrjrhHTbg8EdqniEYjAfCseoBqGGUodpYOh7EVOsAdiUkGP7pHNCBoizknCnH1o5\/umrJgDHJZvw4pPsy\/3m\/OlzMLIr9qiKrjJB+7nr3qWomiOcr09M1THF2Dys\/dbp7d6ejn72cEelRkPjDZxSAkN6elJBJl1bgkcgH3zTvP\/ANkfnVPDN0B44o2N6GnZE3HK2VBFKKhgbPy1LTEPzTSAwozRmgBnK8UbjT6KAP\/Z",
                "permalink": "https:\/\/swarthmoreultimate.slack.com\/files\/UNC4W0F96\/F029L1LAHV4\/pxl_20210731_041613377.jpg",
                "permalink_public": "https:\/\/slack-files.com\/T7B710AL9-F029L1LAHV4-337f5fbe41",
                "is_starred": false,
                "has_rich_preview": false,
                "file_access": "visible"
            }
        ],
        "upload": false,
        "user": "UNC4W0F96",
        "display_as_bot": false,
        "blocks": [
            {
                "type": "rich_text",
                "block_id": "CvA+U",
                "elements": [
                    {
                        "type": "rich_text_section",
                        "elements": [
                            {
                                "type": "text",
                                "text": "This appears to be a real stop sign someone just left out for people to take?"
                            }
                        ]
                    }
                ]
            }
        ],
        "type": "message",
        "ts": "1627705147.000800",
        "client_msg_id": "2d2c7fa8-7bab-4c24-b57c-7edd961f797a",
        "thread_ts": "1627705147.000800",
        "reply_count": 1,
        "reply_users_count": 1,
        "latest_reply": "1627755036.000200",
        "reply_users": [
            "UN35A0Q7L"
        ],
        "replies": [
            {
                "user": "UN35A0Q7L",
                "ts": "1627755036.000200"
            }
        ],
        "is_locked": false,
        "subscribed": false
    }
]