[
    {
        "user": "U01AGFZUUSW",
        "type": "message",
        "ts": "1638119924.000100",
        "text": "<https:\/\/tomrocksmaths.com\/2020\/06\/30\/tom-crawford-the-oxford-professor-who-teaches-math-in-his-underpants\/>",
        "team": "T7B710AL9",
        "user_team": "T7B710AL9",
        "source_team": "T7B710AL9",
        "user_profile": {
            "avatar_hash": "2eda97f50b89",
            "image_72": "https:\/\/avatars.slack-edge.com\/2023-03-12\/4936609160771_2eda97f50b89e827f6da_72.png",
            "first_name": "",
            "real_name": "Kai Williams",
            "display_name": "Kai Williams",
            "team": "T7B710AL9",
            "name": "kwillia2",
            "is_restricted": false,
            "is_ultra_restricted": false
        },
        "attachments": [
            {
                "from_url": "https:\/\/tomrocksmaths.com\/2020\/06\/30\/tom-crawford-the-oxford-professor-who-teaches-math-in-his-underpants\/",
                "service_name": "TOM ROCKS MATHS",
                "service_url": "http:\/\/tomrocksmaths.com",
                "title": "Tom Crawford, the Oxford professor who teaches math in his underpants",
                "title_link": "https:\/\/tomrocksmaths.com\/2020\/06\/30\/tom-crawford-the-oxford-professor-who-teaches-math-in-his-underpants\/",
                "author_name": "tomrocksmaths",
                "author_link": "https:\/\/tomrocksmaths.com\/author\/tomrocksmaths\/",
                "text": "The teacher has his own YouTube channel, Tom Rock Maths, where he tries to remove the fear of this subject. This young Briton bases his teachings on making students understand the concepts, not memorize them.",
                "fallback": "TOM ROCKS MATHS Link: Tom Crawford, the Oxford professor who teaches math in his&nbsp;underpants",
                "thumb_url": "https:\/\/tomrocksmaths.files.wordpress.com\/2020\/06\/es4.mp4.00_11_20_19.still004.jpg?w=1200&fit=200%2C150",
                "thumb_width": 200,
                "thumb_height": 113,
                "service_icon": "https:\/\/tomrocksmaths.files.wordpress.com\/2020\/03\/cropped-v3-white.jpg?w=180",
                "id": 1,
                "original_url": "https:\/\/tomrocksmaths.com\/2020\/06\/30\/tom-crawford-the-oxford-professor-who-teaches-math-in-his-underpants\/"
            }
        ],
        "blocks": [
            {
                "type": "rich_text",
                "block_id": "xq29p",
                "elements": [
                    {
                        "type": "rich_text_section",
                        "elements": [
                            {
                                "type": "link",
                                "url": "https:\/\/tomrocksmaths.com\/2020\/06\/30\/tom-crawford-the-oxford-professor-who-teaches-math-in-his-underpants\/"
                            }
                        ]
                    }
                ]
            }
        ],
        "reactions": [
            {
                "name": "mouth-wide-open",
                "users": [
                    "U01ANMM9XRS",
                    "U01AFT4NEPN",
                    "U01A1PNMU6B",
                    "U02D4N75F2Q",
                    "U019UV6JV4P",
                    "UNBLN9SCC"
                ],
                "count": 6
            },
            {
                "name": "coachtom",
                "users": [
                    "UNC4W0F96",
                    "U02D4N75F2Q",
                    "U01ANMM9XRS",
                    "UCVH3M03G",
                    "U019UV6JV4P",
                    "UNBLN9SCC"
                ],
                "count": 6
            }
        ]
    },
    {
        "text": "Saw this while driving back to swat (picture is not mine)",
        "files": [
            {
                "id": "F02NQKNNJG5",
                "created": 1638129848,
                "timestamp": 1638129848,
                "name": "Image from iOS.jpg",
                "title": "Image from iOS",
                "mimetype": "image\/jpeg",
                "filetype": "jpg",
                "pretty_type": "JPEG",
                "user": "U01AFT4NEPN",
                "user_team": "T7B710AL9",
                "editable": false,
                "size": 42199,
                "mode": "hosted",
                "is_external": false,
                "external_type": "",
                "is_public": true,
                "public_url_shared": false,
                "display_as_bot": false,
                "username": "",
                "url_private": "https:\/\/files.slack.com\/files-pri\/T7B710AL9-F02NQKNNJG5\/image_from_ios.jpg?t=xoxe-249239010689-7383763303600-7346417720535-c8977b2d870e66a58192db1f0484baaa",
                "url_private_download": "https:\/\/files.slack.com\/files-pri\/T7B710AL9-F02NQKNNJG5\/download\/image_from_ios.jpg?t=xoxe-249239010689-7383763303600-7346417720535-c8977b2d870e66a58192db1f0484baaa",
                "media_display_type": "unknown",
                "thumb_64": "https:\/\/files.slack.com\/files-tmb\/T7B710AL9-F02NQKNNJG5-4db4fd4ff6\/image_from_ios_64.jpg?t=xoxe-249239010689-7383763303600-7346417720535-c8977b2d870e66a58192db1f0484baaa",
                "thumb_80": "https:\/\/files.slack.com\/files-tmb\/T7B710AL9-F02NQKNNJG5-4db4fd4ff6\/image_from_ios_80.jpg?t=xoxe-249239010689-7383763303600-7346417720535-c8977b2d870e66a58192db1f0484baaa",
                "thumb_360": "https:\/\/files.slack.com\/files-tmb\/T7B710AL9-F02NQKNNJG5-4db4fd4ff6\/image_from_ios_360.jpg?t=xoxe-249239010689-7383763303600-7346417720535-c8977b2d870e66a58192db1f0484baaa",
                "thumb_360_w": 360,
                "thumb_360_h": 203,
                "thumb_480": "https:\/\/files.slack.com\/files-tmb\/T7B710AL9-F02NQKNNJG5-4db4fd4ff6\/image_from_ios_480.jpg?t=xoxe-249239010689-7383763303600-7346417720535-c8977b2d870e66a58192db1f0484baaa",
                "thumb_480_w": 480,
                "thumb_480_h": 270,
                "thumb_160": "https:\/\/files.slack.com\/files-tmb\/T7B710AL9-F02NQKNNJG5-4db4fd4ff6\/image_from_ios_160.jpg?t=xoxe-249239010689-7383763303600-7346417720535-c8977b2d870e66a58192db1f0484baaa",
                "thumb_720": "https:\/\/files.slack.com\/files-tmb\/T7B710AL9-F02NQKNNJG5-4db4fd4ff6\/image_from_ios_720.jpg?t=xoxe-249239010689-7383763303600-7346417720535-c8977b2d870e66a58192db1f0484baaa",
                "thumb_720_w": 720,
                "thumb_720_h": 405,
                "thumb_800": "https:\/\/files.slack.com\/files-tmb\/T7B710AL9-F02NQKNNJG5-4db4fd4ff6\/image_from_ios_800.jpg?t=xoxe-249239010689-7383763303600-7346417720535-c8977b2d870e66a58192db1f0484baaa",
                "thumb_800_w": 800,
                "thumb_800_h": 450,
                "thumb_960": "https:\/\/files.slack.com\/files-tmb\/T7B710AL9-F02NQKNNJG5-4db4fd4ff6\/image_from_ios_960.jpg?t=xoxe-249239010689-7383763303600-7346417720535-c8977b2d870e66a58192db1f0484baaa",
                "thumb_960_w": 960,
                "thumb_960_h": 540,
                "thumb_1024": "https:\/\/files.slack.com\/files-tmb\/T7B710AL9-F02NQKNNJG5-4db4fd4ff6\/image_from_ios_1024.jpg?t=xoxe-249239010689-7383763303600-7346417720535-c8977b2d870e66a58192db1f0484baaa",
                "thumb_1024_w": 1024,
                "thumb_1024_h": 576,
                "original_w": 1200,
                "original_h": 675,
                "thumb_tiny": "AwAbADCcW4IHz\/pR9mH98\/lUrKCORk4pu3H\/ACzP507isM+zj+\/+lAtwejn8qeQANojOPrShFxnbj8aLgQpEjgkOeOvHSmYi\/vt+VSznYwdR8x6+hqIyKE6dB09KVx2Gebcf3wPbFMNzcjuT+FOop2Fcb9puc9\/yFC3VwwyvP4CnVHb\/AOq\/Giw7g7zSYLA8dOKXL4xtbHfODxT6KLBc\/9k=",
                "permalink": "https:\/\/swarthmoreultimate.slack.com\/files\/U01AFT4NEPN\/F02NQKNNJG5\/image_from_ios.jpg",
                "permalink_public": "https:\/\/slack-files.com\/T7B710AL9-F02NQKNNJG5-7a8339ae5c",
                "is_starred": false,
                "has_rich_preview": false,
                "file_access": "visible"
            }
        ],
        "upload": false,
        "user": "U01AFT4NEPN",
        "display_as_bot": false,
        "blocks": [
            {
                "type": "rich_text",
                "block_id": "6xA",
                "elements": [
                    {
                        "type": "rich_text_section",
                        "elements": [
                            {
                                "type": "text",
                                "text": "Saw this while driving back to swat (picture is not mine)"
                            }
                        ]
                    }
                ]
            }
        ],
        "type": "message",
        "ts": "1638129923.002500",
        "client_msg_id": "D7786C1F-345B-4347-AADB-AC6363432B7D",
        "reactions": [
            {
                "name": "ughevelien",
                "users": [
                    "UNC4W0F96",
                    "U02D4N75F2Q",
                    "U019UV6JV4P",
                    "U01ANMM9XRS",
                    "UNBLN9SCC",
                    "U01A1PNMU6B",
                    "UQCAL163W",
                    "U01CJKEKUSF"
                ],
                "count": 8
            }
        ]
    }
]