[
    {
        "text": "",
        "files": [
            {
                "id": "F02F05H1UQ0",
                "created": 1631574634,
                "timestamp": 1631574634,
                "name": "Image from iOS.png",
                "title": "Image from iOS",
                "mimetype": "image\/png",
                "filetype": "png",
                "pretty_type": "PNG",
                "user": "U02D4N75F2Q",
                "user_team": "T7B710AL9",
                "editable": false,
                "size": 376882,
                "mode": "hosted",
                "is_external": false,
                "external_type": "",
                "is_public": true,
                "public_url_shared": false,
                "display_as_bot": false,
                "username": "",
                "url_private": "https:\/\/files.slack.com\/files-pri\/T7B710AL9-F02F05H1UQ0\/image_from_ios.png?t=xoxe-249239010689-7383763303600-7346417720535-c8977b2d870e66a58192db1f0484baaa",
                "url_private_download": "https:\/\/files.slack.com\/files-pri\/T7B710AL9-F02F05H1UQ0\/download\/image_from_ios.png?t=xoxe-249239010689-7383763303600-7346417720535-c8977b2d870e66a58192db1f0484baaa",
                "media_display_type": "unknown",
                "thumb_64": "https:\/\/files.slack.com\/files-tmb\/T7B710AL9-F02F05H1UQ0-4b1e44938e\/image_from_ios_64.png?t=xoxe-249239010689-7383763303600-7346417720535-c8977b2d870e66a58192db1f0484baaa",
                "thumb_80": "https:\/\/files.slack.com\/files-tmb\/T7B710AL9-F02F05H1UQ0-4b1e44938e\/image_from_ios_80.png?t=xoxe-249239010689-7383763303600-7346417720535-c8977b2d870e66a58192db1f0484baaa",
                "thumb_360": "https:\/\/files.slack.com\/files-tmb\/T7B710AL9-F02F05H1UQ0-4b1e44938e\/image_from_ios_360.png?t=xoxe-249239010689-7383763303600-7346417720535-c8977b2d870e66a58192db1f0484baaa",
                "thumb_360_w": 166,
                "thumb_360_h": 360,
                "thumb_480": "https:\/\/files.slack.com\/files-tmb\/T7B710AL9-F02F05H1UQ0-4b1e44938e\/image_from_ios_480.png?t=xoxe-249239010689-7383763303600-7346417720535-c8977b2d870e66a58192db1f0484baaa",
                "thumb_480_w": 222,
                "thumb_480_h": 480,
                "thumb_160": "https:\/\/files.slack.com\/files-tmb\/T7B710AL9-F02F05H1UQ0-4b1e44938e\/image_from_ios_160.png?t=xoxe-249239010689-7383763303600-7346417720535-c8977b2d870e66a58192db1f0484baaa",
                "thumb_720": "https:\/\/files.slack.com\/files-tmb\/T7B710AL9-F02F05H1UQ0-4b1e44938e\/image_from_ios_720.png?t=xoxe-249239010689-7383763303600-7346417720535-c8977b2d870e66a58192db1f0484baaa",
                "thumb_720_w": 333,
                "thumb_720_h": 720,
                "thumb_800": "https:\/\/files.slack.com\/files-tmb\/T7B710AL9-F02F05H1UQ0-4b1e44938e\/image_from_ios_800.png?t=xoxe-249239010689-7383763303600-7346417720535-c8977b2d870e66a58192db1f0484baaa",
                "thumb_800_w": 800,
                "thumb_800_h": 1731,
                "thumb_960": "https:\/\/files.slack.com\/files-tmb\/T7B710AL9-F02F05H1UQ0-4b1e44938e\/image_from_ios_960.png?t=xoxe-249239010689-7383763303600-7346417720535-c8977b2d870e66a58192db1f0484baaa",
                "thumb_960_w": 444,
                "thumb_960_h": 960,
                "thumb_1024": "https:\/\/files.slack.com\/files-tmb\/T7B710AL9-F02F05H1UQ0-4b1e44938e\/image_from_ios_1024.png?t=xoxe-249239010689-7383763303600-7346417720535-c8977b2d870e66a58192db1f0484baaa",
                "thumb_1024_w": 473,
                "thumb_1024_h": 1024,
                "image_exif_rotation": 1,
                "original_w": 828,
                "original_h": 1792,
                "thumb_tiny": "AwAwABbSyM96X6VGOCcljzTtw96AFxzmlpAc0tADMHPajn0WjuelH\/fNADhS0i\/h+FLQBHlc96UAHsaXBycnikBGR8w\/SgB4FFFFAH\/\/2Q==",
                "permalink": "https:\/\/swarthmoreultimate.slack.com\/files\/U02D4N75F2Q\/F02F05H1UQ0\/image_from_ios.png",
                "permalink_public": "https:\/\/slack-files.com\/T7B710AL9-F02F05H1UQ0-f50934861c",
                "is_starred": false,
                "has_rich_preview": false,
                "file_access": "visible"
            }
        ],
        "upload": false,
        "user": "U02D4N75F2Q",
        "display_as_bot": false,
        "blocks": [
            {
                "type": "rich_text",
                "block_id": "fmsU",
                "elements": []
            }
        ],
        "type": "message",
        "ts": "1631574637.000400",
        "client_msg_id": "3A4848E3-21EC-4591-8A24-2EA947DE8F17",
        "thread_ts": "1631574637.000400",
        "reply_count": 1,
        "reply_users_count": 1,
        "latest_reply": "1631575569.002000",
        "reply_users": [
            "UN35A0Q7L"
        ],
        "replies": [
            {
                "user": "UN35A0Q7L",
                "ts": "1631575569.002000"
            }
        ],
        "is_locked": false,
        "subscribed": false,
        "reactions": [
            {
                "name": "swab",
                "users": [
                    "UN35A0Q7L",
                    "UD7R9NDNK",
                    "UCKMFGMMW",
                    "U01A1PNMU6B",
                    "UNC4W0F96",
                    "U01ANMM9XRS",
                    "U019UV6JV4P",
                    "UCU52BKEE",
                    "UQCAL163W",
                    "UCU27FNLT",
                    "U01AFT4NEPN"
                ],
                "count": 11
            },
            {
                "name": "whip",
                "users": [
                    "UNC4W0F96",
                    "U01ANMM9XRS",
                    "UCU52BKEE"
                ],
                "count": 3
            },
            {
                "name": "googleshets",
                "users": [
                    "UD7R9NDNK",
                    "U01ANMM9XRS",
                    "UCU52BKEE",
                    "UCTUCD1C4"
                ],
                "count": 4
            },
            {
                "name": "concussions-are-cool",
                "users": [
                    "UCKMFGMMW",
                    "U01ANMM9XRS",
                    "UD7R9NDNK",
                    "UCU27FNLT",
                    "UNC4W0F96",
                    "UCU52BKEE",
                    "UQCAL163W",
                    "U01AFT4NEPN",
                    "U01CJKEKUSF"
                ],
                "count": 9
            }
        ]
    },
    {
        "user": "UN35A0Q7L",
        "type": "message",
        "ts": "1631575569.002000",
        "client_msg_id": "3FFB44BE-FEB5-40AE-994A-17C90D32D8AF",
        "text": "Do you think Ben shalk typed this with a straight face?",
        "team": "T7B710AL9",
        "user_team": "T7B710AL9",
        "source_team": "T7B710AL9",
        "user_profile": {
            "avatar_hash": "2186e77394a8",
            "image_72": "https:\/\/avatars.slack-edge.com\/2023-03-20\/4966805674135_2186e77394a8fa1d03c6_72.png",
            "first_name": "Jonathan",
            "real_name": "Jonathan Lehr",
            "display_name": "Lord Jonnis",
            "team": "T7B710AL9",
            "name": "jlehr1",
            "is_restricted": false,
            "is_ultra_restricted": false
        },
        "thread_ts": "1631574637.000400",
        "parent_user_id": "U02D4N75F2Q",
        "blocks": [
            {
                "type": "rich_text",
                "block_id": "Tbae",
                "elements": [
                    {
                        "type": "rich_text_section",
                        "elements": [
                            {
                                "type": "text",
                                "text": "Do you think Ben shalk typed this with a straight face?"
                            }
                        ]
                    }
                ]
            }
        ]
    },
    {
        "text": "Had a minor mental breakdown when I walked into the bathroom just and saw this. Pray for me",
        "files": [
            {
                "id": "F02E7JTBYLV",
                "created": 1631577247,
                "timestamp": 1631577247,
                "name": "Image from iOS.jpg",
                "title": "Image from iOS",
                "mimetype": "image\/jpeg",
                "filetype": "jpg",
                "pretty_type": "JPEG",
                "user": "U02D4N75F2Q",
                "user_team": "T7B710AL9",
                "editable": false,
                "size": 427591,
                "mode": "hosted",
                "is_external": false,
                "external_type": "",
                "is_public": true,
                "public_url_shared": false,
                "display_as_bot": false,
                "username": "",
                "url_private": "https:\/\/files.slack.com\/files-pri\/T7B710AL9-F02E7JTBYLV\/image_from_ios.jpg?t=xoxe-249239010689-7383763303600-7346417720535-c8977b2d870e66a58192db1f0484baaa",
                "url_private_download": "https:\/\/files.slack.com\/files-pri\/T7B710AL9-F02E7JTBYLV\/download\/image_from_ios.jpg?t=xoxe-249239010689-7383763303600-7346417720535-c8977b2d870e66a58192db1f0484baaa",
                "media_display_type": "unknown",
                "thumb_64": "https:\/\/files.slack.com\/files-tmb\/T7B710AL9-F02E7JTBYLV-44f579e71e\/image_from_ios_64.jpg?t=xoxe-249239010689-7383763303600-7346417720535-c8977b2d870e66a58192db1f0484baaa",
                "thumb_80": "https:\/\/files.slack.com\/files-tmb\/T7B710AL9-F02E7JTBYLV-44f579e71e\/image_from_ios_80.jpg?t=xoxe-249239010689-7383763303600-7346417720535-c8977b2d870e66a58192db1f0484baaa",
                "thumb_360": "https:\/\/files.slack.com\/files-tmb\/T7B710AL9-F02E7JTBYLV-44f579e71e\/image_from_ios_360.jpg?t=xoxe-249239010689-7383763303600-7346417720535-c8977b2d870e66a58192db1f0484baaa",
                "thumb_360_w": 270,
                "thumb_360_h": 360,
                "thumb_480": "https:\/\/files.slack.com\/files-tmb\/T7B710AL9-F02E7JTBYLV-44f579e71e\/image_from_ios_480.jpg?t=xoxe-249239010689-7383763303600-7346417720535-c8977b2d870e66a58192db1f0484baaa",
                "thumb_480_w": 360,
                "thumb_480_h": 480,
                "thumb_160": "https:\/\/files.slack.com\/files-tmb\/T7B710AL9-F02E7JTBYLV-44f579e71e\/image_from_ios_160.jpg?t=xoxe-249239010689-7383763303600-7346417720535-c8977b2d870e66a58192db1f0484baaa",
                "thumb_720": "https:\/\/files.slack.com\/files-tmb\/T7B710AL9-F02E7JTBYLV-44f579e71e\/image_from_ios_720.jpg?t=xoxe-249239010689-7383763303600-7346417720535-c8977b2d870e66a58192db1f0484baaa",
                "thumb_720_w": 540,
                "thumb_720_h": 720,
                "thumb_800": "https:\/\/files.slack.com\/files-tmb\/T7B710AL9-F02E7JTBYLV-44f579e71e\/image_from_ios_800.jpg?t=xoxe-249239010689-7383763303600-7346417720535-c8977b2d870e66a58192db1f0484baaa",
                "thumb_800_w": 800,
                "thumb_800_h": 1067,
                "thumb_960": "https:\/\/files.slack.com\/files-tmb\/T7B710AL9-F02E7JTBYLV-44f579e71e\/image_from_ios_960.jpg?t=xoxe-249239010689-7383763303600-7346417720535-c8977b2d870e66a58192db1f0484baaa",
                "thumb_960_w": 720,
                "thumb_960_h": 960,
                "thumb_1024": "https:\/\/files.slack.com\/files-tmb\/T7B710AL9-F02E7JTBYLV-44f579e71e\/image_from_ios_1024.jpg?t=xoxe-249239010689-7383763303600-7346417720535-c8977b2d870e66a58192db1f0484baaa",
                "thumb_1024_w": 768,
                "thumb_1024_h": 1024,
                "original_w": 3024,
                "original_h": 4032,
                "thumb_tiny": "AwAwACRcUYqKadonxsBB6HNR\/bD\/AHB+dIZYNJTIpTIT8uAKeaACikzRmgB8kayrhqi+yRju1TspBo2mi4D7eGNUOTTpEjVOuT7VFtbsaZ82TntTuINpPRSRRsb+6aUtk0m6gCbcG69etOUVDGOKmBqRj8ACqc\/yy\/UVazVa6+8p9qYE8JjMQ3bc+9P\/AHX+x+lZxNGaYj\/\/2Q==",
                "permalink": "https:\/\/swarthmoreultimate.slack.com\/files\/U02D4N75F2Q\/F02E7JTBYLV\/image_from_ios.jpg",
                "permalink_public": "https:\/\/slack-files.com\/T7B710AL9-F02E7JTBYLV-42a303cdab",
                "is_starred": false,
                "has_rich_preview": false,
                "file_access": "visible"
            }
        ],
        "upload": false,
        "user": "U02D4N75F2Q",
        "display_as_bot": false,
        "blocks": [
            {
                "type": "rich_text",
                "block_id": "5\/V5Y",
                "elements": [
                    {
                        "type": "rich_text_section",
                        "elements": [
                            {
                                "type": "text",
                                "text": "Had a minor mental breakdown when I walked into the bathroom just and saw this. Pray for me"
                            }
                        ]
                    }
                ]
            }
        ],
        "type": "message",
        "ts": "1631577252.004700",
        "client_msg_id": "A0BD00C7-F94A-43C4-9F77-961524A1AB37",
        "reactions": [
            {
                "name": "oh_no_rye",
                "users": [
                    "UNC4W0F96",
                    "UD7R9NDNK",
                    "UCKMFGMMW",
                    "U019UV6JV4P",
                    "U01ANMM9XRS"
                ],
                "count": 5
            }
        ]
    }
]