[
    {
        "user": "U7B71J63B",
        "type": "message",
        "ts": "1638928039.000800",
        "client_msg_id": "5dd131e0-5279-4814-9f64-e94e21e8df69",
        "text": "hello young people!\nas an alum, swat often emails me asking for money, most recently for purchasing of textbooks. however, through the magic of the internet, it is often possible to find textbooks for free online. the email i received quoted an astrophysics major, so here is what i believe is the ASTR 016 textbook: <http:\/\/libgen.rs\/book\/index.php?md5=5AECFF0D5F61A3804CCAD9183AF94EF8> many others can be found e.g. by a search on <http:\/\/gen.lib.rus.ec|gen.lib.rus.ec>",
        "team": "T7B710AL9",
        "user_team": "T7B710AL9",
        "source_team": "T7B710AL9",
        "user_profile": {
            "avatar_hash": "gb5bbadd9baf",
            "image_72": "https:\/\/secure.gravatar.com\/avatar\/7b5bbadd9baf9c6b33a053e9687ce97e.jpg?s=72&d=https%3A%2F%2Fa.slack-edge.com%2Fdf10d%2Fimg%2Favatars%2Fava_0002-72.png",
            "first_name": "Shantanu",
            "real_name": "Shantanu",
            "display_name": "",
            "team": "T7B710AL9",
            "name": "hauntsaninja",
            "is_restricted": false,
            "is_ultra_restricted": false
        },
        "attachments": [
            {
                "from_url": "http:\/\/libgen.rs\/book\/index.php?md5=5AECFF0D5F61A3804CCAD9183AF94EF8",
                "service_icon": "http:\/\/libgen.rs\/favicon.ico",
                "id": 1,
                "original_url": "http:\/\/libgen.rs\/book\/index.php?md5=5AECFF0D5F61A3804CCAD9183AF94EF8",
                "fallback": "Library Genesis: Barbara Ryden, Bradley Peterson - Foundations of Astrophysics",
                "text": "Library Genesis is a scientific community targeting collection of books on natural science disciplines and engineering.",
                "title": "Library Genesis: Barbara Ryden, Bradley Peterson - Foundations of Astrophysics",
                "title_link": "http:\/\/libgen.rs\/book\/index.php?md5=5AECFF0D5F61A3804CCAD9183AF94EF8",
                "service_name": "libgen.rs"
            }
        ],
        "blocks": [
            {
                "type": "rich_text",
                "block_id": "6hi+4",
                "elements": [
                    {
                        "type": "rich_text_section",
                        "elements": [
                            {
                                "type": "text",
                                "text": "hello young people!\nas an alum, swat often emails me asking for money, most recently for purchasing of textbooks. however, through the magic of the internet, it is often possible to find textbooks for free online. the email i received quoted an astrophysics major, so here is what i believe is the ASTR 016 textbook: "
                            },
                            {
                                "type": "link",
                                "url": "http:\/\/libgen.rs\/book\/index.php?md5=5AECFF0D5F61A3804CCAD9183AF94EF8"
                            },
                            {
                                "type": "text",
                                "text": " many others can be found e.g. by a search on "
                            },
                            {
                                "type": "link",
                                "url": "http:\/\/gen.lib.rus.ec",
                                "text": "gen.lib.rus.ec"
                            }
                        ]
                    }
                ]
            }
        ],
        "reactions": [
            {
                "name": "alphabet-white-l",
                "users": [
                    "UNC4W0F96",
                    "U01ANMM9XRS",
                    "U01AGFZUUSW"
                ],
                "count": 3
            },
            {
                "name": "alphabet-white-i",
                "users": [
                    "UNC4W0F96",
                    "U01ANMM9XRS",
                    "U01AGFZUUSW"
                ],
                "count": 3
            },
            {
                "name": "alphabet-white-b",
                "users": [
                    "UNC4W0F96",
                    "U01ANMM9XRS",
                    "U01AGFZUUSW"
                ],
                "count": 3
            },
            {
                "name": "alphabet-white-r",
                "users": [
                    "UNC4W0F96",
                    "U01ANMM9XRS",
                    "U01AGFZUUSW"
                ],
                "count": 3
            },
            {
                "name": "alphabet-white-a",
                "users": [
                    "UNC4W0F96",
                    "U01ANMM9XRS",
                    "U01AGFZUUSW"
                ],
                "count": 3
            },
            {
                "name": "alphabet-yellow-r",
                "users": [
                    "UNC4W0F96",
                    "U01ANMM9XRS",
                    "U01AGFZUUSW"
                ],
                "count": 3
            },
            {
                "name": "alphabet-white-y",
                "users": [
                    "UNC4W0F96",
                    "U01ANMM9XRS",
                    "U01AGFZUUSW"
                ],
                "count": 3
            },
            {
                "name": "alphabet-white-g",
                "users": [
                    "UNC4W0F96",
                    "U01ANMM9XRS",
                    "U01AGFZUUSW"
                ],
                "count": 3
            },
            {
                "name": "alphabet-white-e",
                "users": [
                    "UNC4W0F96",
                    "U01ANMM9XRS",
                    "U01AGFZUUSW"
                ],
                "count": 3
            },
            {
                "name": "alphabet-white-n",
                "users": [
                    "UNC4W0F96",
                    "U01ANMM9XRS",
                    "U01AGFZUUSW"
                ],
                "count": 3
            },
            {
                "name": "alphabet-yellow-e",
                "users": [
                    "UNC4W0F96",
                    "U01ANMM9XRS",
                    "U01AGFZUUSW"
                ],
                "count": 3
            },
            {
                "name": "alphabet-white-s",
                "users": [
                    "UNC4W0F96",
                    "U01ANMM9XRS",
                    "U01AGFZUUSW"
                ],
                "count": 3
            },
            {
                "name": "alphabet-yellow-i",
                "users": [
                    "UNC4W0F96",
                    "U01ANMM9XRS",
                    "U01AGFZUUSW"
                ],
                "count": 3
            },
            {
                "name": "alphabet-yellow-s",
                "users": [
                    "UNC4W0F96",
                    "U01ANMM9XRS",
                    "U01AGFZUUSW"
                ],
                "count": 3
            },
            {
                "name": "star",
                "users": [
                    "U8CM2ST63"
                ],
                "count": 1
            },
            {
                "name": "older_man",
                "users": [
                    "U8CM2ST63"
                ],
                "count": 1
            }
        ]
    },
    {
        "subtype": "slackbot_response",
        "user": "USLACKBOT",
        "type": "message",
        "ts": "1638928040.001000",
        "text": "The FORMALEST OF EMAILS!!",
        "blocks": [
            {
                "type": "rich_text",
                "block_id": "Vru",
                "elements": [
                    {
                        "type": "rich_text_section",
                        "elements": [
                            {
                                "type": "text",
                                "text": "The FORMALEST OF EMAILS!!"
                            }
                        ]
                    }
                ]
            }
        ]
    }
]