[
    {
        "user": "UD7R9NDNK",
        "type": "message",
        "ts": "1620526396.000100",
        "client_msg_id": "0e5de42d-7e8f-45ee-aa1e-f79def16f66e",
        "text": "Patrick Wheeler reading a calc textbook (?) in front of the bathroom sink",
        "team": "T7B710AL9",
        "user_team": "T7B710AL9",
        "source_team": "T7B710AL9",
        "user_profile": {
            "avatar_hash": "56390e1b7bba",
            "image_72": "https:\/\/avatars.slack-edge.com\/2022-03-16\/3244528122342_56390e1b7bba6e52fe73_72.png",
            "first_name": "Otis",
            "real_name": "Otis Peterson",
            "display_name": "Otis",
            "team": "T7B710AL9",
            "name": "opeters1",
            "is_restricted": false,
            "is_ultra_restricted": false
        },
        "blocks": [
            {
                "type": "rich_text",
                "block_id": "FVxg",
                "elements": [
                    {
                        "type": "rich_text_section",
                        "elements": [
                            {
                                "type": "text",
                                "text": "Patrick Wheeler reading a calc textbook (?) in front of the bathroom sink"
                            }
                        ]
                    }
                ]
            }
        ],
        "reactions": [
            {
                "name": "coolguy",
                "users": [
                    "UCP04JZ9B",
                    "UNC4W0F96",
                    "UCLD8BFM0",
                    "UCKMFGMMW",
                    "U7G3ERU5V",
                    "U7D11040G"
                ],
                "count": 6
            }
        ]
    }
]