[
    {
        "text": "",
        "files": [
            {
                "id": "F02JNATP1E1",
                "created": 1634913489,
                "timestamp": 1634913489,
                "name": "Image from iOS.jpg",
                "title": "Image from iOS",
                "mimetype": "image\/jpeg",
                "filetype": "jpg",
                "pretty_type": "JPEG",
                "user": "U01A1PNMU6B",
                "user_team": "T7B710AL9",
                "editable": false,
                "size": 101091,
                "mode": "hosted",
                "is_external": false,
                "external_type": "",
                "is_public": true,
                "public_url_shared": false,
                "display_as_bot": false,
                "username": "",
                "url_private": "https:\/\/files.slack.com\/files-pri\/T7B710AL9-F02JNATP1E1\/image_from_ios.jpg?t=xoxe-249239010689-7383763303600-7346417720535-c8977b2d870e66a58192db1f0484baaa",
                "url_private_download": "https:\/\/files.slack.com\/files-pri\/T7B710AL9-F02JNATP1E1\/download\/image_from_ios.jpg?t=xoxe-249239010689-7383763303600-7346417720535-c8977b2d870e66a58192db1f0484baaa",
                "media_display_type": "unknown",
                "thumb_64": "https:\/\/files.slack.com\/files-tmb\/T7B710AL9-F02JNATP1E1-7aa69b6f83\/image_from_ios_64.jpg?t=xoxe-249239010689-7383763303600-7346417720535-c8977b2d870e66a58192db1f0484baaa",
                "thumb_80": "https:\/\/files.slack.com\/files-tmb\/T7B710AL9-F02JNATP1E1-7aa69b6f83\/image_from_ios_80.jpg?t=xoxe-249239010689-7383763303600-7346417720535-c8977b2d870e66a58192db1f0484baaa",
                "thumb_360": "https:\/\/files.slack.com\/files-tmb\/T7B710AL9-F02JNATP1E1-7aa69b6f83\/image_from_ios_360.jpg?t=xoxe-249239010689-7383763303600-7346417720535-c8977b2d870e66a58192db1f0484baaa",
                "thumb_360_w": 341,
                "thumb_360_h": 360,
                "thumb_480": "https:\/\/files.slack.com\/files-tmb\/T7B710AL9-F02JNATP1E1-7aa69b6f83\/image_from_ios_480.jpg?t=xoxe-249239010689-7383763303600-7346417720535-c8977b2d870e66a58192db1f0484baaa",
                "thumb_480_w": 455,
                "thumb_480_h": 480,
                "thumb_160": "https:\/\/files.slack.com\/files-tmb\/T7B710AL9-F02JNATP1E1-7aa69b6f83\/image_from_ios_160.jpg?t=xoxe-249239010689-7383763303600-7346417720535-c8977b2d870e66a58192db1f0484baaa",
                "thumb_720": "https:\/\/files.slack.com\/files-tmb\/T7B710AL9-F02JNATP1E1-7aa69b6f83\/image_from_ios_720.jpg?t=xoxe-249239010689-7383763303600-7346417720535-c8977b2d870e66a58192db1f0484baaa",
                "thumb_720_w": 683,
                "thumb_720_h": 720,
                "thumb_800": "https:\/\/files.slack.com\/files-tmb\/T7B710AL9-F02JNATP1E1-7aa69b6f83\/image_from_ios_800.jpg?t=xoxe-249239010689-7383763303600-7346417720535-c8977b2d870e66a58192db1f0484baaa",
                "thumb_800_w": 800,
                "thumb_800_h": 844,
                "thumb_960": "https:\/\/files.slack.com\/files-tmb\/T7B710AL9-F02JNATP1E1-7aa69b6f83\/image_from_ios_960.jpg?t=xoxe-249239010689-7383763303600-7346417720535-c8977b2d870e66a58192db1f0484baaa",
                "thumb_960_w": 910,
                "thumb_960_h": 960,
                "thumb_1024": "https:\/\/files.slack.com\/files-tmb\/T7B710AL9-F02JNATP1E1-7aa69b6f83\/image_from_ios_1024.jpg?t=xoxe-249239010689-7383763303600-7346417720535-c8977b2d870e66a58192db1f0484baaa",
                "thumb_1024_w": 971,
                "thumb_1024_h": 1024,
                "original_w": 1170,
                "original_h": 1234,
                "thumb_tiny": "AwAwAC2qc4+UUKMkg5zjihcjocVIpBBLg8cZFaCGFRzjPBxTgBkccHrz0qUICM7iR24oZPVj+VAEBUE57U2pGUj6U3HtTC45Y98bNv8AmH8NIQexIH40ohLozggkdsU0qewz+FSA7LAffIH400k\/3\/50m1vQ0oRv7tMTE5\/v0qnrzS7fVQKkijDZ9qYrjVj3xs4PI7UBcdAD+FPSMEdAamCKB9wflSAg2n+6PypCMdhVsIhH3R+VIyIP4RSGVd3sv5VLE\/BGB+Ap5iU9FFRmLnrTEf\/Z",
                "permalink": "https:\/\/swarthmoreultimate.slack.com\/files\/U01A1PNMU6B\/F02JNATP1E1\/image_from_ios.jpg",
                "permalink_public": "https:\/\/slack-files.com\/T7B710AL9-F02JNATP1E1-c0223f026b",
                "is_starred": false,
                "has_rich_preview": false,
                "file_access": "visible"
            }
        ],
        "upload": false,
        "user": "U01A1PNMU6B",
        "display_as_bot": false,
        "type": "message",
        "ts": "1634913492.000100",
        "client_msg_id": "88CEBDF5-E7D0-4F4A-8BFD-33834D4650ED",
        "thread_ts": "1634913492.000100",
        "reply_count": 4,
        "reply_users_count": 3,
        "latest_reply": "1635031032.004100",
        "reply_users": [
            "UN35A0Q7L",
            "USLACKBOT",
            "U01ANMM9XRS"
        ],
        "replies": [
            {
                "user": "UN35A0Q7L",
                "ts": "1634926733.001100"
            },
            {
                "user": "USLACKBOT",
                "ts": "1634926734.001300"
            },
            {
                "user": "U01ANMM9XRS",
                "ts": "1635031032.003900"
            },
            {
                "user": "USLACKBOT",
                "ts": "1635031032.004100"
            }
        ],
        "is_locked": false,
        "subscribed": false,
        "reactions": [
            {
                "name": "shitmyselfshane",
                "users": [
                    "U01AFT4NEPN",
                    "U01ANMM9XRS",
                    "UNC4W0F96",
                    "U019UV6JV4P",
                    "UCMEELYF9"
                ],
                "count": 5
            }
        ]
    },
    {
        "user": "UN35A0Q7L",
        "type": "message",
        "ts": "1634926733.001100",
        "client_msg_id": "220D5BAB-1837-4FD0-80AD-B7F22CA5C59A",
        "text": "Don’t fill out the form",
        "team": "T7B710AL9",
        "user_team": "T7B710AL9",
        "source_team": "T7B710AL9",
        "user_profile": {
            "avatar_hash": "2186e77394a8",
            "image_72": "https:\/\/avatars.slack-edge.com\/2023-03-20\/4966805674135_2186e77394a8fa1d03c6_72.png",
            "first_name": "Jonathan",
            "real_name": "Jonathan Lehr",
            "display_name": "Lord Jonnis",
            "team": "T7B710AL9",
            "name": "jlehr1",
            "is_restricted": false,
            "is_ultra_restricted": false
        },
        "thread_ts": "1634913492.000100",
        "parent_user_id": "U01A1PNMU6B",
        "blocks": [
            {
                "type": "rich_text",
                "block_id": "TXK",
                "elements": [
                    {
                        "type": "rich_text_section",
                        "elements": [
                            {
                                "type": "text",
                                "text": "Don’t fill out the form"
                            }
                        ]
                    }
                ]
            }
        ],
        "reactions": [
            {
                "name": "-1",
                "users": [
                    "U01ANMM9XRS"
                ],
                "count": 1
            }
        ]
    },
    {
        "subtype": "slackbot_response",
        "user": "USLACKBOT",
        "type": "message",
        "ts": "1634926734.001300",
        "text": "FOYFF",
        "thread_ts": "1634913492.000100",
        "parent_user_id": "U01A1PNMU6B",
        "blocks": [
            {
                "type": "rich_text",
                "block_id": "cx7t",
                "elements": [
                    {
                        "type": "rich_text_section",
                        "elements": [
                            {
                                "type": "text",
                                "text": "FOYFF"
                            }
                        ]
                    }
                ]
            }
        ]
    }
]