[
    {
        "text": "",
        "files": [
            {
                "id": "F02EXPZP16G",
                "created": 1631833602,
                "timestamp": 1631833602,
                "name": "Image from iOS.jpg",
                "title": "Image from iOS",
                "mimetype": "image\/jpeg",
                "filetype": "jpg",
                "pretty_type": "JPEG",
                "user": "UCMEELYF9",
                "user_team": "T7B710AL9",
                "editable": false,
                "size": 42682,
                "mode": "hosted",
                "is_external": false,
                "external_type": "",
                "is_public": true,
                "public_url_shared": false,
                "display_as_bot": false,
                "username": "",
                "url_private": "https:\/\/files.slack.com\/files-pri\/T7B710AL9-F02EXPZP16G\/image_from_ios.jpg?t=xoxe-249239010689-7383763303600-7346417720535-c8977b2d870e66a58192db1f0484baaa",
                "url_private_download": "https:\/\/files.slack.com\/files-pri\/T7B710AL9-F02EXPZP16G\/download\/image_from_ios.jpg?t=xoxe-249239010689-7383763303600-7346417720535-c8977b2d870e66a58192db1f0484baaa",
                "media_display_type": "unknown",
                "thumb_64": "https:\/\/files.slack.com\/files-tmb\/T7B710AL9-F02EXPZP16G-da45e1b512\/image_from_ios_64.jpg?t=xoxe-249239010689-7383763303600-7346417720535-c8977b2d870e66a58192db1f0484baaa",
                "thumb_80": "https:\/\/files.slack.com\/files-tmb\/T7B710AL9-F02EXPZP16G-da45e1b512\/image_from_ios_80.jpg?t=xoxe-249239010689-7383763303600-7346417720535-c8977b2d870e66a58192db1f0484baaa",
                "thumb_360": "https:\/\/files.slack.com\/files-tmb\/T7B710AL9-F02EXPZP16G-da45e1b512\/image_from_ios_360.jpg?t=xoxe-249239010689-7383763303600-7346417720535-c8977b2d870e66a58192db1f0484baaa",
                "thumb_360_w": 166,
                "thumb_360_h": 360,
                "thumb_480": "https:\/\/files.slack.com\/files-tmb\/T7B710AL9-F02EXPZP16G-da45e1b512\/image_from_ios_480.jpg?t=xoxe-249239010689-7383763303600-7346417720535-c8977b2d870e66a58192db1f0484baaa",
                "thumb_480_w": 222,
                "thumb_480_h": 480,
                "thumb_160": "https:\/\/files.slack.com\/files-tmb\/T7B710AL9-F02EXPZP16G-da45e1b512\/image_from_ios_160.jpg?t=xoxe-249239010689-7383763303600-7346417720535-c8977b2d870e66a58192db1f0484baaa",
                "thumb_720": "https:\/\/files.slack.com\/files-tmb\/T7B710AL9-F02EXPZP16G-da45e1b512\/image_from_ios_720.jpg?t=xoxe-249239010689-7383763303600-7346417720535-c8977b2d870e66a58192db1f0484baaa",
                "thumb_720_w": 333,
                "thumb_720_h": 720,
                "thumb_800": "https:\/\/files.slack.com\/files-tmb\/T7B710AL9-F02EXPZP16G-da45e1b512\/image_from_ios_800.jpg?t=xoxe-249239010689-7383763303600-7346417720535-c8977b2d870e66a58192db1f0484baaa",
                "thumb_800_w": 800,
                "thumb_800_h": 1731,
                "thumb_960": "https:\/\/files.slack.com\/files-tmb\/T7B710AL9-F02EXPZP16G-da45e1b512\/image_from_ios_960.jpg?t=xoxe-249239010689-7383763303600-7346417720535-c8977b2d870e66a58192db1f0484baaa",
                "thumb_960_w": 444,
                "thumb_960_h": 960,
                "thumb_1024": "https:\/\/files.slack.com\/files-tmb\/T7B710AL9-F02EXPZP16G-da45e1b512\/image_from_ios_1024.jpg?t=xoxe-249239010689-7383763303600-7346417720535-c8977b2d870e66a58192db1f0484baaa",
                "thumb_1024_w": 473,
                "thumb_1024_h": 1024,
                "original_w": 828,
                "original_h": 1792,
                "thumb_tiny": "AwAwABakZB0\/pSbx70woc9OKXZ70AP3A+v5UZFNAxS0AMLE8FuKTH+1QTz0pQ56AD8qAFX606mgknkU6gBB160tJ5eT3pfLYdmoAKKKKAP\/Z",
                "permalink": "https:\/\/swarthmoreultimate.slack.com\/files\/UCMEELYF9\/F02EXPZP16G\/image_from_ios.jpg",
                "permalink_public": "https:\/\/slack-files.com\/T7B710AL9-F02EXPZP16G-f02ea5ac66",
                "is_starred": false,
                "has_rich_preview": false,
                "file_access": "visible"
            }
        ],
        "upload": true,
        "user": "UCMEELYF9",
        "display_as_bot": false,
        "type": "message",
        "ts": "1631833605.000100",
        "client_msg_id": "7D7CF0C8-17CB-4E24-B8F8-F17EC4D8834E",
        "reactions": [
            {
                "name": "bomb",
                "users": [
                    "UD7R9NDNK",
                    "U019UV6JV4P",
                    "U01AGFZUUSW",
                    "U01ANMM9XRS",
                    "UCU52BKEE",
                    "U01AFT4NEPN"
                ],
                "count": 6
            },
            {
                "name": "red-sus",
                "users": [
                    "U89GWBNNA",
                    "UD7R9NDNK",
                    "U019UV6JV4P",
                    "U01ANMM9XRS",
                    "UCU52BKEE",
                    "U01AFT4NEPN"
                ],
                "count": 6
            },
            {
                "name": "boom",
                "users": [
                    "UNC4W0F96",
                    "U019UV6JV4P",
                    "U01ANMM9XRS",
                    "UCU52BKEE",
                    "U01AFT4NEPN"
                ],
                "count": 5
            },
            {
                "name": "disappointed",
                "users": [
                    "U019UV6JV4P",
                    "U01ANMM9XRS",
                    "UCU52BKEE",
                    "U01AFT4NEPN"
                ],
                "count": 4
            }
        ]
    }
]