[
    {
        "text": "Sci straws BIG",
        "files": [
            {
                "id": "F02GS2JDMTK",
                "created": 1633108625,
                "timestamp": 1633108625,
                "name": "Image from iOS.jpg",
                "title": "Image from iOS",
                "mimetype": "image\/jpeg",
                "filetype": "jpg",
                "pretty_type": "JPEG",
                "user": "UCU52BKEE",
                "user_team": "T7B710AL9",
                "editable": false,
                "size": 567862,
                "mode": "hosted",
                "is_external": false,
                "external_type": "",
                "is_public": true,
                "public_url_shared": false,
                "display_as_bot": false,
                "username": "",
                "url_private": "https:\/\/files.slack.com\/files-pri\/T7B710AL9-F02GS2JDMTK\/image_from_ios.jpg?t=xoxe-249239010689-7383763303600-7346417720535-c8977b2d870e66a58192db1f0484baaa",
                "url_private_download": "https:\/\/files.slack.com\/files-pri\/T7B710AL9-F02GS2JDMTK\/download\/image_from_ios.jpg?t=xoxe-249239010689-7383763303600-7346417720535-c8977b2d870e66a58192db1f0484baaa",
                "media_display_type": "unknown",
                "thumb_64": "https:\/\/files.slack.com\/files-tmb\/T7B710AL9-F02GS2JDMTK-6efa67ead9\/image_from_ios_64.jpg?t=xoxe-249239010689-7383763303600-7346417720535-c8977b2d870e66a58192db1f0484baaa",
                "thumb_80": "https:\/\/files.slack.com\/files-tmb\/T7B710AL9-F02GS2JDMTK-6efa67ead9\/image_from_ios_80.jpg?t=xoxe-249239010689-7383763303600-7346417720535-c8977b2d870e66a58192db1f0484baaa",
                "thumb_360": "https:\/\/files.slack.com\/files-tmb\/T7B710AL9-F02GS2JDMTK-6efa67ead9\/image_from_ios_360.jpg?t=xoxe-249239010689-7383763303600-7346417720535-c8977b2d870e66a58192db1f0484baaa",
                "thumb_360_w": 270,
                "thumb_360_h": 360,
                "thumb_480": "https:\/\/files.slack.com\/files-tmb\/T7B710AL9-F02GS2JDMTK-6efa67ead9\/image_from_ios_480.jpg?t=xoxe-249239010689-7383763303600-7346417720535-c8977b2d870e66a58192db1f0484baaa",
                "thumb_480_w": 360,
                "thumb_480_h": 480,
                "thumb_160": "https:\/\/files.slack.com\/files-tmb\/T7B710AL9-F02GS2JDMTK-6efa67ead9\/image_from_ios_160.jpg?t=xoxe-249239010689-7383763303600-7346417720535-c8977b2d870e66a58192db1f0484baaa",
                "thumb_720": "https:\/\/files.slack.com\/files-tmb\/T7B710AL9-F02GS2JDMTK-6efa67ead9\/image_from_ios_720.jpg?t=xoxe-249239010689-7383763303600-7346417720535-c8977b2d870e66a58192db1f0484baaa",
                "thumb_720_w": 540,
                "thumb_720_h": 720,
                "thumb_800": "https:\/\/files.slack.com\/files-tmb\/T7B710AL9-F02GS2JDMTK-6efa67ead9\/image_from_ios_800.jpg?t=xoxe-249239010689-7383763303600-7346417720535-c8977b2d870e66a58192db1f0484baaa",
                "thumb_800_w": 800,
                "thumb_800_h": 1067,
                "thumb_960": "https:\/\/files.slack.com\/files-tmb\/T7B710AL9-F02GS2JDMTK-6efa67ead9\/image_from_ios_960.jpg?t=xoxe-249239010689-7383763303600-7346417720535-c8977b2d870e66a58192db1f0484baaa",
                "thumb_960_w": 720,
                "thumb_960_h": 960,
                "thumb_1024": "https:\/\/files.slack.com\/files-tmb\/T7B710AL9-F02GS2JDMTK-6efa67ead9\/image_from_ios_1024.jpg?t=xoxe-249239010689-7383763303600-7346417720535-c8977b2d870e66a58192db1f0484baaa",
                "thumb_1024_w": 768,
                "thumb_1024_h": 1024,
                "original_w": 3024,
                "original_h": 4032,
                "thumb_tiny": "AwAwACSVxEbnOMPjkY4NVriMGVgAcnBGKlU7n83PyqgP160y5Y54xnHNIEQqhRsYOTxzV+3toRGrNgkjuap7WZAV6Ac4psLNnIPPoaYFuSZkIWLG0D0pn2mb2\/KnRxM67mzk+9P8g\/5NAEBbdNs2\/L0wOM0Ep86juMFj1NMKuCWA5PBpuWXkJz7UuYpKw6DAIIPcdaPLIlJJBx70gSVmDshIIGDipxEp5Y7W9CKdxMYszKMYB\/Cl89v7o\/Kgpg8OKNh\/vrSuFmM2n\/a\/A0pQhcgHPrUoA9TSsOMVnc0sNS4ZUxJk+hqOUs8pI6dBSOvFKAcknvTuKwgU4pdpp2PcUuPcUuYdj\/\/Z",
                "permalink": "https:\/\/swarthmoreultimate.slack.com\/files\/UCU52BKEE\/F02GS2JDMTK\/image_from_ios.jpg",
                "permalink_public": "https:\/\/slack-files.com\/T7B710AL9-F02GS2JDMTK-ed5a3b90a4",
                "is_starred": false,
                "has_rich_preview": false,
                "file_access": "visible"
            }
        ],
        "upload": false,
        "user": "UCU52BKEE",
        "display_as_bot": false,
        "blocks": [
            {
                "type": "rich_text",
                "block_id": "KbT+",
                "elements": [
                    {
                        "type": "rich_text_section",
                        "elements": [
                            {
                                "type": "text",
                                "text": "Sci straws BIG"
                            }
                        ]
                    }
                ]
            }
        ],
        "type": "message",
        "ts": "1633108655.002500",
        "client_msg_id": "0E94038A-09FE-4818-9B30-3C0AEA22EA54",
        "thread_ts": "1633108655.002500",
        "reply_count": 1,
        "reply_users_count": 1,
        "latest_reply": "1633113093.004400",
        "reply_users": [
            "U01DZ0DF0U8"
        ],
        "replies": [
            {
                "user": "U01DZ0DF0U8",
                "ts": "1633113093.004400"
            }
        ],
        "is_locked": false,
        "subscribed": false,
        "reactions": [
            {
                "name": "cheffed_up",
                "users": [
                    "UQCAL163W",
                    "U01ANMM9XRS",
                    "U01AFT4NEPN",
                    "UCU27FNLT",
                    "U89GWBNNA",
                    "U01A1PNMU6B",
                    "U019UV6JV4P"
                ],
                "count": 7
            },
            {
                "name": "b",
                "users": [
                    "U01ANMM9XRS",
                    "UCU27FNLT",
                    "UCKMFGMMW"
                ],
                "count": 3
            },
            {
                "name": "alphabet-yellow-i",
                "users": [
                    "U01ANMM9XRS",
                    "UCU27FNLT",
                    "UCKMFGMMW"
                ],
                "count": 3
            },
            {
                "name": "googleg",
                "users": [
                    "U01ANMM9XRS",
                    "UCU27FNLT",
                    "UCKMFGMMW"
                ],
                "count": 3
            }
        ]
    },
    {
        "user": "U01DZ0DF0U8",
        "type": "message",
        "ts": "1633113093.004400",
        "client_msg_id": "2EE3D451-D218-4A09-AC16-F82F5A795575",
        "text": "idk what you’re talking about Susannah those look totally normal to me",
        "team": "T7B710AL9",
        "user_team": "T7B710AL9",
        "source_team": "T7B710AL9",
        "user_profile": {
            "avatar_hash": "6dcfb539f5fa",
            "image_72": "https:\/\/avatars.slack-edge.com\/2023-10-21\/6068777918454_6dcfb539f5facaf9707a_72.png",
            "first_name": "Nora",
            "real_name": "Nora Sweeney",
            "display_name": "Nora",
            "team": "T7B710AL9",
            "name": "nsweene1",
            "is_restricted": false,
            "is_ultra_restricted": false
        },
        "thread_ts": "1633108655.002500",
        "parent_user_id": "UCU52BKEE",
        "blocks": [
            {
                "type": "rich_text",
                "block_id": "9lt",
                "elements": [
                    {
                        "type": "rich_text_section",
                        "elements": [
                            {
                                "type": "text",
                                "text": "idk what you’re talking about Susannah those look totally normal to me"
                            }
                        ]
                    }
                ]
            }
        ],
        "reactions": [
            {
                "name": "eleanor",
                "users": [
                    "UCU52BKEE",
                    "UNC4W0F96",
                    "U01ANMM9XRS",
                    "U01AFT4NEPN"
                ],
                "count": 4
            }
        ]
    }
]