[
    {
        "user": "U02D4N75F2Q",
        "type": "message",
        "ts": "1639688107.012900",
        "client_msg_id": "07A15080-4341-4853-A6A7-9012F761532E",
        "text": "Where does one acquire a baby alligator prepped for roasting near Swat?",
        "team": "T7B710AL9",
        "user_team": "T7B710AL9",
        "source_team": "T7B710AL9",
        "user_profile": {
            "avatar_hash": "8296b1ec1a02",
            "image_72": "https:\/\/avatars.slack-edge.com\/2022-04-05\/3342367952086_8296b1ec1a0282358fb6_72.png",
            "first_name": "Miguel",
            "real_name": "Miguel Rodriguez",
            "display_name": "Swab",
            "team": "T7B710AL9",
            "name": "mrodrig2",
            "is_restricted": false,
            "is_ultra_restricted": false
        },
        "thread_ts": "1639605771.010100",
        "parent_user_id": "UCVH3M03G",
        "blocks": [
            {
                "type": "rich_text",
                "block_id": "XqvCX",
                "elements": [
                    {
                        "type": "rich_text_section",
                        "elements": [
                            {
                                "type": "text",
                                "text": "Where does one acquire a baby alligator prepped for roasting near Swat?"
                            }
                        ]
                    }
                ]
            }
        ]
    },
    {
        "user": "UQCAL163W",
        "type": "message",
        "ts": "1639689275.013400",
        "client_msg_id": "C5C95334-5FA0-4CA4-8E87-494A3C35A298",
        "text": "guessing where they got the pig last time?",
        "team": "T7B710AL9",
        "user_team": "T7B710AL9",
        "source_team": "T7B710AL9",
        "user_profile": {
            "avatar_hash": "9ac99f0ac8ed",
            "image_72": "https:\/\/avatars.slack-edge.com\/2021-06-12\/2166203839299_9ac99f0ac8edc5197ed2_72.png",
            "first_name": "Cynthia",
            "real_name": "Cynthia",
            "display_name": "Skippy",
            "team": "T7B710AL9",
            "name": "rshi1",
            "is_restricted": false,
            "is_ultra_restricted": false
        },
        "thread_ts": "1639605771.010100",
        "parent_user_id": "UCVH3M03G",
        "blocks": [
            {
                "type": "rich_text",
                "block_id": "euS4u",
                "elements": [
                    {
                        "type": "rich_text_section",
                        "elements": [
                            {
                                "type": "text",
                                "text": "guessing where they got the pig last time?"
                            }
                        ]
                    }
                ]
            }
        ]
    }
]