[
    {
        "text": "Snakey? Smoking pot? :thinking_face:",
        "files": [
            {
                "id": "F02DUMBF950",
                "created": 1631149979,
                "timestamp": 1631149979,
                "name": "Image from iOS.jpg",
                "title": "Image from iOS",
                "mimetype": "image\/jpeg",
                "filetype": "jpg",
                "pretty_type": "JPEG",
                "user": "UCMEELYF9",
                "user_team": "T7B710AL9",
                "editable": false,
                "size": 64491,
                "mode": "hosted",
                "is_external": false,
                "external_type": "",
                "is_public": true,
                "public_url_shared": false,
                "display_as_bot": false,
                "username": "",
                "url_private": "https:\/\/files.slack.com\/files-pri\/T7B710AL9-F02DUMBF950\/image_from_ios.jpg?t=xoxe-249239010689-7383763303600-7346417720535-c8977b2d870e66a58192db1f0484baaa",
                "url_private_download": "https:\/\/files.slack.com\/files-pri\/T7B710AL9-F02DUMBF950\/download\/image_from_ios.jpg?t=xoxe-249239010689-7383763303600-7346417720535-c8977b2d870e66a58192db1f0484baaa",
                "media_display_type": "unknown",
                "thumb_64": "https:\/\/files.slack.com\/files-tmb\/T7B710AL9-F02DUMBF950-b6bb76d24e\/image_from_ios_64.jpg?t=xoxe-249239010689-7383763303600-7346417720535-c8977b2d870e66a58192db1f0484baaa",
                "thumb_80": "https:\/\/files.slack.com\/files-tmb\/T7B710AL9-F02DUMBF950-b6bb76d24e\/image_from_ios_80.jpg?t=xoxe-249239010689-7383763303600-7346417720535-c8977b2d870e66a58192db1f0484baaa",
                "thumb_360": "https:\/\/files.slack.com\/files-tmb\/T7B710AL9-F02DUMBF950-b6bb76d24e\/image_from_ios_360.jpg?t=xoxe-249239010689-7383763303600-7346417720535-c8977b2d870e66a58192db1f0484baaa",
                "thumb_360_w": 166,
                "thumb_360_h": 360,
                "thumb_480": "https:\/\/files.slack.com\/files-tmb\/T7B710AL9-F02DUMBF950-b6bb76d24e\/image_from_ios_480.jpg?t=xoxe-249239010689-7383763303600-7346417720535-c8977b2d870e66a58192db1f0484baaa",
                "thumb_480_w": 222,
                "thumb_480_h": 480,
                "thumb_160": "https:\/\/files.slack.com\/files-tmb\/T7B710AL9-F02DUMBF950-b6bb76d24e\/image_from_ios_160.jpg?t=xoxe-249239010689-7383763303600-7346417720535-c8977b2d870e66a58192db1f0484baaa",
                "thumb_720": "https:\/\/files.slack.com\/files-tmb\/T7B710AL9-F02DUMBF950-b6bb76d24e\/image_from_ios_720.jpg?t=xoxe-249239010689-7383763303600-7346417720535-c8977b2d870e66a58192db1f0484baaa",
                "thumb_720_w": 333,
                "thumb_720_h": 720,
                "thumb_800": "https:\/\/files.slack.com\/files-tmb\/T7B710AL9-F02DUMBF950-b6bb76d24e\/image_from_ios_800.jpg?t=xoxe-249239010689-7383763303600-7346417720535-c8977b2d870e66a58192db1f0484baaa",
                "thumb_800_w": 800,
                "thumb_800_h": 1731,
                "thumb_960": "https:\/\/files.slack.com\/files-tmb\/T7B710AL9-F02DUMBF950-b6bb76d24e\/image_from_ios_960.jpg?t=xoxe-249239010689-7383763303600-7346417720535-c8977b2d870e66a58192db1f0484baaa",
                "thumb_960_w": 444,
                "thumb_960_h": 960,
                "thumb_1024": "https:\/\/files.slack.com\/files-tmb\/T7B710AL9-F02DUMBF950-b6bb76d24e\/image_from_ios_1024.jpg?t=xoxe-249239010689-7383763303600-7346417720535-c8977b2d870e66a58192db1f0484baaa",
                "thumb_1024_w": 473,
                "thumb_1024_h": 1024,
                "original_w": 828,
                "original_h": 1792,
                "thumb_tiny": "AwAwABajnI9hQCDTu3fp6038DQAZ4xRRRQA7cqjvk+9N3L\/kmmMMdc0lAEnHb+dFIAAeoP0paAGEc9RRgeorR\/s1f+eh\/Kj+zkP\/AC1\/SgCgox3pav8A9mjtKf8Avmj+zR\/z1P8A3zQB\/9k=",
                "permalink": "https:\/\/swarthmoreultimate.slack.com\/files\/UCMEELYF9\/F02DUMBF950\/image_from_ios.jpg",
                "permalink_public": "https:\/\/slack-files.com\/T7B710AL9-F02DUMBF950-c60bf519a1",
                "is_starred": false,
                "has_rich_preview": false,
                "file_access": "visible"
            }
        ],
        "upload": true,
        "user": "UCMEELYF9",
        "display_as_bot": false,
        "blocks": [
            {
                "type": "rich_text",
                "block_id": "tjIG",
                "elements": [
                    {
                        "type": "rich_text_section",
                        "elements": [
                            {
                                "type": "text",
                                "text": "Snakey? Smoking pot? "
                            },
                            {
                                "type": "emoji",
                                "name": "thinking_face",
                                "unicode": "1f914"
                            }
                        ]
                    }
                ]
            }
        ],
        "type": "message",
        "ts": "1631150005.000600",
        "client_msg_id": "9FE539B7-B9C1-4B63-AD94-6896A4A2330A",
        "thread_ts": "1631150005.000600",
        "reply_count": 1,
        "reply_users_count": 1,
        "latest_reply": "1631150295.001500",
        "reply_users": [
            "UCU52BKEE"
        ],
        "replies": [
            {
                "user": "UCU52BKEE",
                "ts": "1631150295.001500"
            }
        ],
        "is_locked": false,
        "subscribed": false,
        "reactions": [
            {
                "name": "potted_plant",
                "users": [
                    "UCKMFGMMW",
                    "UCU52BKEE",
                    "UD7R9NDNK",
                    "UCLD8BFM0",
                    "U01DZ0DF0U8",
                    "U01ANMM9XRS"
                ],
                "count": 6
            },
            {
                "name": "speaking_head_in_silhouette",
                "users": [
                    "UCU52BKEE"
                ],
                "count": 1
            },
            {
                "name": "mmmsnakey",
                "users": [
                    "UNC4W0F96"
                ],
                "count": 1
            }
        ]
    },
    {
        "user": "UCU52BKEE",
        "type": "message",
        "ts": "1631150295.001500",
        "client_msg_id": "A6FEE705-9DA0-45F6-BB85-8DF4A7CB2E19",
        "text": "***smoking GREAT pot ",
        "team": "T7B710AL9",
        "user_team": "T7B710AL9",
        "source_team": "T7B710AL9",
        "user_profile": {
            "avatar_hash": "4ea2812d6fec",
            "image_72": "https:\/\/avatars.slack-edge.com\/2022-03-25\/3310823701185_4ea2812d6fec171a02d2_72.png",
            "first_name": "Susannah",
            "real_name": "Susannah Broun",
            "display_name": "Snakey",
            "team": "T7B710AL9",
            "name": "sbroun1",
            "is_restricted": false,
            "is_ultra_restricted": false
        },
        "thread_ts": "1631150005.000600",
        "parent_user_id": "UCMEELYF9",
        "blocks": [
            {
                "type": "rich_text",
                "block_id": "6HGTm",
                "elements": [
                    {
                        "type": "rich_text_section",
                        "elements": [
                            {
                                "type": "text",
                                "text": "***smoking GREAT pot "
                            }
                        ]
                    }
                ]
            }
        ]
    }
]