[
    {
        "text": "Found on magill :(",
        "files": [
            {
                "id": "F02NF3A55HQ",
                "created": 1637720992,
                "timestamp": 1637720992,
                "name": "PXL_20211124_015358293.jpg",
                "title": "PXL_20211124_015358293.jpg",
                "mimetype": "image\/jpeg",
                "filetype": "jpg",
                "pretty_type": "JPEG",
                "user": "U019UV6JV4P",
                "user_team": "T7B710AL9",
                "editable": false,
                "size": 1130762,
                "mode": "hosted",
                "is_external": false,
                "external_type": "",
                "is_public": true,
                "public_url_shared": false,
                "display_as_bot": false,
                "username": "",
                "url_private": "https:\/\/files.slack.com\/files-pri\/T7B710AL9-F02NF3A55HQ\/pxl_20211124_015358293.jpg?t=xoxe-249239010689-7383763303600-7346417720535-c8977b2d870e66a58192db1f0484baaa",
                "url_private_download": "https:\/\/files.slack.com\/files-pri\/T7B710AL9-F02NF3A55HQ\/download\/pxl_20211124_015358293.jpg?t=xoxe-249239010689-7383763303600-7346417720535-c8977b2d870e66a58192db1f0484baaa",
                "media_display_type": "unknown",
                "thumb_64": "https:\/\/files.slack.com\/files-tmb\/T7B710AL9-F02NF3A55HQ-45ff4921d0\/pxl_20211124_015358293_64.jpg?t=xoxe-249239010689-7383763303600-7346417720535-c8977b2d870e66a58192db1f0484baaa",
                "thumb_80": "https:\/\/files.slack.com\/files-tmb\/T7B710AL9-F02NF3A55HQ-45ff4921d0\/pxl_20211124_015358293_80.jpg?t=xoxe-249239010689-7383763303600-7346417720535-c8977b2d870e66a58192db1f0484baaa",
                "thumb_360": "https:\/\/files.slack.com\/files-tmb\/T7B710AL9-F02NF3A55HQ-45ff4921d0\/pxl_20211124_015358293_360.jpg?t=xoxe-249239010689-7383763303600-7346417720535-c8977b2d870e66a58192db1f0484baaa",
                "thumb_360_w": 360,
                "thumb_360_h": 270,
                "thumb_480": "https:\/\/files.slack.com\/files-tmb\/T7B710AL9-F02NF3A55HQ-45ff4921d0\/pxl_20211124_015358293_480.jpg?t=xoxe-249239010689-7383763303600-7346417720535-c8977b2d870e66a58192db1f0484baaa",
                "thumb_480_w": 480,
                "thumb_480_h": 360,
                "thumb_160": "https:\/\/files.slack.com\/files-tmb\/T7B710AL9-F02NF3A55HQ-45ff4921d0\/pxl_20211124_015358293_160.jpg?t=xoxe-249239010689-7383763303600-7346417720535-c8977b2d870e66a58192db1f0484baaa",
                "thumb_720": "https:\/\/files.slack.com\/files-tmb\/T7B710AL9-F02NF3A55HQ-45ff4921d0\/pxl_20211124_015358293_720.jpg?t=xoxe-249239010689-7383763303600-7346417720535-c8977b2d870e66a58192db1f0484baaa",
                "thumb_720_w": 720,
                "thumb_720_h": 540,
                "thumb_800": "https:\/\/files.slack.com\/files-tmb\/T7B710AL9-F02NF3A55HQ-45ff4921d0\/pxl_20211124_015358293_800.jpg?t=xoxe-249239010689-7383763303600-7346417720535-c8977b2d870e66a58192db1f0484baaa",
                "thumb_800_w": 800,
                "thumb_800_h": 600,
                "thumb_960": "https:\/\/files.slack.com\/files-tmb\/T7B710AL9-F02NF3A55HQ-45ff4921d0\/pxl_20211124_015358293_960.jpg?t=xoxe-249239010689-7383763303600-7346417720535-c8977b2d870e66a58192db1f0484baaa",
                "thumb_960_w": 960,
                "thumb_960_h": 720,
                "thumb_1024": "https:\/\/files.slack.com\/files-tmb\/T7B710AL9-F02NF3A55HQ-45ff4921d0\/pxl_20211124_015358293_1024.jpg?t=xoxe-249239010689-7383763303600-7346417720535-c8977b2d870e66a58192db1f0484baaa",
                "thumb_1024_w": 1024,
                "thumb_1024_h": 768,
                "original_w": 4032,
                "original_h": 3024,
                "thumb_tiny": "AwAkADDPBp6Lk80xRUyYoAnQkdDQWJpi0d6AGsSTULVKx5qJqAEWpF+tRinDHrQBKDxSZ5pv40cZ60ADUxqc2OxpjGgBopRTRThQA7NFFJQAHrTTTj1ppoA\/\/9k=",
                "permalink": "https:\/\/swarthmoreultimate.slack.com\/files\/U019UV6JV4P\/F02NF3A55HQ\/pxl_20211124_015358293.jpg",
                "permalink_public": "https:\/\/slack-files.com\/T7B710AL9-F02NF3A55HQ-0719dbbab4",
                "is_starred": false,
                "has_rich_preview": false,
                "file_access": "visible"
            }
        ],
        "upload": false,
        "user": "U019UV6JV4P",
        "display_as_bot": false,
        "blocks": [
            {
                "type": "rich_text",
                "block_id": "NjCm",
                "elements": [
                    {
                        "type": "rich_text_section",
                        "elements": [
                            {
                                "type": "text",
                                "text": "Found on magill :("
                            }
                        ]
                    }
                ]
            }
        ],
        "type": "message",
        "ts": "1637721017.000400",
        "client_msg_id": "33910254-7568-4c6b-a3bc-27f81576dd22",
        "thread_ts": "1637721017.000400",
        "reply_count": 5,
        "reply_users_count": 5,
        "latest_reply": "1637722056.003000",
        "reply_users": [
            "UCMEELYF9",
            "U01AFT4NEPN",
            "UCKMFGMMW",
            "UCU52BKEE",
            "UN35A0Q7L"
        ],
        "replies": [
            {
                "user": "UCMEELYF9",
                "ts": "1637721050.000800"
            },
            {
                "user": "U01AFT4NEPN",
                "ts": "1637721058.001100"
            },
            {
                "user": "UCKMFGMMW",
                "ts": "1637721065.001500"
            },
            {
                "user": "UCU52BKEE",
                "ts": "1637721142.001900"
            },
            {
                "user": "UN35A0Q7L",
                "ts": "1637722056.003000"
            }
        ],
        "is_locked": false,
        "subscribed": false,
        "reactions": [
            {
                "name": "what-the-fracc",
                "users": [
                    "UD7R9NDNK",
                    "UCU52BKEE",
                    "UCU27FNLT",
                    "UNC4W0F96",
                    "UN35A0Q7L",
                    "U01A1PNMU6B",
                    "U01ANMM9XRS",
                    "UD3552DL0",
                    "UNBLN9SCC",
                    "U019UV6JV4P",
                    "UCVH3M03G",
                    "U01AFT4NEPN",
                    "UQCAL163W",
                    "UCLD8BFM0"
                ],
                "count": 14
            }
        ]
    },
    {
        "user": "UCMEELYF9",
        "type": "message",
        "ts": "1637721050.000800",
        "client_msg_id": "0AC2FE82-DA4E-49E9-BE86-87F2B47E4A9C",
        "text": "Wut",
        "team": "T7B710AL9",
        "user_team": "T7B710AL9",
        "source_team": "T7B710AL9",
        "user_profile": {
            "avatar_hash": "4fd5a65d0bbf",
            "image_72": "https:\/\/avatars.slack-edge.com\/2022-05-01\/3464979741378_4fd5a65d0bbf8c147fd1_72.png",
            "first_name": "frogger",
            "real_name": "frogger",
            "display_name": "frogger",
            "team": "T7B710AL9",
            "name": "kstewar1",
            "is_restricted": false,
            "is_ultra_restricted": false
        },
        "thread_ts": "1637721017.000400",
        "parent_user_id": "U019UV6JV4P",
        "blocks": [
            {
                "type": "rich_text",
                "block_id": "Tbh",
                "elements": [
                    {
                        "type": "rich_text_section",
                        "elements": [
                            {
                                "type": "text",
                                "text": "Wut"
                            }
                        ]
                    }
                ]
            }
        ]
    },
    {
        "user": "U01AFT4NEPN",
        "type": "message",
        "ts": "1637721058.001100",
        "client_msg_id": "20082F22-218B-4394-97DD-423ED5B79392",
        "text": "Wut",
        "team": "T7B710AL9",
        "user_team": "T7B710AL9",
        "source_team": "T7B710AL9",
        "user_profile": {
            "avatar_hash": "48db12d99e86",
            "image_72": "https:\/\/avatars.slack-edge.com\/2024-04-25\/7009387655319_48db12d99e86f89eb51b_72.png",
            "first_name": "Ryan",
            "real_name": "Ryan Jin",
            "display_name": "Chef",
            "team": "T7B710AL9",
            "name": "rjin1",
            "is_restricted": false,
            "is_ultra_restricted": false
        },
        "thread_ts": "1637721017.000400",
        "parent_user_id": "U019UV6JV4P",
        "blocks": [
            {
                "type": "rich_text",
                "block_id": "ktr",
                "elements": [
                    {
                        "type": "rich_text_section",
                        "elements": [
                            {
                                "type": "text",
                                "text": "Wut"
                            }
                        ]
                    }
                ]
            }
        ]
    },
    {
        "user": "UCKMFGMMW",
        "type": "message",
        "ts": "1637721065.001500",
        "client_msg_id": "D6EA6BC1-B6D7-400E-AE27-36F10508076B",
        "text": "W",
        "team": "T7B710AL9",
        "user_team": "T7B710AL9",
        "source_team": "T7B710AL9",
        "user_profile": {
            "avatar_hash": "9d366ab9ae4b",
            "image_72": "https:\/\/avatars.slack-edge.com\/2022-04-12\/3405463341376_9d366ab9ae4b8f2f1e92_72.jpg",
            "first_name": "Geoffrey",
            "real_name": "Geoffrey Cater",
            "display_name": "The Toast",
            "team": "T7B710AL9",
            "name": "gcater1",
            "is_restricted": false,
            "is_ultra_restricted": false
        },
        "thread_ts": "1637721017.000400",
        "parent_user_id": "U019UV6JV4P",
        "blocks": [
            {
                "type": "rich_text",
                "block_id": "DkC",
                "elements": [
                    {
                        "type": "rich_text_section",
                        "elements": [
                            {
                                "type": "text",
                                "text": "W"
                            }
                        ]
                    }
                ]
            }
        ]
    },
    {
        "user": "UCU52BKEE",
        "type": "message",
        "ts": "1637721142.001900",
        "client_msg_id": "7CFB0ADD-8AB2-4138-BFE2-064D04921911",
        "text": "Who did ",
        "team": "T7B710AL9",
        "user_team": "T7B710AL9",
        "source_team": "T7B710AL9",
        "user_profile": {
            "avatar_hash": "4ea2812d6fec",
            "image_72": "https:\/\/avatars.slack-edge.com\/2022-03-25\/3310823701185_4ea2812d6fec171a02d2_72.png",
            "first_name": "Susannah",
            "real_name": "Susannah Broun",
            "display_name": "Snakey",
            "team": "T7B710AL9",
            "name": "sbroun1",
            "is_restricted": false,
            "is_ultra_restricted": false
        },
        "thread_ts": "1637721017.000400",
        "parent_user_id": "U019UV6JV4P",
        "blocks": [
            {
                "type": "rich_text",
                "block_id": "AtN1",
                "elements": [
                    {
                        "type": "rich_text_section",
                        "elements": [
                            {
                                "type": "text",
                                "text": "Who did "
                            }
                        ]
                    }
                ]
            }
        ]
    },
    {
        "user": "UN35A0Q7L",
        "type": "message",
        "ts": "1637722056.003000",
        "client_msg_id": "1C1F7492-2FEA-48F3-B961-629E8210478B",
        "text": "We’re going back to Ohio gang",
        "team": "T7B710AL9",
        "user_team": "T7B710AL9",
        "source_team": "T7B710AL9",
        "user_profile": {
            "avatar_hash": "2186e77394a8",
            "image_72": "https:\/\/avatars.slack-edge.com\/2023-03-20\/4966805674135_2186e77394a8fa1d03c6_72.png",
            "first_name": "Jonathan",
            "real_name": "Jonathan Lehr",
            "display_name": "Lord Jonnis",
            "team": "T7B710AL9",
            "name": "jlehr1",
            "is_restricted": false,
            "is_ultra_restricted": false
        },
        "thread_ts": "1637721017.000400",
        "parent_user_id": "U019UV6JV4P",
        "blocks": [
            {
                "type": "rich_text",
                "block_id": "S32GG",
                "elements": [
                    {
                        "type": "rich_text_section",
                        "elements": [
                            {
                                "type": "text",
                                "text": "We’re going back to Ohio gang"
                            }
                        ]
                    }
                ]
            }
        ]
    }
]