[
    {
        "text": "The lacrosse boys stole the entire dispenser of hot sauce and brought it to their table. ",
        "files": [
            {
                "id": "F02CYH06RSN",
                "created": 1630429839,
                "timestamp": 1630429839,
                "name": "Image from iOS.jpg",
                "title": "Image from iOS",
                "mimetype": "image\/jpeg",
                "filetype": "jpg",
                "pretty_type": "JPEG",
                "user": "UCU27FNLT",
                "user_team": "T7B710AL9",
                "editable": false,
                "size": 354014,
                "mode": "hosted",
                "is_external": false,
                "external_type": "",
                "is_public": true,
                "public_url_shared": false,
                "display_as_bot": false,
                "username": "",
                "url_private": "https:\/\/files.slack.com\/files-pri\/T7B710AL9-F02CYH06RSN\/image_from_ios.jpg?t=xoxe-249239010689-7383763303600-7346417720535-c8977b2d870e66a58192db1f0484baaa",
                "url_private_download": "https:\/\/files.slack.com\/files-pri\/T7B710AL9-F02CYH06RSN\/download\/image_from_ios.jpg?t=xoxe-249239010689-7383763303600-7346417720535-c8977b2d870e66a58192db1f0484baaa",
                "media_display_type": "unknown",
                "thumb_64": "https:\/\/files.slack.com\/files-tmb\/T7B710AL9-F02CYH06RSN-ff04d0ad3a\/image_from_ios_64.jpg?t=xoxe-249239010689-7383763303600-7346417720535-c8977b2d870e66a58192db1f0484baaa",
                "thumb_80": "https:\/\/files.slack.com\/files-tmb\/T7B710AL9-F02CYH06RSN-ff04d0ad3a\/image_from_ios_80.jpg?t=xoxe-249239010689-7383763303600-7346417720535-c8977b2d870e66a58192db1f0484baaa",
                "thumb_360": "https:\/\/files.slack.com\/files-tmb\/T7B710AL9-F02CYH06RSN-ff04d0ad3a\/image_from_ios_360.jpg?t=xoxe-249239010689-7383763303600-7346417720535-c8977b2d870e66a58192db1f0484baaa",
                "thumb_360_w": 270,
                "thumb_360_h": 360,
                "thumb_480": "https:\/\/files.slack.com\/files-tmb\/T7B710AL9-F02CYH06RSN-ff04d0ad3a\/image_from_ios_480.jpg?t=xoxe-249239010689-7383763303600-7346417720535-c8977b2d870e66a58192db1f0484baaa",
                "thumb_480_w": 360,
                "thumb_480_h": 480,
                "thumb_160": "https:\/\/files.slack.com\/files-tmb\/T7B710AL9-F02CYH06RSN-ff04d0ad3a\/image_from_ios_160.jpg?t=xoxe-249239010689-7383763303600-7346417720535-c8977b2d870e66a58192db1f0484baaa",
                "thumb_720": "https:\/\/files.slack.com\/files-tmb\/T7B710AL9-F02CYH06RSN-ff04d0ad3a\/image_from_ios_720.jpg?t=xoxe-249239010689-7383763303600-7346417720535-c8977b2d870e66a58192db1f0484baaa",
                "thumb_720_w": 540,
                "thumb_720_h": 720,
                "thumb_800": "https:\/\/files.slack.com\/files-tmb\/T7B710AL9-F02CYH06RSN-ff04d0ad3a\/image_from_ios_800.jpg?t=xoxe-249239010689-7383763303600-7346417720535-c8977b2d870e66a58192db1f0484baaa",
                "thumb_800_w": 800,
                "thumb_800_h": 1067,
                "thumb_960": "https:\/\/files.slack.com\/files-tmb\/T7B710AL9-F02CYH06RSN-ff04d0ad3a\/image_from_ios_960.jpg?t=xoxe-249239010689-7383763303600-7346417720535-c8977b2d870e66a58192db1f0484baaa",
                "thumb_960_w": 720,
                "thumb_960_h": 960,
                "thumb_1024": "https:\/\/files.slack.com\/files-tmb\/T7B710AL9-F02CYH06RSN-ff04d0ad3a\/image_from_ios_1024.jpg?t=xoxe-249239010689-7383763303600-7346417720535-c8977b2d870e66a58192db1f0484baaa",
                "thumb_1024_w": 768,
                "thumb_1024_h": 1024,
                "original_w": 3024,
                "original_h": 4032,
                "thumb_tiny": "AwAwACSpGm44qx90YA6VIIQhYoOO3rioznOGFNbg9g6gg1pRn90nuorNwFPHAxV2KRWSNQwLBRkUdRdBbP8A1J\/3z\/OrFVbQ\/u3\/AN81Pn3oFcq02Vdy\/Q1DDcGVipUDjIxVjIK5PSr3QiCYcA9McVFAGiuN\/UYpkk75K+h6imifH8P61kaFxZSm7bwCxNO+0P61RWfaMFc\/jTvtP+x+tO4rE7RqrnauPpTJc7Dj+dSk8n6VE23+P7tUxIrYYdKNpHajjfwOKdj61BQgLgcUu56OPU0nHqaAP\/\/Z",
                "permalink": "https:\/\/swarthmoreultimate.slack.com\/files\/UCU27FNLT\/F02CYH06RSN\/image_from_ios.jpg",
                "permalink_public": "https:\/\/slack-files.com\/T7B710AL9-F02CYH06RSN-c4f652c991",
                "is_starred": false,
                "has_rich_preview": false,
                "file_access": "visible"
            }
        ],
        "upload": false,
        "user": "UCU27FNLT",
        "display_as_bot": false,
        "blocks": [
            {
                "type": "rich_text",
                "block_id": "OqS",
                "elements": [
                    {
                        "type": "rich_text_section",
                        "elements": [
                            {
                                "type": "text",
                                "text": "The lacrosse boys stole the entire dispenser of hot sauce and brought it to their table. "
                            }
                        ]
                    }
                ]
            }
        ],
        "type": "message",
        "ts": "1630429859.000700",
        "client_msg_id": "8096BD13-B3C9-4872-B652-8FDE0C8F7D0B",
        "reactions": [
            {
                "name": "objection",
                "users": [
                    "UCMEELYF9",
                    "UCU52BKEE",
                    "UMZBG9WSW",
                    "UCTUCD1C4",
                    "UCLD8BFM0"
                ],
                "count": 5
            },
            {
                "name": "react-2",
                "users": [
                    "UNC4W0F96"
                ],
                "count": 1
            }
        ]
    }
]