[
    {
        "text": "Sectionals saturday —&gt; pre secs cuk friday",
        "files": [
            {
                "id": "F03C31MHZU0",
                "created": 1649865403,
                "timestamp": 1649865403,
                "name": "Image from iOS.jpg",
                "title": "Image from iOS",
                "mimetype": "image\/jpeg",
                "filetype": "jpg",
                "pretty_type": "JPEG",
                "user": "UCMEELYF9",
                "user_team": "T7B710AL9",
                "editable": false,
                "size": 1323633,
                "mode": "hosted",
                "is_external": false,
                "external_type": "",
                "is_public": true,
                "public_url_shared": false,
                "display_as_bot": false,
                "username": "",
                "url_private": "https:\/\/files.slack.com\/files-pri\/T7B710AL9-F03C31MHZU0\/image_from_ios.jpg?t=xoxe-249239010689-7383763303600-7346417720535-c8977b2d870e66a58192db1f0484baaa",
                "url_private_download": "https:\/\/files.slack.com\/files-pri\/T7B710AL9-F03C31MHZU0\/download\/image_from_ios.jpg?t=xoxe-249239010689-7383763303600-7346417720535-c8977b2d870e66a58192db1f0484baaa",
                "media_display_type": "unknown",
                "thumb_64": "https:\/\/files.slack.com\/files-tmb\/T7B710AL9-F03C31MHZU0-98aa1f2f05\/image_from_ios_64.jpg?t=xoxe-249239010689-7383763303600-7346417720535-c8977b2d870e66a58192db1f0484baaa",
                "thumb_80": "https:\/\/files.slack.com\/files-tmb\/T7B710AL9-F03C31MHZU0-98aa1f2f05\/image_from_ios_80.jpg?t=xoxe-249239010689-7383763303600-7346417720535-c8977b2d870e66a58192db1f0484baaa",
                "thumb_360": "https:\/\/files.slack.com\/files-tmb\/T7B710AL9-F03C31MHZU0-98aa1f2f05\/image_from_ios_360.jpg?t=xoxe-249239010689-7383763303600-7346417720535-c8977b2d870e66a58192db1f0484baaa",
                "thumb_360_w": 270,
                "thumb_360_h": 360,
                "thumb_480": "https:\/\/files.slack.com\/files-tmb\/T7B710AL9-F03C31MHZU0-98aa1f2f05\/image_from_ios_480.jpg?t=xoxe-249239010689-7383763303600-7346417720535-c8977b2d870e66a58192db1f0484baaa",
                "thumb_480_w": 360,
                "thumb_480_h": 480,
                "thumb_160": "https:\/\/files.slack.com\/files-tmb\/T7B710AL9-F03C31MHZU0-98aa1f2f05\/image_from_ios_160.jpg?t=xoxe-249239010689-7383763303600-7346417720535-c8977b2d870e66a58192db1f0484baaa",
                "thumb_720": "https:\/\/files.slack.com\/files-tmb\/T7B710AL9-F03C31MHZU0-98aa1f2f05\/image_from_ios_720.jpg?t=xoxe-249239010689-7383763303600-7346417720535-c8977b2d870e66a58192db1f0484baaa",
                "thumb_720_w": 540,
                "thumb_720_h": 720,
                "thumb_800": "https:\/\/files.slack.com\/files-tmb\/T7B710AL9-F03C31MHZU0-98aa1f2f05\/image_from_ios_800.jpg?t=xoxe-249239010689-7383763303600-7346417720535-c8977b2d870e66a58192db1f0484baaa",
                "thumb_800_w": 800,
                "thumb_800_h": 1067,
                "thumb_960": "https:\/\/files.slack.com\/files-tmb\/T7B710AL9-F03C31MHZU0-98aa1f2f05\/image_from_ios_960.jpg?t=xoxe-249239010689-7383763303600-7346417720535-c8977b2d870e66a58192db1f0484baaa",
                "thumb_960_w": 720,
                "thumb_960_h": 960,
                "thumb_1024": "https:\/\/files.slack.com\/files-tmb\/T7B710AL9-F03C31MHZU0-98aa1f2f05\/image_from_ios_1024.jpg?t=xoxe-249239010689-7383763303600-7346417720535-c8977b2d870e66a58192db1f0484baaa",
                "thumb_1024_w": 768,
                "thumb_1024_h": 1024,
                "original_w": 3024,
                "original_h": 4032,
                "thumb_tiny": "AwAwACSCNmX5V3ZJPA+tPDtuAbIGe4pVXGcAc81MIojGCQSD71kmrlu5NEymNWJ6\/hRcSKEGCvJ7moVjRQAN3HvRJGJcZJGKvSwiKS4KNjApn2o+lMkjRW5JOec0zan+1S0HqWgQDUo4gXnp71BuOCQSPUVMx\/cKetSooG2Jz1+Y\/iKdnC\/QU3OWwXxx0NR+ajW7Mv3hxjvVWRGpCAO55o+X1FJuo3fSnYq48MPU0rSkgA4wB0zUYpcUrjsBlZjyFPsaanyxsoIyT1pTSGncLChlUYIz+VLvT+6P0ptFFwsf\/9k=",
                "permalink": "https:\/\/swarthmoreultimate.slack.com\/files\/UCMEELYF9\/F03C31MHZU0\/image_from_ios.jpg",
                "permalink_public": "https:\/\/slack-files.com\/T7B710AL9-F03C31MHZU0-7fc222ca81",
                "is_starred": false,
                "has_rich_preview": false,
                "file_access": "visible"
            }
        ],
        "upload": false,
        "user": "UCMEELYF9",
        "display_as_bot": false,
        "blocks": [
            {
                "type": "rich_text",
                "block_id": "ZpjNj",
                "elements": [
                    {
                        "type": "rich_text_section",
                        "elements": [
                            {
                                "type": "text",
                                "text": "Sectionals saturday —> pre secs cuk friday"
                            }
                        ]
                    }
                ]
            }
        ],
        "type": "message",
        "ts": "1649865436.840819",
        "client_msg_id": "3D6B9799-2FBB-4667-8566-FEB2B558CE93",
        "reactions": [
            {
                "name": "what-the-fracc",
                "users": [
                    "U01AFT4NEPN",
                    "U01ANMM9XRS",
                    "UD7R9NDNK",
                    "U019UV6JV4P",
                    "UCKMFGMMW"
                ],
                "count": 5
            },
            {
                "name": "unbelievable-squatch",
                "users": [
                    "U01AFT4NEPN",
                    "U01ANMM9XRS",
                    "UD7R9NDNK",
                    "U019UV6JV4P"
                ],
                "count": 4
            },
            {
                "name": "mouth-wide-open",
                "users": [
                    "U01AFT4NEPN",
                    "U01ANMM9XRS",
                    "UD7R9NDNK",
                    "U019UV6JV4P"
                ],
                "count": 4
            },
            {
                "name": "whip",
                "users": [
                    "UCKMFGMMW",
                    "U01ANMM9XRS",
                    "UD7R9NDNK",
                    "U019UV6JV4P"
                ],
                "count": 4
            }
        ]
    }
]