[
    {
        "text": "",
        "files": [
            {
                "id": "F042JRAE85A",
                "created": 1663216630,
                "timestamp": 1663216630,
                "name": "IMG_6169.png",
                "title": "IMG_6169",
                "mimetype": "image\/png",
                "filetype": "png",
                "pretty_type": "PNG",
                "user": "U02D4N75F2Q",
                "user_team": "T7B710AL9",
                "editable": false,
                "size": 1209812,
                "mode": "hosted",
                "is_external": false,
                "external_type": "",
                "is_public": true,
                "public_url_shared": false,
                "display_as_bot": false,
                "username": "",
                "url_private": "https:\/\/files.slack.com\/files-pri\/T7B710AL9-F042JRAE85A\/img_6169.png?t=xoxe-249239010689-7383763303600-7346417720535-c8977b2d870e66a58192db1f0484baaa",
                "url_private_download": "https:\/\/files.slack.com\/files-pri\/T7B710AL9-F042JRAE85A\/download\/img_6169.png?t=xoxe-249239010689-7383763303600-7346417720535-c8977b2d870e66a58192db1f0484baaa",
                "media_display_type": "unknown",
                "thumb_64": "https:\/\/files.slack.com\/files-tmb\/T7B710AL9-F042JRAE85A-9f93dbbbda\/img_6169_64.png?t=xoxe-249239010689-7383763303600-7346417720535-c8977b2d870e66a58192db1f0484baaa",
                "thumb_80": "https:\/\/files.slack.com\/files-tmb\/T7B710AL9-F042JRAE85A-9f93dbbbda\/img_6169_80.png?t=xoxe-249239010689-7383763303600-7346417720535-c8977b2d870e66a58192db1f0484baaa",
                "thumb_360": "https:\/\/files.slack.com\/files-tmb\/T7B710AL9-F042JRAE85A-9f93dbbbda\/img_6169_360.png?t=xoxe-249239010689-7383763303600-7346417720535-c8977b2d870e66a58192db1f0484baaa",
                "thumb_360_w": 166,
                "thumb_360_h": 360,
                "thumb_480": "https:\/\/files.slack.com\/files-tmb\/T7B710AL9-F042JRAE85A-9f93dbbbda\/img_6169_480.png?t=xoxe-249239010689-7383763303600-7346417720535-c8977b2d870e66a58192db1f0484baaa",
                "thumb_480_w": 222,
                "thumb_480_h": 480,
                "thumb_160": "https:\/\/files.slack.com\/files-tmb\/T7B710AL9-F042JRAE85A-9f93dbbbda\/img_6169_160.png?t=xoxe-249239010689-7383763303600-7346417720535-c8977b2d870e66a58192db1f0484baaa",
                "thumb_720": "https:\/\/files.slack.com\/files-tmb\/T7B710AL9-F042JRAE85A-9f93dbbbda\/img_6169_720.png?t=xoxe-249239010689-7383763303600-7346417720535-c8977b2d870e66a58192db1f0484baaa",
                "thumb_720_w": 333,
                "thumb_720_h": 720,
                "thumb_800": "https:\/\/files.slack.com\/files-tmb\/T7B710AL9-F042JRAE85A-9f93dbbbda\/img_6169_800.png?t=xoxe-249239010689-7383763303600-7346417720535-c8977b2d870e66a58192db1f0484baaa",
                "thumb_800_w": 800,
                "thumb_800_h": 1731,
                "thumb_960": "https:\/\/files.slack.com\/files-tmb\/T7B710AL9-F042JRAE85A-9f93dbbbda\/img_6169_960.png?t=xoxe-249239010689-7383763303600-7346417720535-c8977b2d870e66a58192db1f0484baaa",
                "thumb_960_w": 444,
                "thumb_960_h": 960,
                "thumb_1024": "https:\/\/files.slack.com\/files-tmb\/T7B710AL9-F042JRAE85A-9f93dbbbda\/img_6169_1024.png?t=xoxe-249239010689-7383763303600-7346417720535-c8977b2d870e66a58192db1f0484baaa",
                "thumb_1024_w": 473,
                "thumb_1024_h": 1024,
                "image_exif_rotation": 1,
                "original_w": 828,
                "original_h": 1792,
                "thumb_tiny": "AwAwABaybeTsy0n2eX+8n61BFfStKAQuCfSrP2g7SeMii5fMw+zv6ij7O3qKqf2jN6J+VH9ozeiflRcXOyGGOQSr8jdfQ1MqOruSGIbOOK06WlYkwfLk\/wCeb\/8AfJo8uT+4\/wD3ya3uKKYEe\/BPH60eb7frTgOSSMfjRuXsRQAK27tTqTnPal5oA\/\/Z",
                "permalink": "https:\/\/swarthmoreultimate.slack.com\/files\/U02D4N75F2Q\/F042JRAE85A\/img_6169.png",
                "permalink_public": "https:\/\/slack-files.com\/T7B710AL9-F042JRAE85A-4afb8c7833",
                "is_starred": false,
                "has_rich_preview": false,
                "file_access": "visible"
            }
        ],
        "upload": false,
        "user": "U02D4N75F2Q",
        "display_as_bot": false,
        "type": "message",
        "ts": "1663216634.219599",
        "client_msg_id": "4588CE30-1E12-4ABA-B765-C288AB75DC2F",
        "reactions": [
            {
                "name": "coachtom",
                "users": [
                    "UNC4W0F96",
                    "U019UV6JV4P",
                    "UN35A0Q7L",
                    "U01ANMM9XRS",
                    "U01AFT4NEPN",
                    "U01A1PNMU6B",
                    "U01BGKQ3NCX",
                    "U0412DQ9S6B"
                ],
                "count": 8
            }
        ]
    }
]