[
    {
        "user": "UCMEELYF9",
        "type": "message",
        "ts": "1648088486.000109",
        "client_msg_id": "EF9DC91B-B56F-433B-B631-6562C7989BB6",
        "text": "Nora is a discord mod",
        "team": "T7B710AL9",
        "user_team": "T7B710AL9",
        "source_team": "T7B710AL9",
        "user_profile": {
            "avatar_hash": "4fd5a65d0bbf",
            "image_72": "https:\/\/avatars.slack-edge.com\/2022-05-01\/3464979741378_4fd5a65d0bbf8c147fd1_72.png",
            "first_name": "frogger",
            "real_name": "frogger",
            "display_name": "frogger",
            "team": "T7B710AL9",
            "name": "kstewar1",
            "is_restricted": false,
            "is_ultra_restricted": false
        },
        "thread_ts": "1648088486.000109",
        "reply_count": 1,
        "reply_users_count": 1,
        "latest_reply": "1648088781.837979",
        "reply_users": [
            "U01DZ0DF0U8"
        ],
        "replies": [
            {
                "user": "U01DZ0DF0U8",
                "ts": "1648088781.837979"
            }
        ],
        "is_locked": false,
        "subscribed": false,
        "blocks": [
            {
                "type": "rich_text",
                "block_id": "5z=i",
                "elements": [
                    {
                        "type": "rich_text_section",
                        "elements": [
                            {
                                "type": "text",
                                "text": "Nora is a discord mod"
                            }
                        ]
                    }
                ]
            }
        ],
        "reactions": [
            {
                "name": "incognito-shane",
                "users": [
                    "U01AFT4NEPN",
                    "UCU52BKEE",
                    "U01A1PNMU6B",
                    "U01ANMM9XRS",
                    "UNCGS8RT2",
                    "UCLD8BFM0",
                    "U019UV6JV4P"
                ],
                "count": 7
            },
            {
                "name": "gamerjon",
                "users": [
                    "UNC4W0F96",
                    "UCU52BKEE",
                    "U01A1PNMU6B",
                    "U01ANMM9XRS",
                    "UNCGS8RT2",
                    "UCVH3M03G",
                    "U019UV6JV4P"
                ],
                "count": 7
            }
        ]
    },
    {
        "user": "U01DZ0DF0U8",
        "type": "message",
        "ts": "1648088781.837979",
        "client_msg_id": "5089857C-E55A-40E4-8E65-A0524BFD824E",
        "text": "FOR $11.33 AN HOUR",
        "team": "T7B710AL9",
        "user_team": "T7B710AL9",
        "source_team": "T7B710AL9",
        "user_profile": {
            "avatar_hash": "6dcfb539f5fa",
            "image_72": "https:\/\/avatars.slack-edge.com\/2023-10-21\/6068777918454_6dcfb539f5facaf9707a_72.png",
            "first_name": "Nora",
            "real_name": "Nora Sweeney",
            "display_name": "Nora",
            "team": "T7B710AL9",
            "name": "nsweene1",
            "is_restricted": false,
            "is_ultra_restricted": false
        },
        "thread_ts": "1648088486.000109",
        "parent_user_id": "UCMEELYF9",
        "blocks": [
            {
                "type": "rich_text",
                "block_id": "JdkG0",
                "elements": [
                    {
                        "type": "rich_text_section",
                        "elements": [
                            {
                                "type": "text",
                                "text": "FOR $11.33 AN HOUR"
                            }
                        ]
                    }
                ]
            }
        ],
        "reactions": [
            {
                "name": "hmm-nora",
                "users": [
                    "U01ANMM9XRS"
                ],
                "count": 1
            }
        ]
    }
]