[
    {
        "user": "U041ACX3QCE",
        "type": "message",
        "ts": "1672526153.295439",
        "client_msg_id": "B0CCD86E-B099-43BD-BED0-33CD5035801D",
        "text": "I feel like it is?? He’s pronouncing it “yer mom”",
        "team": "T7B710AL9",
        "user_team": "T7B710AL9",
        "source_team": "T7B710AL9",
        "user_profile": {
            "avatar_hash": "a0097a80caac",
            "image_72": "https:\/\/avatars.slack-edge.com\/2024-01-05\/6435175573364_a0097a80caac54b01d5f_72.png",
            "first_name": "Miles",
            "real_name": "Miles Fleisher",
            "display_name": "Miles",
            "team": "T7B710AL9",
            "name": "mfleish2",
            "is_restricted": false,
            "is_ultra_restricted": false
        },
        "thread_ts": "1672431555.326679",
        "parent_user_id": "U01AGFZUUSW",
        "blocks": [
            {
                "type": "rich_text",
                "block_id": "II+",
                "elements": [
                    {
                        "type": "rich_text_section",
                        "elements": [
                            {
                                "type": "text",
                                "text": "I feel like it is?? He’s pronouncing it “yer mom”"
                            }
                        ]
                    }
                ]
            }
        ]
    }
]