[
    {
        "text": "there is a chick-fil-a under construction right next to it",
        "files": [
            {
                "id": "F047N3KDDSP",
                "created": 1666390301,
                "timestamp": 1666390301,
                "name": "IMG_0212.jpg",
                "title": "IMG_0212",
                "mimetype": "image\/jpeg",
                "filetype": "jpg",
                "pretty_type": "JPEG",
                "user": "UN12YVARH",
                "user_team": "T7B710AL9",
                "editable": false,
                "size": 1007865,
                "mode": "hosted",
                "is_external": false,
                "external_type": "",
                "is_public": true,
                "public_url_shared": false,
                "display_as_bot": false,
                "username": "",
                "url_private": "https:\/\/files.slack.com\/files-pri\/T7B710AL9-F047N3KDDSP\/img_0212.jpg?t=xoxe-249239010689-7383763303600-7346417720535-c8977b2d870e66a58192db1f0484baaa",
                "url_private_download": "https:\/\/files.slack.com\/files-pri\/T7B710AL9-F047N3KDDSP\/download\/img_0212.jpg?t=xoxe-249239010689-7383763303600-7346417720535-c8977b2d870e66a58192db1f0484baaa",
                "media_display_type": "unknown",
                "thumb_64": "https:\/\/files.slack.com\/files-tmb\/T7B710AL9-F047N3KDDSP-e55e8ac045\/img_0212_64.jpg?t=xoxe-249239010689-7383763303600-7346417720535-c8977b2d870e66a58192db1f0484baaa",
                "thumb_80": "https:\/\/files.slack.com\/files-tmb\/T7B710AL9-F047N3KDDSP-e55e8ac045\/img_0212_80.jpg?t=xoxe-249239010689-7383763303600-7346417720535-c8977b2d870e66a58192db1f0484baaa",
                "thumb_360": "https:\/\/files.slack.com\/files-tmb\/T7B710AL9-F047N3KDDSP-e55e8ac045\/img_0212_360.jpg?t=xoxe-249239010689-7383763303600-7346417720535-c8977b2d870e66a58192db1f0484baaa",
                "thumb_360_w": 360,
                "thumb_360_h": 270,
                "thumb_480": "https:\/\/files.slack.com\/files-tmb\/T7B710AL9-F047N3KDDSP-e55e8ac045\/img_0212_480.jpg?t=xoxe-249239010689-7383763303600-7346417720535-c8977b2d870e66a58192db1f0484baaa",
                "thumb_480_w": 480,
                "thumb_480_h": 360,
                "thumb_160": "https:\/\/files.slack.com\/files-tmb\/T7B710AL9-F047N3KDDSP-e55e8ac045\/img_0212_160.jpg?t=xoxe-249239010689-7383763303600-7346417720535-c8977b2d870e66a58192db1f0484baaa",
                "thumb_720": "https:\/\/files.slack.com\/files-tmb\/T7B710AL9-F047N3KDDSP-e55e8ac045\/img_0212_720.jpg?t=xoxe-249239010689-7383763303600-7346417720535-c8977b2d870e66a58192db1f0484baaa",
                "thumb_720_w": 720,
                "thumb_720_h": 540,
                "thumb_800": "https:\/\/files.slack.com\/files-tmb\/T7B710AL9-F047N3KDDSP-e55e8ac045\/img_0212_800.jpg?t=xoxe-249239010689-7383763303600-7346417720535-c8977b2d870e66a58192db1f0484baaa",
                "thumb_800_w": 800,
                "thumb_800_h": 600,
                "thumb_960": "https:\/\/files.slack.com\/files-tmb\/T7B710AL9-F047N3KDDSP-e55e8ac045\/img_0212_960.jpg?t=xoxe-249239010689-7383763303600-7346417720535-c8977b2d870e66a58192db1f0484baaa",
                "thumb_960_w": 960,
                "thumb_960_h": 720,
                "thumb_1024": "https:\/\/files.slack.com\/files-tmb\/T7B710AL9-F047N3KDDSP-e55e8ac045\/img_0212_1024.jpg?t=xoxe-249239010689-7383763303600-7346417720535-c8977b2d870e66a58192db1f0484baaa",
                "thumb_1024_w": 1024,
                "thumb_1024_h": 768,
                "original_w": 4032,
                "original_h": 3024,
                "thumb_tiny": "AwAkADB0Q4FSBh2B\/Kqks7RqoQc98iovtc397H4UhmqNuzP8RGcU3J7VmfaZT\/y0NNM0h6yN+dMLmuxwvNMbpWZEWMq4JODnrWkTlaTAryKDGSfSmbU2tjGQD296fISI8HHPFMA+WU88jv8AWmIesyrGN0Y4OOKf5gMpBCkY6fhUBjJXlu+TnvxS4AmznqM\/pSGWIZhK2Au3g556089Kq2wKSDJyCOMVaJGKAKOT6mlMjsMMxI96b2oFMQ5WxxtFSqoPOOTUIqdOlADVQJIMVMxOKj\/5arT2pMaP\/9k=",
                "permalink": "https:\/\/swarthmoreultimate.slack.com\/files\/UN12YVARH\/F047N3KDDSP\/img_0212.jpg",
                "permalink_public": "https:\/\/slack-files.com\/T7B710AL9-F047N3KDDSP-2420f9bcfe",
                "is_starred": false,
                "has_rich_preview": false,
                "file_access": "visible"
            }
        ],
        "upload": false,
        "user": "UN12YVARH",
        "display_as_bot": false,
        "blocks": [
            {
                "type": "rich_text",
                "block_id": "Kdq",
                "elements": [
                    {
                        "type": "rich_text_section",
                        "elements": [
                            {
                                "type": "text",
                                "text": "there is a chick-fil-a under "
                            },
                            {
                                "type": "text",
                                "text": "construction"
                            },
                            {
                                "type": "text",
                                "text": " right next to it"
                            }
                        ]
                    }
                ]
            }
        ],
        "type": "message",
        "ts": "1666390331.281539",
        "client_msg_id": "90C65A2E-A90E-438D-B8F6-46F69BF019A7",
        "reactions": [
            {
                "name": "cubimal_chick",
                "users": [
                    "U01AFT4NEPN",
                    "U01ANMM9XRS",
                    "U01A1PNMU6B",
                    "U01A5BQECAK",
                    "U01BGKQ3NCX"
                ],
                "count": 5
            }
        ]
    }
]