[
    {
        "text": "Reserved student digest lost and found section",
        "files": [
            {
                "id": "F04ASPY5JJY",
                "created": 1668361699,
                "timestamp": 1668361699,
                "name": "Screen Shot 2022-11-13 at 12.47.27 PM.jpg",
                "title": "Screen Shot 2022-11-13 at 12.47.27 PM",
                "mimetype": "image\/jpeg",
                "filetype": "jpg",
                "pretty_type": "JPEG",
                "user": "U041VKJ0UBB",
                "user_team": "T7B710AL9",
                "editable": false,
                "size": 17221,
                "mode": "hosted",
                "is_external": false,
                "external_type": "",
                "is_public": true,
                "public_url_shared": false,
                "display_as_bot": false,
                "username": "",
                "url_private": "https:\/\/files.slack.com\/files-pri\/T7B710AL9-F04ASPY5JJY\/screen_shot_2022-11-13_at_12.47.27_pm.jpg?t=xoxe-249239010689-7383763303600-7346417720535-c8977b2d870e66a58192db1f0484baaa",
                "url_private_download": "https:\/\/files.slack.com\/files-pri\/T7B710AL9-F04ASPY5JJY\/download\/screen_shot_2022-11-13_at_12.47.27_pm.jpg?t=xoxe-249239010689-7383763303600-7346417720535-c8977b2d870e66a58192db1f0484baaa",
                "media_display_type": "unknown",
                "thumb_64": "https:\/\/files.slack.com\/files-tmb\/T7B710AL9-F04ASPY5JJY-c6a2ce83d6\/screen_shot_2022-11-13_at_12.47.27_pm_64.jpg?t=xoxe-249239010689-7383763303600-7346417720535-c8977b2d870e66a58192db1f0484baaa",
                "thumb_80": "https:\/\/files.slack.com\/files-tmb\/T7B710AL9-F04ASPY5JJY-c6a2ce83d6\/screen_shot_2022-11-13_at_12.47.27_pm_80.jpg?t=xoxe-249239010689-7383763303600-7346417720535-c8977b2d870e66a58192db1f0484baaa",
                "thumb_360": "https:\/\/files.slack.com\/files-tmb\/T7B710AL9-F04ASPY5JJY-c6a2ce83d6\/screen_shot_2022-11-13_at_12.47.27_pm_360.jpg?t=xoxe-249239010689-7383763303600-7346417720535-c8977b2d870e66a58192db1f0484baaa",
                "thumb_360_w": 360,
                "thumb_360_h": 103,
                "thumb_480": "https:\/\/files.slack.com\/files-tmb\/T7B710AL9-F04ASPY5JJY-c6a2ce83d6\/screen_shot_2022-11-13_at_12.47.27_pm_480.jpg?t=xoxe-249239010689-7383763303600-7346417720535-c8977b2d870e66a58192db1f0484baaa",
                "thumb_480_w": 480,
                "thumb_480_h": 138,
                "thumb_160": "https:\/\/files.slack.com\/files-tmb\/T7B710AL9-F04ASPY5JJY-c6a2ce83d6\/screen_shot_2022-11-13_at_12.47.27_pm_160.jpg?t=xoxe-249239010689-7383763303600-7346417720535-c8977b2d870e66a58192db1f0484baaa",
                "thumb_720": "https:\/\/files.slack.com\/files-tmb\/T7B710AL9-F04ASPY5JJY-c6a2ce83d6\/screen_shot_2022-11-13_at_12.47.27_pm_720.jpg?t=xoxe-249239010689-7383763303600-7346417720535-c8977b2d870e66a58192db1f0484baaa",
                "thumb_720_w": 720,
                "thumb_720_h": 207,
                "original_w": 780,
                "original_h": 224,
                "thumb_tiny": "AwANADDRkYqMggfWo97dC6A4OalIyOpH0pNv+0350AR+Y3Zk\/WpPMXuwo2\/7TfnRt\/2m\/OgBQ6scA0tIFx3J+tLQB\/\/Z",
                "permalink": "https:\/\/swarthmoreultimate.slack.com\/files\/U041VKJ0UBB\/F04ASPY5JJY\/screen_shot_2022-11-13_at_12.47.27_pm.jpg",
                "permalink_public": "https:\/\/slack-files.com\/T7B710AL9-F04ASPY5JJY-de482b4433",
                "is_starred": false,
                "has_rich_preview": false,
                "file_access": "visible"
            }
        ],
        "upload": false,
        "user": "U041VKJ0UBB",
        "display_as_bot": false,
        "blocks": [
            {
                "type": "rich_text",
                "block_id": "78u",
                "elements": [
                    {
                        "type": "rich_text_section",
                        "elements": [
                            {
                                "type": "text",
                                "text": "Reserved student digest lost and found section"
                            }
                        ]
                    }
                ]
            }
        ],
        "type": "message",
        "ts": "1668361973.434049",
        "client_msg_id": "8E9511B3-C2B6-4EAE-A90C-20C8F7BD5FF0",
        "reactions": [
            {
                "name": "cry",
                "users": [
                    "U019UV6JV4P",
                    "U01A1PNMU6B",
                    "U02CH0X3XQE",
                    "U02CV1EHJ1Y",
                    "U01BGKQ3NCX",
                    "UNE9YE50X"
                ],
                "count": 6
            },
            {
                "name": "smile",
                "users": [
                    "U019UV6JV4P",
                    "U01A1PNMU6B",
                    "U02CH0X3XQE",
                    "U02CV1EHJ1Y",
                    "U01BGKQ3NCX",
                    "UNE9YE50X"
                ],
                "count": 6
            }
        ]
    }
]