[
    {
        "user": "U0446E8TCHX",
        "type": "message",
        "ts": "1664155228.288279",
        "client_msg_id": "91AB4DED-9196-4503-B7CD-DB8099A1F9C2",
        "text": "amongus ",
        "team": "T7B710AL9",
        "user_team": "T7B710AL9",
        "source_team": "T7B710AL9",
        "user_profile": {
            "avatar_hash": "330ac6b4ac64",
            "image_72": "https:\/\/avatars.slack-edge.com\/2024-05-02\/7045088340247_330ac6b4ac6470ff2637_72.png",
            "first_name": "joe",
            "real_name": "joe",
            "display_name": "mine shot crafts",
            "team": "T7B710AL9",
            "name": "jaustri1",
            "is_restricted": false,
            "is_ultra_restricted": false
        },
        "blocks": [
            {
                "type": "rich_text",
                "block_id": "xc7Ov",
                "elements": [
                    {
                        "type": "rich_text_section",
                        "elements": [
                            {
                                "type": "text",
                                "text": "amongus "
                            }
                        ]
                    }
                ]
            }
        ],
        "reactions": [
            {
                "name": "thread",
                "users": [
                    "U01AFT4NEPN",
                    "U01A1PNMU6B",
                    "U02D4N75F2Q",
                    "UNEB0TUPQ",
                    "U01BGKQ3NCX"
                ],
                "count": 5
            },
            {
                "name": "yes",
                "users": [
                    "U01AFT4NEPN",
                    "U01ANMM9XRS",
                    "U02CH0X3XQE"
                ],
                "count": 3
            },
            {
                "name": "red-sus",
                "users": [
                    "U01ANMM9XRS",
                    "U01A1PNMU6B",
                    "U02CH0X3XQE"
                ],
                "count": 3
            }
        ]
    },
    {
        "user": "U0446E8TCHX",
        "type": "message",
        "ts": "1664155234.638619",
        "client_msg_id": "B0E3C35E-36F0-4D2C-9034-C1B3F5F01EBD",
        "text": "haha",
        "team": "T7B710AL9",
        "user_team": "T7B710AL9",
        "source_team": "T7B710AL9",
        "user_profile": {
            "avatar_hash": "330ac6b4ac64",
            "image_72": "https:\/\/avatars.slack-edge.com\/2024-05-02\/7045088340247_330ac6b4ac6470ff2637_72.png",
            "first_name": "joe",
            "real_name": "joe",
            "display_name": "mine shot crafts",
            "team": "T7B710AL9",
            "name": "jaustri1",
            "is_restricted": false,
            "is_ultra_restricted": false
        },
        "blocks": [
            {
                "type": "rich_text",
                "block_id": "e8w",
                "elements": [
                    {
                        "type": "rich_text_section",
                        "elements": [
                            {
                                "type": "text",
                                "text": "haha"
                            }
                        ]
                    }
                ]
            }
        ],
        "reactions": [
            {
                "name": "thread",
                "users": [
                    "U01AFT4NEPN",
                    "U01A1PNMU6B",
                    "U02D4N75F2Q",
                    "UNEB0TUPQ",
                    "U01BGKQ3NCX"
                ],
                "count": 5
            }
        ]
    }
]