[
    {
        "user": "U01AFT4NEPN",
        "type": "message",
        "ts": "1666220878.780109",
        "client_msg_id": "5663E4E7-6B92-46C2-94E2-7D708B2C25A2",
        "text": "at some point in his life star was caught watching porn on his kindle fire ",
        "team": "T7B710AL9",
        "user_team": "T7B710AL9",
        "source_team": "T7B710AL9",
        "user_profile": {
            "avatar_hash": "48db12d99e86",
            "image_72": "https:\/\/avatars.slack-edge.com\/2024-04-25\/7009387655319_48db12d99e86f89eb51b_72.png",
            "first_name": "Ryan",
            "real_name": "Ryan Jin",
            "display_name": "Chef",
            "team": "T7B710AL9",
            "name": "rjin1",
            "is_restricted": false,
            "is_ultra_restricted": false
        },
        "blocks": [
            {
                "type": "rich_text",
                "block_id": "vWE",
                "elements": [
                    {
                        "type": "rich_text_section",
                        "elements": [
                            {
                                "type": "text",
                                "text": "at some point in his life star was caught watching "
                            },
                            {
                                "type": "text",
                                "text": "p"
                            },
                            {
                                "type": "text",
                                "text": "orn on his kindle fire "
                            }
                        ]
                    }
                ]
            }
        ],
        "reactions": [
            {
                "name": "alphabet-white-b",
                "users": [
                    "UNCGS8RT2",
                    "U02CV1EHJ1Y",
                    "U01A1PNMU6B",
                    "U02CH0X3XQE",
                    "U01ANMM9XRS",
                    "UNC4W0F96",
                    "UNBLN9SCC",
                    "U041GTDPLTD",
                    "U019UV6JV4P",
                    "U02DA9RUA7M",
                    "U041ACX3QCE",
                    "U01BGKQ3NCX"
                ],
                "count": 12
            },
            {
                "name": "alphabet-white-d",
                "users": [
                    "UNCGS8RT2",
                    "U02CV1EHJ1Y",
                    "U01A1PNMU6B",
                    "U02CH0X3XQE",
                    "U01ANMM9XRS",
                    "UNC4W0F96",
                    "UNBLN9SCC",
                    "U041GTDPLTD",
                    "U019UV6JV4P",
                    "U02DA9RUA7M",
                    "U041ACX3QCE",
                    "U01BGKQ3NCX"
                ],
                "count": 12
            },
            {
                "name": "alphabet-white-s",
                "users": [
                    "UNCGS8RT2",
                    "U02CV1EHJ1Y",
                    "U01A1PNMU6B",
                    "U02CH0X3XQE",
                    "U01ANMM9XRS",
                    "UNC4W0F96",
                    "UNBLN9SCC",
                    "U041GTDPLTD",
                    "U019UV6JV4P",
                    "U02DA9RUA7M",
                    "U041ACX3QCE",
                    "U01BGKQ3NCX"
                ],
                "count": 12
            },
            {
                "name": "alphabet-white-m",
                "users": [
                    "UNCGS8RT2",
                    "U02CV1EHJ1Y",
                    "U01A1PNMU6B",
                    "U02CH0X3XQE",
                    "U01ANMM9XRS",
                    "UNC4W0F96",
                    "UNBLN9SCC",
                    "U041GTDPLTD",
                    "U019UV6JV4P",
                    "U02DA9RUA7M",
                    "U041ACX3QCE",
                    "U01BGKQ3NCX"
                ],
                "count": 12
            }
        ]
    }
]