[
    {
        "text": "",
        "files": [
            {
                "id": "F047P54G0GP",
                "created": 1666752615,
                "timestamp": 1666752615,
                "name": "IMG_3440.jpg",
                "title": "IMG_3440",
                "mimetype": "image\/jpeg",
                "filetype": "jpg",
                "pretty_type": "JPEG",
                "user": "U042UB7979S",
                "user_team": "T7B710AL9",
                "editable": false,
                "size": 2622145,
                "mode": "hosted",
                "is_external": false,
                "external_type": "",
                "is_public": true,
                "public_url_shared": false,
                "display_as_bot": false,
                "username": "",
                "subtype": "slack_image",
                "url_private": "https:\/\/files.slack.com\/files-pri\/T7B710AL9-F047P54G0GP\/img_3440.jpg?t=xoxe-249239010689-7383763303600-7346417720535-c8977b2d870e66a58192db1f0484baaa",
                "url_private_download": "https:\/\/files.slack.com\/files-pri\/T7B710AL9-F047P54G0GP\/download\/img_3440.jpg?t=xoxe-249239010689-7383763303600-7346417720535-c8977b2d870e66a58192db1f0484baaa",
                "media_display_type": "unknown",
                "thumb_64": "https:\/\/files.slack.com\/files-tmb\/T7B710AL9-F047P54G0GP-304aaccb22\/img_3440_64.jpg?t=xoxe-249239010689-7383763303600-7346417720535-c8977b2d870e66a58192db1f0484baaa",
                "thumb_80": "https:\/\/files.slack.com\/files-tmb\/T7B710AL9-F047P54G0GP-304aaccb22\/img_3440_80.jpg?t=xoxe-249239010689-7383763303600-7346417720535-c8977b2d870e66a58192db1f0484baaa",
                "thumb_360": "https:\/\/files.slack.com\/files-tmb\/T7B710AL9-F047P54G0GP-304aaccb22\/img_3440_360.jpg?t=xoxe-249239010689-7383763303600-7346417720535-c8977b2d870e66a58192db1f0484baaa",
                "thumb_360_w": 360,
                "thumb_360_h": 270,
                "thumb_480": "https:\/\/files.slack.com\/files-tmb\/T7B710AL9-F047P54G0GP-304aaccb22\/img_3440_480.jpg?t=xoxe-249239010689-7383763303600-7346417720535-c8977b2d870e66a58192db1f0484baaa",
                "thumb_480_w": 480,
                "thumb_480_h": 360,
                "thumb_160": "https:\/\/files.slack.com\/files-tmb\/T7B710AL9-F047P54G0GP-304aaccb22\/img_3440_160.jpg?t=xoxe-249239010689-7383763303600-7346417720535-c8977b2d870e66a58192db1f0484baaa",
                "thumb_720": "https:\/\/files.slack.com\/files-tmb\/T7B710AL9-F047P54G0GP-304aaccb22\/img_3440_720.jpg?t=xoxe-249239010689-7383763303600-7346417720535-c8977b2d870e66a58192db1f0484baaa",
                "thumb_720_w": 720,
                "thumb_720_h": 540,
                "thumb_800": "https:\/\/files.slack.com\/files-tmb\/T7B710AL9-F047P54G0GP-304aaccb22\/img_3440_800.jpg?t=xoxe-249239010689-7383763303600-7346417720535-c8977b2d870e66a58192db1f0484baaa",
                "thumb_800_w": 800,
                "thumb_800_h": 600,
                "thumb_960": "https:\/\/files.slack.com\/files-tmb\/T7B710AL9-F047P54G0GP-304aaccb22\/img_3440_960.jpg?t=xoxe-249239010689-7383763303600-7346417720535-c8977b2d870e66a58192db1f0484baaa",
                "thumb_960_w": 960,
                "thumb_960_h": 720,
                "thumb_1024": "https:\/\/files.slack.com\/files-tmb\/T7B710AL9-F047P54G0GP-304aaccb22\/img_3440_1024.jpg?t=xoxe-249239010689-7383763303600-7346417720535-c8977b2d870e66a58192db1f0484baaa",
                "thumb_1024_w": 1024,
                "thumb_1024_h": 768,
                "original_w": 4032,
                "original_h": 3024,
                "thumb_tiny": "AwAkADC1jnvS4+tJnpR+H6f\/AFqAF2\/WkK\/5x\/8AWpSeP8\/4UwsKAEOP7o\/Km8c4GKCw9qbnikMeOQDSgCo0dQOSOKeJox3H4UCFzjoBSFj6D8qQ3Cds0w3APb8zQA4sf8im5OOaha656AfjUbXWQcEZ+lAETTuBjimea\/rikfrTaYDi7H+I0lJRQAU9FB60ypI+hpMaP\/\/Z",
                "permalink": "https:\/\/swarthmoreultimate.slack.com\/files\/U042UB7979S\/F047P54G0GP\/img_3440.jpg",
                "permalink_public": "https:\/\/slack-files.com\/T7B710AL9-F047P54G0GP-153d6ab10b",
                "is_starred": false,
                "has_rich_preview": false,
                "file_access": "visible"
            }
        ],
        "upload": false,
        "user": "U042UB7979S",
        "display_as_bot": false,
        "type": "message",
        "ts": "1666752622.573029",
        "client_msg_id": "8FC66691-FDF7-4643-B862-2A226FF7D256"
    },
    {
        "user": "U042UB7979S",
        "type": "message",
        "ts": "1666752622.839779",
        "client_msg_id": "C92D4F0C-52A3-4D47-A9F9-D9A711F003FC",
        "text": "Ummm…thanks for telling me?",
        "team": "T7B710AL9",
        "user_team": "T7B710AL9",
        "source_team": "T7B710AL9",
        "user_profile": {
            "avatar_hash": "ga322a58f3c3",
            "image_72": "https:\/\/secure.gravatar.com\/avatar\/a322a58f3c339e4ea572b7c6a0b4af84.jpg?s=72&d=https%3A%2F%2Fa.slack-edge.com%2Fdf10d%2Fimg%2Favatars%2Fava_0024-72.png",
            "first_name": "Elena",
            "real_name": "Elena",
            "display_name": "",
            "team": "T7B710AL9",
            "name": "elee8",
            "is_restricted": false,
            "is_ultra_restricted": false
        },
        "blocks": [
            {
                "type": "rich_text",
                "block_id": "YFEB",
                "elements": [
                    {
                        "type": "rich_text_section",
                        "elements": [
                            {
                                "type": "text",
                                "text": "Ummm"
                            },
                            {
                                "type": "text",
                                "text": "…"
                            },
                            {
                                "type": "text",
                                "text": "thanks for telling me?"
                            }
                        ]
                    }
                ]
            }
        ],
        "reactions": [
            {
                "name": "alphabet-yellow-y",
                "users": [
                    "U0421MC7G65",
                    "U01ANMM9XRS",
                    "U01BGKQ3NCX"
                ],
                "count": 3
            },
            {
                "name": "alphabet-yellow-u",
                "users": [
                    "U0421MC7G65",
                    "U019UV6JV4P",
                    "U01ANMM9XRS",
                    "U01BGKQ3NCX"
                ],
                "count": 4
            },
            {
                "name": "alphabet-yellow-m",
                "users": [
                    "U0421MC7G65",
                    "U01ANMM9XRS",
                    "U01BGKQ3NCX"
                ],
                "count": 3
            },
            {
                "name": "alphabet-white-t",
                "users": [
                    "UNC4W0F96",
                    "U019UV6JV4P",
                    "U01ANMM9XRS"
                ],
                "count": 3
            }
        ]
    }
]