[
    {
        "text": "",
        "files": [
            {
                "id": "F03H246FEDQ",
                "created": 1653541936,
                "timestamp": 1653541936,
                "name": "Image from iOS.jpg",
                "title": "Image from iOS",
                "mimetype": "image\/jpeg",
                "filetype": "jpg",
                "pretty_type": "JPEG",
                "user": "UCMEELYF9",
                "user_team": "T7B710AL9",
                "editable": false,
                "size": 1477270,
                "mode": "hosted",
                "is_external": false,
                "external_type": "",
                "is_public": true,
                "public_url_shared": false,
                "display_as_bot": false,
                "username": "",
                "url_private": "https:\/\/files.slack.com\/files-pri\/T7B710AL9-F03H246FEDQ\/image_from_ios.jpg?t=xoxe-249239010689-7383763303600-7346417720535-c8977b2d870e66a58192db1f0484baaa",
                "url_private_download": "https:\/\/files.slack.com\/files-pri\/T7B710AL9-F03H246FEDQ\/download\/image_from_ios.jpg?t=xoxe-249239010689-7383763303600-7346417720535-c8977b2d870e66a58192db1f0484baaa",
                "media_display_type": "unknown",
                "thumb_64": "https:\/\/files.slack.com\/files-tmb\/T7B710AL9-F03H246FEDQ-b508a986a7\/image_from_ios_64.jpg?t=xoxe-249239010689-7383763303600-7346417720535-c8977b2d870e66a58192db1f0484baaa",
                "thumb_80": "https:\/\/files.slack.com\/files-tmb\/T7B710AL9-F03H246FEDQ-b508a986a7\/image_from_ios_80.jpg?t=xoxe-249239010689-7383763303600-7346417720535-c8977b2d870e66a58192db1f0484baaa",
                "thumb_360": "https:\/\/files.slack.com\/files-tmb\/T7B710AL9-F03H246FEDQ-b508a986a7\/image_from_ios_360.jpg?t=xoxe-249239010689-7383763303600-7346417720535-c8977b2d870e66a58192db1f0484baaa",
                "thumb_360_w": 270,
                "thumb_360_h": 360,
                "thumb_480": "https:\/\/files.slack.com\/files-tmb\/T7B710AL9-F03H246FEDQ-b508a986a7\/image_from_ios_480.jpg?t=xoxe-249239010689-7383763303600-7346417720535-c8977b2d870e66a58192db1f0484baaa",
                "thumb_480_w": 360,
                "thumb_480_h": 480,
                "thumb_160": "https:\/\/files.slack.com\/files-tmb\/T7B710AL9-F03H246FEDQ-b508a986a7\/image_from_ios_160.jpg?t=xoxe-249239010689-7383763303600-7346417720535-c8977b2d870e66a58192db1f0484baaa",
                "thumb_720": "https:\/\/files.slack.com\/files-tmb\/T7B710AL9-F03H246FEDQ-b508a986a7\/image_from_ios_720.jpg?t=xoxe-249239010689-7383763303600-7346417720535-c8977b2d870e66a58192db1f0484baaa",
                "thumb_720_w": 540,
                "thumb_720_h": 720,
                "thumb_800": "https:\/\/files.slack.com\/files-tmb\/T7B710AL9-F03H246FEDQ-b508a986a7\/image_from_ios_800.jpg?t=xoxe-249239010689-7383763303600-7346417720535-c8977b2d870e66a58192db1f0484baaa",
                "thumb_800_w": 800,
                "thumb_800_h": 1067,
                "thumb_960": "https:\/\/files.slack.com\/files-tmb\/T7B710AL9-F03H246FEDQ-b508a986a7\/image_from_ios_960.jpg?t=xoxe-249239010689-7383763303600-7346417720535-c8977b2d870e66a58192db1f0484baaa",
                "thumb_960_w": 720,
                "thumb_960_h": 960,
                "thumb_1024": "https:\/\/files.slack.com\/files-tmb\/T7B710AL9-F03H246FEDQ-b508a986a7\/image_from_ios_1024.jpg?t=xoxe-249239010689-7383763303600-7346417720535-c8977b2d870e66a58192db1f0484baaa",
                "thumb_1024_w": 768,
                "thumb_1024_h": 1024,
                "original_w": 3024,
                "original_h": 4032,
                "thumb_tiny": "AwAwACSFgAo+WkABONuDQSTH15p6yOPuED1zUXNuRNaDCdqsNgx60qk7c4xj3p8skhQ8qRipEZimS65PrincnkZCpcjI3EfWl\/eejfnSEMrHa+e\/FJmT+8fypktWLAiAOSKYwCsR6irWzPeq8yfvB0PHc96TKiyKQDZjjJ44FKSAB6dKChZhgDGe1OaPgBiAPQ0lcpyRCAWydoP4UbT\/AHR+VXIkBT5RuHrmn+X\/ALA\/OqMhplP93b\/vnH6CmB1DckE9eRiqymSRiM7R7U5EMcuQu7IwQaTl2Cw+WUjAQYB9sVC+5sfyq4+Gxvx+FIcFCU4K9RQr9Rlcbu1Ll6PNEfy7QaPtA\/uigR\/\/2Q==",
                "permalink": "https:\/\/swarthmoreultimate.slack.com\/files\/UCMEELYF9\/F03H246FEDQ\/image_from_ios.jpg",
                "permalink_public": "https:\/\/slack-files.com\/T7B710AL9-F03H246FEDQ-8959360515",
                "is_starred": false,
                "has_rich_preview": false,
                "file_access": "visible"
            }
        ],
        "upload": false,
        "user": "UCMEELYF9",
        "display_as_bot": false,
        "type": "message",
        "ts": "1653541959.079269",
        "client_msg_id": "5D274573-2456-464B-84F1-211098C9FDA7",
        "thread_ts": "1653541959.079269",
        "reply_count": 3,
        "reply_users_count": 2,
        "latest_reply": "1653569274.333109",
        "reply_users": [
            "U01ANMM9XRS",
            "UNE9YE50X"
        ],
        "replies": [
            {
                "user": "U01ANMM9XRS",
                "ts": "1653549214.094259"
            },
            {
                "user": "U01ANMM9XRS",
                "ts": "1653549227.521619"
            },
            {
                "user": "UNE9YE50X",
                "ts": "1653569274.333109"
            }
        ],
        "is_locked": false,
        "subscribed": false,
        "reactions": [
            {
                "name": "alphabet-white-p",
                "users": [
                    "U02D4N75F2Q",
                    "UQCAL163W",
                    "UCU27FNLT",
                    "UD7R9NDNK",
                    "U01A1PNMU6B",
                    "U019UV6JV4P",
                    "UCKMFGMMW",
                    "UNCGS8RT2",
                    "UNBLN9SCC",
                    "U01ANMM9XRS",
                    "U01BGKQ3NCX",
                    "UNE9YE50X",
                    "U01AFT4NEPN",
                    "U032E82D4DA",
                    "U01AGFZUUSW",
                    "UCLD8BFM0",
                    "U02DA9RUA7M",
                    "U01A5BQECAK"
                ],
                "count": 18
            },
            {
                "name": "alphabet-white-o",
                "users": [
                    "U02D4N75F2Q",
                    "UQCAL163W",
                    "UCU27FNLT",
                    "UD7R9NDNK",
                    "U01A1PNMU6B",
                    "U019UV6JV4P",
                    "UCKMFGMMW",
                    "UNCGS8RT2",
                    "UNBLN9SCC",
                    "U01ANMM9XRS",
                    "U01BGKQ3NCX",
                    "UNE9YE50X",
                    "U01AFT4NEPN",
                    "U032E82D4DA",
                    "U01AGFZUUSW",
                    "UCLD8BFM0",
                    "U02DA9RUA7M",
                    "U01A5BQECAK"
                ],
                "count": 18
            },
            {
                "name": "alphabet-white-g",
                "users": [
                    "U02D4N75F2Q",
                    "UQCAL163W",
                    "UCU27FNLT",
                    "UD7R9NDNK",
                    "U01A1PNMU6B",
                    "U019UV6JV4P",
                    "UCKMFGMMW",
                    "UNCGS8RT2",
                    "UNBLN9SCC",
                    "U01ANMM9XRS",
                    "U01BGKQ3NCX",
                    "UNE9YE50X",
                    "U01AFT4NEPN",
                    "U032E82D4DA",
                    "U01AGFZUUSW",
                    "UCLD8BFM0",
                    "U02DA9RUA7M",
                    "U01A5BQECAK"
                ],
                "count": 18
            },
            {
                "name": "mateopog",
                "users": [
                    "UCVH3M03G",
                    "UNCGS8RT2",
                    "UNBLN9SCC",
                    "U01ANMM9XRS",
                    "U01BGKQ3NCX",
                    "U032E82D4DA",
                    "U02DA9RUA7M",
                    "U01AFT4NEPN"
                ],
                "count": 8
            }
        ]
    }
]