[
    {
        "text": "Found in one of the McCabe study rooms with 6 cigarettes still in it.",
        "files": [
            {
                "id": "F04BH06QX0C",
                "created": 1668701686,
                "timestamp": 1668701686,
                "name": "IMG_1616.jpg",
                "title": "IMG_1616",
                "mimetype": "image\/jpeg",
                "filetype": "jpg",
                "pretty_type": "JPEG",
                "user": "UNBLN9SCC",
                "user_team": "T7B710AL9",
                "editable": false,
                "size": 590068,
                "mode": "hosted",
                "is_external": false,
                "external_type": "",
                "is_public": true,
                "public_url_shared": false,
                "display_as_bot": false,
                "username": "",
                "subtype": "slack_image",
                "url_private": "https:\/\/files.slack.com\/files-pri\/T7B710AL9-F04BH06QX0C\/img_1616.jpg?t=xoxe-249239010689-7383763303600-7346417720535-c8977b2d870e66a58192db1f0484baaa",
                "url_private_download": "https:\/\/files.slack.com\/files-pri\/T7B710AL9-F04BH06QX0C\/download\/img_1616.jpg?t=xoxe-249239010689-7383763303600-7346417720535-c8977b2d870e66a58192db1f0484baaa",
                "media_display_type": "unknown",
                "thumb_64": "https:\/\/files.slack.com\/files-tmb\/T7B710AL9-F04BH06QX0C-7195cfe10b\/img_1616_64.jpg?t=xoxe-249239010689-7383763303600-7346417720535-c8977b2d870e66a58192db1f0484baaa",
                "thumb_80": "https:\/\/files.slack.com\/files-tmb\/T7B710AL9-F04BH06QX0C-7195cfe10b\/img_1616_80.jpg?t=xoxe-249239010689-7383763303600-7346417720535-c8977b2d870e66a58192db1f0484baaa",
                "thumb_360": "https:\/\/files.slack.com\/files-tmb\/T7B710AL9-F04BH06QX0C-7195cfe10b\/img_1616_360.jpg?t=xoxe-249239010689-7383763303600-7346417720535-c8977b2d870e66a58192db1f0484baaa",
                "thumb_360_w": 270,
                "thumb_360_h": 360,
                "thumb_480": "https:\/\/files.slack.com\/files-tmb\/T7B710AL9-F04BH06QX0C-7195cfe10b\/img_1616_480.jpg?t=xoxe-249239010689-7383763303600-7346417720535-c8977b2d870e66a58192db1f0484baaa",
                "thumb_480_w": 360,
                "thumb_480_h": 480,
                "thumb_160": "https:\/\/files.slack.com\/files-tmb\/T7B710AL9-F04BH06QX0C-7195cfe10b\/img_1616_160.jpg?t=xoxe-249239010689-7383763303600-7346417720535-c8977b2d870e66a58192db1f0484baaa",
                "thumb_720": "https:\/\/files.slack.com\/files-tmb\/T7B710AL9-F04BH06QX0C-7195cfe10b\/img_1616_720.jpg?t=xoxe-249239010689-7383763303600-7346417720535-c8977b2d870e66a58192db1f0484baaa",
                "thumb_720_w": 540,
                "thumb_720_h": 720,
                "thumb_800": "https:\/\/files.slack.com\/files-tmb\/T7B710AL9-F04BH06QX0C-7195cfe10b\/img_1616_800.jpg?t=xoxe-249239010689-7383763303600-7346417720535-c8977b2d870e66a58192db1f0484baaa",
                "thumb_800_w": 800,
                "thumb_800_h": 1067,
                "thumb_960": "https:\/\/files.slack.com\/files-tmb\/T7B710AL9-F04BH06QX0C-7195cfe10b\/img_1616_960.jpg?t=xoxe-249239010689-7383763303600-7346417720535-c8977b2d870e66a58192db1f0484baaa",
                "thumb_960_w": 720,
                "thumb_960_h": 960,
                "thumb_1024": "https:\/\/files.slack.com\/files-tmb\/T7B710AL9-F04BH06QX0C-7195cfe10b\/img_1616_1024.jpg?t=xoxe-249239010689-7383763303600-7346417720535-c8977b2d870e66a58192db1f0484baaa",
                "thumb_1024_w": 768,
                "thumb_1024_h": 1024,
                "original_w": 3024,
                "original_h": 4032,
                "thumb_tiny": "AwAwACS1RinVWa6AOChHOATQBPimsKjW4LMP3Z2561K1ADKKKKAJc1CkiO5C53fxccUu6kUKAVHGeTSGJI6xyDIbJ4BxxUjUxQpjHce9KetABRSUUxEe6m4Vjknn61HupyEZpASqsYwc8j3qQ01cU6mAlFLRQB\/\/2Q==",
                "permalink": "https:\/\/swarthmoreultimate.slack.com\/files\/UNBLN9SCC\/F04BH06QX0C\/img_1616.jpg",
                "permalink_public": "https:\/\/slack-files.com\/T7B710AL9-F04BH06QX0C-a67fe23611",
                "is_starred": false,
                "has_rich_preview": false,
                "file_access": "visible"
            }
        ],
        "upload": false,
        "user": "UNBLN9SCC",
        "display_as_bot": false,
        "blocks": [
            {
                "type": "rich_text",
                "block_id": "0u\/Dq",
                "elements": [
                    {
                        "type": "rich_text_section",
                        "elements": [
                            {
                                "type": "text",
                                "text": "Found in one of the McCabe study rooms with 6 cigarettes still in it."
                            }
                        ]
                    }
                ]
            }
        ],
        "type": "message",
        "ts": "1668701712.581089",
        "client_msg_id": "F8EA5192-9158-4C0D-B0C6-03F0DA7399F7",
        "reactions": [
            {
                "name": "shitmyselfshane",
                "users": [
                    "U019UV6JV4P",
                    "U01A1PNMU6B",
                    "U01AFT4NEPN",
                    "U01ANMM9XRS",
                    "U02CV1EHJ1Y",
                    "UNC4W0F96",
                    "UN35A0Q7L",
                    "U02CH0X3XQE",
                    "UCVH3M03G",
                    "U01BGKQ3NCX"
                ],
                "count": 10
            }
        ]
    },
    {
        "user": "UN35A0Q7L",
        "type": "message",
        "ts": "1668711499.888849",
        "client_msg_id": "D8820161-6658-457F-8BA1-FE536FE21534",
        "text": "I’m sitting outside a professors office and he just unironically used the word “embiggen” during office hours",
        "team": "T7B710AL9",
        "user_team": "T7B710AL9",
        "source_team": "T7B710AL9",
        "user_profile": {
            "avatar_hash": "2186e77394a8",
            "image_72": "https:\/\/avatars.slack-edge.com\/2023-03-20\/4966805674135_2186e77394a8fa1d03c6_72.png",
            "first_name": "Jonathan",
            "real_name": "Jonathan Lehr",
            "display_name": "Lord Jonnis",
            "team": "T7B710AL9",
            "name": "jlehr1",
            "is_restricted": false,
            "is_ultra_restricted": false
        },
        "thread_ts": "1668711499.888849",
        "reply_count": 2,
        "reply_users_count": 2,
        "latest_reply": "1668718636.886159",
        "reply_users": [
            "U0421MC7G65",
            "UN35A0Q7L"
        ],
        "replies": [
            {
                "user": "U0421MC7G65",
                "ts": "1668713812.160969"
            },
            {
                "user": "UN35A0Q7L",
                "ts": "1668718636.886159"
            }
        ],
        "is_locked": false,
        "subscribed": false,
        "blocks": [
            {
                "type": "rich_text",
                "block_id": "YMFVC",
                "elements": [
                    {
                        "type": "rich_text_section",
                        "elements": [
                            {
                                "type": "text",
                                "text": "I’m sitting outside a professors office and he just unironically used the word “embiggen” during office hours"
                            }
                        ]
                    }
                ]
            }
        ],
        "reactions": [
            {
                "name": "200iq",
                "users": [
                    "UCVH3M03G",
                    "UNBLN9SCC",
                    "U01ANMM9XRS",
                    "U01AFT4NEPN",
                    "U01BGKQ3NCX",
                    "U041VKJ0UBB",
                    "U042TKFF6UT"
                ],
                "count": 7
            }
        ]
    },
    {
        "user": "U0421MC7G65",
        "type": "message",
        "ts": "1668713812.160969",
        "client_msg_id": "6738abd2-4ae0-4558-b590-cb45837fff01",
        "text": "Like \"make big\" or...?",
        "team": "T7B710AL9",
        "user_team": "T7B710AL9",
        "source_team": "T7B710AL9",
        "user_profile": {
            "avatar_hash": "6689fa6fe4ca",
            "image_72": "https:\/\/avatars.slack-edge.com\/2022-11-09\/4342578550534_6689fa6fe4ca0ff34d55_72.jpg",
            "first_name": "Mirabai",
            "real_name": "Mirabai Smoot",
            "display_name": "mirabai",
            "team": "T7B710AL9",
            "name": "msmoot28",
            "is_restricted": false,
            "is_ultra_restricted": false
        },
        "thread_ts": "1668711499.888849",
        "parent_user_id": "UN35A0Q7L",
        "blocks": [
            {
                "type": "rich_text",
                "block_id": "67A",
                "elements": [
                    {
                        "type": "rich_text_section",
                        "elements": [
                            {
                                "type": "text",
                                "text": "Like \"make big\" or...?"
                            }
                        ]
                    }
                ]
            }
        ],
        "reactions": [
            {
                "name": "ok_hand",
                "users": [
                    "U01BGKQ3NCX"
                ],
                "count": 1
            }
        ]
    },
    {
        "text": ":what-the-fracc: during lab:",
        "files": [
            {
                "id": "F04BURS6F25",
                "created": 1668717558,
                "timestamp": 1668717558,
                "name": "IMG_0008.png",
                "title": "IMG_0008",
                "mimetype": "image\/png",
                "filetype": "png",
                "pretty_type": "PNG",
                "user": "U01A1PNMU6B",
                "user_team": "T7B710AL9",
                "editable": false,
                "size": 459219,
                "mode": "hosted",
                "is_external": false,
                "external_type": "",
                "is_public": true,
                "public_url_shared": false,
                "display_as_bot": false,
                "username": "",
                "url_private": "https:\/\/files.slack.com\/files-pri\/T7B710AL9-F04BURS6F25\/img_0008.png?t=xoxe-249239010689-7383763303600-7346417720535-c8977b2d870e66a58192db1f0484baaa",
                "url_private_download": "https:\/\/files.slack.com\/files-pri\/T7B710AL9-F04BURS6F25\/download\/img_0008.png?t=xoxe-249239010689-7383763303600-7346417720535-c8977b2d870e66a58192db1f0484baaa",
                "media_display_type": "unknown",
                "thumb_64": "https:\/\/files.slack.com\/files-tmb\/T7B710AL9-F04BURS6F25-9278f37ecb\/img_0008_64.png?t=xoxe-249239010689-7383763303600-7346417720535-c8977b2d870e66a58192db1f0484baaa",
                "thumb_80": "https:\/\/files.slack.com\/files-tmb\/T7B710AL9-F04BURS6F25-9278f37ecb\/img_0008_80.png?t=xoxe-249239010689-7383763303600-7346417720535-c8977b2d870e66a58192db1f0484baaa",
                "thumb_360": "https:\/\/files.slack.com\/files-tmb\/T7B710AL9-F04BURS6F25-9278f37ecb\/img_0008_360.png?t=xoxe-249239010689-7383763303600-7346417720535-c8977b2d870e66a58192db1f0484baaa",
                "thumb_360_w": 360,
                "thumb_360_h": 250,
                "thumb_480": "https:\/\/files.slack.com\/files-tmb\/T7B710AL9-F04BURS6F25-9278f37ecb\/img_0008_480.png?t=xoxe-249239010689-7383763303600-7346417720535-c8977b2d870e66a58192db1f0484baaa",
                "thumb_480_w": 480,
                "thumb_480_h": 334,
                "thumb_160": "https:\/\/files.slack.com\/files-tmb\/T7B710AL9-F04BURS6F25-9278f37ecb\/img_0008_160.png?t=xoxe-249239010689-7383763303600-7346417720535-c8977b2d870e66a58192db1f0484baaa",
                "thumb_720": "https:\/\/files.slack.com\/files-tmb\/T7B710AL9-F04BURS6F25-9278f37ecb\/img_0008_720.png?t=xoxe-249239010689-7383763303600-7346417720535-c8977b2d870e66a58192db1f0484baaa",
                "thumb_720_w": 720,
                "thumb_720_h": 500,
                "thumb_800": "https:\/\/files.slack.com\/files-tmb\/T7B710AL9-F04BURS6F25-9278f37ecb\/img_0008_800.png?t=xoxe-249239010689-7383763303600-7346417720535-c8977b2d870e66a58192db1f0484baaa",
                "thumb_800_w": 800,
                "thumb_800_h": 556,
                "thumb_960": "https:\/\/files.slack.com\/files-tmb\/T7B710AL9-F04BURS6F25-9278f37ecb\/img_0008_960.png?t=xoxe-249239010689-7383763303600-7346417720535-c8977b2d870e66a58192db1f0484baaa",
                "thumb_960_w": 960,
                "thumb_960_h": 667,
                "thumb_1024": "https:\/\/files.slack.com\/files-tmb\/T7B710AL9-F04BURS6F25-9278f37ecb\/img_0008_1024.png?t=xoxe-249239010689-7383763303600-7346417720535-c8977b2d870e66a58192db1f0484baaa",
                "thumb_1024_w": 1024,
                "thumb_1024_h": 712,
                "image_exif_rotation": 1,
                "original_w": 2360,
                "original_h": 1640,
                "thumb_tiny": "AwAhADBn2Wf\/AJ5n8xSfZJ\/+eZ\/MVqbxkDB5pQc0XAy\/sk\/\/ADz\/AJUfZJ\/+eZ\/StWmbgSMHrRcDM+yT\/wDPM\/mKX7LP2jP5itNenXNOouAwltw+WgE7+nGKd83qPyoAxSAa24HCr+NIqEjkipKKAEHQUtFFABRRRQBA\/wB80J98UP8AfNCffFAE9FFFAH\/\/2Q==",
                "permalink": "https:\/\/swarthmoreultimate.slack.com\/files\/U01A1PNMU6B\/F04BURS6F25\/img_0008.png",
                "permalink_public": "https:\/\/slack-files.com\/T7B710AL9-F04BURS6F25-8b92d4dfe6",
                "is_starred": false,
                "has_rich_preview": false,
                "file_access": "visible"
            }
        ],
        "upload": false,
        "user": "U01A1PNMU6B",
        "display_as_bot": false,
        "blocks": [
            {
                "type": "rich_text",
                "block_id": "Z0j8k",
                "elements": [
                    {
                        "type": "rich_text_section",
                        "elements": [
                            {
                                "type": "emoji",
                                "name": "what-the-fracc"
                            },
                            {
                                "type": "text",
                                "text": " during lab:"
                            }
                        ]
                    }
                ]
            }
        ],
        "type": "message",
        "ts": "1668717598.985389",
        "client_msg_id": "DE1422B0-91E0-4F6D-A429-A8638DBE02F2",
        "reactions": [
            {
                "name": "sunrise_over_mountains",
                "users": [
                    "U01ANMM9XRS",
                    "U01BGKQ3NCX",
                    "U019UV6JV4P",
                    "U041VKJ0UBB"
                ],
                "count": 4
            },
            {
                "name": "wolf",
                "users": [
                    "U01ANMM9XRS",
                    "U01BGKQ3NCX",
                    "U019UV6JV4P",
                    "U041VKJ0UBB"
                ],
                "count": 4
            },
            {
                "name": "deciduous_tree",
                "users": [
                    "U01ANMM9XRS",
                    "U01BGKQ3NCX",
                    "U019UV6JV4P",
                    "U041VKJ0UBB"
                ],
                "count": 4
            },
            {
                "name": "beast-boy-4",
                "users": [
                    "U01ANMM9XRS",
                    "U01BGKQ3NCX",
                    "U019UV6JV4P",
                    "U041VKJ0UBB"
                ],
                "count": 4
            },
            {
                "name": "wisetree",
                "users": [
                    "U01A1PNMU6B",
                    "U01ANMM9XRS",
                    "U01BGKQ3NCX",
                    "U019UV6JV4P",
                    "U041VKJ0UBB"
                ],
                "count": 5
            }
        ]
    },
    {
        "user": "UN35A0Q7L",
        "type": "message",
        "ts": "1668718636.886159",
        "client_msg_id": "9C39CC28-27F3-400F-B39D-2AC64EB6686A",
        "text": "Yes",
        "team": "T7B710AL9",
        "user_team": "T7B710AL9",
        "source_team": "T7B710AL9",
        "user_profile": {
            "avatar_hash": "2186e77394a8",
            "image_72": "https:\/\/avatars.slack-edge.com\/2023-03-20\/4966805674135_2186e77394a8fa1d03c6_72.png",
            "first_name": "Jonathan",
            "real_name": "Jonathan Lehr",
            "display_name": "Lord Jonnis",
            "team": "T7B710AL9",
            "name": "jlehr1",
            "is_restricted": false,
            "is_ultra_restricted": false
        },
        "thread_ts": "1668711499.888849",
        "parent_user_id": "UN35A0Q7L",
        "blocks": [
            {
                "type": "rich_text",
                "block_id": "W9f",
                "elements": [
                    {
                        "type": "rich_text_section",
                        "elements": [
                            {
                                "type": "text",
                                "text": "Yes"
                            }
                        ]
                    }
                ]
            }
        ]
    },
    {
        "text": "Swab’s “Chicken piccata tostada meat-lovers Pizza-Sandwich”",
        "files": [
            {
                "id": "F04BAHV8E7Q",
                "created": 1668730740,
                "timestamp": 1668730740,
                "name": "IMG_8335.jpg",
                "title": "IMG_8335",
                "mimetype": "image\/jpeg",
                "filetype": "jpg",
                "pretty_type": "JPEG",
                "user": "U02CH0X3XQE",
                "user_team": "T7B710AL9",
                "editable": false,
                "size": 1131217,
                "mode": "hosted",
                "is_external": false,
                "external_type": "",
                "is_public": true,
                "public_url_shared": false,
                "display_as_bot": false,
                "username": "",
                "url_private": "https:\/\/files.slack.com\/files-pri\/T7B710AL9-F04BAHV8E7Q\/img_8335.jpg?t=xoxe-249239010689-7383763303600-7346417720535-c8977b2d870e66a58192db1f0484baaa",
                "url_private_download": "https:\/\/files.slack.com\/files-pri\/T7B710AL9-F04BAHV8E7Q\/download\/img_8335.jpg?t=xoxe-249239010689-7383763303600-7346417720535-c8977b2d870e66a58192db1f0484baaa",
                "media_display_type": "unknown",
                "thumb_64": "https:\/\/files.slack.com\/files-tmb\/T7B710AL9-F04BAHV8E7Q-d5d3656388\/img_8335_64.jpg?t=xoxe-249239010689-7383763303600-7346417720535-c8977b2d870e66a58192db1f0484baaa",
                "thumb_80": "https:\/\/files.slack.com\/files-tmb\/T7B710AL9-F04BAHV8E7Q-d5d3656388\/img_8335_80.jpg?t=xoxe-249239010689-7383763303600-7346417720535-c8977b2d870e66a58192db1f0484baaa",
                "thumb_360": "https:\/\/files.slack.com\/files-tmb\/T7B710AL9-F04BAHV8E7Q-d5d3656388\/img_8335_360.jpg?t=xoxe-249239010689-7383763303600-7346417720535-c8977b2d870e66a58192db1f0484baaa",
                "thumb_360_w": 270,
                "thumb_360_h": 360,
                "thumb_480": "https:\/\/files.slack.com\/files-tmb\/T7B710AL9-F04BAHV8E7Q-d5d3656388\/img_8335_480.jpg?t=xoxe-249239010689-7383763303600-7346417720535-c8977b2d870e66a58192db1f0484baaa",
                "thumb_480_w": 360,
                "thumb_480_h": 480,
                "thumb_160": "https:\/\/files.slack.com\/files-tmb\/T7B710AL9-F04BAHV8E7Q-d5d3656388\/img_8335_160.jpg?t=xoxe-249239010689-7383763303600-7346417720535-c8977b2d870e66a58192db1f0484baaa",
                "thumb_720": "https:\/\/files.slack.com\/files-tmb\/T7B710AL9-F04BAHV8E7Q-d5d3656388\/img_8335_720.jpg?t=xoxe-249239010689-7383763303600-7346417720535-c8977b2d870e66a58192db1f0484baaa",
                "thumb_720_w": 540,
                "thumb_720_h": 720,
                "thumb_800": "https:\/\/files.slack.com\/files-tmb\/T7B710AL9-F04BAHV8E7Q-d5d3656388\/img_8335_800.jpg?t=xoxe-249239010689-7383763303600-7346417720535-c8977b2d870e66a58192db1f0484baaa",
                "thumb_800_w": 800,
                "thumb_800_h": 1067,
                "thumb_960": "https:\/\/files.slack.com\/files-tmb\/T7B710AL9-F04BAHV8E7Q-d5d3656388\/img_8335_960.jpg?t=xoxe-249239010689-7383763303600-7346417720535-c8977b2d870e66a58192db1f0484baaa",
                "thumb_960_w": 720,
                "thumb_960_h": 960,
                "thumb_1024": "https:\/\/files.slack.com\/files-tmb\/T7B710AL9-F04BAHV8E7Q-d5d3656388\/img_8335_1024.jpg?t=xoxe-249239010689-7383763303600-7346417720535-c8977b2d870e66a58192db1f0484baaa",
                "thumb_1024_w": 768,
                "thumb_1024_h": 1024,
                "original_w": 3024,
                "original_h": 4032,
                "thumb_tiny": "AwAwACS2sAaM5\/iFZuEiMZLZbqQK0YbgeWBgmsqUEzsMd6lbFPc1obiKSI7ONoPFZkePPQ+pFTQgRo5C5J4znsarQ7t6nPQimIvqcKKXdVMTuBj+lL57VnyMvmQ6CXaq5Bx0zU01upcsrFT371XEyujhgN5IwPU1KpnZz5pBXnj0NaEEtvtiU\/OSe+fSmRiB2bylGAfSmIjIDvPB4xSq6RKdqgDHalcdh7+UG+YDP0pMweg\/KqTS5Ynk0nm+xqrEk5gMUbPgZXnk5NT3QBQvu2kjjNRySMwaMKATwQBS3AItQDyVxUMtFdZG2bevfNOgYeawkwyAZw1LDE8gyD8p4qSGGJichjjuRxTETiGFhkRrg+1H2eL\/AJ5p+VBKqcbx+Io3r\/z0X8jU6j0P\/9k=",
                "permalink": "https:\/\/swarthmoreultimate.slack.com\/files\/U02CH0X3XQE\/F04BAHV8E7Q\/img_8335.jpg",
                "permalink_public": "https:\/\/slack-files.com\/T7B710AL9-F04BAHV8E7Q-f1021f6203",
                "is_starred": false,
                "has_rich_preview": false,
                "file_access": "visible"
            }
        ],
        "upload": false,
        "user": "U02CH0X3XQE",
        "display_as_bot": false,
        "blocks": [
            {
                "type": "rich_text",
                "block_id": "bbM",
                "elements": [
                    {
                        "type": "rich_text_section",
                        "elements": [
                            {
                                "type": "text",
                                "text": "Swab’s “Chicken piccata tostada meat-lovers Pizza-Sandwich”"
                            }
                        ]
                    }
                ]
            }
        ],
        "type": "message",
        "ts": "1668730744.740059",
        "client_msg_id": "6B8201A7-2776-4B5C-9126-8F1F41F7514D",
        "reactions": [
            {
                "name": "no_entry_sign",
                "users": [
                    "U01ANMM9XRS",
                    "U01A1PNMU6B",
                    "U041ACX3QCE"
                ],
                "count": 3
            },
            {
                "name": "gun",
                "users": [
                    "U01ANMM9XRS",
                    "U01A1PNMU6B",
                    "U041ACX3QCE"
                ],
                "count": 3
            }
        ]
    }
]