[
    {
        "user": "UN35A0Q7L",
        "type": "message",
        "ts": "1654523234.745259",
        "client_msg_id": "FC14D778-5DE3-4331-BB05-FB82346DE399",
        "text": "My moms phone screen gets randomly locked on Among Us and she can't get off it",
        "team": "T7B710AL9",
        "user_team": "T7B710AL9",
        "source_team": "T7B710AL9",
        "user_profile": {
            "avatar_hash": "2186e77394a8",
            "image_72": "https:\/\/avatars.slack-edge.com\/2023-03-20\/4966805674135_2186e77394a8fa1d03c6_72.png",
            "first_name": "Jonathan",
            "real_name": "Jonathan Lehr",
            "display_name": "Lord Jonnis",
            "team": "T7B710AL9",
            "name": "jlehr1",
            "is_restricted": false,
            "is_ultra_restricted": false
        },
        "blocks": [
            {
                "type": "rich_text",
                "block_id": "Nketk",
                "elements": [
                    {
                        "type": "rich_text_section",
                        "elements": [
                            {
                                "type": "text",
                                "text": "My"
                            },
                            {
                                "type": "text",
                                "text": " moms phone "
                            },
                            {
                                "type": "text",
                                "text": "screen"
                            },
                            {
                                "type": "text",
                                "text": " "
                            },
                            {
                                "type": "text",
                                "text": "gets"
                            },
                            {
                                "type": "text",
                                "text": " "
                            },
                            {
                                "type": "text",
                                "text": "randomly"
                            },
                            {
                                "type": "text",
                                "text": " l"
                            },
                            {
                                "type": "text",
                                "text": "ocked"
                            },
                            {
                                "type": "text",
                                "text": " on "
                            },
                            {
                                "type": "text",
                                "text": "Among"
                            },
                            {
                                "type": "text",
                                "text": " "
                            },
                            {
                                "type": "text",
                                "text": "Us"
                            },
                            {
                                "type": "text",
                                "text": " "
                            },
                            {
                                "type": "text",
                                "text": "and"
                            },
                            {
                                "type": "text",
                                "text": " "
                            },
                            {
                                "type": "text",
                                "text": "she"
                            },
                            {
                                "type": "text",
                                "text": " can't "
                            },
                            {
                                "type": "text",
                                "text": "get"
                            },
                            {
                                "type": "text",
                                "text": " "
                            },
                            {
                                "type": "text",
                                "text": "off"
                            },
                            {
                                "type": "text",
                                "text": " "
                            },
                            {
                                "type": "text",
                                "text": "it"
                            }
                        ]
                    }
                ]
            }
        ],
        "reactions": [
            {
                "name": "red-sus",
                "users": [
                    "UNCGS8RT2",
                    "U01AFT4NEPN",
                    "UNC4W0F96",
                    "UD7R9NDNK",
                    "U019UV6JV4P",
                    "U01ANMM9XRS",
                    "U02D4N75F2Q",
                    "UCU27FNLT",
                    "U01A1PNMU6B",
                    "U01BGKQ3NCX",
                    "UN12YVARH"
                ],
                "count": 11
            }
        ]
    }
]