[
    {
        "user": "UD7R9NDNK",
        "type": "message",
        "ts": "1646970464.962909",
        "client_msg_id": "78260B6D-5162-404C-800C-8694D42FF769",
        "text": "Snakey showing us porn for talent show",
        "team": "T7B710AL9",
        "user_team": "T7B710AL9",
        "source_team": "T7B710AL9",
        "user_profile": {
            "avatar_hash": "56390e1b7bba",
            "image_72": "https:\/\/avatars.slack-edge.com\/2022-03-16\/3244528122342_56390e1b7bba6e52fe73_72.png",
            "first_name": "Otis",
            "real_name": "Otis Peterson",
            "display_name": "Otis",
            "team": "T7B710AL9",
            "name": "opeters1",
            "is_restricted": false,
            "is_ultra_restricted": false
        },
        "blocks": [
            {
                "type": "rich_text",
                "block_id": "N96",
                "elements": [
                    {
                        "type": "rich_text_section",
                        "elements": [
                            {
                                "type": "text",
                                "text": "Snakey showing us porn for talent show"
                            }
                        ]
                    }
                ]
            }
        ],
        "reactions": [
            {
                "name": "incognito-shane",
                "users": [
                    "UCMEELYF9",
                    "UCU27FNLT",
                    "U01AFT4NEPN",
                    "UD3552DL0",
                    "U01A1PNMU6B",
                    "UNCGS8RT2",
                    "U01ANMM9XRS",
                    "UCU52BKEE",
                    "U01DZ0DF0U8",
                    "UCLD8BFM0",
                    "UNC4W0F96",
                    "U019UV6JV4P",
                    "UNBLN9SCC"
                ],
                "count": 13
            },
            {
                "name": "hmm-nora",
                "users": [
                    "U01AFT4NEPN",
                    "UNCGS8RT2",
                    "U01A1PNMU6B",
                    "U01ANMM9XRS",
                    "U7B71CPG9",
                    "UCU52BKEE",
                    "U01DZ0DF0U8",
                    "U019UV6JV4P",
                    "UNBLN9SCC"
                ],
                "count": 9
            }
        ]
    }
]