[
    {
        "text": "“agree to COVID-19”",
        "files": [
            {
                "id": "F038QFXHWDN",
                "created": 1647900714,
                "timestamp": 1647900714,
                "name": "image.png",
                "title": "image.png",
                "mimetype": "image\/png",
                "filetype": "png",
                "pretty_type": "PNG",
                "user": "UCVH3M03G",
                "user_team": "T7B710AL9",
                "editable": false,
                "size": 163901,
                "mode": "hosted",
                "is_external": false,
                "external_type": "",
                "is_public": true,
                "public_url_shared": false,
                "display_as_bot": false,
                "username": "",
                "url_private": "https:\/\/files.slack.com\/files-pri\/T7B710AL9-F038QFXHWDN\/image.png?t=xoxe-249239010689-7383763303600-7346417720535-c8977b2d870e66a58192db1f0484baaa",
                "url_private_download": "https:\/\/files.slack.com\/files-pri\/T7B710AL9-F038QFXHWDN\/download\/image.png?t=xoxe-249239010689-7383763303600-7346417720535-c8977b2d870e66a58192db1f0484baaa",
                "media_display_type": "unknown",
                "thumb_64": "https:\/\/files.slack.com\/files-tmb\/T7B710AL9-F038QFXHWDN-eb303779a9\/image_64.png?t=xoxe-249239010689-7383763303600-7346417720535-c8977b2d870e66a58192db1f0484baaa",
                "thumb_80": "https:\/\/files.slack.com\/files-tmb\/T7B710AL9-F038QFXHWDN-eb303779a9\/image_80.png?t=xoxe-249239010689-7383763303600-7346417720535-c8977b2d870e66a58192db1f0484baaa",
                "thumb_360": "https:\/\/files.slack.com\/files-tmb\/T7B710AL9-F038QFXHWDN-eb303779a9\/image_360.png?t=xoxe-249239010689-7383763303600-7346417720535-c8977b2d870e66a58192db1f0484baaa",
                "thumb_360_w": 360,
                "thumb_360_h": 107,
                "thumb_480": "https:\/\/files.slack.com\/files-tmb\/T7B710AL9-F038QFXHWDN-eb303779a9\/image_480.png?t=xoxe-249239010689-7383763303600-7346417720535-c8977b2d870e66a58192db1f0484baaa",
                "thumb_480_w": 480,
                "thumb_480_h": 143,
                "thumb_160": "https:\/\/files.slack.com\/files-tmb\/T7B710AL9-F038QFXHWDN-eb303779a9\/image_160.png?t=xoxe-249239010689-7383763303600-7346417720535-c8977b2d870e66a58192db1f0484baaa",
                "thumb_720": "https:\/\/files.slack.com\/files-tmb\/T7B710AL9-F038QFXHWDN-eb303779a9\/image_720.png?t=xoxe-249239010689-7383763303600-7346417720535-c8977b2d870e66a58192db1f0484baaa",
                "thumb_720_w": 720,
                "thumb_720_h": 214,
                "thumb_800": "https:\/\/files.slack.com\/files-tmb\/T7B710AL9-F038QFXHWDN-eb303779a9\/image_800.png?t=xoxe-249239010689-7383763303600-7346417720535-c8977b2d870e66a58192db1f0484baaa",
                "thumb_800_w": 800,
                "thumb_800_h": 238,
                "thumb_960": "https:\/\/files.slack.com\/files-tmb\/T7B710AL9-F038QFXHWDN-eb303779a9\/image_960.png?t=xoxe-249239010689-7383763303600-7346417720535-c8977b2d870e66a58192db1f0484baaa",
                "thumb_960_w": 960,
                "thumb_960_h": 286,
                "thumb_1024": "https:\/\/files.slack.com\/files-tmb\/T7B710AL9-F038QFXHWDN-eb303779a9\/image_1024.png?t=xoxe-249239010689-7383763303600-7346417720535-c8977b2d870e66a58192db1f0484baaa",
                "thumb_1024_w": 1024,
                "thumb_1024_h": 305,
                "original_w": 1136,
                "original_h": 338,
                "thumb_tiny": "AwAOADDQJGfvGgc\/xGnYPY0mG9aADHuaMe5ow3rS4PcmgBMe5ox70oGO5NLQB\/\/Z",
                "permalink": "https:\/\/swarthmoreultimate.slack.com\/files\/UCVH3M03G\/F038QFXHWDN\/image.png",
                "permalink_public": "https:\/\/slack-files.com\/T7B710AL9-F038QFXHWDN-8a937c35f1",
                "is_starred": false,
                "has_rich_preview": false,
                "file_access": "visible"
            }
        ],
        "upload": false,
        "user": "UCVH3M03G",
        "display_as_bot": false,
        "blocks": [
            {
                "type": "rich_text",
                "block_id": "Z+G0",
                "elements": [
                    {
                        "type": "rich_text_section",
                        "elements": [
                            {
                                "type": "text",
                                "text": "“agree to COVID-19”"
                            }
                        ]
                    }
                ]
            }
        ],
        "type": "message",
        "ts": "1647900749.101409",
        "client_msg_id": "8a60b03d-6fd6-41a1-865b-2e7dc1d04119",
        "reactions": [
            {
                "name": "enlightened-skippy",
                "users": [
                    "U01AFT4NEPN",
                    "U01A1PNMU6B",
                    "UCMEELYF9",
                    "U019UV6JV4P",
                    "UD7R9NDNK",
                    "UQCAL163W",
                    "UN12YVARH",
                    "U01ANMM9XRS",
                    "UNCGS8RT2",
                    "UCKMFGMMW"
                ],
                "count": 10
            },
            {
                "name": "biohazard_sign",
                "users": [
                    "U019UV6JV4P",
                    "U01AFT4NEPN",
                    "U01ANMM9XRS"
                ],
                "count": 3
            },
            {
                "name": "yourite",
                "users": [
                    "UCMEELYF9",
                    "U01ANMM9XRS",
                    "U019UV6JV4P"
                ],
                "count": 3
            }
        ]
    }
]