[
    {
        "text": "",
        "files": [
            {
                "id": "F0495E7MHRQ",
                "created": 1667394291,
                "timestamp": 1667394291,
                "name": "IMG_3487.jpg",
                "title": "IMG_3487",
                "mimetype": "image\/jpeg",
                "filetype": "jpg",
                "pretty_type": "JPEG",
                "user": "U042UB7979S",
                "user_team": "T7B710AL9",
                "editable": false,
                "size": 864346,
                "mode": "hosted",
                "is_external": false,
                "external_type": "",
                "is_public": true,
                "public_url_shared": false,
                "display_as_bot": false,
                "username": "",
                "subtype": "slack_image",
                "url_private": "https:\/\/files.slack.com\/files-pri\/T7B710AL9-F0495E7MHRQ\/img_3487.jpg?t=xoxe-249239010689-7383763303600-7346417720535-c8977b2d870e66a58192db1f0484baaa",
                "url_private_download": "https:\/\/files.slack.com\/files-pri\/T7B710AL9-F0495E7MHRQ\/download\/img_3487.jpg?t=xoxe-249239010689-7383763303600-7346417720535-c8977b2d870e66a58192db1f0484baaa",
                "media_display_type": "unknown",
                "thumb_64": "https:\/\/files.slack.com\/files-tmb\/T7B710AL9-F0495E7MHRQ-2e808f47c7\/img_3487_64.jpg?t=xoxe-249239010689-7383763303600-7346417720535-c8977b2d870e66a58192db1f0484baaa",
                "thumb_80": "https:\/\/files.slack.com\/files-tmb\/T7B710AL9-F0495E7MHRQ-2e808f47c7\/img_3487_80.jpg?t=xoxe-249239010689-7383763303600-7346417720535-c8977b2d870e66a58192db1f0484baaa",
                "thumb_360": "https:\/\/files.slack.com\/files-tmb\/T7B710AL9-F0495E7MHRQ-2e808f47c7\/img_3487_360.jpg?t=xoxe-249239010689-7383763303600-7346417720535-c8977b2d870e66a58192db1f0484baaa",
                "thumb_360_w": 270,
                "thumb_360_h": 360,
                "thumb_480": "https:\/\/files.slack.com\/files-tmb\/T7B710AL9-F0495E7MHRQ-2e808f47c7\/img_3487_480.jpg?t=xoxe-249239010689-7383763303600-7346417720535-c8977b2d870e66a58192db1f0484baaa",
                "thumb_480_w": 360,
                "thumb_480_h": 480,
                "thumb_160": "https:\/\/files.slack.com\/files-tmb\/T7B710AL9-F0495E7MHRQ-2e808f47c7\/img_3487_160.jpg?t=xoxe-249239010689-7383763303600-7346417720535-c8977b2d870e66a58192db1f0484baaa",
                "thumb_720": "https:\/\/files.slack.com\/files-tmb\/T7B710AL9-F0495E7MHRQ-2e808f47c7\/img_3487_720.jpg?t=xoxe-249239010689-7383763303600-7346417720535-c8977b2d870e66a58192db1f0484baaa",
                "thumb_720_w": 540,
                "thumb_720_h": 720,
                "thumb_800": "https:\/\/files.slack.com\/files-tmb\/T7B710AL9-F0495E7MHRQ-2e808f47c7\/img_3487_800.jpg?t=xoxe-249239010689-7383763303600-7346417720535-c8977b2d870e66a58192db1f0484baaa",
                "thumb_800_w": 800,
                "thumb_800_h": 1067,
                "thumb_960": "https:\/\/files.slack.com\/files-tmb\/T7B710AL9-F0495E7MHRQ-2e808f47c7\/img_3487_960.jpg?t=xoxe-249239010689-7383763303600-7346417720535-c8977b2d870e66a58192db1f0484baaa",
                "thumb_960_w": 720,
                "thumb_960_h": 960,
                "thumb_1024": "https:\/\/files.slack.com\/files-tmb\/T7B710AL9-F0495E7MHRQ-2e808f47c7\/img_3487_1024.jpg?t=xoxe-249239010689-7383763303600-7346417720535-c8977b2d870e66a58192db1f0484baaa",
                "thumb_1024_w": 768,
                "thumb_1024_h": 1024,
                "original_w": 3024,
                "original_h": 4032,
                "thumb_tiny": "AwAwACSIzGV\/MZQFzjHrT0cbQCoIqFBsXa3PG4Y70Jyg2g596Qx8rggBSTjjFRrKFXGD165pADuBwcimtjBPOc9KYi2kyFflV\/0p3nL\/AHG\/SqUZUL83Wn7k\/wAmmAJnKA4z2OelTOHRCWTGe9RAERxk9D3qaSbcgRuVpARhJDj5ePXNKYyeCpz7mpojmNfpTiu4e9AFJopM\/cP50nkyf3D+dXNxHDYzRvHtVEkagAEcY+lI65OBgYpu1u5z+NOQlWJB6ipLFhICDJx+NShhjr+tU1QOWJ7VIkYVsg9KCSxvPoPzo3n0H51CQTjBwPak2t\/eNAz\/2Q==",
                "permalink": "https:\/\/swarthmoreultimate.slack.com\/files\/U042UB7979S\/F0495E7MHRQ\/img_3487.jpg",
                "permalink_public": "https:\/\/slack-files.com\/T7B710AL9-F0495E7MHRQ-6d345cb5d8",
                "is_starred": false,
                "has_rich_preview": false,
                "file_access": "visible"
            }
        ],
        "upload": false,
        "user": "U042UB7979S",
        "display_as_bot": false,
        "type": "message",
        "ts": "1667394297.570379",
        "client_msg_id": "5F80CDC8-F995-4B68-9E60-6C1AC450740D",
        "reactions": [
            {
                "name": "man-boy",
                "users": [
                    "U019UV6JV4P",
                    "U01ANMM9XRS",
                    "UNC4W0F96",
                    "U02CH0X3XQE"
                ],
                "count": 4
            },
            {
                "name": "looking-right-at-you",
                "users": [
                    "UNC4W0F96",
                    "U02CH0X3XQE",
                    "U01ANMM9XRS",
                    "UNE9YE50X"
                ],
                "count": 4
            }
        ]
    },
    {
        "user": "U042UB7979S",
        "type": "message",
        "ts": "1667394299.361579",
        "client_msg_id": "13DCB8B4-4D6A-4242-BCC5-FB7FCADA58B2",
        "text": "They are watching us :eyes: ",
        "team": "T7B710AL9",
        "user_team": "T7B710AL9",
        "source_team": "T7B710AL9",
        "user_profile": {
            "avatar_hash": "ga322a58f3c3",
            "image_72": "https:\/\/secure.gravatar.com\/avatar\/a322a58f3c339e4ea572b7c6a0b4af84.jpg?s=72&d=https%3A%2F%2Fa.slack-edge.com%2Fdf10d%2Fimg%2Favatars%2Fava_0024-72.png",
            "first_name": "Elena",
            "real_name": "Elena",
            "display_name": "",
            "team": "T7B710AL9",
            "name": "elee8",
            "is_restricted": false,
            "is_ultra_restricted": false
        },
        "blocks": [
            {
                "type": "rich_text",
                "block_id": "rpEn",
                "elements": [
                    {
                        "type": "rich_text_section",
                        "elements": [
                            {
                                "type": "text",
                                "text": "They are watching us "
                            },
                            {
                                "type": "emoji",
                                "name": "eyes",
                                "unicode": "1f440"
                            },
                            {
                                "type": "text",
                                "text": " "
                            }
                        ]
                    }
                ]
            }
        ]
    }
]