[
    {
        "text": "Nuts is shaking up the slack pfp meta",
        "files": [
            {
                "id": "F04CJ8C2L2H",
                "created": 1669570900,
                "timestamp": 1669570900,
                "name": "IMG_0873.jpg",
                "title": "IMG_0873",
                "mimetype": "image\/jpeg",
                "filetype": "jpg",
                "pretty_type": "JPEG",
                "user": "U01AFT4NEPN",
                "user_team": "T7B710AL9",
                "editable": false,
                "size": 12087,
                "mode": "hosted",
                "is_external": false,
                "external_type": "",
                "is_public": true,
                "public_url_shared": false,
                "display_as_bot": false,
                "username": "",
                "url_private": "https:\/\/files.slack.com\/files-pri\/T7B710AL9-F04CJ8C2L2H\/img_0873.jpg?t=xoxe-249239010689-7383763303600-7346417720535-c8977b2d870e66a58192db1f0484baaa",
                "url_private_download": "https:\/\/files.slack.com\/files-pri\/T7B710AL9-F04CJ8C2L2H\/download\/img_0873.jpg?t=xoxe-249239010689-7383763303600-7346417720535-c8977b2d870e66a58192db1f0484baaa",
                "media_display_type": "unknown",
                "thumb_64": "https:\/\/files.slack.com\/files-tmb\/T7B710AL9-F04CJ8C2L2H-1626bb9d91\/img_0873_64.jpg?t=xoxe-249239010689-7383763303600-7346417720535-c8977b2d870e66a58192db1f0484baaa",
                "thumb_80": "https:\/\/files.slack.com\/files-tmb\/T7B710AL9-F04CJ8C2L2H-1626bb9d91\/img_0873_80.jpg?t=xoxe-249239010689-7383763303600-7346417720535-c8977b2d870e66a58192db1f0484baaa",
                "thumb_360": "https:\/\/files.slack.com\/files-tmb\/T7B710AL9-F04CJ8C2L2H-1626bb9d91\/img_0873_360.jpg?t=xoxe-249239010689-7383763303600-7346417720535-c8977b2d870e66a58192db1f0484baaa",
                "thumb_360_w": 360,
                "thumb_360_h": 121,
                "thumb_480": "https:\/\/files.slack.com\/files-tmb\/T7B710AL9-F04CJ8C2L2H-1626bb9d91\/img_0873_480.jpg?t=xoxe-249239010689-7383763303600-7346417720535-c8977b2d870e66a58192db1f0484baaa",
                "thumb_480_w": 480,
                "thumb_480_h": 162,
                "thumb_160": "https:\/\/files.slack.com\/files-tmb\/T7B710AL9-F04CJ8C2L2H-1626bb9d91\/img_0873_160.jpg?t=xoxe-249239010689-7383763303600-7346417720535-c8977b2d870e66a58192db1f0484baaa",
                "original_w": 534,
                "original_h": 180,
                "thumb_tiny": "AwAQADCFbZSoJY8io2i2y7N2BjOTUi3CBVBDZFRSuHk3YOMY5qVe43YUQN\/eX86X7O2PvL+dRcelHy+lUIk8hvVfzpDCwBJI4GeOaZx6UZGOlAH\/2Q==",
                "permalink": "https:\/\/swarthmoreultimate.slack.com\/files\/U01AFT4NEPN\/F04CJ8C2L2H\/img_0873.jpg",
                "permalink_public": "https:\/\/slack-files.com\/T7B710AL9-F04CJ8C2L2H-7418290202",
                "is_starred": false,
                "has_rich_preview": false,
                "file_access": "visible"
            },
            {
                "id": "F04C6L7A8BH",
                "created": 1669570905,
                "timestamp": 1669570905,
                "name": "IMG_0872.jpg",
                "title": "IMG_0872",
                "mimetype": "image\/jpeg",
                "filetype": "jpg",
                "pretty_type": "JPEG",
                "user": "U01AFT4NEPN",
                "user_team": "T7B710AL9",
                "editable": false,
                "size": 83538,
                "mode": "hosted",
                "is_external": false,
                "external_type": "",
                "is_public": true,
                "public_url_shared": false,
                "display_as_bot": false,
                "username": "",
                "url_private": "https:\/\/files.slack.com\/files-pri\/T7B710AL9-F04C6L7A8BH\/img_0872.jpg?t=xoxe-249239010689-7383763303600-7346417720535-c8977b2d870e66a58192db1f0484baaa",
                "url_private_download": "https:\/\/files.slack.com\/files-pri\/T7B710AL9-F04C6L7A8BH\/download\/img_0872.jpg?t=xoxe-249239010689-7383763303600-7346417720535-c8977b2d870e66a58192db1f0484baaa",
                "media_display_type": "unknown",
                "thumb_64": "https:\/\/files.slack.com\/files-tmb\/T7B710AL9-F04C6L7A8BH-48aa96f4a2\/img_0872_64.jpg?t=xoxe-249239010689-7383763303600-7346417720535-c8977b2d870e66a58192db1f0484baaa",
                "thumb_80": "https:\/\/files.slack.com\/files-tmb\/T7B710AL9-F04C6L7A8BH-48aa96f4a2\/img_0872_80.jpg?t=xoxe-249239010689-7383763303600-7346417720535-c8977b2d870e66a58192db1f0484baaa",
                "thumb_360": "https:\/\/files.slack.com\/files-tmb\/T7B710AL9-F04C6L7A8BH-48aa96f4a2\/img_0872_360.jpg?t=xoxe-249239010689-7383763303600-7346417720535-c8977b2d870e66a58192db1f0484baaa",
                "thumb_360_w": 310,
                "thumb_360_h": 360,
                "thumb_480": "https:\/\/files.slack.com\/files-tmb\/T7B710AL9-F04C6L7A8BH-48aa96f4a2\/img_0872_480.jpg?t=xoxe-249239010689-7383763303600-7346417720535-c8977b2d870e66a58192db1f0484baaa",
                "thumb_480_w": 413,
                "thumb_480_h": 480,
                "thumb_160": "https:\/\/files.slack.com\/files-tmb\/T7B710AL9-F04C6L7A8BH-48aa96f4a2\/img_0872_160.jpg?t=xoxe-249239010689-7383763303600-7346417720535-c8977b2d870e66a58192db1f0484baaa",
                "thumb_720": "https:\/\/files.slack.com\/files-tmb\/T7B710AL9-F04C6L7A8BH-48aa96f4a2\/img_0872_720.jpg?t=xoxe-249239010689-7383763303600-7346417720535-c8977b2d870e66a58192db1f0484baaa",
                "thumb_720_w": 619,
                "thumb_720_h": 720,
                "thumb_800": "https:\/\/files.slack.com\/files-tmb\/T7B710AL9-F04C6L7A8BH-48aa96f4a2\/img_0872_800.jpg?t=xoxe-249239010689-7383763303600-7346417720535-c8977b2d870e66a58192db1f0484baaa",
                "thumb_800_w": 800,
                "thumb_800_h": 930,
                "thumb_960": "https:\/\/files.slack.com\/files-tmb\/T7B710AL9-F04C6L7A8BH-48aa96f4a2\/img_0872_960.jpg?t=xoxe-249239010689-7383763303600-7346417720535-c8977b2d870e66a58192db1f0484baaa",
                "thumb_960_w": 826,
                "thumb_960_h": 960,
                "thumb_1024": "https:\/\/files.slack.com\/files-tmb\/T7B710AL9-F04C6L7A8BH-48aa96f4a2\/img_0872_1024.jpg?t=xoxe-249239010689-7383763303600-7346417720535-c8977b2d870e66a58192db1f0484baaa",
                "thumb_1024_w": 881,
                "thumb_1024_h": 1024,
                "original_w": 1170,
                "original_h": 1360,
                "thumb_tiny": "AwAwACmOGFGiViMk9af5Cf8APMH8aIADCnrjrUmM5z+VZtl2GCGI\/wAApDFCP4BT+meaUAdR+dFwsQtHDsJCjpxVKtJwNjcdjWbVRJkXoXCwLkHpUgPOcdRUcIzCmemKkyB0GallIjbJbHOT2qRTg4ppUjvzmnN8w46igBX+430NZlaBJEbBs5xWfVRFIvwEeQnI6etPyMHBHX1qipXAyqn6k0uU\/up+Zo5QuXcqQeQD9aMggHI\/Os\/A9RSUcocxfY5jOSOnSs+loppWE3c\/\/9k=",
                "permalink": "https:\/\/swarthmoreultimate.slack.com\/files\/U01AFT4NEPN\/F04C6L7A8BH\/img_0872.jpg",
                "permalink_public": "https:\/\/slack-files.com\/T7B710AL9-F04C6L7A8BH-ff9e51fae4",
                "is_starred": false,
                "has_rich_preview": false,
                "file_access": "visible"
            }
        ],
        "upload": false,
        "user": "U01AFT4NEPN",
        "blocks": [
            {
                "type": "rich_text",
                "block_id": "djIU",
                "elements": [
                    {
                        "type": "rich_text_section",
                        "elements": [
                            {
                                "type": "text",
                                "text": "Nuts is shaking up the slack pfp meta"
                            }
                        ]
                    }
                ]
            }
        ],
        "type": "message",
        "ts": "1669570921.476119",
        "client_msg_id": "8893145C-C566-4311-B676-7DEA14DC6B14",
        "reactions": [
            {
                "name": "passionatekiss3",
                "users": [
                    "UCVH3M03G",
                    "U01A1PNMU6B",
                    "UQCAL163W",
                    "U01ANMM9XRS",
                    "U019UV6JV4P",
                    "UNCGS8RT2",
                    "U041VKJ0UBB",
                    "U041GTDPLTD",
                    "U01BGKQ3NCX",
                    "U02CV1EHJ1Y",
                    "U04206SVBBP",
                    "U02DA9RUA7M",
                    "U041ACX3QCE",
                    "U042TKFF6UT",
                    "U042D75FKKJ"
                ],
                "count": 15
            },
            {
                "name": "passionatekiss2",
                "users": [
                    "UCVH3M03G",
                    "U01A1PNMU6B",
                    "UQCAL163W",
                    "U01ANMM9XRS",
                    "U019UV6JV4P",
                    "UNCGS8RT2",
                    "U041VKJ0UBB",
                    "U041GTDPLTD",
                    "U01BGKQ3NCX",
                    "U02CV1EHJ1Y",
                    "U04206SVBBP",
                    "U02DA9RUA7M",
                    "U041ACX3QCE",
                    "U042TKFF6UT",
                    "U042D75FKKJ"
                ],
                "count": 15
            },
            {
                "name": "passionatekiss",
                "users": [
                    "UCVH3M03G",
                    "U01A1PNMU6B",
                    "UQCAL163W",
                    "U01ANMM9XRS",
                    "U019UV6JV4P",
                    "UNCGS8RT2",
                    "U041VKJ0UBB",
                    "U041GTDPLTD",
                    "U01BGKQ3NCX",
                    "U02CV1EHJ1Y",
                    "U04206SVBBP",
                    "U02DA9RUA7M",
                    "U041ACX3QCE",
                    "U042TKFF6UT",
                    "U042D75FKKJ"
                ],
                "count": 15
            },
            {
                "name": "forbiddenlove",
                "users": [
                    "UCVH3M03G",
                    "U01A1PNMU6B",
                    "UQCAL163W",
                    "U01ANMM9XRS",
                    "U019UV6JV4P",
                    "UNCGS8RT2",
                    "U041VKJ0UBB",
                    "U041GTDPLTD",
                    "U01BGKQ3NCX",
                    "U02CV1EHJ1Y",
                    "U04206SVBBP",
                    "U02DA9RUA7M",
                    "U041ACX3QCE",
                    "U042TKFF6UT",
                    "U042D75FKKJ"
                ],
                "count": 15
            },
            {
                "name": "amaze",
                "users": [
                    "UCVH3M03G",
                    "UQCAL163W",
                    "U01ANMM9XRS",
                    "U019UV6JV4P",
                    "UNCGS8RT2",
                    "U041VKJ0UBB",
                    "U01BGKQ3NCX",
                    "U02CV1EHJ1Y",
                    "U04206SVBBP",
                    "U02DA9RUA7M",
                    "U041ACX3QCE",
                    "U042TKFF6UT",
                    "U042D75FKKJ"
                ],
                "count": 13
            }
        ]
    }
]