[
    {
        "text": "",
        "files": [
            {
                "id": "F04BSN24NP6",
                "created": 1668880523,
                "timestamp": 1668880523,
                "name": "IMG_8532.jpg",
                "title": "IMG_8532",
                "mimetype": "image\/jpeg",
                "filetype": "jpg",
                "pretty_type": "JPEG",
                "user": "U0446E8TCHX",
                "user_team": "T7B710AL9",
                "editable": false,
                "size": 797059,
                "mode": "hosted",
                "is_external": false,
                "external_type": "",
                "is_public": true,
                "public_url_shared": false,
                "display_as_bot": false,
                "username": "",
                "url_private": "https:\/\/files.slack.com\/files-pri\/T7B710AL9-F04BSN24NP6\/img_8532.jpg?t=xoxe-249239010689-7383763303600-7346417720535-c8977b2d870e66a58192db1f0484baaa",
                "url_private_download": "https:\/\/files.slack.com\/files-pri\/T7B710AL9-F04BSN24NP6\/download\/img_8532.jpg?t=xoxe-249239010689-7383763303600-7346417720535-c8977b2d870e66a58192db1f0484baaa",
                "media_display_type": "unknown",
                "thumb_64": "https:\/\/files.slack.com\/files-tmb\/T7B710AL9-F04BSN24NP6-e16ddc51b3\/img_8532_64.jpg?t=xoxe-249239010689-7383763303600-7346417720535-c8977b2d870e66a58192db1f0484baaa",
                "thumb_80": "https:\/\/files.slack.com\/files-tmb\/T7B710AL9-F04BSN24NP6-e16ddc51b3\/img_8532_80.jpg?t=xoxe-249239010689-7383763303600-7346417720535-c8977b2d870e66a58192db1f0484baaa",
                "thumb_360": "https:\/\/files.slack.com\/files-tmb\/T7B710AL9-F04BSN24NP6-e16ddc51b3\/img_8532_360.jpg?t=xoxe-249239010689-7383763303600-7346417720535-c8977b2d870e66a58192db1f0484baaa",
                "thumb_360_w": 270,
                "thumb_360_h": 360,
                "thumb_480": "https:\/\/files.slack.com\/files-tmb\/T7B710AL9-F04BSN24NP6-e16ddc51b3\/img_8532_480.jpg?t=xoxe-249239010689-7383763303600-7346417720535-c8977b2d870e66a58192db1f0484baaa",
                "thumb_480_w": 360,
                "thumb_480_h": 480,
                "thumb_160": "https:\/\/files.slack.com\/files-tmb\/T7B710AL9-F04BSN24NP6-e16ddc51b3\/img_8532_160.jpg?t=xoxe-249239010689-7383763303600-7346417720535-c8977b2d870e66a58192db1f0484baaa",
                "thumb_720": "https:\/\/files.slack.com\/files-tmb\/T7B710AL9-F04BSN24NP6-e16ddc51b3\/img_8532_720.jpg?t=xoxe-249239010689-7383763303600-7346417720535-c8977b2d870e66a58192db1f0484baaa",
                "thumb_720_w": 540,
                "thumb_720_h": 720,
                "thumb_800": "https:\/\/files.slack.com\/files-tmb\/T7B710AL9-F04BSN24NP6-e16ddc51b3\/img_8532_800.jpg?t=xoxe-249239010689-7383763303600-7346417720535-c8977b2d870e66a58192db1f0484baaa",
                "thumb_800_w": 800,
                "thumb_800_h": 1067,
                "thumb_960": "https:\/\/files.slack.com\/files-tmb\/T7B710AL9-F04BSN24NP6-e16ddc51b3\/img_8532_960.jpg?t=xoxe-249239010689-7383763303600-7346417720535-c8977b2d870e66a58192db1f0484baaa",
                "thumb_960_w": 720,
                "thumb_960_h": 960,
                "thumb_1024": "https:\/\/files.slack.com\/files-tmb\/T7B710AL9-F04BSN24NP6-e16ddc51b3\/img_8532_1024.jpg?t=xoxe-249239010689-7383763303600-7346417720535-c8977b2d870e66a58192db1f0484baaa",
                "thumb_1024_w": 768,
                "thumb_1024_h": 1024,
                "original_w": 3024,
                "original_h": 4032,
                "thumb_tiny": "AwAwACSxQRTwUzjdULTgORt+UHGa05jOzFxRkZx3p7kKhb0qoJG83kDBocgUSxRR+Io\/EUcw+UNoz0pjAZBz8vrTbhypCjvUQVmHXr2FYwi7XbNESkDLNu+X+lG5Fxu4BqHbklc9DRs6nir5QLQUMoKkYPtS+X7j8qqqzKMKxApd7\/3z+dRyPuFhbv8A1i\/SkRygOAOafcj51NM4q47CQKQrBhyec05234OMYpqinbaoYwYpeKeEyKXZSFc\/\/9k=",
                "permalink": "https:\/\/swarthmoreultimate.slack.com\/files\/U0446E8TCHX\/F04BSN24NP6\/img_8532.jpg",
                "permalink_public": "https:\/\/slack-files.com\/T7B710AL9-F04BSN24NP6-c67cfeba7c",
                "is_starred": false,
                "has_rich_preview": false,
                "file_access": "visible"
            }
        ],
        "upload": false,
        "user": "U0446E8TCHX",
        "display_as_bot": false,
        "type": "message",
        "ts": "1668880531.060709",
        "client_msg_id": "80C095A5-CC14-4507-B00C-30239AF045F0",
        "reactions": [
            {
                "name": "cheffed_up",
                "users": [
                    "U01AFT4NEPN",
                    "U02DA9RUA7M",
                    "U01A5BQECAK",
                    "U01BGKQ3NCX",
                    "UQCAL163W",
                    "U01ANMM9XRS",
                    "U01A1PNMU6B",
                    "U0421MC7G65",
                    "U019UV6JV4P",
                    "UCVH3M03G",
                    "U041VKJ0UBB"
                ],
                "count": 11
            }
        ]
    },
    {
        "text": "",
        "files": [
            {
                "id": "F04BMG6KUBF",
                "created": 1668892438,
                "timestamp": 1668892438,
                "name": "IMG_8593.jpg",
                "title": "IMG_8593",
                "mimetype": "image\/jpeg",
                "filetype": "jpg",
                "pretty_type": "JPEG",
                "user": "U0412DQG11D",
                "user_team": "T7B710AL9",
                "editable": false,
                "size": 1370201,
                "mode": "hosted",
                "is_external": false,
                "external_type": "",
                "is_public": true,
                "public_url_shared": false,
                "display_as_bot": false,
                "username": "",
                "url_private": "https:\/\/files.slack.com\/files-pri\/T7B710AL9-F04BMG6KUBF\/img_8593.jpg?t=xoxe-249239010689-7383763303600-7346417720535-c8977b2d870e66a58192db1f0484baaa",
                "url_private_download": "https:\/\/files.slack.com\/files-pri\/T7B710AL9-F04BMG6KUBF\/download\/img_8593.jpg?t=xoxe-249239010689-7383763303600-7346417720535-c8977b2d870e66a58192db1f0484baaa",
                "media_display_type": "unknown",
                "thumb_64": "https:\/\/files.slack.com\/files-tmb\/T7B710AL9-F04BMG6KUBF-d6ca9674c4\/img_8593_64.jpg?t=xoxe-249239010689-7383763303600-7346417720535-c8977b2d870e66a58192db1f0484baaa",
                "thumb_80": "https:\/\/files.slack.com\/files-tmb\/T7B710AL9-F04BMG6KUBF-d6ca9674c4\/img_8593_80.jpg?t=xoxe-249239010689-7383763303600-7346417720535-c8977b2d870e66a58192db1f0484baaa",
                "thumb_360": "https:\/\/files.slack.com\/files-tmb\/T7B710AL9-F04BMG6KUBF-d6ca9674c4\/img_8593_360.jpg?t=xoxe-249239010689-7383763303600-7346417720535-c8977b2d870e66a58192db1f0484baaa",
                "thumb_360_w": 270,
                "thumb_360_h": 360,
                "thumb_480": "https:\/\/files.slack.com\/files-tmb\/T7B710AL9-F04BMG6KUBF-d6ca9674c4\/img_8593_480.jpg?t=xoxe-249239010689-7383763303600-7346417720535-c8977b2d870e66a58192db1f0484baaa",
                "thumb_480_w": 360,
                "thumb_480_h": 480,
                "thumb_160": "https:\/\/files.slack.com\/files-tmb\/T7B710AL9-F04BMG6KUBF-d6ca9674c4\/img_8593_160.jpg?t=xoxe-249239010689-7383763303600-7346417720535-c8977b2d870e66a58192db1f0484baaa",
                "thumb_720": "https:\/\/files.slack.com\/files-tmb\/T7B710AL9-F04BMG6KUBF-d6ca9674c4\/img_8593_720.jpg?t=xoxe-249239010689-7383763303600-7346417720535-c8977b2d870e66a58192db1f0484baaa",
                "thumb_720_w": 540,
                "thumb_720_h": 720,
                "thumb_800": "https:\/\/files.slack.com\/files-tmb\/T7B710AL9-F04BMG6KUBF-d6ca9674c4\/img_8593_800.jpg?t=xoxe-249239010689-7383763303600-7346417720535-c8977b2d870e66a58192db1f0484baaa",
                "thumb_800_w": 800,
                "thumb_800_h": 1067,
                "thumb_960": "https:\/\/files.slack.com\/files-tmb\/T7B710AL9-F04BMG6KUBF-d6ca9674c4\/img_8593_960.jpg?t=xoxe-249239010689-7383763303600-7346417720535-c8977b2d870e66a58192db1f0484baaa",
                "thumb_960_w": 720,
                "thumb_960_h": 960,
                "thumb_1024": "https:\/\/files.slack.com\/files-tmb\/T7B710AL9-F04BMG6KUBF-d6ca9674c4\/img_8593_1024.jpg?t=xoxe-249239010689-7383763303600-7346417720535-c8977b2d870e66a58192db1f0484baaa",
                "thumb_1024_w": 768,
                "thumb_1024_h": 1024,
                "original_w": 3024,
                "original_h": 4032,
                "thumb_tiny": "AwAwACRV\/h+Uj8Ka273yKj3FicHFIQx75\/GlyhckwU53ZJHal27Tljx71Dtb0p6uQcHoO2KdguKu7HyqcfWl+f8Aun86UjJJALZ70m3\/AGGqRkY6H60tIGAGMfjmjcvuPwrQgcBkgUzOST6mnhlHOaYKAHBiBwcUu5vWm80c+lIYmM0BSegJqeLAYl16jOaA5D5TpjAyaVx2K9Lmn+UCRuyCeuKRo9p4bIz3FO4WG59KM+9K0RB9aTy2oEf\/2Q==",
                "permalink": "https:\/\/swarthmoreultimate.slack.com\/files\/U0412DQG11D\/F04BMG6KUBF\/img_8593.jpg",
                "permalink_public": "https:\/\/slack-files.com\/T7B710AL9-F04BMG6KUBF-6fdbecb9c4",
                "is_starred": false,
                "has_rich_preview": false,
                "file_access": "visible"
            }
        ],
        "upload": false,
        "user": "U0412DQG11D",
        "display_as_bot": false,
        "type": "message",
        "ts": "1668892442.842639",
        "client_msg_id": "7A86EFD9-8E1D-4BEB-B982-777EE73EC9C5",
        "reactions": [
            {
                "name": "dentaldam",
                "users": [
                    "U019UV6JV4P",
                    "U01BGKQ3NCX",
                    "U01ANMM9XRS",
                    "U041VKJ0UBB",
                    "U041ACX3QCE"
                ],
                "count": 5
            }
        ]
    },
    {
        "text": "",
        "files": [
            {
                "id": "F04CEEYDHPA",
                "created": 1668914073,
                "timestamp": 1668914073,
                "name": "20221119_221405.jpg",
                "title": "20221119_221405.jpg",
                "mimetype": "image\/jpeg",
                "filetype": "jpg",
                "pretty_type": "JPEG",
                "user": "U0421MC7G65",
                "user_team": "T7B710AL9",
                "editable": false,
                "size": 409098,
                "mode": "hosted",
                "is_external": false,
                "external_type": "",
                "is_public": true,
                "public_url_shared": false,
                "display_as_bot": false,
                "username": "",
                "url_private": "https:\/\/files.slack.com\/files-pri\/T7B710AL9-F04CEEYDHPA\/20221119_221405.jpg?t=xoxe-249239010689-7383763303600-7346417720535-c8977b2d870e66a58192db1f0484baaa",
                "url_private_download": "https:\/\/files.slack.com\/files-pri\/T7B710AL9-F04CEEYDHPA\/download\/20221119_221405.jpg?t=xoxe-249239010689-7383763303600-7346417720535-c8977b2d870e66a58192db1f0484baaa",
                "media_display_type": "unknown",
                "thumb_64": "https:\/\/files.slack.com\/files-tmb\/T7B710AL9-F04CEEYDHPA-4e28403805\/20221119_221405_64.jpg?t=xoxe-249239010689-7383763303600-7346417720535-c8977b2d870e66a58192db1f0484baaa",
                "thumb_80": "https:\/\/files.slack.com\/files-tmb\/T7B710AL9-F04CEEYDHPA-4e28403805\/20221119_221405_80.jpg?t=xoxe-249239010689-7383763303600-7346417720535-c8977b2d870e66a58192db1f0484baaa",
                "thumb_360": "https:\/\/files.slack.com\/files-tmb\/T7B710AL9-F04CEEYDHPA-4e28403805\/20221119_221405_360.jpg?t=xoxe-249239010689-7383763303600-7346417720535-c8977b2d870e66a58192db1f0484baaa",
                "thumb_360_w": 270,
                "thumb_360_h": 360,
                "thumb_480": "https:\/\/files.slack.com\/files-tmb\/T7B710AL9-F04CEEYDHPA-4e28403805\/20221119_221405_480.jpg?t=xoxe-249239010689-7383763303600-7346417720535-c8977b2d870e66a58192db1f0484baaa",
                "thumb_480_w": 360,
                "thumb_480_h": 480,
                "thumb_160": "https:\/\/files.slack.com\/files-tmb\/T7B710AL9-F04CEEYDHPA-4e28403805\/20221119_221405_160.jpg?t=xoxe-249239010689-7383763303600-7346417720535-c8977b2d870e66a58192db1f0484baaa",
                "thumb_720": "https:\/\/files.slack.com\/files-tmb\/T7B710AL9-F04CEEYDHPA-4e28403805\/20221119_221405_720.jpg?t=xoxe-249239010689-7383763303600-7346417720535-c8977b2d870e66a58192db1f0484baaa",
                "thumb_720_w": 540,
                "thumb_720_h": 720,
                "thumb_800": "https:\/\/files.slack.com\/files-tmb\/T7B710AL9-F04CEEYDHPA-4e28403805\/20221119_221405_800.jpg?t=xoxe-249239010689-7383763303600-7346417720535-c8977b2d870e66a58192db1f0484baaa",
                "thumb_800_w": 800,
                "thumb_800_h": 1067,
                "thumb_960": "https:\/\/files.slack.com\/files-tmb\/T7B710AL9-F04CEEYDHPA-4e28403805\/20221119_221405_960.jpg?t=xoxe-249239010689-7383763303600-7346417720535-c8977b2d870e66a58192db1f0484baaa",
                "thumb_960_w": 720,
                "thumb_960_h": 960,
                "thumb_1024": "https:\/\/files.slack.com\/files-tmb\/T7B710AL9-F04CEEYDHPA-4e28403805\/20221119_221405_1024.jpg?t=xoxe-249239010689-7383763303600-7346417720535-c8977b2d870e66a58192db1f0484baaa",
                "thumb_1024_w": 768,
                "thumb_1024_h": 1024,
                "original_w": 3024,
                "original_h": 4032,
                "thumb_tiny": "AwAwACScCnIfmBp4UVGOKRRYaREXLMAPemecki\/IwI9qqz8upOCAOAaZFnzwVHGDnH6UCsWTSUUUhiruEyruJBBPNRyv5YPrnipFb\/SEzxwf6VVvD+92r1zTArtK7TZzk9Kb5jpJnOCKcV2Se4602T5jnpQBdjuAyAsOad5y+9UVzjgHFL83oaQD4v3jjdGAvrzU80WGzGOAelLHgQ\/8B\/rUhPzt9aAKeA7MS4Hc5oKDGUVmHc44pofymb5QTngmka4kbqT+FMRYWAOoYuRnnApfsw\/vtToWzEv0p+aQz\/\/Z",
                "permalink": "https:\/\/swarthmoreultimate.slack.com\/files\/U0421MC7G65\/F04CEEYDHPA\/20221119_221405.jpg",
                "permalink_public": "https:\/\/slack-files.com\/T7B710AL9-F04CEEYDHPA-a88406b6a9",
                "is_starred": false,
                "has_rich_preview": false,
                "file_access": "visible"
            }
        ],
        "upload": false,
        "user": "U0421MC7G65",
        "display_as_bot": false,
        "blocks": [
            {
                "type": "rich_text",
                "block_id": "iQS",
                "elements": [
                    {
                        "type": "rich_text_section",
                        "elements": []
                    }
                ]
            }
        ],
        "type": "message",
        "ts": "1668914077.763509",
        "client_msg_id": "14f7ab52-21ea-41fc-a330-b1543a99655d",
        "reactions": [
            {
                "name": "melting_face",
                "users": [
                    "U01BGKQ3NCX",
                    "U0421MC7G65",
                    "U01A5BQECAK",
                    "U01ANMM9XRS",
                    "UNBLN9SCC",
                    "U041VKJ0UBB",
                    "UNCGS8RT2"
                ],
                "count": 7
            },
            {
                "name": "abel-cat-cow",
                "users": [
                    "U01BGKQ3NCX",
                    "U0421MC7G65",
                    "U01A5BQECAK",
                    "U01ANMM9XRS",
                    "UNBLN9SCC",
                    "U041VKJ0UBB",
                    "U041GTDPLTD",
                    "U042M4BL1GE",
                    "U02DA9RUA7M",
                    "UNCGS8RT2",
                    "U01AFT4NEPN"
                ],
                "count": 11
            },
            {
                "name": "incognito-shane",
                "users": [
                    "U01BGKQ3NCX",
                    "U0421MC7G65",
                    "U01A5BQECAK",
                    "U01ANMM9XRS",
                    "U0412DQMQ4F",
                    "UNBLN9SCC",
                    "U041VKJ0UBB",
                    "U041GTDPLTD",
                    "U041ACX3QCE",
                    "U02DA9RUA7M",
                    "UNCGS8RT2"
                ],
                "count": 11
            }
        ]
    }
]