[
    {
        "text": "Swab orders this drink, which is already ridiculously sweet and concentrated, with DOUBLE the flavor powder",
        "files": [
            {
                "id": "F03PTTFRS6P",
                "created": 1658083335,
                "timestamp": 1658083335,
                "name": "Image from iOS.jpg",
                "title": "Image from iOS",
                "mimetype": "image\/jpeg",
                "filetype": "jpg",
                "pretty_type": "JPEG",
                "user": "UNEB0TUPQ",
                "user_team": "T7B710AL9",
                "editable": false,
                "size": 433567,
                "mode": "hosted",
                "is_external": false,
                "external_type": "",
                "is_public": true,
                "public_url_shared": false,
                "display_as_bot": false,
                "username": "",
                "url_private": "https:\/\/files.slack.com\/files-pri\/T7B710AL9-F03PTTFRS6P\/image_from_ios.jpg?t=xoxe-249239010689-7383763303600-7346417720535-c8977b2d870e66a58192db1f0484baaa",
                "url_private_download": "https:\/\/files.slack.com\/files-pri\/T7B710AL9-F03PTTFRS6P\/download\/image_from_ios.jpg?t=xoxe-249239010689-7383763303600-7346417720535-c8977b2d870e66a58192db1f0484baaa",
                "media_display_type": "unknown",
                "thumb_64": "https:\/\/files.slack.com\/files-tmb\/T7B710AL9-F03PTTFRS6P-54ae196c46\/image_from_ios_64.jpg?t=xoxe-249239010689-7383763303600-7346417720535-c8977b2d870e66a58192db1f0484baaa",
                "thumb_80": "https:\/\/files.slack.com\/files-tmb\/T7B710AL9-F03PTTFRS6P-54ae196c46\/image_from_ios_80.jpg?t=xoxe-249239010689-7383763303600-7346417720535-c8977b2d870e66a58192db1f0484baaa",
                "thumb_360": "https:\/\/files.slack.com\/files-tmb\/T7B710AL9-F03PTTFRS6P-54ae196c46\/image_from_ios_360.jpg?t=xoxe-249239010689-7383763303600-7346417720535-c8977b2d870e66a58192db1f0484baaa",
                "thumb_360_w": 270,
                "thumb_360_h": 360,
                "thumb_480": "https:\/\/files.slack.com\/files-tmb\/T7B710AL9-F03PTTFRS6P-54ae196c46\/image_from_ios_480.jpg?t=xoxe-249239010689-7383763303600-7346417720535-c8977b2d870e66a58192db1f0484baaa",
                "thumb_480_w": 360,
                "thumb_480_h": 480,
                "thumb_160": "https:\/\/files.slack.com\/files-tmb\/T7B710AL9-F03PTTFRS6P-54ae196c46\/image_from_ios_160.jpg?t=xoxe-249239010689-7383763303600-7346417720535-c8977b2d870e66a58192db1f0484baaa",
                "thumb_720": "https:\/\/files.slack.com\/files-tmb\/T7B710AL9-F03PTTFRS6P-54ae196c46\/image_from_ios_720.jpg?t=xoxe-249239010689-7383763303600-7346417720535-c8977b2d870e66a58192db1f0484baaa",
                "thumb_720_w": 540,
                "thumb_720_h": 720,
                "thumb_800": "https:\/\/files.slack.com\/files-tmb\/T7B710AL9-F03PTTFRS6P-54ae196c46\/image_from_ios_800.jpg?t=xoxe-249239010689-7383763303600-7346417720535-c8977b2d870e66a58192db1f0484baaa",
                "thumb_800_w": 800,
                "thumb_800_h": 1067,
                "thumb_960": "https:\/\/files.slack.com\/files-tmb\/T7B710AL9-F03PTTFRS6P-54ae196c46\/image_from_ios_960.jpg?t=xoxe-249239010689-7383763303600-7346417720535-c8977b2d870e66a58192db1f0484baaa",
                "thumb_960_w": 720,
                "thumb_960_h": 960,
                "thumb_1024": "https:\/\/files.slack.com\/files-tmb\/T7B710AL9-F03PTTFRS6P-54ae196c46\/image_from_ios_1024.jpg?t=xoxe-249239010689-7383763303600-7346417720535-c8977b2d870e66a58192db1f0484baaa",
                "thumb_1024_w": 768,
                "thumb_1024_h": 1024,
                "original_w": 3024,
                "original_h": 4032,
                "thumb_tiny": "AwAwACTPxRg09EBB3EjjjFAwwweKQ1qMBqa2RWfL9B2pVQA72UsnSlYKG\/dbsU13FLsXevORRg+oqkGb60bm9K15jLlEiRpEA6beh\/pTpFWNQy9R1zTIXO7A6EU6VsHaeuOa5+tjoS0uOEwMZIwD6UeapHBwaqdKBxmmlYObSzQ95MH5TxTfMb1P5000VRFiSAnzOKfN94E4AIpttw5NOuvvKfUUupSdkMUjJI6dKb\/GONw9DSA4FKv3qZPUsMiscrwPSm+V7mgNgdaN3vSGf\/\/Z",
                "permalink": "https:\/\/swarthmoreultimate.slack.com\/files\/UNEB0TUPQ\/F03PTTFRS6P\/image_from_ios.jpg",
                "permalink_public": "https:\/\/slack-files.com\/T7B710AL9-F03PTTFRS6P-032ac4483b",
                "is_starred": false,
                "has_rich_preview": false,
                "file_access": "visible"
            }
        ],
        "upload": false,
        "user": "UNEB0TUPQ",
        "display_as_bot": false,
        "blocks": [
            {
                "type": "rich_text",
                "block_id": "ecm",
                "elements": [
                    {
                        "type": "rich_text_section",
                        "elements": [
                            {
                                "type": "text",
                                "text": "Swab orders this drink, which is already ridiculously sweet and concentrated, with DOUBLE the flavor powder"
                            }
                        ]
                    }
                ]
            }
        ],
        "type": "message",
        "ts": "1658083395.589469",
        "client_msg_id": "CCA53A38-4B26-4592-A9C9-7741089C0F8E",
        "thread_ts": "1658083395.589469",
        "reply_count": 5,
        "reply_users_count": 5,
        "latest_reply": "1658110318.631779",
        "reply_users": [
            "U01A5BQECAK",
            "U02CV1EHJ1Y",
            "U01AGFZUUSW",
            "U02D4N75F2Q",
            "U01ANMM9XRS"
        ],
        "replies": [
            {
                "user": "U01A5BQECAK",
                "ts": "1658083692.927849"
            },
            {
                "user": "U02CV1EHJ1Y",
                "ts": "1658085691.276259"
            },
            {
                "user": "U01AGFZUUSW",
                "ts": "1658097537.987599"
            },
            {
                "user": "U02D4N75F2Q",
                "ts": "1658110012.916769"
            },
            {
                "user": "U01ANMM9XRS",
                "ts": "1658110318.631779"
            }
        ],
        "is_locked": false,
        "subscribed": false,
        "reactions": [
            {
                "name": "swab",
                "users": [
                    "U01A5BQECAK",
                    "UCVH3M03G",
                    "U02CV1EHJ1Y",
                    "UNC4W0F96",
                    "U01AFT4NEPN",
                    "U01BGKQ3NCX",
                    "U02D4N75F2Q",
                    "U019UV6JV4P",
                    "U01ANMM9XRS",
                    "UCLD8BFM0"
                ],
                "count": 10
            }
        ]
    },
    {
        "user": "U01A5BQECAK",
        "type": "message",
        "ts": "1658083692.927849",
        "client_msg_id": "5D64AC55-1BF0-49A8-84D6-4BB295EE675A",
        "text": "Annie Swab crossover episode!!!!",
        "team": "T7B710AL9",
        "user_team": "T7B710AL9",
        "source_team": "T7B710AL9",
        "user_profile": {
            "avatar_hash": "c6a6655f6cf2",
            "image_72": "https:\/\/avatars.slack-edge.com\/2022-03-15\/3231389762311_c6a6655f6cf26cee71b4_72.png",
            "first_name": "Natalie",
            "real_name": "Natalie Fraser",
            "display_name": "Natalie Chai Fraser",
            "team": "T7B710AL9",
            "name": "nfraser1",
            "is_restricted": false,
            "is_ultra_restricted": false
        },
        "thread_ts": "1658083395.589469",
        "parent_user_id": "UNEB0TUPQ",
        "blocks": [
            {
                "type": "rich_text",
                "block_id": "np5",
                "elements": [
                    {
                        "type": "rich_text_section",
                        "elements": [
                            {
                                "type": "text",
                                "text": "Annie Swab crossover episode!!!!"
                            }
                        ]
                    }
                ]
            }
        ],
        "reactions": [
            {
                "name": "clap::skin-tone-3",
                "users": [
                    "U01BGKQ3NCX",
                    "U01ANMM9XRS"
                ],
                "count": 2
            }
        ]
    },
    {
        "user": "U02CV1EHJ1Y",
        "type": "message",
        "ts": "1658085691.276259",
        "client_msg_id": "6e96292e-7903-45b7-9f88-cfd3ee5066d5",
        "text": "you only live once",
        "team": "T7B710AL9",
        "user_team": "T7B710AL9",
        "source_team": "T7B710AL9",
        "user_profile": {
            "avatar_hash": "770583598f7c",
            "image_72": "https:\/\/avatars.slack-edge.com\/2023-03-14\/4971424844160_770583598f7c137fd99e_72.png",
            "first_name": "Aaron",
            "real_name": "Aaron Thammavongxay",
            "display_name": "Ace",
            "team": "T7B710AL9",
            "name": "athamma1",
            "is_restricted": false,
            "is_ultra_restricted": false
        },
        "thread_ts": "1658083395.589469",
        "parent_user_id": "UNEB0TUPQ",
        "blocks": [
            {
                "type": "rich_text",
                "block_id": "tde",
                "elements": [
                    {
                        "type": "rich_text_section",
                        "elements": [
                            {
                                "type": "text",
                                "text": "you only live once"
                            }
                        ]
                    }
                ]
            }
        ],
        "reactions": [
            {
                "name": "yourite",
                "users": [
                    "UNC4W0F96",
                    "U01AFT4NEPN",
                    "U01BGKQ3NCX",
                    "U01ANMM9XRS",
                    "U01A5BQECAK"
                ],
                "count": 5
            }
        ]
    },
    {
        "user": "U01AGFZUUSW",
        "type": "message",
        "ts": "1658097537.987599",
        "client_msg_id": "B96BEA3A-DE8C-482D-A309-59AD38A3FC2D",
        "text": "Especially if you order that drink ",
        "team": "T7B710AL9",
        "user_team": "T7B710AL9",
        "source_team": "T7B710AL9",
        "user_profile": {
            "avatar_hash": "2eda97f50b89",
            "image_72": "https:\/\/avatars.slack-edge.com\/2023-03-12\/4936609160771_2eda97f50b89e827f6da_72.png",
            "first_name": "",
            "real_name": "Kai Williams",
            "display_name": "Kai Williams",
            "team": "T7B710AL9",
            "name": "kwillia2",
            "is_restricted": false,
            "is_ultra_restricted": false
        },
        "thread_ts": "1658083395.589469",
        "parent_user_id": "UNEB0TUPQ",
        "blocks": [
            {
                "type": "rich_text",
                "block_id": "N7Ku",
                "elements": [
                    {
                        "type": "rich_text_section",
                        "elements": [
                            {
                                "type": "text",
                                "text": "Especially if you order that drink "
                            }
                        ]
                    }
                ]
            }
        ],
        "reactions": [
            {
                "name": "enlightened-skippy",
                "users": [
                    "U01AFT4NEPN",
                    "UNEB0TUPQ",
                    "U019UV6JV4P",
                    "U01ANMM9XRS",
                    "U7G3ERU5V",
                    "U01A5BQECAK"
                ],
                "count": 6
            }
        ]
    },
    {
        "user": "U02D4N75F2Q",
        "type": "message",
        "ts": "1658110012.916769",
        "client_msg_id": "5D93E143-5452-4659-BD82-4793BEBA4966",
        "text": "The cute drive through lady gave me a free large one today cuz she liked my band sweatshirt!",
        "team": "T7B710AL9",
        "user_team": "T7B710AL9",
        "source_team": "T7B710AL9",
        "user_profile": {
            "avatar_hash": "8296b1ec1a02",
            "image_72": "https:\/\/avatars.slack-edge.com\/2022-04-05\/3342367952086_8296b1ec1a0282358fb6_72.png",
            "first_name": "Miguel",
            "real_name": "Miguel Rodriguez",
            "display_name": "Swab",
            "team": "T7B710AL9",
            "name": "mrodrig2",
            "is_restricted": false,
            "is_ultra_restricted": false
        },
        "thread_ts": "1658083395.589469",
        "parent_user_id": "UNEB0TUPQ",
        "blocks": [
            {
                "type": "rich_text",
                "block_id": "S06HV",
                "elements": [
                    {
                        "type": "rich_text_section",
                        "elements": [
                            {
                                "type": "text",
                                "text": "The"
                            },
                            {
                                "type": "text",
                                "text": " "
                            },
                            {
                                "type": "text",
                                "text": "cute"
                            },
                            {
                                "type": "text",
                                "text": " "
                            },
                            {
                                "type": "text",
                                "text": "drive"
                            },
                            {
                                "type": "text",
                                "text": " through "
                            },
                            {
                                "type": "text",
                                "text": "lady"
                            },
                            {
                                "type": "text",
                                "text": " "
                            },
                            {
                                "type": "text",
                                "text": "gave"
                            },
                            {
                                "type": "text",
                                "text": " "
                            },
                            {
                                "type": "text",
                                "text": "me"
                            },
                            {
                                "type": "text",
                                "text": " "
                            },
                            {
                                "type": "text",
                                "text": "a"
                            },
                            {
                                "type": "text",
                                "text": " "
                            },
                            {
                                "type": "text",
                                "text": "free"
                            },
                            {
                                "type": "text",
                                "text": " "
                            },
                            {
                                "type": "text",
                                "text": "large"
                            },
                            {
                                "type": "text",
                                "text": " "
                            },
                            {
                                "type": "text",
                                "text": "one"
                            },
                            {
                                "type": "text",
                                "text": " today "
                            },
                            {
                                "type": "text",
                                "text": "cuz"
                            },
                            {
                                "type": "text",
                                "text": " "
                            },
                            {
                                "type": "text",
                                "text": "she"
                            },
                            {
                                "type": "text",
                                "text": " "
                            },
                            {
                                "type": "text",
                                "text": "liked"
                            },
                            {
                                "type": "text",
                                "text": " "
                            },
                            {
                                "type": "text",
                                "text": "my"
                            },
                            {
                                "type": "text",
                                "text": " "
                            },
                            {
                                "type": "text",
                                "text": "band"
                            },
                            {
                                "type": "text",
                                "text": " "
                            },
                            {
                                "type": "text",
                                "text": "sweatshirt!"
                            }
                        ]
                    }
                ]
            }
        ],
        "reactions": [
            {
                "name": "+1",
                "users": [
                    "U01A5BQECAK"
                ],
                "count": 1
            }
        ]
    },
    {
        "user": "U01ANMM9XRS",
        "type": "message",
        "ts": "1658110318.631779",
        "client_msg_id": "44940E11-79A4-4518-B637-A6EE9DE4EC1A",
        "text": "Fantastic content ",
        "team": "T7B710AL9",
        "user_team": "T7B710AL9",
        "source_team": "T7B710AL9",
        "user_profile": {
            "avatar_hash": "8566e3437a98",
            "image_72": "https:\/\/avatars.slack-edge.com\/2024-05-17\/7148429624081_8566e3437a98c288ec27_72.png",
            "first_name": "Racc",
            "real_name": "Racc",
            "display_name": "",
            "team": "T7B710AL9",
            "name": "ifransa1",
            "is_restricted": false,
            "is_ultra_restricted": false
        },
        "thread_ts": "1658083395.589469",
        "parent_user_id": "UNEB0TUPQ",
        "blocks": [
            {
                "type": "rich_text",
                "block_id": "VlDfg",
                "elements": [
                    {
                        "type": "rich_text_section",
                        "elements": [
                            {
                                "type": "text",
                                "text": "Fantastic content "
                            }
                        ]
                    }
                ]
            }
        ]
    }
]