[
    {
        "text": "69 members",
        "files": [
            {
                "id": "F032TNH88Q5",
                "created": 1644811167,
                "timestamp": 1644811167,
                "name": "image.png",
                "title": "image.png",
                "mimetype": "image\/png",
                "filetype": "png",
                "pretty_type": "PNG",
                "user": "U02CV1EHJ1Y",
                "user_team": "T7B710AL9",
                "editable": false,
                "size": 30521,
                "mode": "hosted",
                "is_external": false,
                "external_type": "",
                "is_public": true,
                "public_url_shared": false,
                "display_as_bot": false,
                "username": "",
                "url_private": "https:\/\/files.slack.com\/files-pri\/T7B710AL9-F032TNH88Q5\/image.png?t=xoxe-249239010689-7383763303600-7346417720535-c8977b2d870e66a58192db1f0484baaa",
                "url_private_download": "https:\/\/files.slack.com\/files-pri\/T7B710AL9-F032TNH88Q5\/download\/image.png?t=xoxe-249239010689-7383763303600-7346417720535-c8977b2d870e66a58192db1f0484baaa",
                "media_display_type": "unknown",
                "thumb_64": "https:\/\/files.slack.com\/files-tmb\/T7B710AL9-F032TNH88Q5-417a4fe278\/image_64.png?t=xoxe-249239010689-7383763303600-7346417720535-c8977b2d870e66a58192db1f0484baaa",
                "thumb_80": "https:\/\/files.slack.com\/files-tmb\/T7B710AL9-F032TNH88Q5-417a4fe278\/image_80.png?t=xoxe-249239010689-7383763303600-7346417720535-c8977b2d870e66a58192db1f0484baaa",
                "thumb_360": "https:\/\/files.slack.com\/files-tmb\/T7B710AL9-F032TNH88Q5-417a4fe278\/image_360.png?t=xoxe-249239010689-7383763303600-7346417720535-c8977b2d870e66a58192db1f0484baaa",
                "thumb_360_w": 360,
                "thumb_360_h": 21,
                "thumb_480": "https:\/\/files.slack.com\/files-tmb\/T7B710AL9-F032TNH88Q5-417a4fe278\/image_480.png?t=xoxe-249239010689-7383763303600-7346417720535-c8977b2d870e66a58192db1f0484baaa",
                "thumb_480_w": 480,
                "thumb_480_h": 28,
                "thumb_160": "https:\/\/files.slack.com\/files-tmb\/T7B710AL9-F032TNH88Q5-417a4fe278\/image_160.png?t=xoxe-249239010689-7383763303600-7346417720535-c8977b2d870e66a58192db1f0484baaa",
                "thumb_720": "https:\/\/files.slack.com\/files-tmb\/T7B710AL9-F032TNH88Q5-417a4fe278\/image_720.png?t=xoxe-249239010689-7383763303600-7346417720535-c8977b2d870e66a58192db1f0484baaa",
                "thumb_720_w": 720,
                "thumb_720_h": 42,
                "thumb_800": "https:\/\/files.slack.com\/files-tmb\/T7B710AL9-F032TNH88Q5-417a4fe278\/image_800.png?t=xoxe-249239010689-7383763303600-7346417720535-c8977b2d870e66a58192db1f0484baaa",
                "thumb_800_w": 800,
                "thumb_800_h": 47,
                "thumb_960": "https:\/\/files.slack.com\/files-tmb\/T7B710AL9-F032TNH88Q5-417a4fe278\/image_960.png?t=xoxe-249239010689-7383763303600-7346417720535-c8977b2d870e66a58192db1f0484baaa",
                "thumb_960_w": 960,
                "thumb_960_h": 56,
                "thumb_1024": "https:\/\/files.slack.com\/files-tmb\/T7B710AL9-F032TNH88Q5-417a4fe278\/image_1024.png?t=xoxe-249239010689-7383763303600-7346417720535-c8977b2d870e66a58192db1f0484baaa",
                "thumb_1024_w": 1024,
                "thumb_1024_h": 60,
                "original_w": 1510,
                "original_h": 88,
                "thumb_tiny": "AwACADCtimN978KfTG+9+FACHpTacelNoAKePufjTKeP9WfrQB\/\/2Q==",
                "permalink": "https:\/\/swarthmoreultimate.slack.com\/files\/U02CV1EHJ1Y\/F032TNH88Q5\/image.png",
                "permalink_public": "https:\/\/slack-files.com\/T7B710AL9-F032TNH88Q5-6395df8ee3",
                "is_starred": false,
                "has_rich_preview": false,
                "file_access": "visible"
            }
        ],
        "upload": false,
        "user": "U02CV1EHJ1Y",
        "display_as_bot": false,
        "blocks": [
            {
                "type": "rich_text",
                "block_id": "cXoa",
                "elements": [
                    {
                        "type": "rich_text_section",
                        "elements": [
                            {
                                "type": "text",
                                "text": "69 members"
                            }
                        ]
                    }
                ]
            }
        ],
        "type": "message",
        "ts": "1644811170.271379",
        "client_msg_id": "7c2486e3-f4af-4609-951e-e2d034bcf4c5",
        "thread_ts": "1644811170.271379",
        "reply_count": 1,
        "reply_users_count": 1,
        "latest_reply": "1644817958.879239",
        "reply_users": [
            "UNC4W0F96"
        ],
        "replies": [
            {
                "user": "UNC4W0F96",
                "ts": "1644817958.879239"
            }
        ],
        "is_locked": false,
        "subscribed": false,
        "reactions": [
            {
                "name": "red-sus",
                "users": [
                    "U01AFT4NEPN",
                    "U019UV6JV4P",
                    "U01ANMM9XRS",
                    "UCLD8BFM0",
                    "UNC4W0F96",
                    "UN35A0Q7L",
                    "UNBLN9SCC",
                    "U01A1PNMU6B"
                ],
                "count": 8
            }
        ]
    },
    {
        "user": "UNC4W0F96",
        "type": "message",
        "ts": "1644817958.879239",
        "client_msg_id": "a15f5af7-4fa9-42b8-9898-7602f63216ff",
        "text": "This not being posted in <#C8NNWHVL7|69> is the real morally ambiguous act",
        "team": "T7B710AL9",
        "user_team": "T7B710AL9",
        "source_team": "T7B710AL9",
        "user_profile": {
            "avatar_hash": "c0762b751fcb",
            "image_72": "https:\/\/avatars.slack-edge.com\/2022-11-06\/4353663255168_c0762b751fcb3221faae_72.jpg",
            "first_name": "Rory",
            "real_name": "Rory Schmidt",
            "display_name": "Rory",
            "team": "T7B710AL9",
            "name": "rschmid1",
            "is_restricted": false,
            "is_ultra_restricted": false
        },
        "thread_ts": "1644811170.271379",
        "parent_user_id": "U02CV1EHJ1Y",
        "blocks": [
            {
                "type": "rich_text",
                "block_id": "wg7uu",
                "elements": [
                    {
                        "type": "rich_text_section",
                        "elements": [
                            {
                                "type": "text",
                                "text": "This not being posted in "
                            },
                            {
                                "type": "channel",
                                "channel_id": "C8NNWHVL7"
                            },
                            {
                                "type": "text",
                                "text": " is the real morally ambiguous act"
                            }
                        ]
                    }
                ]
            }
        ]
    }
]