[
    {
        "text": "good morning friends i hope that you are only now waking up after a restful night of sleep after a very full(filling) day of frisbee, here is the *redacted* category of hints that we didn’t include for reasons of not fitting the vibes in the way that we wanted when we were writing them. ENJOY &lt;3",
        "files": [
            {
                "id": "F043KEES080",
                "created": 1663514049,
                "timestamp": 1663514049,
                "name": "Screen Shot 2022-09-18 at 11.07.54 AM.png",
                "title": "Screen Shot 2022-09-18 at 11.07.54 AM.png",
                "mimetype": "image\/png",
                "filetype": "png",
                "pretty_type": "PNG",
                "user": "U02DA9RUA7M",
                "user_team": "T7B710AL9",
                "editable": false,
                "size": 140741,
                "mode": "hosted",
                "is_external": false,
                "external_type": "",
                "is_public": true,
                "public_url_shared": false,
                "display_as_bot": false,
                "username": "",
                "url_private": "https:\/\/files.slack.com\/files-pri\/T7B710AL9-F043KEES080\/screen_shot_2022-09-18_at_11.07.54_am.png?t=xoxe-249239010689-7383763303600-7346417720535-c8977b2d870e66a58192db1f0484baaa",
                "url_private_download": "https:\/\/files.slack.com\/files-pri\/T7B710AL9-F043KEES080\/download\/screen_shot_2022-09-18_at_11.07.54_am.png?t=xoxe-249239010689-7383763303600-7346417720535-c8977b2d870e66a58192db1f0484baaa",
                "media_display_type": "unknown",
                "thumb_64": "https:\/\/files.slack.com\/files-tmb\/T7B710AL9-F043KEES080-50a9f38fbd\/screen_shot_2022-09-18_at_11.07.54_am_64.png?t=xoxe-249239010689-7383763303600-7346417720535-c8977b2d870e66a58192db1f0484baaa",
                "thumb_80": "https:\/\/files.slack.com\/files-tmb\/T7B710AL9-F043KEES080-50a9f38fbd\/screen_shot_2022-09-18_at_11.07.54_am_80.png?t=xoxe-249239010689-7383763303600-7346417720535-c8977b2d870e66a58192db1f0484baaa",
                "thumb_360": "https:\/\/files.slack.com\/files-tmb\/T7B710AL9-F043KEES080-50a9f38fbd\/screen_shot_2022-09-18_at_11.07.54_am_360.png?t=xoxe-249239010689-7383763303600-7346417720535-c8977b2d870e66a58192db1f0484baaa",
                "thumb_360_w": 360,
                "thumb_360_h": 194,
                "thumb_480": "https:\/\/files.slack.com\/files-tmb\/T7B710AL9-F043KEES080-50a9f38fbd\/screen_shot_2022-09-18_at_11.07.54_am_480.png?t=xoxe-249239010689-7383763303600-7346417720535-c8977b2d870e66a58192db1f0484baaa",
                "thumb_480_w": 480,
                "thumb_480_h": 258,
                "thumb_160": "https:\/\/files.slack.com\/files-tmb\/T7B710AL9-F043KEES080-50a9f38fbd\/screen_shot_2022-09-18_at_11.07.54_am_160.png?t=xoxe-249239010689-7383763303600-7346417720535-c8977b2d870e66a58192db1f0484baaa",
                "thumb_720": "https:\/\/files.slack.com\/files-tmb\/T7B710AL9-F043KEES080-50a9f38fbd\/screen_shot_2022-09-18_at_11.07.54_am_720.png?t=xoxe-249239010689-7383763303600-7346417720535-c8977b2d870e66a58192db1f0484baaa",
                "thumb_720_w": 720,
                "thumb_720_h": 388,
                "thumb_800": "https:\/\/files.slack.com\/files-tmb\/T7B710AL9-F043KEES080-50a9f38fbd\/screen_shot_2022-09-18_at_11.07.54_am_800.png?t=xoxe-249239010689-7383763303600-7346417720535-c8977b2d870e66a58192db1f0484baaa",
                "thumb_800_w": 800,
                "thumb_800_h": 431,
                "thumb_960": "https:\/\/files.slack.com\/files-tmb\/T7B710AL9-F043KEES080-50a9f38fbd\/screen_shot_2022-09-18_at_11.07.54_am_960.png?t=xoxe-249239010689-7383763303600-7346417720535-c8977b2d870e66a58192db1f0484baaa",
                "thumb_960_w": 960,
                "thumb_960_h": 517,
                "thumb_1024": "https:\/\/files.slack.com\/files-tmb\/T7B710AL9-F043KEES080-50a9f38fbd\/screen_shot_2022-09-18_at_11.07.54_am_1024.png?t=xoxe-249239010689-7383763303600-7346417720535-c8977b2d870e66a58192db1f0484baaa",
                "thumb_1024_w": 1024,
                "thumb_1024_h": 551,
                "original_w": 1252,
                "original_h": 674,
                "thumb_tiny": "AwAZADDRbg5BNJvNK9MAyeKAHZY0oLU3afSlCkGgB3Pr+lLSAN6ilGe9ADJOnApoJHrUtFAEeW9fzp4JPpS0UAJz6D86WiigD\/\/Z",
                "permalink": "https:\/\/swarthmoreultimate.slack.com\/files\/U02DA9RUA7M\/F043KEES080\/screen_shot_2022-09-18_at_11.07.54_am.png",
                "permalink_public": "https:\/\/slack-files.com\/T7B710AL9-F043KEES080-3149dd6f85",
                "is_starred": false,
                "has_rich_preview": false,
                "file_access": "visible"
            }
        ],
        "upload": false,
        "user": "U02DA9RUA7M",
        "display_as_bot": false,
        "blocks": [
            {
                "type": "rich_text",
                "block_id": "XfI",
                "elements": [
                    {
                        "type": "rich_text_section",
                        "elements": [
                            {
                                "type": "text",
                                "text": "good morning friends i hope that you are only now waking up after a restful night of sleep after a very full(filling) day of frisbee, here is the "
                            },
                            {
                                "type": "text",
                                "text": "redacted",
                                "style": {
                                    "bold": true
                                }
                            },
                            {
                                "type": "text",
                                "text": " category of hints that we didn’t include for reasons of not fitting the vibes in the way that we wanted when we were writing them. ENJOY <3"
                            }
                        ]
                    }
                ]
            }
        ],
        "type": "message",
        "ts": "1663514051.785749",
        "client_msg_id": "16d19141-31ea-4b1a-b818-38ac8b9c45c3",
        "reactions": [
            {
                "name": "enlightened-skippy",
                "users": [
                    "U02EPCH8Z9U",
                    "U01ANMM9XRS",
                    "U019UV6JV4P",
                    "UNCGS8RT2",
                    "U01AFT4NEPN",
                    "U01BGKQ3NCX",
                    "U0421MC7G65",
                    "U01A5BQECAK",
                    "UQCAL163W",
                    "U02CH0X3XQE",
                    "U02CV1EHJ1Y"
                ],
                "count": 11
            },
            {
                "name": "oop-juna",
                "users": [
                    "U02EPCH8Z9U",
                    "UCVH3M03G",
                    "U019UV6JV4P",
                    "UNCGS8RT2",
                    "U01ANMM9XRS",
                    "U01AFT4NEPN",
                    "U01BGKQ3NCX",
                    "U01A5BQECAK",
                    "UQCAL163W",
                    "U02CH0X3XQE",
                    "U02CV1EHJ1Y"
                ],
                "count": 11
            }
        ]
    },
    {
        "text": "Selfie with Val Smith",
        "files": [
            {
                "id": "F0438FD1R97",
                "created": 1663520137,
                "timestamp": 1663520137,
                "name": "IMG_3864.jpg",
                "title": "IMG_3864",
                "mimetype": "image\/jpeg",
                "filetype": "jpg",
                "pretty_type": "JPEG",
                "user": "UCVH3M03G",
                "user_team": "T7B710AL9",
                "editable": false,
                "size": 886991,
                "mode": "hosted",
                "is_external": false,
                "external_type": "",
                "is_public": true,
                "public_url_shared": false,
                "display_as_bot": false,
                "username": "",
                "url_private": "https:\/\/files.slack.com\/files-pri\/T7B710AL9-F0438FD1R97\/img_3864.jpg?t=xoxe-249239010689-7383763303600-7346417720535-c8977b2d870e66a58192db1f0484baaa",
                "url_private_download": "https:\/\/files.slack.com\/files-pri\/T7B710AL9-F0438FD1R97\/download\/img_3864.jpg?t=xoxe-249239010689-7383763303600-7346417720535-c8977b2d870e66a58192db1f0484baaa",
                "media_display_type": "unknown",
                "thumb_64": "https:\/\/files.slack.com\/files-tmb\/T7B710AL9-F0438FD1R97-120578258a\/img_3864_64.jpg?t=xoxe-249239010689-7383763303600-7346417720535-c8977b2d870e66a58192db1f0484baaa",
                "thumb_80": "https:\/\/files.slack.com\/files-tmb\/T7B710AL9-F0438FD1R97-120578258a\/img_3864_80.jpg?t=xoxe-249239010689-7383763303600-7346417720535-c8977b2d870e66a58192db1f0484baaa",
                "thumb_360": "https:\/\/files.slack.com\/files-tmb\/T7B710AL9-F0438FD1R97-120578258a\/img_3864_360.jpg?t=xoxe-249239010689-7383763303600-7346417720535-c8977b2d870e66a58192db1f0484baaa",
                "thumb_360_w": 270,
                "thumb_360_h": 360,
                "thumb_480": "https:\/\/files.slack.com\/files-tmb\/T7B710AL9-F0438FD1R97-120578258a\/img_3864_480.jpg?t=xoxe-249239010689-7383763303600-7346417720535-c8977b2d870e66a58192db1f0484baaa",
                "thumb_480_w": 361,
                "thumb_480_h": 480,
                "thumb_160": "https:\/\/files.slack.com\/files-tmb\/T7B710AL9-F0438FD1R97-120578258a\/img_3864_160.jpg?t=xoxe-249239010689-7383763303600-7346417720535-c8977b2d870e66a58192db1f0484baaa",
                "thumb_720": "https:\/\/files.slack.com\/files-tmb\/T7B710AL9-F0438FD1R97-120578258a\/img_3864_720.jpg?t=xoxe-249239010689-7383763303600-7346417720535-c8977b2d870e66a58192db1f0484baaa",
                "thumb_720_w": 541,
                "thumb_720_h": 720,
                "thumb_800": "https:\/\/files.slack.com\/files-tmb\/T7B710AL9-F0438FD1R97-120578258a\/img_3864_800.jpg?t=xoxe-249239010689-7383763303600-7346417720535-c8977b2d870e66a58192db1f0484baaa",
                "thumb_800_w": 800,
                "thumb_800_h": 1065,
                "thumb_960": "https:\/\/files.slack.com\/files-tmb\/T7B710AL9-F0438FD1R97-120578258a\/img_3864_960.jpg?t=xoxe-249239010689-7383763303600-7346417720535-c8977b2d870e66a58192db1f0484baaa",
                "thumb_960_w": 721,
                "thumb_960_h": 960,
                "thumb_1024": "https:\/\/files.slack.com\/files-tmb\/T7B710AL9-F0438FD1R97-120578258a\/img_3864_1024.jpg?t=xoxe-249239010689-7383763303600-7346417720535-c8977b2d870e66a58192db1f0484baaa",
                "thumb_1024_w": 769,
                "thumb_1024_h": 1024,
                "original_w": 2320,
                "original_h": 3088,
                "thumb_tiny": "AwAwACSKYyQMCSWSnFvNi3qOBVyWNZIiDyMVmQlo5HjBx1HNDFYlGAOfxp5IX5hk59qYGOM7cikJwRu3Bu3FZtATfL3zn60fL6n86hLbsYbgcc0mD\/eH+fwpWAuQhWGQwzVOdQlw7ElSMfjVyKFV5AqtqJHmLjqRWhQb2SMBcDP60zzDk7+c0nOwH2xSqC5HTANJkAh4OOmadk+1NkXa5GR60zPvSsMvxA5w1VL47rsDsFAq5vEUZaQ9O9ZnmGWVmbqxpoplqPbsGV3UOThvkwD1qNGK\/SrC+XwzFifahk2IZIpZW3bD07CmfZZf7rflV9Z1AwAeKXz19DSuxn\/\/2Q==",
                "permalink": "https:\/\/swarthmoreultimate.slack.com\/files\/UCVH3M03G\/F0438FD1R97\/img_3864.jpg",
                "permalink_public": "https:\/\/slack-files.com\/T7B710AL9-F0438FD1R97-5d5b2f8f1b",
                "is_starred": false,
                "has_rich_preview": false,
                "file_access": "visible"
            }
        ],
        "upload": false,
        "user": "UCVH3M03G",
        "display_as_bot": false,
        "blocks": [
            {
                "type": "rich_text",
                "block_id": "dFX",
                "elements": [
                    {
                        "type": "rich_text_section",
                        "elements": [
                            {
                                "type": "text",
                                "text": "Selfie with Val Smith"
                            }
                        ]
                    }
                ]
            }
        ],
        "type": "message",
        "ts": "1663520145.816889",
        "client_msg_id": "F1A4B49B-106B-41B0-9D77-F66928B2807A",
        "reactions": [
            {
                "name": "policestate",
                "users": [
                    "U01AFT4NEPN",
                    "UNE9YE50X",
                    "UNCGS8RT2",
                    "UNEB0TUPQ",
                    "U0421MC7G65",
                    "U01BGKQ3NCX",
                    "UNC4W0F96",
                    "U02CH0X3XQE",
                    "U019UV6JV4P",
                    "U032E82D4DA",
                    "U02DA9RUA7M",
                    "U01ANMM9XRS",
                    "U01A5BQECAK",
                    "U042TKFF6UT"
                ],
                "count": 14
            }
        ]
    }
]