[
    {
        "subtype": "thread_broadcast",
        "user": "U01A5BQECAK",
        "thread_ts": "1664927914.064789",
        "root": {
            "user": "U042UB7979S",
            "type": "message",
            "ts": "1664927914.064789",
            "client_msg_id": "1DC43E36-D5DC-4231-9DB7-2AB7222A258F",
            "text": "I have been instructed by some friends to pass along the message that new Sharples is to be called “Narples”",
            "team": "T7B710AL9",
            "thread_ts": "1664927914.064789",
            "reply_count": 1,
            "reply_users_count": 1,
            "latest_reply": "1665002738.194959",
            "reply_users": [
                "U01A5BQECAK"
            ],
            "replies": [
                {
                    "user": "U01A5BQECAK",
                    "ts": "1665002738.194959"
                }
            ],
            "is_locked": false,
            "subscribed": false,
            "blocks": [
                {
                    "type": "rich_text",
                    "block_id": "8Wb",
                    "elements": [
                        {
                            "type": "rich_text_section",
                            "elements": [
                                {
                                    "type": "text",
                                    "text": "I have been instructed"
                                },
                                {
                                    "type": "text",
                                    "text": " "
                                },
                                {
                                    "type": "text",
                                    "text": "by some friends to pass al"
                                },
                                {
                                    "type": "text",
                                    "text": "o"
                                },
                                {
                                    "type": "text",
                                    "text": "ng the message that new Sharples is to be called “Narples”"
                                }
                            ]
                        }
                    ]
                }
            ]
        },
        "type": "message",
        "ts": "1665002738.194959",
        "client_msg_id": "3F120BBC-D00E-4AC7-A20B-C04150385B3D",
        "text": "Narpies for short ",
        "blocks": [
            {
                "type": "rich_text",
                "block_id": "gVB",
                "elements": [
                    {
                        "type": "rich_text_section",
                        "elements": [
                            {
                                "type": "text",
                                "text": "Narpies for short "
                            }
                        ]
                    }
                ]
            }
        ]
    },
    {
        "subtype": "thread_broadcast",
        "user": "U01A5BQECAK",
        "thread_ts": "1664836418.350399",
        "root": {
            "user": "UCVH3M03G",
            "type": "message",
            "ts": "1664836418.350399",
            "client_msg_id": "1F84E700-E074-462F-9B70-DD440780AC71",
            "text": "Swarthmore is auctioning all the current Sharples equipment\/furniture <https:\/\/rebid.prod3.maxanet.auction\/Public\/Auction\/AuctionItems?AuctionId=G%2BIte5n6nSsUiA8o1fgUHw%3D%3D&amp;Title=qFAQwNaR80ANETUHaEV7ZFePh7it8JmjVTrdGonbchg%3D&amp;totalItems=WddRnDis30ojx01x46RicQ%3D%3D&amp;viewtypeId=KHe6Qcx9tBs9J%2B%2FgnxeL3g%3D%3D&amp;filter=iBcS%2B4ptjknZQtCojbueqQ%3D%3D|https:\/\/rebid.prod3.maxanet.auction\/Public\/Auction\/AuctionItems?AuctionId=G%2BIte5n6nSsUiA8o1fgUHw%3D%3D&amp;Title=qFAQwNaR80ANETUHaEV7ZFePh7it8JmjVTrdGonbchg%3D&amp;totalItems=WddRnDis30ojx01x46RicQ%3D%3D&amp;viewtypeId=KHe6Qcx9tBs9J%2B%2FgnxeL3g%3D%3D&amp;filter=iBcS%2B4ptjknZQtCojbueqQ%3D%3D>",
            "team": "T7B710AL9",
            "thread_ts": "1664836418.350399",
            "reply_count": 4,
            "reply_users_count": 3,
            "latest_reply": "1665005499.974599",
            "reply_users": [
                "U01A5BQECAK",
                "U01DZ0DF0U8",
                "U01ANMM9XRS"
            ],
            "replies": [
                {
                    "user": "U01A5BQECAK",
                    "ts": "1664840416.116769"
                },
                {
                    "user": "U01DZ0DF0U8",
                    "ts": "1664841947.586919"
                },
                {
                    "user": "U01A5BQECAK",
                    "ts": "1665002769.666039"
                },
                {
                    "user": "U01ANMM9XRS",
                    "ts": "1665005499.974599"
                }
            ],
            "is_locked": false,
            "subscribed": false,
            "blocks": [
                {
                    "type": "rich_text",
                    "block_id": "=Wxd",
                    "elements": [
                        {
                            "type": "rich_text_section",
                            "elements": [
                                {
                                    "type": "text",
                                    "text": "Swarthmore is auctioning all "
                                },
                                {
                                    "type": "text",
                                    "text": "t"
                                },
                                {
                                    "type": "text",
                                    "text": "he current Sharples equipment\/furniture "
                                },
                                {
                                    "type": "link",
                                    "url": "https:\/\/rebid.prod3.maxanet.auction\/Public\/Auction\/AuctionItems?AuctionId=G%2BIte5n6nSsUiA8o1fgUHw%3D%3D&Title=qFAQwNaR80ANETUHaEV7ZFePh7it8JmjVTrdGonbchg%3D&totalItems=WddRnDis30ojx01x46RicQ%3D%3D&viewtypeId=KHe6Qcx9tBs9J%2B%2FgnxeL3g%3D%3D&filter=iBcS%2B4ptjknZQtCojbueqQ%3D%3D",
                                    "text": "https:\/\/rebid.prod3.maxanet.auction\/Public\/Auction\/AuctionItems?AuctionId=G%2BIte5n6nSsUiA8o1fgUHw%3D%3D&Title=qFAQwNaR80ANETUHaEV7ZFePh7it8JmjVTrdGonbchg%3D&totalItems=WddRnDis30ojx01x46RicQ%3D%3D&viewtypeId=KHe6Qcx9tBs9J%2B%2FgnxeL3g%3D%3D&filter=iBcS%2B4ptjknZQtCojbueqQ%3D%3D"
                                }
                            ]
                        }
                    ]
                }
            ]
        },
        "type": "message",
        "ts": "1665002769.666039",
        "client_msg_id": "FD08429A-67CA-4FF0-B9DB-E53E26353F5F",
        "text": "My roomates and I have measured our dining room and fully plan to bid on the bagel bar ",
        "blocks": [
            {
                "type": "rich_text",
                "block_id": "vXJm2",
                "elements": [
                    {
                        "type": "rich_text_section",
                        "elements": [
                            {
                                "type": "text",
                                "text": "My roomates and I have measured our dining room and fully plan to bid on the bagel bar "
                            }
                        ]
                    }
                ]
            }
        ],
        "reactions": [
            {
                "name": "mateopog",
                "users": [
                    "UCVH3M03G",
                    "U01DZ0DF0U8",
                    "UNC4W0F96",
                    "U01ANMM9XRS",
                    "U01AFT4NEPN",
                    "U019UV6JV4P",
                    "UNCGS8RT2",
                    "U0412DQG11D",
                    "UN12YVARH",
                    "U01A1PNMU6B",
                    "U01BGKQ3NCX",
                    "UQCAL163W",
                    "UNE9YE50X",
                    "U0421MC7G65",
                    "U042TKFF6UT"
                ],
                "count": 15
            }
        ]
    },
    {
        "user": "U01ANMM9XRS",
        "type": "message",
        "ts": "1665005499.974599",
        "client_msg_id": "C56F36DD-C8BB-48F0-B522-01622EA2BB1C",
        "text": "You gotta go for the 9x chandeliers ",
        "team": "T7B710AL9",
        "user_team": "T7B710AL9",
        "source_team": "T7B710AL9",
        "user_profile": {
            "avatar_hash": "8566e3437a98",
            "image_72": "https:\/\/avatars.slack-edge.com\/2024-05-17\/7148429624081_8566e3437a98c288ec27_72.png",
            "first_name": "Racc",
            "real_name": "Racc",
            "display_name": "",
            "team": "T7B710AL9",
            "name": "ifransa1",
            "is_restricted": false,
            "is_ultra_restricted": false
        },
        "thread_ts": "1664836418.350399",
        "parent_user_id": "UCVH3M03G",
        "blocks": [
            {
                "type": "rich_text",
                "block_id": "KU5Yb",
                "elements": [
                    {
                        "type": "rich_text_section",
                        "elements": [
                            {
                                "type": "text",
                                "text": "You gotta go for the 9x chandeliers "
                            }
                        ]
                    }
                ]
            }
        ],
        "reactions": [
            {
                "name": "200iq",
                "users": [
                    "U01A5BQECAK"
                ],
                "count": 1
            }
        ]
    }
]