[
    {
        "user": "UD3552DL0",
        "type": "message",
        "ts": "1651436339.301689",
        "client_msg_id": "C52F4215-A46C-4A4D-8C4C-D36AA4137361",
        "text": "Toast elected not to set his alarm this morning",
        "team": "T7B710AL9",
        "user_team": "T7B710AL9",
        "source_team": "T7B710AL9",
        "user_profile": {
            "avatar_hash": "62d41ef679f8",
            "image_72": "https:\/\/avatars.slack-edge.com\/2022-04-10\/3356328547575_62d41ef679f81d243e38_72.png",
            "first_name": "Leo",
            "real_name": "Leo Posel",
            "display_name": "Leo",
            "team": "T7B710AL9",
            "name": "lposel1",
            "is_restricted": false,
            "is_ultra_restricted": false
        },
        "thread_ts": "1651436339.301689",
        "reply_count": 1,
        "reply_users_count": 1,
        "latest_reply": "1651436486.494969",
        "reply_users": [
            "UCKMFGMMW"
        ],
        "replies": [
            {
                "user": "UCKMFGMMW",
                "ts": "1651436486.494969"
            }
        ],
        "is_locked": false,
        "subscribed": false,
        "blocks": [
            {
                "type": "rich_text",
                "block_id": "Qbp9h",
                "elements": [
                    {
                        "type": "rich_text_section",
                        "elements": [
                            {
                                "type": "text",
                                "text": "Toast elected not to set his alarm this morning"
                            }
                        ]
                    }
                ]
            }
        ],
        "reactions": [
            {
                "name": "clock9",
                "users": [
                    "U01A5BQECAK",
                    "U01AFT4NEPN",
                    "UNCGS8RT2",
                    "U01A1PNMU6B",
                    "UCU27FNLT",
                    "U019UV6JV4P",
                    "U01ANMM9XRS",
                    "UD7R9NDNK"
                ],
                "count": 8
            }
        ]
    },
    {
        "user": "UCKMFGMMW",
        "type": "message",
        "ts": "1651436486.494969",
        "client_msg_id": "F92D6376-A5B4-406E-A8C3-621BDE3CF4D1",
        "text": "This is cap. I was so tired yesterday that I just didn’t get around to it",
        "team": "T7B710AL9",
        "user_team": "T7B710AL9",
        "source_team": "T7B710AL9",
        "user_profile": {
            "avatar_hash": "9d366ab9ae4b",
            "image_72": "https:\/\/avatars.slack-edge.com\/2022-04-12\/3405463341376_9d366ab9ae4b8f2f1e92_72.jpg",
            "first_name": "Geoffrey",
            "real_name": "Geoffrey Cater",
            "display_name": "The Toast",
            "team": "T7B710AL9",
            "name": "gcater1",
            "is_restricted": false,
            "is_ultra_restricted": false
        },
        "thread_ts": "1651436339.301689",
        "parent_user_id": "UD3552DL0",
        "blocks": [
            {
                "type": "rich_text",
                "block_id": "IRs",
                "elements": [
                    {
                        "type": "rich_text_section",
                        "elements": [
                            {
                                "type": "text",
                                "text": "This is cap. I was so tired yesterday that I just didn’t get around to it"
                            }
                        ]
                    }
                ]
            }
        ],
        "reactions": [
            {
                "name": "billed_cap",
                "users": [
                    "U01AFT4NEPN",
                    "UNC4W0F96",
                    "UCU27FNLT",
                    "U01ANMM9XRS"
                ],
                "count": 4
            }
        ]
    }
]