[
    {
        "text": "WTF ",
        "files": [
            {
                "id": "F039EPNT35E",
                "created": 1648227906,
                "timestamp": 1648227906,
                "name": "Image from iOS.png",
                "title": "Image from iOS",
                "mimetype": "image\/png",
                "filetype": "png",
                "pretty_type": "PNG",
                "user": "UCZ4H6YNA",
                "user_team": "T7B710AL9",
                "editable": false,
                "size": 159465,
                "mode": "hosted",
                "is_external": false,
                "external_type": "",
                "is_public": true,
                "public_url_shared": false,
                "display_as_bot": false,
                "username": "",
                "url_private": "https:\/\/files.slack.com\/files-pri\/T7B710AL9-F039EPNT35E\/image_from_ios.png?t=xoxe-249239010689-7383763303600-7346417720535-c8977b2d870e66a58192db1f0484baaa",
                "url_private_download": "https:\/\/files.slack.com\/files-pri\/T7B710AL9-F039EPNT35E\/download\/image_from_ios.png?t=xoxe-249239010689-7383763303600-7346417720535-c8977b2d870e66a58192db1f0484baaa",
                "media_display_type": "unknown",
                "thumb_64": "https:\/\/files.slack.com\/files-tmb\/T7B710AL9-F039EPNT35E-c926589b25\/image_from_ios_64.png?t=xoxe-249239010689-7383763303600-7346417720535-c8977b2d870e66a58192db1f0484baaa",
                "thumb_80": "https:\/\/files.slack.com\/files-tmb\/T7B710AL9-F039EPNT35E-c926589b25\/image_from_ios_80.png?t=xoxe-249239010689-7383763303600-7346417720535-c8977b2d870e66a58192db1f0484baaa",
                "thumb_360": "https:\/\/files.slack.com\/files-tmb\/T7B710AL9-F039EPNT35E-c926589b25\/image_from_ios_360.png?t=xoxe-249239010689-7383763303600-7346417720535-c8977b2d870e66a58192db1f0484baaa",
                "thumb_360_w": 202,
                "thumb_360_h": 360,
                "thumb_480": "https:\/\/files.slack.com\/files-tmb\/T7B710AL9-F039EPNT35E-c926589b25\/image_from_ios_480.png?t=xoxe-249239010689-7383763303600-7346417720535-c8977b2d870e66a58192db1f0484baaa",
                "thumb_480_w": 270,
                "thumb_480_h": 480,
                "thumb_160": "https:\/\/files.slack.com\/files-tmb\/T7B710AL9-F039EPNT35E-c926589b25\/image_from_ios_160.png?t=xoxe-249239010689-7383763303600-7346417720535-c8977b2d870e66a58192db1f0484baaa",
                "thumb_720": "https:\/\/files.slack.com\/files-tmb\/T7B710AL9-F039EPNT35E-c926589b25\/image_from_ios_720.png?t=xoxe-249239010689-7383763303600-7346417720535-c8977b2d870e66a58192db1f0484baaa",
                "thumb_720_w": 405,
                "thumb_720_h": 720,
                "thumb_800": "https:\/\/files.slack.com\/files-tmb\/T7B710AL9-F039EPNT35E-c926589b25\/image_from_ios_800.png?t=xoxe-249239010689-7383763303600-7346417720535-c8977b2d870e66a58192db1f0484baaa",
                "thumb_800_w": 450,
                "thumb_800_h": 800,
                "thumb_960": "https:\/\/files.slack.com\/files-tmb\/T7B710AL9-F039EPNT35E-c926589b25\/image_from_ios_960.png?t=xoxe-249239010689-7383763303600-7346417720535-c8977b2d870e66a58192db1f0484baaa",
                "thumb_960_w": 540,
                "thumb_960_h": 960,
                "thumb_1024": "https:\/\/files.slack.com\/files-tmb\/T7B710AL9-F039EPNT35E-c926589b25\/image_from_ios_1024.png?t=xoxe-249239010689-7383763303600-7346417720535-c8977b2d870e66a58192db1f0484baaa",
                "thumb_1024_w": 576,
                "thumb_1024_h": 1024,
                "image_exif_rotation": 1,
                "original_w": 750,
                "original_h": 1334,
                "thumb_tiny": "AwAwABqwNOt8YIY\/VjR\/Z9uOAh\/76NW6aW56GgCsNOthzsIP+8aadMhJJ3yc+9XR0pKADcM4\/CgjJ70Z5xg0tABSUtJQA04yeadg44akOc9qUZ9KAFFJS0mKAP\/Z",
                "permalink": "https:\/\/swarthmoreultimate.slack.com\/files\/UCZ4H6YNA\/F039EPNT35E\/image_from_ios.png",
                "permalink_public": "https:\/\/slack-files.com\/T7B710AL9-F039EPNT35E-0632140f36",
                "is_starred": false,
                "has_rich_preview": false,
                "file_access": "visible"
            }
        ],
        "upload": false,
        "user": "UCZ4H6YNA",
        "display_as_bot": false,
        "blocks": [
            {
                "type": "rich_text",
                "block_id": "aDYYP",
                "elements": [
                    {
                        "type": "rich_text_section",
                        "elements": [
                            {
                                "type": "text",
                                "text": "WTF "
                            }
                        ]
                    }
                ]
            }
        ],
        "type": "message",
        "ts": "1648227915.871869",
        "client_msg_id": "032776DA-2173-493E-82B3-62AAE171B047",
        "thread_ts": "1648227915.871869",
        "reply_count": 8,
        "reply_users_count": 3,
        "latest_reply": "1648228323.042199",
        "reply_users": [
            "UCMEELYF9",
            "UCZ4H6YNA",
            "UCU27FNLT"
        ],
        "replies": [
            {
                "user": "UCMEELYF9",
                "ts": "1648227950.920209"
            },
            {
                "user": "UCMEELYF9",
                "ts": "1648227975.764879"
            },
            {
                "user": "UCZ4H6YNA",
                "ts": "1648227977.367159"
            },
            {
                "user": "UCZ4H6YNA",
                "ts": "1648228003.343609"
            },
            {
                "user": "UCMEELYF9",
                "ts": "1648228105.054869"
            },
            {
                "user": "UCU27FNLT",
                "ts": "1648228201.734279"
            },
            {
                "user": "UCZ4H6YNA",
                "ts": "1648228300.883379"
            },
            {
                "user": "UCZ4H6YNA",
                "ts": "1648228323.042199"
            }
        ],
        "is_locked": false,
        "subscribed": false,
        "reactions": [
            {
                "name": "alphabet-white-w",
                "users": [
                    "U01AFT4NEPN",
                    "U01A1PNMU6B",
                    "UD3552DL0",
                    "UCKMFGMMW",
                    "U7CUH2Z70",
                    "UCU52BKEE",
                    "U01DZ0DF0U8",
                    "UCVH3M03G",
                    "U019UV6JV4P",
                    "U01ANMM9XRS",
                    "UN12YVARH"
                ],
                "count": 11
            },
            {
                "name": "alphabet-white-t",
                "users": [
                    "U01AFT4NEPN",
                    "U01A1PNMU6B",
                    "UD3552DL0",
                    "UCKMFGMMW",
                    "UCU52BKEE",
                    "U7CUH2Z70",
                    "U01DZ0DF0U8",
                    "UCVH3M03G",
                    "U019UV6JV4P",
                    "U01ANMM9XRS"
                ],
                "count": 10
            },
            {
                "name": "alphabet-white-f",
                "users": [
                    "U01AFT4NEPN",
                    "U01A1PNMU6B",
                    "UD3552DL0",
                    "UCKMFGMMW",
                    "U7CUH2Z70",
                    "UCU52BKEE",
                    "U01DZ0DF0U8",
                    "UCVH3M03G",
                    "U019UV6JV4P",
                    "U01ANMM9XRS"
                ],
                "count": 10
            },
            {
                "name": "shitmyselfshane",
                "users": [
                    "UCU27FNLT",
                    "UD3552DL0",
                    "UCKMFGMMW",
                    "UNCGS8RT2",
                    "UCU52BKEE",
                    "U7CUH2Z70",
                    "U01DZ0DF0U8",
                    "UCVH3M03G",
                    "U019UV6JV4P",
                    "U01ANMM9XRS"
                ],
                "count": 10
            },
            {
                "name": "whoafrogger",
                "users": [
                    "U01DZ0DF0U8",
                    "U019UV6JV4P",
                    "U01ANMM9XRS",
                    "U02C9PX2DUP",
                    "U7BL1F7PD"
                ],
                "count": 5
            },
            {
                "name": "us_department_of_the_treasury_seal_750x450px",
                "users": [
                    "UCKMFGMMW",
                    "U019UV6JV4P",
                    "U01ANMM9XRS",
                    "U032E82D4DA",
                    "UCVH3M03G"
                ],
                "count": 5
            }
        ]
    },
    {
        "user": "UCMEELYF9",
        "type": "message",
        "ts": "1648227950.920209",
        "client_msg_id": "5846FC1B-F174-4C23-8F02-F1E1BF3472C3",
        "text": "Very ambiguous",
        "team": "T7B710AL9",
        "user_team": "T7B710AL9",
        "source_team": "T7B710AL9",
        "user_profile": {
            "avatar_hash": "4fd5a65d0bbf",
            "image_72": "https:\/\/avatars.slack-edge.com\/2022-05-01\/3464979741378_4fd5a65d0bbf8c147fd1_72.png",
            "first_name": "frogger",
            "real_name": "frogger",
            "display_name": "frogger",
            "team": "T7B710AL9",
            "name": "kstewar1",
            "is_restricted": false,
            "is_ultra_restricted": false
        },
        "thread_ts": "1648227915.871869",
        "parent_user_id": "UCZ4H6YNA",
        "blocks": [
            {
                "type": "rich_text",
                "block_id": "MX75z",
                "elements": [
                    {
                        "type": "rich_text_section",
                        "elements": [
                            {
                                "type": "text",
                                "text": "Very ambiguous"
                            }
                        ]
                    }
                ]
            }
        ]
    },
    {
        "user": "UCMEELYF9",
        "type": "message",
        "ts": "1648227975.764879",
        "client_msg_id": "DE445D0B-6B11-4653-A96B-A7F8A410428F",
        "text": "Fradulent behavior",
        "team": "T7B710AL9",
        "user_team": "T7B710AL9",
        "source_team": "T7B710AL9",
        "user_profile": {
            "avatar_hash": "4fd5a65d0bbf",
            "image_72": "https:\/\/avatars.slack-edge.com\/2022-05-01\/3464979741378_4fd5a65d0bbf8c147fd1_72.png",
            "first_name": "frogger",
            "real_name": "frogger",
            "display_name": "frogger",
            "team": "T7B710AL9",
            "name": "kstewar1",
            "is_restricted": false,
            "is_ultra_restricted": false
        },
        "thread_ts": "1648227915.871869",
        "parent_user_id": "UCZ4H6YNA",
        "blocks": [
            {
                "type": "rich_text",
                "block_id": "inz",
                "elements": [
                    {
                        "type": "rich_text_section",
                        "elements": [
                            {
                                "type": "text",
                                "text": "Fradulent behavior"
                            }
                        ]
                    }
                ]
            }
        ]
    },
    {
        "text": "For Context this is my profile ",
        "files": [
            {
                "id": "F0393KGLF1P",
                "created": 1648227964,
                "timestamp": 1648227964,
                "name": "Image from iOS.png",
                "title": "Image from iOS",
                "mimetype": "image\/png",
                "filetype": "png",
                "pretty_type": "PNG",
                "user": "UCZ4H6YNA",
                "user_team": "T7B710AL9",
                "editable": false,
                "size": 282818,
                "mode": "hosted",
                "is_external": false,
                "external_type": "",
                "is_public": true,
                "public_url_shared": false,
                "display_as_bot": false,
                "username": "",
                "url_private": "https:\/\/files.slack.com\/files-pri\/T7B710AL9-F0393KGLF1P\/image_from_ios.png?t=xoxe-249239010689-7383763303600-7346417720535-c8977b2d870e66a58192db1f0484baaa",
                "url_private_download": "https:\/\/files.slack.com\/files-pri\/T7B710AL9-F0393KGLF1P\/download\/image_from_ios.png?t=xoxe-249239010689-7383763303600-7346417720535-c8977b2d870e66a58192db1f0484baaa",
                "media_display_type": "unknown",
                "thumb_64": "https:\/\/files.slack.com\/files-tmb\/T7B710AL9-F0393KGLF1P-4029b3dfdc\/image_from_ios_64.png?t=xoxe-249239010689-7383763303600-7346417720535-c8977b2d870e66a58192db1f0484baaa",
                "thumb_80": "https:\/\/files.slack.com\/files-tmb\/T7B710AL9-F0393KGLF1P-4029b3dfdc\/image_from_ios_80.png?t=xoxe-249239010689-7383763303600-7346417720535-c8977b2d870e66a58192db1f0484baaa",
                "thumb_360": "https:\/\/files.slack.com\/files-tmb\/T7B710AL9-F0393KGLF1P-4029b3dfdc\/image_from_ios_360.png?t=xoxe-249239010689-7383763303600-7346417720535-c8977b2d870e66a58192db1f0484baaa",
                "thumb_360_w": 202,
                "thumb_360_h": 360,
                "thumb_480": "https:\/\/files.slack.com\/files-tmb\/T7B710AL9-F0393KGLF1P-4029b3dfdc\/image_from_ios_480.png?t=xoxe-249239010689-7383763303600-7346417720535-c8977b2d870e66a58192db1f0484baaa",
                "thumb_480_w": 270,
                "thumb_480_h": 480,
                "thumb_160": "https:\/\/files.slack.com\/files-tmb\/T7B710AL9-F0393KGLF1P-4029b3dfdc\/image_from_ios_160.png?t=xoxe-249239010689-7383763303600-7346417720535-c8977b2d870e66a58192db1f0484baaa",
                "thumb_720": "https:\/\/files.slack.com\/files-tmb\/T7B710AL9-F0393KGLF1P-4029b3dfdc\/image_from_ios_720.png?t=xoxe-249239010689-7383763303600-7346417720535-c8977b2d870e66a58192db1f0484baaa",
                "thumb_720_w": 405,
                "thumb_720_h": 720,
                "thumb_800": "https:\/\/files.slack.com\/files-tmb\/T7B710AL9-F0393KGLF1P-4029b3dfdc\/image_from_ios_800.png?t=xoxe-249239010689-7383763303600-7346417720535-c8977b2d870e66a58192db1f0484baaa",
                "thumb_800_w": 450,
                "thumb_800_h": 800,
                "thumb_960": "https:\/\/files.slack.com\/files-tmb\/T7B710AL9-F0393KGLF1P-4029b3dfdc\/image_from_ios_960.png?t=xoxe-249239010689-7383763303600-7346417720535-c8977b2d870e66a58192db1f0484baaa",
                "thumb_960_w": 540,
                "thumb_960_h": 960,
                "thumb_1024": "https:\/\/files.slack.com\/files-tmb\/T7B710AL9-F0393KGLF1P-4029b3dfdc\/image_from_ios_1024.png?t=xoxe-249239010689-7383763303600-7346417720535-c8977b2d870e66a58192db1f0484baaa",
                "thumb_1024_w": 576,
                "thumb_1024_h": 1024,
                "image_exif_rotation": 1,
                "original_w": 750,
                "original_h": 1334,
                "thumb_tiny": "AwAwABrRxg8KKOSRlageVxMRnocbfUU9i244J60ASnPI25\/HrQFAHQU1SwHLfoafQAVGWG\/GDn6U5pFBwWXPoTTfMT++v\/fVOwEgopglTu6\/99U+kBA9tGzFiGyfQ0fZ4\/8Aa\/Op884pAc54NO7FZEH2WInkN+dWAAAAOgppPG75voKdQ23uFj\/\/2Q==",
                "permalink": "https:\/\/swarthmoreultimate.slack.com\/files\/UCZ4H6YNA\/F0393KGLF1P\/image_from_ios.png",
                "permalink_public": "https:\/\/slack-files.com\/T7B710AL9-F0393KGLF1P-faef96c183",
                "is_starred": false,
                "has_rich_preview": false,
                "file_access": "visible"
            }
        ],
        "upload": false,
        "user": "UCZ4H6YNA",
        "display_as_bot": false,
        "blocks": [
            {
                "type": "rich_text",
                "block_id": "TmUN",
                "elements": [
                    {
                        "type": "rich_text_section",
                        "elements": [
                            {
                                "type": "text",
                                "text": "For Context this is my profile "
                            }
                        ]
                    }
                ]
            }
        ],
        "type": "message",
        "ts": "1648227977.367159",
        "client_msg_id": "49D27F8A-E42D-4595-936B-B94239A5A7F4",
        "thread_ts": "1648227915.871869",
        "parent_user_id": "UCZ4H6YNA"
    },
    {
        "text": "",
        "files": [
            {
                "id": "F038TBKLXGC",
                "created": 1648228001,
                "timestamp": 1648228001,
                "name": "Image from iOS.png",
                "title": "Image from iOS",
                "mimetype": "image\/png",
                "filetype": "png",
                "pretty_type": "PNG",
                "user": "UCZ4H6YNA",
                "user_team": "T7B710AL9",
                "editable": false,
                "size": 197943,
                "mode": "hosted",
                "is_external": false,
                "external_type": "",
                "is_public": true,
                "public_url_shared": false,
                "display_as_bot": false,
                "username": "",
                "url_private": "https:\/\/files.slack.com\/files-pri\/T7B710AL9-F038TBKLXGC\/image_from_ios.png?t=xoxe-249239010689-7383763303600-7346417720535-c8977b2d870e66a58192db1f0484baaa",
                "url_private_download": "https:\/\/files.slack.com\/files-pri\/T7B710AL9-F038TBKLXGC\/download\/image_from_ios.png?t=xoxe-249239010689-7383763303600-7346417720535-c8977b2d870e66a58192db1f0484baaa",
                "media_display_type": "unknown",
                "thumb_64": "https:\/\/files.slack.com\/files-tmb\/T7B710AL9-F038TBKLXGC-8a7c1f8636\/image_from_ios_64.png?t=xoxe-249239010689-7383763303600-7346417720535-c8977b2d870e66a58192db1f0484baaa",
                "thumb_80": "https:\/\/files.slack.com\/files-tmb\/T7B710AL9-F038TBKLXGC-8a7c1f8636\/image_from_ios_80.png?t=xoxe-249239010689-7383763303600-7346417720535-c8977b2d870e66a58192db1f0484baaa",
                "thumb_360": "https:\/\/files.slack.com\/files-tmb\/T7B710AL9-F038TBKLXGC-8a7c1f8636\/image_from_ios_360.png?t=xoxe-249239010689-7383763303600-7346417720535-c8977b2d870e66a58192db1f0484baaa",
                "thumb_360_w": 202,
                "thumb_360_h": 360,
                "thumb_480": "https:\/\/files.slack.com\/files-tmb\/T7B710AL9-F038TBKLXGC-8a7c1f8636\/image_from_ios_480.png?t=xoxe-249239010689-7383763303600-7346417720535-c8977b2d870e66a58192db1f0484baaa",
                "thumb_480_w": 270,
                "thumb_480_h": 480,
                "thumb_160": "https:\/\/files.slack.com\/files-tmb\/T7B710AL9-F038TBKLXGC-8a7c1f8636\/image_from_ios_160.png?t=xoxe-249239010689-7383763303600-7346417720535-c8977b2d870e66a58192db1f0484baaa",
                "thumb_720": "https:\/\/files.slack.com\/files-tmb\/T7B710AL9-F038TBKLXGC-8a7c1f8636\/image_from_ios_720.png?t=xoxe-249239010689-7383763303600-7346417720535-c8977b2d870e66a58192db1f0484baaa",
                "thumb_720_w": 405,
                "thumb_720_h": 720,
                "thumb_800": "https:\/\/files.slack.com\/files-tmb\/T7B710AL9-F038TBKLXGC-8a7c1f8636\/image_from_ios_800.png?t=xoxe-249239010689-7383763303600-7346417720535-c8977b2d870e66a58192db1f0484baaa",
                "thumb_800_w": 450,
                "thumb_800_h": 800,
                "thumb_960": "https:\/\/files.slack.com\/files-tmb\/T7B710AL9-F038TBKLXGC-8a7c1f8636\/image_from_ios_960.png?t=xoxe-249239010689-7383763303600-7346417720535-c8977b2d870e66a58192db1f0484baaa",
                "thumb_960_w": 540,
                "thumb_960_h": 960,
                "thumb_1024": "https:\/\/files.slack.com\/files-tmb\/T7B710AL9-F038TBKLXGC-8a7c1f8636\/image_from_ios_1024.png?t=xoxe-249239010689-7383763303600-7346417720535-c8977b2d870e66a58192db1f0484baaa",
                "thumb_1024_w": 576,
                "thumb_1024_h": 1024,
                "image_exif_rotation": 1,
                "original_w": 750,
                "original_h": 1334,
                "thumb_tiny": "AwAwABrR+UenFISCc5H5U40vFACcHijaAOgpaKAENID7Gk3ijzB3oAdn2NLTDIKXeKAG0fhTBICwGDzUmOKAE\/KkyPSklO3j19KjHTqaAP\/Z",
                "permalink": "https:\/\/swarthmoreultimate.slack.com\/files\/UCZ4H6YNA\/F038TBKLXGC\/image_from_ios.png",
                "permalink_public": "https:\/\/slack-files.com\/T7B710AL9-F038TBKLXGC-ea76622e7d",
                "is_starred": false,
                "has_rich_preview": false,
                "file_access": "visible"
            }
        ],
        "upload": false,
        "user": "UCZ4H6YNA",
        "display_as_bot": false,
        "type": "message",
        "ts": "1648228003.343609",
        "client_msg_id": "30966210-F161-420B-B812-02FDB7A44400",
        "thread_ts": "1648227915.871869",
        "parent_user_id": "UCZ4H6YNA"
    },
    {
        "text": "",
        "files": [
            {
                "id": "F038JBYTU30",
                "created": 1648228096,
                "timestamp": 1648228096,
                "name": "Image from iOS.png",
                "title": "Image from iOS",
                "mimetype": "image\/png",
                "filetype": "png",
                "pretty_type": "PNG",
                "user": "UCMEELYF9",
                "user_team": "T7B710AL9",
                "editable": false,
                "size": 2758008,
                "mode": "hosted",
                "is_external": false,
                "external_type": "",
                "is_public": true,
                "public_url_shared": false,
                "display_as_bot": false,
                "username": "",
                "url_private": "https:\/\/files.slack.com\/files-pri\/T7B710AL9-F038JBYTU30\/image_from_ios.png?t=xoxe-249239010689-7383763303600-7346417720535-c8977b2d870e66a58192db1f0484baaa",
                "url_private_download": "https:\/\/files.slack.com\/files-pri\/T7B710AL9-F038JBYTU30\/download\/image_from_ios.png?t=xoxe-249239010689-7383763303600-7346417720535-c8977b2d870e66a58192db1f0484baaa",
                "media_display_type": "unknown",
                "thumb_64": "https:\/\/files.slack.com\/files-tmb\/T7B710AL9-F038JBYTU30-03e002ecd7\/image_from_ios_64.png?t=xoxe-249239010689-7383763303600-7346417720535-c8977b2d870e66a58192db1f0484baaa",
                "thumb_80": "https:\/\/files.slack.com\/files-tmb\/T7B710AL9-F038JBYTU30-03e002ecd7\/image_from_ios_80.png?t=xoxe-249239010689-7383763303600-7346417720535-c8977b2d870e66a58192db1f0484baaa",
                "thumb_360": "https:\/\/files.slack.com\/files-tmb\/T7B710AL9-F038JBYTU30-03e002ecd7\/image_from_ios_360.png?t=xoxe-249239010689-7383763303600-7346417720535-c8977b2d870e66a58192db1f0484baaa",
                "thumb_360_w": 166,
                "thumb_360_h": 360,
                "thumb_480": "https:\/\/files.slack.com\/files-tmb\/T7B710AL9-F038JBYTU30-03e002ecd7\/image_from_ios_480.png?t=xoxe-249239010689-7383763303600-7346417720535-c8977b2d870e66a58192db1f0484baaa",
                "thumb_480_w": 222,
                "thumb_480_h": 480,
                "thumb_160": "https:\/\/files.slack.com\/files-tmb\/T7B710AL9-F038JBYTU30-03e002ecd7\/image_from_ios_160.png?t=xoxe-249239010689-7383763303600-7346417720535-c8977b2d870e66a58192db1f0484baaa",
                "thumb_720": "https:\/\/files.slack.com\/files-tmb\/T7B710AL9-F038JBYTU30-03e002ecd7\/image_from_ios_720.png?t=xoxe-249239010689-7383763303600-7346417720535-c8977b2d870e66a58192db1f0484baaa",
                "thumb_720_w": 333,
                "thumb_720_h": 720,
                "thumb_800": "https:\/\/files.slack.com\/files-tmb\/T7B710AL9-F038JBYTU30-03e002ecd7\/image_from_ios_800.png?t=xoxe-249239010689-7383763303600-7346417720535-c8977b2d870e66a58192db1f0484baaa",
                "thumb_800_w": 800,
                "thumb_800_h": 1731,
                "thumb_960": "https:\/\/files.slack.com\/files-tmb\/T7B710AL9-F038JBYTU30-03e002ecd7\/image_from_ios_960.png?t=xoxe-249239010689-7383763303600-7346417720535-c8977b2d870e66a58192db1f0484baaa",
                "thumb_960_w": 444,
                "thumb_960_h": 960,
                "thumb_1024": "https:\/\/files.slack.com\/files-tmb\/T7B710AL9-F038JBYTU30-03e002ecd7\/image_from_ios_1024.png?t=xoxe-249239010689-7383763303600-7346417720535-c8977b2d870e66a58192db1f0484baaa",
                "thumb_1024_w": 473,
                "thumb_1024_h": 1024,
                "image_exif_rotation": 1,
                "original_w": 1170,
                "original_h": 2532,
                "thumb_tiny": "AwAwABaqYZAm4oQvXOKQIW+6rE\/Sr0uTBCoGcjOPXioFDM2R1Azx2NK47ELRSKoLowHY4pmPrWlenNup9SP5VRpiHxXLh03tlV4HHTjFSRSLE+8sCMdAetV1VcA71Boz1+ZfyosCYr3EkihWbIHbFR7j60HHakoAfnj3+tJn\/OaM+lKQ2OhoAb+FJSmkoA\/\/2Q==",
                "permalink": "https:\/\/swarthmoreultimate.slack.com\/files\/UCMEELYF9\/F038JBYTU30\/image_from_ios.png",
                "permalink_public": "https:\/\/slack-files.com\/T7B710AL9-F038JBYTU30-df37d756bf",
                "is_starred": false,
                "has_rich_preview": false,
                "file_access": "visible"
            }
        ],
        "upload": false,
        "user": "UCMEELYF9",
        "display_as_bot": false,
        "type": "message",
        "ts": "1648228105.054869",
        "client_msg_id": "885FF522-6E29-4AA6-A360-0149A92FD827",
        "thread_ts": "1648227915.871869",
        "parent_user_id": "UCZ4H6YNA"
    },
    {
        "user": "UCU27FNLT",
        "type": "message",
        "ts": "1648228201.734279",
        "client_msg_id": "476FD811-5534-4C04-B139-B9515C4E86FA",
        "text": "…this can't be real",
        "team": "T7B710AL9",
        "user_team": "T7B710AL9",
        "source_team": "T7B710AL9",
        "user_profile": {
            "avatar_hash": "f809cb2b0e54",
            "image_72": "https:\/\/avatars.slack-edge.com\/2021-08-17\/2388388479701_f809cb2b0e5406e174b3_72.png",
            "first_name": "Adam",
            "real_name": "Adam Lloyd-Jones",
            "display_name": "Squatch",
            "team": "T7B710AL9",
            "name": "adamlj827",
            "is_restricted": false,
            "is_ultra_restricted": false
        },
        "thread_ts": "1648227915.871869",
        "parent_user_id": "UCZ4H6YNA",
        "blocks": [
            {
                "type": "rich_text",
                "block_id": "mVi",
                "elements": [
                    {
                        "type": "rich_text_section",
                        "elements": [
                            {
                                "type": "text",
                                "text": "…this can't be real"
                            }
                        ]
                    }
                ]
            }
        ]
    },
    {
        "text": "",
        "files": [
            {
                "id": "F038R2603PD",
                "created": 1648228297,
                "timestamp": 1648228297,
                "name": "Image from iOS.png",
                "title": "Image from iOS",
                "mimetype": "image\/png",
                "filetype": "png",
                "pretty_type": "PNG",
                "user": "UCZ4H6YNA",
                "user_team": "T7B710AL9",
                "editable": false,
                "size": 288884,
                "mode": "hosted",
                "is_external": false,
                "external_type": "",
                "is_public": true,
                "public_url_shared": false,
                "display_as_bot": false,
                "username": "",
                "url_private": "https:\/\/files.slack.com\/files-pri\/T7B710AL9-F038R2603PD\/image_from_ios.png?t=xoxe-249239010689-7383763303600-7346417720535-c8977b2d870e66a58192db1f0484baaa",
                "url_private_download": "https:\/\/files.slack.com\/files-pri\/T7B710AL9-F038R2603PD\/download\/image_from_ios.png?t=xoxe-249239010689-7383763303600-7346417720535-c8977b2d870e66a58192db1f0484baaa",
                "media_display_type": "unknown",
                "thumb_64": "https:\/\/files.slack.com\/files-tmb\/T7B710AL9-F038R2603PD-6ac8f62833\/image_from_ios_64.png?t=xoxe-249239010689-7383763303600-7346417720535-c8977b2d870e66a58192db1f0484baaa",
                "thumb_80": "https:\/\/files.slack.com\/files-tmb\/T7B710AL9-F038R2603PD-6ac8f62833\/image_from_ios_80.png?t=xoxe-249239010689-7383763303600-7346417720535-c8977b2d870e66a58192db1f0484baaa",
                "thumb_360": "https:\/\/files.slack.com\/files-tmb\/T7B710AL9-F038R2603PD-6ac8f62833\/image_from_ios_360.png?t=xoxe-249239010689-7383763303600-7346417720535-c8977b2d870e66a58192db1f0484baaa",
                "thumb_360_w": 202,
                "thumb_360_h": 360,
                "thumb_480": "https:\/\/files.slack.com\/files-tmb\/T7B710AL9-F038R2603PD-6ac8f62833\/image_from_ios_480.png?t=xoxe-249239010689-7383763303600-7346417720535-c8977b2d870e66a58192db1f0484baaa",
                "thumb_480_w": 270,
                "thumb_480_h": 480,
                "thumb_160": "https:\/\/files.slack.com\/files-tmb\/T7B710AL9-F038R2603PD-6ac8f62833\/image_from_ios_160.png?t=xoxe-249239010689-7383763303600-7346417720535-c8977b2d870e66a58192db1f0484baaa",
                "thumb_720": "https:\/\/files.slack.com\/files-tmb\/T7B710AL9-F038R2603PD-6ac8f62833\/image_from_ios_720.png?t=xoxe-249239010689-7383763303600-7346417720535-c8977b2d870e66a58192db1f0484baaa",
                "thumb_720_w": 405,
                "thumb_720_h": 720,
                "thumb_800": "https:\/\/files.slack.com\/files-tmb\/T7B710AL9-F038R2603PD-6ac8f62833\/image_from_ios_800.png?t=xoxe-249239010689-7383763303600-7346417720535-c8977b2d870e66a58192db1f0484baaa",
                "thumb_800_w": 450,
                "thumb_800_h": 800,
                "thumb_960": "https:\/\/files.slack.com\/files-tmb\/T7B710AL9-F038R2603PD-6ac8f62833\/image_from_ios_960.png?t=xoxe-249239010689-7383763303600-7346417720535-c8977b2d870e66a58192db1f0484baaa",
                "thumb_960_w": 540,
                "thumb_960_h": 960,
                "thumb_1024": "https:\/\/files.slack.com\/files-tmb\/T7B710AL9-F038R2603PD-6ac8f62833\/image_from_ios_1024.png?t=xoxe-249239010689-7383763303600-7346417720535-c8977b2d870e66a58192db1f0484baaa",
                "thumb_1024_w": 576,
                "thumb_1024_h": 1024,
                "image_exif_rotation": 1,
                "original_w": 750,
                "original_h": 1334,
                "thumb_tiny": "AwAwABrSwB2zTTkn\/wCtTUC+Y+GJOehFSc+o\/KgAPIwRRtAHQUtNJOaAAhcnjBPU+tHy+350hcHr\/Kjeo4oAdhaQg5pDItLvHvQA33o\/CmCQFgMHmpMcUAJ+VJkelJKdvHr6VGOnU0Af\/9k=",
                "permalink": "https:\/\/swarthmoreultimate.slack.com\/files\/UCZ4H6YNA\/F038R2603PD\/image_from_ios.png",
                "permalink_public": "https:\/\/slack-files.com\/T7B710AL9-F038R2603PD-244c3ee862",
                "is_starred": false,
                "has_rich_preview": false,
                "file_access": "visible"
            }
        ],
        "upload": false,
        "user": "UCZ4H6YNA",
        "display_as_bot": false,
        "type": "message",
        "ts": "1648228300.883379",
        "client_msg_id": "85C7EBBD-0BD9-427E-A04F-752C7DC3FEF0",
        "thread_ts": "1648227915.871869",
        "parent_user_id": "UCZ4H6YNA"
    },
    {
        "text": "",
        "files": [
            {
                "id": "F038AE43KQF",
                "created": 1648228320,
                "timestamp": 1648228320,
                "name": "Image from iOS.png",
                "title": "Image from iOS",
                "mimetype": "image\/png",
                "filetype": "png",
                "pretty_type": "PNG",
                "user": "UCZ4H6YNA",
                "user_team": "T7B710AL9",
                "editable": false,
                "size": 166138,
                "mode": "hosted",
                "is_external": false,
                "external_type": "",
                "is_public": true,
                "public_url_shared": false,
                "display_as_bot": false,
                "username": "",
                "url_private": "https:\/\/files.slack.com\/files-pri\/T7B710AL9-F038AE43KQF\/image_from_ios.png?t=xoxe-249239010689-7383763303600-7346417720535-c8977b2d870e66a58192db1f0484baaa",
                "url_private_download": "https:\/\/files.slack.com\/files-pri\/T7B710AL9-F038AE43KQF\/download\/image_from_ios.png?t=xoxe-249239010689-7383763303600-7346417720535-c8977b2d870e66a58192db1f0484baaa",
                "media_display_type": "unknown",
                "thumb_64": "https:\/\/files.slack.com\/files-tmb\/T7B710AL9-F038AE43KQF-b2243dee49\/image_from_ios_64.png?t=xoxe-249239010689-7383763303600-7346417720535-c8977b2d870e66a58192db1f0484baaa",
                "thumb_80": "https:\/\/files.slack.com\/files-tmb\/T7B710AL9-F038AE43KQF-b2243dee49\/image_from_ios_80.png?t=xoxe-249239010689-7383763303600-7346417720535-c8977b2d870e66a58192db1f0484baaa",
                "thumb_360": "https:\/\/files.slack.com\/files-tmb\/T7B710AL9-F038AE43KQF-b2243dee49\/image_from_ios_360.png?t=xoxe-249239010689-7383763303600-7346417720535-c8977b2d870e66a58192db1f0484baaa",
                "thumb_360_w": 202,
                "thumb_360_h": 360,
                "thumb_480": "https:\/\/files.slack.com\/files-tmb\/T7B710AL9-F038AE43KQF-b2243dee49\/image_from_ios_480.png?t=xoxe-249239010689-7383763303600-7346417720535-c8977b2d870e66a58192db1f0484baaa",
                "thumb_480_w": 270,
                "thumb_480_h": 480,
                "thumb_160": "https:\/\/files.slack.com\/files-tmb\/T7B710AL9-F038AE43KQF-b2243dee49\/image_from_ios_160.png?t=xoxe-249239010689-7383763303600-7346417720535-c8977b2d870e66a58192db1f0484baaa",
                "thumb_720": "https:\/\/files.slack.com\/files-tmb\/T7B710AL9-F038AE43KQF-b2243dee49\/image_from_ios_720.png?t=xoxe-249239010689-7383763303600-7346417720535-c8977b2d870e66a58192db1f0484baaa",
                "thumb_720_w": 405,
                "thumb_720_h": 720,
                "thumb_800": "https:\/\/files.slack.com\/files-tmb\/T7B710AL9-F038AE43KQF-b2243dee49\/image_from_ios_800.png?t=xoxe-249239010689-7383763303600-7346417720535-c8977b2d870e66a58192db1f0484baaa",
                "thumb_800_w": 450,
                "thumb_800_h": 800,
                "thumb_960": "https:\/\/files.slack.com\/files-tmb\/T7B710AL9-F038AE43KQF-b2243dee49\/image_from_ios_960.png?t=xoxe-249239010689-7383763303600-7346417720535-c8977b2d870e66a58192db1f0484baaa",
                "thumb_960_w": 540,
                "thumb_960_h": 960,
                "thumb_1024": "https:\/\/files.slack.com\/files-tmb\/T7B710AL9-F038AE43KQF-b2243dee49\/image_from_ios_1024.png?t=xoxe-249239010689-7383763303600-7346417720535-c8977b2d870e66a58192db1f0484baaa",
                "thumb_1024_w": 576,
                "thumb_1024_h": 1024,
                "image_exif_rotation": 1,
                "original_w": 750,
                "original_h": 1334,
                "thumb_tiny": "AwAwABrSwPSgjnqPyoLAHFN3HPb8qAH4yMHmk2gDoKA2expaAEzz0pSATSZOeRxS0AFFFFADOATyevtTgQB1\/Okzyen50o5HQUALmiiigD\/\/2Q==",
                "permalink": "https:\/\/swarthmoreultimate.slack.com\/files\/UCZ4H6YNA\/F038AE43KQF\/image_from_ios.png",
                "permalink_public": "https:\/\/slack-files.com\/T7B710AL9-F038AE43KQF-0d1dff1a76",
                "is_starred": false,
                "has_rich_preview": false,
                "file_access": "visible"
            }
        ],
        "upload": false,
        "user": "UCZ4H6YNA",
        "display_as_bot": false,
        "type": "message",
        "ts": "1648228323.042199",
        "client_msg_id": "50511F47-EF69-4A8C-8A2A-819B499F2E6B",
        "thread_ts": "1648227915.871869",
        "parent_user_id": "UCZ4H6YNA"
    }
]