[
    {
        "text": "",
        "files": [
            {
                "id": "F03QXCT4H7Y",
                "created": 1658869699,
                "timestamp": 1658869699,
                "name": "Image from iOS.png",
                "title": "Image from iOS",
                "mimetype": "image\/png",
                "filetype": "png",
                "pretty_type": "PNG",
                "user": "U02D4N75F2Q",
                "user_team": "T7B710AL9",
                "editable": false,
                "size": 280789,
                "mode": "hosted",
                "is_external": false,
                "external_type": "",
                "is_public": true,
                "public_url_shared": false,
                "display_as_bot": false,
                "username": "",
                "url_private": "https:\/\/files.slack.com\/files-pri\/T7B710AL9-F03QXCT4H7Y\/image_from_ios.png?t=xoxe-249239010689-7383763303600-7346417720535-c8977b2d870e66a58192db1f0484baaa",
                "url_private_download": "https:\/\/files.slack.com\/files-pri\/T7B710AL9-F03QXCT4H7Y\/download\/image_from_ios.png?t=xoxe-249239010689-7383763303600-7346417720535-c8977b2d870e66a58192db1f0484baaa",
                "media_display_type": "unknown",
                "thumb_64": "https:\/\/files.slack.com\/files-tmb\/T7B710AL9-F03QXCT4H7Y-ed47c65631\/image_from_ios_64.png?t=xoxe-249239010689-7383763303600-7346417720535-c8977b2d870e66a58192db1f0484baaa",
                "thumb_80": "https:\/\/files.slack.com\/files-tmb\/T7B710AL9-F03QXCT4H7Y-ed47c65631\/image_from_ios_80.png?t=xoxe-249239010689-7383763303600-7346417720535-c8977b2d870e66a58192db1f0484baaa",
                "thumb_360": "https:\/\/files.slack.com\/files-tmb\/T7B710AL9-F03QXCT4H7Y-ed47c65631\/image_from_ios_360.png?t=xoxe-249239010689-7383763303600-7346417720535-c8977b2d870e66a58192db1f0484baaa",
                "thumb_360_w": 166,
                "thumb_360_h": 360,
                "thumb_480": "https:\/\/files.slack.com\/files-tmb\/T7B710AL9-F03QXCT4H7Y-ed47c65631\/image_from_ios_480.png?t=xoxe-249239010689-7383763303600-7346417720535-c8977b2d870e66a58192db1f0484baaa",
                "thumb_480_w": 222,
                "thumb_480_h": 480,
                "thumb_160": "https:\/\/files.slack.com\/files-tmb\/T7B710AL9-F03QXCT4H7Y-ed47c65631\/image_from_ios_160.png?t=xoxe-249239010689-7383763303600-7346417720535-c8977b2d870e66a58192db1f0484baaa",
                "thumb_720": "https:\/\/files.slack.com\/files-tmb\/T7B710AL9-F03QXCT4H7Y-ed47c65631\/image_from_ios_720.png?t=xoxe-249239010689-7383763303600-7346417720535-c8977b2d870e66a58192db1f0484baaa",
                "thumb_720_w": 333,
                "thumb_720_h": 720,
                "thumb_800": "https:\/\/files.slack.com\/files-tmb\/T7B710AL9-F03QXCT4H7Y-ed47c65631\/image_from_ios_800.png?t=xoxe-249239010689-7383763303600-7346417720535-c8977b2d870e66a58192db1f0484baaa",
                "thumb_800_w": 800,
                "thumb_800_h": 1731,
                "thumb_960": "https:\/\/files.slack.com\/files-tmb\/T7B710AL9-F03QXCT4H7Y-ed47c65631\/image_from_ios_960.png?t=xoxe-249239010689-7383763303600-7346417720535-c8977b2d870e66a58192db1f0484baaa",
                "thumb_960_w": 444,
                "thumb_960_h": 960,
                "thumb_1024": "https:\/\/files.slack.com\/files-tmb\/T7B710AL9-F03QXCT4H7Y-ed47c65631\/image_from_ios_1024.png?t=xoxe-249239010689-7383763303600-7346417720535-c8977b2d870e66a58192db1f0484baaa",
                "thumb_1024_w": 473,
                "thumb_1024_h": 1024,
                "image_exif_rotation": 1,
                "original_w": 828,
                "original_h": 1792,
                "thumb_tiny": "AwAwABbQZ1UElgB6k8UpkTbu3rjrnNV96zDy5YmUN038ZxSSMjq1u7qrtwAPTtQBZ3AdxS7l9RUEkzKdogkbHcAYNM89\/wDn3l\/IUAPDpNGQqEkDI3KQM9qFLyIBIiJIOVyc8+uKWWORoAinDZHf3pZhIU\/dBfM6At2oAjNyAMOrhh1AUn9aT7Sno\/8A37NWMN6frRtb\/JoAbsHqfzpdo9TSL8o5OfrRvB7j86dxWDaPU0bR6mkYEnO4j2pNp\/vGi4WP\/9k=",
                "permalink": "https:\/\/swarthmoreultimate.slack.com\/files\/U02D4N75F2Q\/F03QXCT4H7Y\/image_from_ios.png",
                "permalink_public": "https:\/\/slack-files.com\/T7B710AL9-F03QXCT4H7Y-df6baf8582",
                "is_starred": false,
                "has_rich_preview": false,
                "file_access": "visible"
            }
        ],
        "upload": false,
        "user": "U02D4N75F2Q",
        "display_as_bot": false,
        "type": "message",
        "ts": "1658869706.716779",
        "client_msg_id": "56AC2E04-F6F7-41BE-9B5B-044DDF7F7A5A",
        "reactions": [
            {
                "name": "good_morning_sunshine",
                "users": [
                    "U01AFT4NEPN",
                    "U019UV6JV4P",
                    "U01BGKQ3NCX",
                    "UCU27FNLT",
                    "U01ANMM9XRS",
                    "U02D4N75F2Q",
                    "U01A5BQECAK"
                ],
                "count": 7
            },
            {
                "name": "xtra-nut",
                "users": [
                    "U01ANMM9XRS",
                    "U02D4N75F2Q",
                    "U01A5BQECAK"
                ],
                "count": 3
            }
        ]
    }
]