[
    {
        "text": "Car fulla beans",
        "files": [
            {
                "id": "F03AZ5BFV2A",
                "created": 1649769044,
                "timestamp": 1649769044,
                "name": "Image from iOS.jpg",
                "title": "Image from iOS",
                "mimetype": "image\/jpeg",
                "filetype": "jpg",
                "pretty_type": "JPEG",
                "user": "U7DL9CX6W",
                "user_team": "T7B710AL9",
                "editable": false,
                "size": 1298002,
                "mode": "hosted",
                "is_external": false,
                "external_type": "",
                "is_public": true,
                "public_url_shared": false,
                "display_as_bot": false,
                "username": "",
                "url_private": "https:\/\/files.slack.com\/files-pri\/T7B710AL9-F03AZ5BFV2A\/image_from_ios.jpg?t=xoxe-249239010689-7383763303600-7346417720535-c8977b2d870e66a58192db1f0484baaa",
                "url_private_download": "https:\/\/files.slack.com\/files-pri\/T7B710AL9-F03AZ5BFV2A\/download\/image_from_ios.jpg?t=xoxe-249239010689-7383763303600-7346417720535-c8977b2d870e66a58192db1f0484baaa",
                "media_display_type": "unknown",
                "thumb_64": "https:\/\/files.slack.com\/files-tmb\/T7B710AL9-F03AZ5BFV2A-5c8c21792f\/image_from_ios_64.jpg?t=xoxe-249239010689-7383763303600-7346417720535-c8977b2d870e66a58192db1f0484baaa",
                "thumb_80": "https:\/\/files.slack.com\/files-tmb\/T7B710AL9-F03AZ5BFV2A-5c8c21792f\/image_from_ios_80.jpg?t=xoxe-249239010689-7383763303600-7346417720535-c8977b2d870e66a58192db1f0484baaa",
                "thumb_360": "https:\/\/files.slack.com\/files-tmb\/T7B710AL9-F03AZ5BFV2A-5c8c21792f\/image_from_ios_360.jpg?t=xoxe-249239010689-7383763303600-7346417720535-c8977b2d870e66a58192db1f0484baaa",
                "thumb_360_w": 270,
                "thumb_360_h": 360,
                "thumb_480": "https:\/\/files.slack.com\/files-tmb\/T7B710AL9-F03AZ5BFV2A-5c8c21792f\/image_from_ios_480.jpg?t=xoxe-249239010689-7383763303600-7346417720535-c8977b2d870e66a58192db1f0484baaa",
                "thumb_480_w": 360,
                "thumb_480_h": 480,
                "thumb_160": "https:\/\/files.slack.com\/files-tmb\/T7B710AL9-F03AZ5BFV2A-5c8c21792f\/image_from_ios_160.jpg?t=xoxe-249239010689-7383763303600-7346417720535-c8977b2d870e66a58192db1f0484baaa",
                "thumb_720": "https:\/\/files.slack.com\/files-tmb\/T7B710AL9-F03AZ5BFV2A-5c8c21792f\/image_from_ios_720.jpg?t=xoxe-249239010689-7383763303600-7346417720535-c8977b2d870e66a58192db1f0484baaa",
                "thumb_720_w": 540,
                "thumb_720_h": 720,
                "thumb_800": "https:\/\/files.slack.com\/files-tmb\/T7B710AL9-F03AZ5BFV2A-5c8c21792f\/image_from_ios_800.jpg?t=xoxe-249239010689-7383763303600-7346417720535-c8977b2d870e66a58192db1f0484baaa",
                "thumb_800_w": 800,
                "thumb_800_h": 1067,
                "thumb_960": "https:\/\/files.slack.com\/files-tmb\/T7B710AL9-F03AZ5BFV2A-5c8c21792f\/image_from_ios_960.jpg?t=xoxe-249239010689-7383763303600-7346417720535-c8977b2d870e66a58192db1f0484baaa",
                "thumb_960_w": 720,
                "thumb_960_h": 960,
                "thumb_1024": "https:\/\/files.slack.com\/files-tmb\/T7B710AL9-F03AZ5BFV2A-5c8c21792f\/image_from_ios_1024.jpg?t=xoxe-249239010689-7383763303600-7346417720535-c8977b2d870e66a58192db1f0484baaa",
                "thumb_1024_w": 768,
                "thumb_1024_h": 1024,
                "original_w": 3024,
                "original_h": 4032,
                "thumb_tiny": "AwAwACSUQQjkug\/GlVE3YABHqKgVLcE5d+O570jzRKcJnA\/2qAJygWTAxxUYuTk7FGB3NVzOMNgdf0pob2xRYC59plP8Sij7RL\/fWq3XmigCuEZjwCfepVt374ApqsYyGHINTxyHJYnAxwAaB2BIQBn7xp5jU87P6U1mBPFOX3JNIfKIIiemcUvkn3qYZxS80wsjLR8KVNKpPakYYNKoyeoHuaARMpqeMZ6VWAwRzVqMdv0pFtk6BNvJOadtj96iMgHGM0nnD+7QRc\/\/2Q==",
                "permalink": "https:\/\/swarthmoreultimate.slack.com\/files\/U7DL9CX6W\/F03AZ5BFV2A\/image_from_ios.jpg",
                "permalink_public": "https:\/\/slack-files.com\/T7B710AL9-F03AZ5BFV2A-c911a17c89",
                "is_starred": false,
                "has_rich_preview": false,
                "file_access": "visible"
            }
        ],
        "upload": false,
        "user": "U7DL9CX6W",
        "display_as_bot": false,
        "blocks": [
            {
                "type": "rich_text",
                "block_id": "E+t",
                "elements": [
                    {
                        "type": "rich_text_section",
                        "elements": [
                            {
                                "type": "text",
                                "text": "Car fulla beans"
                            }
                        ]
                    }
                ]
            }
        ],
        "type": "message",
        "ts": "1649769079.698019",
        "client_msg_id": "0AEE24CC-093A-40A4-904D-776EBEC730B9",
        "reactions": [
            {
                "name": "alphabet-white-g",
                "users": [
                    "U019UV6JV4P",
                    "U01ANMM9XRS",
                    "UCZ4H6YNA",
                    "U01AFT4NEPN",
                    "U01A1PNMU6B",
                    "UN35A0Q7L",
                    "UCU27FNLT",
                    "UNE9YE50X",
                    "U02D4N75F2Q"
                ],
                "count": 9
            },
            {
                "name": "alphabet-white-o",
                "users": [
                    "U019UV6JV4P",
                    "U01ANMM9XRS",
                    "UCZ4H6YNA",
                    "U01AFT4NEPN",
                    "U01A1PNMU6B",
                    "UN35A0Q7L",
                    "UCU27FNLT",
                    "UNE9YE50X",
                    "U02D4N75F2Q"
                ],
                "count": 9
            },
            {
                "name": "alphabet-white-y",
                "users": [
                    "U019UV6JV4P",
                    "U01ANMM9XRS",
                    "UCZ4H6YNA",
                    "U01AFT4NEPN",
                    "U01A1PNMU6B",
                    "UN35A0Q7L",
                    "UCU27FNLT",
                    "UNE9YE50X",
                    "U02D4N75F2Q"
                ],
                "count": 9
            },
            {
                "name": "alphabet-white-a",
                "users": [
                    "U019UV6JV4P",
                    "U01ANMM9XRS",
                    "UCZ4H6YNA",
                    "U01AFT4NEPN",
                    "U01A1PNMU6B",
                    "UN35A0Q7L",
                    "UCU27FNLT",
                    "UNE9YE50X",
                    "U02D4N75F2Q"
                ],
                "count": 9
            }
        ]
    }
]