[
    {
        "text": "courtesy of Grace",
        "files": [
            {
                "id": "F04EQT8E0NQ",
                "created": 1670697824,
                "timestamp": 1670697824,
                "name": "IMG_7350.JPG",
                "title": "IMG_7350.JPG",
                "mimetype": "image\/jpeg",
                "filetype": "jpg",
                "pretty_type": "JPEG",
                "user": "U041ACX3QCE",
                "user_team": "T7B710AL9",
                "editable": false,
                "size": 4012391,
                "mode": "hosted",
                "is_external": false,
                "external_type": "",
                "is_public": true,
                "public_url_shared": false,
                "display_as_bot": false,
                "username": "",
                "url_private": "https:\/\/files.slack.com\/files-pri\/T7B710AL9-F04EQT8E0NQ\/img_7350.jpg?t=xoxe-249239010689-7383763303600-7346417720535-c8977b2d870e66a58192db1f0484baaa",
                "url_private_download": "https:\/\/files.slack.com\/files-pri\/T7B710AL9-F04EQT8E0NQ\/download\/img_7350.jpg?t=xoxe-249239010689-7383763303600-7346417720535-c8977b2d870e66a58192db1f0484baaa",
                "media_display_type": "unknown",
                "thumb_64": "https:\/\/files.slack.com\/files-tmb\/T7B710AL9-F04EQT8E0NQ-093c52c84d\/img_7350_64.jpg?t=xoxe-249239010689-7383763303600-7346417720535-c8977b2d870e66a58192db1f0484baaa",
                "thumb_80": "https:\/\/files.slack.com\/files-tmb\/T7B710AL9-F04EQT8E0NQ-093c52c84d\/img_7350_80.jpg?t=xoxe-249239010689-7383763303600-7346417720535-c8977b2d870e66a58192db1f0484baaa",
                "thumb_360": "https:\/\/files.slack.com\/files-tmb\/T7B710AL9-F04EQT8E0NQ-093c52c84d\/img_7350_360.jpg?t=xoxe-249239010689-7383763303600-7346417720535-c8977b2d870e66a58192db1f0484baaa",
                "thumb_360_w": 270,
                "thumb_360_h": 360,
                "thumb_480": "https:\/\/files.slack.com\/files-tmb\/T7B710AL9-F04EQT8E0NQ-093c52c84d\/img_7350_480.jpg?t=xoxe-249239010689-7383763303600-7346417720535-c8977b2d870e66a58192db1f0484baaa",
                "thumb_480_w": 360,
                "thumb_480_h": 480,
                "thumb_160": "https:\/\/files.slack.com\/files-tmb\/T7B710AL9-F04EQT8E0NQ-093c52c84d\/img_7350_160.jpg?t=xoxe-249239010689-7383763303600-7346417720535-c8977b2d870e66a58192db1f0484baaa",
                "thumb_720": "https:\/\/files.slack.com\/files-tmb\/T7B710AL9-F04EQT8E0NQ-093c52c84d\/img_7350_720.jpg?t=xoxe-249239010689-7383763303600-7346417720535-c8977b2d870e66a58192db1f0484baaa",
                "thumb_720_w": 540,
                "thumb_720_h": 720,
                "thumb_800": "https:\/\/files.slack.com\/files-tmb\/T7B710AL9-F04EQT8E0NQ-093c52c84d\/img_7350_800.jpg?t=xoxe-249239010689-7383763303600-7346417720535-c8977b2d870e66a58192db1f0484baaa",
                "thumb_800_w": 800,
                "thumb_800_h": 1067,
                "thumb_960": "https:\/\/files.slack.com\/files-tmb\/T7B710AL9-F04EQT8E0NQ-093c52c84d\/img_7350_960.jpg?t=xoxe-249239010689-7383763303600-7346417720535-c8977b2d870e66a58192db1f0484baaa",
                "thumb_960_w": 720,
                "thumb_960_h": 960,
                "thumb_1024": "https:\/\/files.slack.com\/files-tmb\/T7B710AL9-F04EQT8E0NQ-093c52c84d\/img_7350_1024.jpg?t=xoxe-249239010689-7383763303600-7346417720535-c8977b2d870e66a58192db1f0484baaa",
                "thumb_1024_w": 768,
                "thumb_1024_h": 1024,
                "original_w": 3024,
                "original_h": 4032,
                "thumb_tiny": "AwAwACRrKu7aHIJ6A0oQADcSahWV93zL164pxc+SvByc0kNkuF7Z\/GjCgkdabFudeVxjp70kodOSOPagCXMfr+tGYvX9abHLGUGY2Y+oFO8yL\/ni35UAU45VMgXBCk4z6VbVFyVHVfU\/0qOC1hOPNLBvrgGrLxbNxUkkjv1psSKxDGQKkgDY6VGZHkxk4AH50Tpn5w3zdx04pmdrEdeaSKQ4Fh0fFG5\/79NBzS0yi+o3NyCAPUd6c2QMgk06mu4jQs3QUm7kFWeUD5QoyeSaqLndzRJI0khc9TSbs+1MaY+jNN3D1o3D1FAz\/9k=",
                "permalink": "https:\/\/swarthmoreultimate.slack.com\/files\/U041ACX3QCE\/F04EQT8E0NQ\/img_7350.jpg",
                "permalink_public": "https:\/\/slack-files.com\/T7B710AL9-F04EQT8E0NQ-0ae8f62360",
                "is_starred": false,
                "has_rich_preview": false,
                "file_access": "visible"
            }
        ],
        "upload": false,
        "user": "U041ACX3QCE",
        "display_as_bot": false,
        "blocks": [
            {
                "type": "rich_text",
                "block_id": "L1i",
                "elements": [
                    {
                        "type": "rich_text_section",
                        "elements": [
                            {
                                "type": "text",
                                "text": "courtesy of Grace"
                            }
                        ]
                    }
                ]
            }
        ],
        "type": "message",
        "ts": "1670697830.377459",
        "client_msg_id": "b5ce0362-0e99-4e8b-bffb-06ac6329db76",
        "thread_ts": "1670697830.377459",
        "reply_count": 2,
        "reply_users_count": 1,
        "latest_reply": "1670708545.756319",
        "reply_users": [
            "U01AGFZUUSW"
        ],
        "replies": [
            {
                "user": "U01AGFZUUSW",
                "ts": "1670708538.276249"
            },
            {
                "user": "U01AGFZUUSW",
                "ts": "1670708545.756319"
            }
        ],
        "is_locked": false,
        "subscribed": true,
        "last_read": "1670708545.756319",
        "reactions": [
            {
                "name": "enlightened-skippy",
                "users": [
                    "U01AFT4NEPN",
                    "U04206SVBBP",
                    "U041VKJ0UBB",
                    "UNC4W0F96",
                    "UQCAL163W",
                    "U019UV6JV4P",
                    "U042TKFF6UT",
                    "U01ANMM9XRS",
                    "U01A5BQECAK"
                ],
                "count": 9
            }
        ]
    },
    {
        "text": "Banks is now cleaning the plate with sci napkins and water ",
        "files": [
            {
                "id": "F04F164QR7T",
                "created": 1670703243,
                "timestamp": 1670703243,
                "name": "IMG_8558.jpg",
                "title": "IMG_8558",
                "mimetype": "image\/jpeg",
                "filetype": "jpg",
                "pretty_type": "JPEG",
                "user": "U02CV1EHJ1Y",
                "user_team": "T7B710AL9",
                "editable": false,
                "size": 878049,
                "mode": "hosted",
                "is_external": false,
                "external_type": "",
                "is_public": true,
                "public_url_shared": false,
                "display_as_bot": false,
                "username": "",
                "url_private": "https:\/\/files.slack.com\/files-pri\/T7B710AL9-F04F164QR7T\/img_8558.jpg?t=xoxe-249239010689-7383763303600-7346417720535-c8977b2d870e66a58192db1f0484baaa",
                "url_private_download": "https:\/\/files.slack.com\/files-pri\/T7B710AL9-F04F164QR7T\/download\/img_8558.jpg?t=xoxe-249239010689-7383763303600-7346417720535-c8977b2d870e66a58192db1f0484baaa",
                "media_display_type": "unknown",
                "thumb_64": "https:\/\/files.slack.com\/files-tmb\/T7B710AL9-F04F164QR7T-1c348d3f5e\/img_8558_64.jpg?t=xoxe-249239010689-7383763303600-7346417720535-c8977b2d870e66a58192db1f0484baaa",
                "thumb_80": "https:\/\/files.slack.com\/files-tmb\/T7B710AL9-F04F164QR7T-1c348d3f5e\/img_8558_80.jpg?t=xoxe-249239010689-7383763303600-7346417720535-c8977b2d870e66a58192db1f0484baaa",
                "thumb_360": "https:\/\/files.slack.com\/files-tmb\/T7B710AL9-F04F164QR7T-1c348d3f5e\/img_8558_360.jpg?t=xoxe-249239010689-7383763303600-7346417720535-c8977b2d870e66a58192db1f0484baaa",
                "thumb_360_w": 270,
                "thumb_360_h": 360,
                "thumb_480": "https:\/\/files.slack.com\/files-tmb\/T7B710AL9-F04F164QR7T-1c348d3f5e\/img_8558_480.jpg?t=xoxe-249239010689-7383763303600-7346417720535-c8977b2d870e66a58192db1f0484baaa",
                "thumb_480_w": 360,
                "thumb_480_h": 480,
                "thumb_160": "https:\/\/files.slack.com\/files-tmb\/T7B710AL9-F04F164QR7T-1c348d3f5e\/img_8558_160.jpg?t=xoxe-249239010689-7383763303600-7346417720535-c8977b2d870e66a58192db1f0484baaa",
                "thumb_720": "https:\/\/files.slack.com\/files-tmb\/T7B710AL9-F04F164QR7T-1c348d3f5e\/img_8558_720.jpg?t=xoxe-249239010689-7383763303600-7346417720535-c8977b2d870e66a58192db1f0484baaa",
                "thumb_720_w": 540,
                "thumb_720_h": 720,
                "thumb_800": "https:\/\/files.slack.com\/files-tmb\/T7B710AL9-F04F164QR7T-1c348d3f5e\/img_8558_800.jpg?t=xoxe-249239010689-7383763303600-7346417720535-c8977b2d870e66a58192db1f0484baaa",
                "thumb_800_w": 800,
                "thumb_800_h": 1067,
                "thumb_960": "https:\/\/files.slack.com\/files-tmb\/T7B710AL9-F04F164QR7T-1c348d3f5e\/img_8558_960.jpg?t=xoxe-249239010689-7383763303600-7346417720535-c8977b2d870e66a58192db1f0484baaa",
                "thumb_960_w": 720,
                "thumb_960_h": 960,
                "thumb_1024": "https:\/\/files.slack.com\/files-tmb\/T7B710AL9-F04F164QR7T-1c348d3f5e\/img_8558_1024.jpg?t=xoxe-249239010689-7383763303600-7346417720535-c8977b2d870e66a58192db1f0484baaa",
                "thumb_1024_w": 768,
                "thumb_1024_h": 1024,
                "original_w": 3024,
                "original_h": 4032,
                "thumb_tiny": "AwAwACRA2AcbWz68VGWJ6Ej2pBE4flTjPWnB1AIbIK8EYpACsWAyDwcE9qmaLB69s4zUEZDlghIprs0pVNx69fWkV0LIiyKXyfpUQtjjnOfY0fZvr+dVysm6I5Jnj2FWxk1FLK0zjeeBU8loz\/xH2yKRLXAPmHnsRSuNEPljB2tn+tIGMbYYCpvsz4+fCrnJwelVgjSudgLGgdyx52P+WWaPO\/6ZGk2SxDaynP4UuX\/un9KdyTRfCxkknjvVTzpM9Rj6U+OSdgF+XbjqRmmtERyOaQMcsp7nI9hU8bRscJjcex61SwzMAg5\/lUjwbIiwJ3DnNDsCZNKsJfMgG73puy29FqMREjIlBz\/eHNHkt\/z0T\/vmkM\/\/2Q==",
                "permalink": "https:\/\/swarthmoreultimate.slack.com\/files\/U02CV1EHJ1Y\/F04F164QR7T\/img_8558.jpg",
                "permalink_public": "https:\/\/slack-files.com\/T7B710AL9-F04F164QR7T-7fca2aa3f6",
                "is_starred": false,
                "has_rich_preview": false,
                "file_access": "visible"
            }
        ],
        "upload": false,
        "user": "U02CV1EHJ1Y",
        "display_as_bot": false,
        "blocks": [
            {
                "type": "rich_text",
                "block_id": "oew",
                "elements": [
                    {
                        "type": "rich_text_section",
                        "elements": [
                            {
                                "type": "text",
                                "text": "Banks is now cleaning the plate with sci napkins and water "
                            }
                        ]
                    }
                ]
            }
        ],
        "type": "message",
        "ts": "1670703256.463649",
        "client_msg_id": "50337A14-F7BC-4DF6-9396-77DB6FC5E9C6",
        "reactions": [
            {
                "name": "bulllface",
                "users": [
                    "U01AFT4NEPN",
                    "U042TKFF6UT",
                    "U019UV6JV4P",
                    "U01ANMM9XRS",
                    "U041VKJ0UBB",
                    "U01A5BQECAK"
                ],
                "count": 6
            }
        ]
    },
    {
        "text": "Guys we've been spelling it wrong this whole time ",
        "files": [
            {
                "id": "F04ENGWAD3L",
                "created": 1670703436,
                "timestamp": 1670703436,
                "name": "IMG_0042.jpg",
                "title": "IMG_0042",
                "mimetype": "image\/jpeg",
                "filetype": "jpg",
                "pretty_type": "JPEG",
                "user": "UNC2Z7Y7N",
                "user_team": "T7B710AL9",
                "editable": false,
                "size": 1485049,
                "mode": "hosted",
                "is_external": false,
                "external_type": "",
                "is_public": true,
                "public_url_shared": false,
                "display_as_bot": false,
                "username": "",
                "subtype": "slack_image",
                "url_private": "https:\/\/files.slack.com\/files-pri\/T7B710AL9-F04ENGWAD3L\/img_0042.jpg?t=xoxe-249239010689-7383763303600-7346417720535-c8977b2d870e66a58192db1f0484baaa",
                "url_private_download": "https:\/\/files.slack.com\/files-pri\/T7B710AL9-F04ENGWAD3L\/download\/img_0042.jpg?t=xoxe-249239010689-7383763303600-7346417720535-c8977b2d870e66a58192db1f0484baaa",
                "media_display_type": "unknown",
                "thumb_64": "https:\/\/files.slack.com\/files-tmb\/T7B710AL9-F04ENGWAD3L-0d3d0d16f2\/img_0042_64.jpg?t=xoxe-249239010689-7383763303600-7346417720535-c8977b2d870e66a58192db1f0484baaa",
                "thumb_80": "https:\/\/files.slack.com\/files-tmb\/T7B710AL9-F04ENGWAD3L-0d3d0d16f2\/img_0042_80.jpg?t=xoxe-249239010689-7383763303600-7346417720535-c8977b2d870e66a58192db1f0484baaa",
                "thumb_360": "https:\/\/files.slack.com\/files-tmb\/T7B710AL9-F04ENGWAD3L-0d3d0d16f2\/img_0042_360.jpg?t=xoxe-249239010689-7383763303600-7346417720535-c8977b2d870e66a58192db1f0484baaa",
                "thumb_360_w": 270,
                "thumb_360_h": 360,
                "thumb_480": "https:\/\/files.slack.com\/files-tmb\/T7B710AL9-F04ENGWAD3L-0d3d0d16f2\/img_0042_480.jpg?t=xoxe-249239010689-7383763303600-7346417720535-c8977b2d870e66a58192db1f0484baaa",
                "thumb_480_w": 360,
                "thumb_480_h": 480,
                "thumb_160": "https:\/\/files.slack.com\/files-tmb\/T7B710AL9-F04ENGWAD3L-0d3d0d16f2\/img_0042_160.jpg?t=xoxe-249239010689-7383763303600-7346417720535-c8977b2d870e66a58192db1f0484baaa",
                "thumb_720": "https:\/\/files.slack.com\/files-tmb\/T7B710AL9-F04ENGWAD3L-0d3d0d16f2\/img_0042_720.jpg?t=xoxe-249239010689-7383763303600-7346417720535-c8977b2d870e66a58192db1f0484baaa",
                "thumb_720_w": 540,
                "thumb_720_h": 720,
                "thumb_800": "https:\/\/files.slack.com\/files-tmb\/T7B710AL9-F04ENGWAD3L-0d3d0d16f2\/img_0042_800.jpg?t=xoxe-249239010689-7383763303600-7346417720535-c8977b2d870e66a58192db1f0484baaa",
                "thumb_800_w": 800,
                "thumb_800_h": 1067,
                "thumb_960": "https:\/\/files.slack.com\/files-tmb\/T7B710AL9-F04ENGWAD3L-0d3d0d16f2\/img_0042_960.jpg?t=xoxe-249239010689-7383763303600-7346417720535-c8977b2d870e66a58192db1f0484baaa",
                "thumb_960_w": 720,
                "thumb_960_h": 960,
                "thumb_1024": "https:\/\/files.slack.com\/files-tmb\/T7B710AL9-F04ENGWAD3L-0d3d0d16f2\/img_0042_1024.jpg?t=xoxe-249239010689-7383763303600-7346417720535-c8977b2d870e66a58192db1f0484baaa",
                "thumb_1024_w": 768,
                "thumb_1024_h": 1024,
                "original_w": 3024,
                "original_h": 4032,
                "thumb_tiny": "AwAwACRpHAPtQ3IXmkJwAevFKcYHPepGJ\/yz46ildiEXGOn9aRQQQMjPcd6a2flOaAJFxjml+Wohznk0v4miwxcZYY6CpYYkaMZJJPNQDkDnkCrFvKiqqnOaBDHiSMqV3cnBzUUnAXnoSP1qWeWOTYEySD1IqObqP95qYDM7fU0b\/ZqaxIPWkyfWgCXHUjuMYoi\/1oAHGetCAgNng44pU+VwTwAaQESk78e9TyHLuv8AtZqLad+eNpJ79aWbcZNy+g5zTAQjnv8AhRt9moAfuQPxFG1vUfmKAP\/Z",
                "permalink": "https:\/\/swarthmoreultimate.slack.com\/files\/UNC2Z7Y7N\/F04ENGWAD3L\/img_0042.jpg",
                "permalink_public": "https:\/\/slack-files.com\/T7B710AL9-F04ENGWAD3L-81f1b41d47",
                "is_starred": false,
                "has_rich_preview": false,
                "file_access": "visible"
            }
        ],
        "upload": false,
        "user": "UNC2Z7Y7N",
        "display_as_bot": false,
        "blocks": [
            {
                "type": "rich_text",
                "block_id": "4x3nh",
                "elements": [
                    {
                        "type": "rich_text_section",
                        "elements": [
                            {
                                "type": "text",
                                "text": "Guys we've been spelling it wrong this whole time "
                            }
                        ]
                    }
                ]
            }
        ],
        "type": "message",
        "ts": "1670703452.854629",
        "client_msg_id": "3BF72F51-8280-494B-B14B-1661DBB351A4",
        "reactions": [
            {
                "name": "alphabet-white-t",
                "users": [
                    "U041ACX3QCE",
                    "U01BGKQ3NCX",
                    "U042TKFF6UT",
                    "U019UV6JV4P",
                    "U01ANMM9XRS",
                    "U041VKJ0UBB",
                    "U01AFT4NEPN",
                    "U01A1PNMU6B"
                ],
                "count": 8
            },
            {
                "name": "alphabet-white-h",
                "users": [
                    "U041ACX3QCE",
                    "U01BGKQ3NCX",
                    "U042TKFF6UT",
                    "U019UV6JV4P",
                    "U01ANMM9XRS",
                    "U041VKJ0UBB",
                    "U01AFT4NEPN",
                    "U01A1PNMU6B"
                ],
                "count": 8
            },
            {
                "name": "alphabet-yellow-e",
                "users": [
                    "U041ACX3QCE",
                    "U01BGKQ3NCX",
                    "U042TKFF6UT",
                    "U019UV6JV4P",
                    "U01ANMM9XRS",
                    "U041VKJ0UBB",
                    "U01AFT4NEPN",
                    "U01A1PNMU6B"
                ],
                "count": 8
            },
            {
                "name": "alphabet-white-m",
                "users": [
                    "U041ACX3QCE",
                    "U01BGKQ3NCX",
                    "U042TKFF6UT",
                    "U019UV6JV4P",
                    "U01ANMM9XRS",
                    "U041VKJ0UBB",
                    "U01AFT4NEPN",
                    "U01A1PNMU6B"
                ],
                "count": 8
            },
            {
                "name": "alphabet-white-o",
                "users": [
                    "U041ACX3QCE",
                    "U01BGKQ3NCX",
                    "U042TKFF6UT",
                    "U019UV6JV4P",
                    "U01ANMM9XRS",
                    "U041VKJ0UBB",
                    "U01AFT4NEPN",
                    "U01A1PNMU6B"
                ],
                "count": 8
            },
            {
                "name": "alphabet-white-r",
                "users": [
                    "U041ACX3QCE",
                    "U01BGKQ3NCX",
                    "U042TKFF6UT",
                    "U019UV6JV4P",
                    "U01ANMM9XRS",
                    "U041VKJ0UBB",
                    "U01AFT4NEPN",
                    "U01A1PNMU6B"
                ],
                "count": 8
            },
            {
                "name": "alphabet-white-e",
                "users": [
                    "U041ACX3QCE",
                    "U01BGKQ3NCX",
                    "U042TKFF6UT",
                    "U019UV6JV4P",
                    "U01ANMM9XRS",
                    "U041VKJ0UBB",
                    "U01AFT4NEPN",
                    "U01A1PNMU6B"
                ],
                "count": 8
            },
            {
                "name": "alphabet-white-y",
                "users": [
                    "U041ACX3QCE",
                    "U01BGKQ3NCX",
                    "U042TKFF6UT",
                    "U019UV6JV4P",
                    "U01ANMM9XRS",
                    "U041VKJ0UBB",
                    "U01AFT4NEPN",
                    "U01A1PNMU6B"
                ],
                "count": 8
            },
            {
                "name": "alphabet-yellow-o",
                "users": [
                    "U041ACX3QCE",
                    "U01BGKQ3NCX",
                    "U042TKFF6UT",
                    "U019UV6JV4P",
                    "U01ANMM9XRS",
                    "U041VKJ0UBB",
                    "U01AFT4NEPN",
                    "U01A1PNMU6B"
                ],
                "count": 8
            },
            {
                "name": "alphabet-white-u",
                "users": [
                    "U041ACX3QCE",
                    "U01BGKQ3NCX",
                    "U042TKFF6UT",
                    "U019UV6JV4P",
                    "U01ANMM9XRS",
                    "U041VKJ0UBB",
                    "U01AFT4NEPN",
                    "U01A1PNMU6B"
                ],
                "count": 8
            },
            {
                "name": "alphabet-white-k",
                "users": [
                    "U041ACX3QCE",
                    "U042TKFF6UT",
                    "U019UV6JV4P",
                    "U01ANMM9XRS",
                    "U041VKJ0UBB",
                    "U01AFT4NEPN"
                ],
                "count": 6
            },
            {
                "name": "alphabet-white-n",
                "users": [
                    "U041ACX3QCE",
                    "U042TKFF6UT",
                    "U019UV6JV4P",
                    "U01ANMM9XRS",
                    "U041VKJ0UBB",
                    "U01AFT4NEPN"
                ],
                "count": 6
            },
            {
                "name": "zero",
                "users": [
                    "U041ACX3QCE",
                    "U042TKFF6UT",
                    "U019UV6JV4P",
                    "U01ANMM9XRS",
                    "U041VKJ0UBB",
                    "U01AFT4NEPN"
                ],
                "count": 6
            },
            {
                "name": "alphabet-white-w",
                "users": [
                    "U041ACX3QCE",
                    "U042TKFF6UT",
                    "U019UV6JV4P",
                    "U01ANMM9XRS",
                    "U041VKJ0UBB",
                    "U01AFT4NEPN"
                ],
                "count": 6
            }
        ]
    },
    {
        "user": "U01AGFZUUSW",
        "type": "message",
        "ts": "1670708538.276249",
        "client_msg_id": "39E73731-D725-48CE-9C43-743BCD77E422",
        "text": "Who’s Grace?",
        "team": "T7B710AL9",
        "user_team": "T7B710AL9",
        "source_team": "T7B710AL9",
        "user_profile": {
            "avatar_hash": "2eda97f50b89",
            "image_72": "https:\/\/avatars.slack-edge.com\/2023-03-12\/4936609160771_2eda97f50b89e827f6da_72.png",
            "first_name": "",
            "real_name": "Kai Williams",
            "display_name": "Kai Williams",
            "team": "T7B710AL9",
            "name": "kwillia2",
            "is_restricted": false,
            "is_ultra_restricted": false
        },
        "thread_ts": "1670697830.377459",
        "parent_user_id": "U041ACX3QCE",
        "blocks": [
            {
                "type": "rich_text",
                "block_id": "AWv8q",
                "elements": [
                    {
                        "type": "rich_text_section",
                        "elements": [
                            {
                                "type": "text",
                                "text": "Who’s Grace?"
                            }
                        ]
                    }
                ]
            }
        ]
    },
    {
        "user": "U01AGFZUUSW",
        "type": "message",
        "ts": "1670708545.756319",
        "client_msg_id": "7F911EE1-B688-48A6-8105-B10133A058BF",
        "text": "Do you mean Mary?",
        "team": "T7B710AL9",
        "user_team": "T7B710AL9",
        "source_team": "T7B710AL9",
        "user_profile": {
            "avatar_hash": "2eda97f50b89",
            "image_72": "https:\/\/avatars.slack-edge.com\/2023-03-12\/4936609160771_2eda97f50b89e827f6da_72.png",
            "first_name": "",
            "real_name": "Kai Williams",
            "display_name": "Kai Williams",
            "team": "T7B710AL9",
            "name": "kwillia2",
            "is_restricted": false,
            "is_ultra_restricted": false
        },
        "thread_ts": "1670697830.377459",
        "parent_user_id": "U041ACX3QCE",
        "blocks": [
            {
                "type": "rich_text",
                "block_id": "XoiiY",
                "elements": [
                    {
                        "type": "rich_text_section",
                        "elements": [
                            {
                                "type": "text",
                                "text": "Do you mean Mary?"
                            }
                        ]
                    }
                ]
            }
        ]
    }
]