[
    {
        "text": "Found it while working ",
        "files": [
            {
                "id": "F03FY5ZTZ6Z",
                "created": 1652900304,
                "timestamp": 1652900304,
                "name": "Image from iOS.jpg",
                "title": "Image from iOS",
                "mimetype": "image\/jpeg",
                "filetype": "jpg",
                "pretty_type": "JPEG",
                "user": "UNE9YE50X",
                "user_team": "T7B710AL9",
                "editable": false,
                "size": 1314591,
                "mode": "hosted",
                "is_external": false,
                "external_type": "",
                "is_public": true,
                "public_url_shared": false,
                "display_as_bot": false,
                "username": "",
                "subtype": "slack_image",
                "url_private": "https:\/\/files.slack.com\/files-pri\/T7B710AL9-F03FY5ZTZ6Z\/image_from_ios.jpg?t=xoxe-249239010689-7383763303600-7346417720535-c8977b2d870e66a58192db1f0484baaa",
                "url_private_download": "https:\/\/files.slack.com\/files-pri\/T7B710AL9-F03FY5ZTZ6Z\/download\/image_from_ios.jpg?t=xoxe-249239010689-7383763303600-7346417720535-c8977b2d870e66a58192db1f0484baaa",
                "media_display_type": "unknown",
                "thumb_64": "https:\/\/files.slack.com\/files-tmb\/T7B710AL9-F03FY5ZTZ6Z-cfb4f15f4c\/image_from_ios_64.jpg?t=xoxe-249239010689-7383763303600-7346417720535-c8977b2d870e66a58192db1f0484baaa",
                "thumb_80": "https:\/\/files.slack.com\/files-tmb\/T7B710AL9-F03FY5ZTZ6Z-cfb4f15f4c\/image_from_ios_80.jpg?t=xoxe-249239010689-7383763303600-7346417720535-c8977b2d870e66a58192db1f0484baaa",
                "thumb_360": "https:\/\/files.slack.com\/files-tmb\/T7B710AL9-F03FY5ZTZ6Z-cfb4f15f4c\/image_from_ios_360.jpg?t=xoxe-249239010689-7383763303600-7346417720535-c8977b2d870e66a58192db1f0484baaa",
                "thumb_360_w": 270,
                "thumb_360_h": 360,
                "thumb_480": "https:\/\/files.slack.com\/files-tmb\/T7B710AL9-F03FY5ZTZ6Z-cfb4f15f4c\/image_from_ios_480.jpg?t=xoxe-249239010689-7383763303600-7346417720535-c8977b2d870e66a58192db1f0484baaa",
                "thumb_480_w": 360,
                "thumb_480_h": 480,
                "thumb_160": "https:\/\/files.slack.com\/files-tmb\/T7B710AL9-F03FY5ZTZ6Z-cfb4f15f4c\/image_from_ios_160.jpg?t=xoxe-249239010689-7383763303600-7346417720535-c8977b2d870e66a58192db1f0484baaa",
                "thumb_720": "https:\/\/files.slack.com\/files-tmb\/T7B710AL9-F03FY5ZTZ6Z-cfb4f15f4c\/image_from_ios_720.jpg?t=xoxe-249239010689-7383763303600-7346417720535-c8977b2d870e66a58192db1f0484baaa",
                "thumb_720_w": 540,
                "thumb_720_h": 720,
                "thumb_800": "https:\/\/files.slack.com\/files-tmb\/T7B710AL9-F03FY5ZTZ6Z-cfb4f15f4c\/image_from_ios_800.jpg?t=xoxe-249239010689-7383763303600-7346417720535-c8977b2d870e66a58192db1f0484baaa",
                "thumb_800_w": 800,
                "thumb_800_h": 1067,
                "thumb_960": "https:\/\/files.slack.com\/files-tmb\/T7B710AL9-F03FY5ZTZ6Z-cfb4f15f4c\/image_from_ios_960.jpg?t=xoxe-249239010689-7383763303600-7346417720535-c8977b2d870e66a58192db1f0484baaa",
                "thumb_960_w": 720,
                "thumb_960_h": 960,
                "thumb_1024": "https:\/\/files.slack.com\/files-tmb\/T7B710AL9-F03FY5ZTZ6Z-cfb4f15f4c\/image_from_ios_1024.jpg?t=xoxe-249239010689-7383763303600-7346417720535-c8977b2d870e66a58192db1f0484baaa",
                "thumb_1024_w": 768,
                "thumb_1024_h": 1024,
                "original_w": 3024,
                "original_h": 4032,
                "thumb_tiny": "AwAwACRnyn0o8pT3FRgEvirDQb3O0qB9apJMm9iPyV9RSeUoPIFPa22oWLrwOlHAQD1pSSWxS1EKxLwVFJ+69FqvJ+8cnOB0FN8v\/aosLmRLO22clfunpQ4Iyxx9QadcLlAR61EW3DGOcCmnZ2Ksmrjk+YZ46460vmjOGIUfTNG\/jkYOc\/pUflNIc9BSctNQt2HhEYfKSRR5Y9TTkjKLjIp2D61POUoRJpEK5wuFqAjngc1YaVpFKgfKfWmKgWs3K+o0rKwxYx1NPxgZ7U5jtC4A5OMntSMSSMn3pAMZW9KTa1WVtldQzM2T6Uv2OP8AvN+dWloPmR\/\/2Q==",
                "permalink": "https:\/\/swarthmoreultimate.slack.com\/files\/UNE9YE50X\/F03FY5ZTZ6Z\/image_from_ios.jpg",
                "permalink_public": "https:\/\/slack-files.com\/T7B710AL9-F03FY5ZTZ6Z-4317d59c96",
                "is_starred": false,
                "has_rich_preview": false,
                "file_access": "visible"
            }
        ],
        "upload": false,
        "user": "UNE9YE50X",
        "display_as_bot": false,
        "blocks": [
            {
                "type": "rich_text",
                "block_id": "hjI",
                "elements": [
                    {
                        "type": "rich_text_section",
                        "elements": [
                            {
                                "type": "text",
                                "text": "Found it while working "
                            }
                        ]
                    }
                ]
            }
        ],
        "type": "message",
        "ts": "1652900314.739469",
        "client_msg_id": "0D729383-3330-4368-8044-0B2D3CE65D8D",
        "thread_ts": "1652804055.515989",
        "parent_user_id": "UD3552DL0"
    }
]