[
    {
        "user": "UNC4W0F96",
        "type": "message",
        "ts": "1666549660.360459",
        "edited": {
            "user": "UNC4W0F96",
            "ts": "1666549671.000000"
        },
        "client_msg_id": "50f605c9-8903-468e-9b43-b170dc22ce3d",
        "text": "Do you want to rob a bank?\nMichael, upon passing a bank",
        "team": "T7B710AL9",
        "user_team": "T7B710AL9",
        "source_team": "T7B710AL9",
        "user_profile": {
            "avatar_hash": "c0762b751fcb",
            "image_72": "https:\/\/avatars.slack-edge.com\/2022-11-06\/4353663255168_c0762b751fcb3221faae_72.jpg",
            "first_name": "Rory",
            "real_name": "Rory Schmidt",
            "display_name": "Rory",
            "team": "T7B710AL9",
            "name": "rschmid1",
            "is_restricted": false,
            "is_ultra_restricted": false
        },
        "blocks": [
            {
                "type": "rich_text",
                "block_id": "yUR",
                "elements": [
                    {
                        "type": "rich_text_section",
                        "elements": [
                            {
                                "type": "text",
                                "text": "Do you want to rob a bank?\nMichael, upon passing a bank"
                            }
                        ]
                    }
                ]
            }
        ],
        "reactions": [
            {
                "name": "mateopog",
                "users": [
                    "U02CV1EHJ1Y",
                    "U01A1PNMU6B",
                    "U0412DQG11D",
                    "U01BGKQ3NCX",
                    "U02DA9RUA7M",
                    "U01ANMM9XRS",
                    "U019UV6JV4P",
                    "U041GTDPLTD",
                    "U02CH0X3XQE"
                ],
                "count": 9
            }
        ]
    },
    {
        "user": "U01ANMM9XRS",
        "type": "message",
        "ts": "1666581511.700069",
        "client_msg_id": "F56D8B64-6618-437C-86D6-5915615EE670",
        "text": "Mateo has been lecturing me and Juna’s roommate Grace about his willpower for the last 10 minutes and then has declared he has no willpower as he scarfs down a peanut butter chocolate cup from Trader Joe’s ",
        "team": "T7B710AL9",
        "user_team": "T7B710AL9",
        "source_team": "T7B710AL9",
        "user_profile": {
            "avatar_hash": "8566e3437a98",
            "image_72": "https:\/\/avatars.slack-edge.com\/2024-05-17\/7148429624081_8566e3437a98c288ec27_72.png",
            "first_name": "Racc",
            "real_name": "Racc",
            "display_name": "",
            "team": "T7B710AL9",
            "name": "ifransa1",
            "is_restricted": false,
            "is_ultra_restricted": false
        },
        "blocks": [
            {
                "type": "rich_text",
                "block_id": "zIO2",
                "elements": [
                    {
                        "type": "rich_text_section",
                        "elements": [
                            {
                                "type": "text",
                                "text": "Mateo has been lecturing me and Juna’s roommate Grace about his willpower for the last 10 minutes and then has declared he has no willpower as he scarfs down a peanut butter chocolate cup from "
                            },
                            {
                                "type": "text",
                                "text": "Trader Joe’s"
                            },
                            {
                                "type": "text",
                                "text": " "
                            }
                        ]
                    }
                ]
            }
        ],
        "reactions": [
            {
                "name": "hmmm-rivers",
                "users": [
                    "U01AFT4NEPN",
                    "U01A1PNMU6B",
                    "U019UV6JV4P",
                    "U02CH0X3XQE",
                    "UNBLN9SCC",
                    "U01BGKQ3NCX"
                ],
                "count": 6
            }
        ]
    }
]