[
    {
        "text": " <@U01AFT4NEPN> gaslighting me about attending mixed practice while being a chef",
        "files": [
            {
                "id": "F0463K68VPB",
                "created": 1665272472,
                "timestamp": 1665272472,
                "name": "IMG_0317.jpg",
                "title": "IMG_0317",
                "mimetype": "image\/jpeg",
                "filetype": "jpg",
                "pretty_type": "JPEG",
                "user": "U01BGKQ3NCX",
                "user_team": "T7B710AL9",
                "editable": false,
                "size": 548990,
                "mode": "hosted",
                "is_external": false,
                "external_type": "",
                "is_public": true,
                "public_url_shared": false,
                "display_as_bot": false,
                "username": "",
                "url_private": "https:\/\/files.slack.com\/files-pri\/T7B710AL9-F0463K68VPB\/img_0317.jpg?t=xoxe-249239010689-7383763303600-7346417720535-c8977b2d870e66a58192db1f0484baaa",
                "url_private_download": "https:\/\/files.slack.com\/files-pri\/T7B710AL9-F0463K68VPB\/download\/img_0317.jpg?t=xoxe-249239010689-7383763303600-7346417720535-c8977b2d870e66a58192db1f0484baaa",
                "media_display_type": "unknown",
                "thumb_64": "https:\/\/files.slack.com\/files-tmb\/T7B710AL9-F0463K68VPB-5c57c77625\/img_0317_64.jpg?t=xoxe-249239010689-7383763303600-7346417720535-c8977b2d870e66a58192db1f0484baaa",
                "thumb_80": "https:\/\/files.slack.com\/files-tmb\/T7B710AL9-F0463K68VPB-5c57c77625\/img_0317_80.jpg?t=xoxe-249239010689-7383763303600-7346417720535-c8977b2d870e66a58192db1f0484baaa",
                "thumb_360": "https:\/\/files.slack.com\/files-tmb\/T7B710AL9-F0463K68VPB-5c57c77625\/img_0317_360.jpg?t=xoxe-249239010689-7383763303600-7346417720535-c8977b2d870e66a58192db1f0484baaa",
                "thumb_360_w": 270,
                "thumb_360_h": 360,
                "thumb_480": "https:\/\/files.slack.com\/files-tmb\/T7B710AL9-F0463K68VPB-5c57c77625\/img_0317_480.jpg?t=xoxe-249239010689-7383763303600-7346417720535-c8977b2d870e66a58192db1f0484baaa",
                "thumb_480_w": 360,
                "thumb_480_h": 480,
                "thumb_160": "https:\/\/files.slack.com\/files-tmb\/T7B710AL9-F0463K68VPB-5c57c77625\/img_0317_160.jpg?t=xoxe-249239010689-7383763303600-7346417720535-c8977b2d870e66a58192db1f0484baaa",
                "thumb_720": "https:\/\/files.slack.com\/files-tmb\/T7B710AL9-F0463K68VPB-5c57c77625\/img_0317_720.jpg?t=xoxe-249239010689-7383763303600-7346417720535-c8977b2d870e66a58192db1f0484baaa",
                "thumb_720_w": 540,
                "thumb_720_h": 720,
                "thumb_800": "https:\/\/files.slack.com\/files-tmb\/T7B710AL9-F0463K68VPB-5c57c77625\/img_0317_800.jpg?t=xoxe-249239010689-7383763303600-7346417720535-c8977b2d870e66a58192db1f0484baaa",
                "thumb_800_w": 800,
                "thumb_800_h": 1067,
                "thumb_960": "https:\/\/files.slack.com\/files-tmb\/T7B710AL9-F0463K68VPB-5c57c77625\/img_0317_960.jpg?t=xoxe-249239010689-7383763303600-7346417720535-c8977b2d870e66a58192db1f0484baaa",
                "thumb_960_w": 720,
                "thumb_960_h": 960,
                "thumb_1024": "https:\/\/files.slack.com\/files-tmb\/T7B710AL9-F0463K68VPB-5c57c77625\/img_0317_1024.jpg?t=xoxe-249239010689-7383763303600-7346417720535-c8977b2d870e66a58192db1f0484baaa",
                "thumb_1024_w": 768,
                "thumb_1024_h": 1024,
                "original_w": 3024,
                "original_h": 4032,
                "thumb_tiny": "AwAwACS2sq54qMuI5QWIA\/8ArVXzzS8SDDUtirFtJo5DhGBPpS1lj5LpNvHzVpLKnTevHvQIXFGKPMj\/AL6\/nR5kf99fzoAo5pp3nOxQffPSg8URv8248DoeKTKFjtpN4Zzz6ZpswaN9oGc98Vb3qYt\/8Q496i2ErkN1\/WgWiKjOQxApvmNUjKAxBHNJhfQUxE0zg8U60dXV4ZPunkGhbNmJLuB6AUSweUAT8w74pIp6jpk8sE9R396gLFPuklTU5uPNByhUVAoJY\/3aZIb3bnYtGX\/55rUgIAxgUbh\/dFK4WP\/Z",
                "permalink": "https:\/\/swarthmoreultimate.slack.com\/files\/U01BGKQ3NCX\/F0463K68VPB\/img_0317.jpg",
                "permalink_public": "https:\/\/slack-files.com\/T7B710AL9-F0463K68VPB-7ec27377c9",
                "is_starred": false,
                "has_rich_preview": false,
                "file_access": "visible"
            }
        ],
        "upload": false,
        "user": "U01BGKQ3NCX",
        "display_as_bot": false,
        "blocks": [
            {
                "type": "rich_text",
                "block_id": "WdZ",
                "elements": [
                    {
                        "type": "rich_text_section",
                        "elements": [
                            {
                                "type": "text",
                                "text": " "
                            },
                            {
                                "type": "user",
                                "user_id": "U01AFT4NEPN"
                            },
                            {
                                "type": "text",
                                "text": " "
                            },
                            {
                                "type": "text",
                                "text": "g"
                            },
                            {
                                "type": "text",
                                "text": "aslighting me about attending mixed practice while being a chef"
                            }
                        ]
                    }
                ]
            }
        ],
        "type": "message",
        "ts": "1665272496.666189",
        "client_msg_id": "C593259A-1DF0-4366-BDFA-3CD06AECDDA0",
        "reactions": [
            {
                "name": "cheffed_up",
                "users": [
                    "UQCAL163W",
                    "U01A5BQECAK",
                    "UCVH3M03G",
                    "U01AFT4NEPN",
                    "U019UV6JV4P",
                    "U01A1PNMU6B",
                    "UNCGS8RT2",
                    "U01ANMM9XRS"
                ],
                "count": 8
            },
            {
                "name": "tomato",
                "users": [
                    "U01AFT4NEPN",
                    "UCVH3M03G",
                    "U019UV6JV4P",
                    "U01A1PNMU6B",
                    "U01ANMM9XRS"
                ],
                "count": 5
            }
        ]
    }
]