[
    {
        "text": "",
        "files": [
            {
                "id": "F03AW0GBQL8",
                "created": 1649171989,
                "timestamp": 1649171989,
                "name": "Image from iOS.jpg",
                "title": "Image from iOS",
                "mimetype": "image\/jpeg",
                "filetype": "jpg",
                "pretty_type": "JPEG",
                "user": "U01A1PNMU6B",
                "user_team": "T7B710AL9",
                "editable": false,
                "size": 95183,
                "mode": "hosted",
                "is_external": false,
                "external_type": "",
                "is_public": true,
                "public_url_shared": false,
                "display_as_bot": false,
                "username": "",
                "url_private": "https:\/\/files.slack.com\/files-pri\/T7B710AL9-F03AW0GBQL8\/image_from_ios.jpg?t=xoxe-249239010689-7383763303600-7346417720535-c8977b2d870e66a58192db1f0484baaa",
                "url_private_download": "https:\/\/files.slack.com\/files-pri\/T7B710AL9-F03AW0GBQL8\/download\/image_from_ios.jpg?t=xoxe-249239010689-7383763303600-7346417720535-c8977b2d870e66a58192db1f0484baaa",
                "media_display_type": "unknown",
                "thumb_64": "https:\/\/files.slack.com\/files-tmb\/T7B710AL9-F03AW0GBQL8-234c9cccaa\/image_from_ios_64.jpg?t=xoxe-249239010689-7383763303600-7346417720535-c8977b2d870e66a58192db1f0484baaa",
                "thumb_80": "https:\/\/files.slack.com\/files-tmb\/T7B710AL9-F03AW0GBQL8-234c9cccaa\/image_from_ios_80.jpg?t=xoxe-249239010689-7383763303600-7346417720535-c8977b2d870e66a58192db1f0484baaa",
                "thumb_360": "https:\/\/files.slack.com\/files-tmb\/T7B710AL9-F03AW0GBQL8-234c9cccaa\/image_from_ios_360.jpg?t=xoxe-249239010689-7383763303600-7346417720535-c8977b2d870e66a58192db1f0484baaa",
                "thumb_360_w": 305,
                "thumb_360_h": 360,
                "thumb_480": "https:\/\/files.slack.com\/files-tmb\/T7B710AL9-F03AW0GBQL8-234c9cccaa\/image_from_ios_480.jpg?t=xoxe-249239010689-7383763303600-7346417720535-c8977b2d870e66a58192db1f0484baaa",
                "thumb_480_w": 407,
                "thumb_480_h": 480,
                "thumb_160": "https:\/\/files.slack.com\/files-tmb\/T7B710AL9-F03AW0GBQL8-234c9cccaa\/image_from_ios_160.jpg?t=xoxe-249239010689-7383763303600-7346417720535-c8977b2d870e66a58192db1f0484baaa",
                "thumb_720": "https:\/\/files.slack.com\/files-tmb\/T7B710AL9-F03AW0GBQL8-234c9cccaa\/image_from_ios_720.jpg?t=xoxe-249239010689-7383763303600-7346417720535-c8977b2d870e66a58192db1f0484baaa",
                "thumb_720_w": 611,
                "thumb_720_h": 720,
                "thumb_800": "https:\/\/files.slack.com\/files-tmb\/T7B710AL9-F03AW0GBQL8-234c9cccaa\/image_from_ios_800.jpg?t=xoxe-249239010689-7383763303600-7346417720535-c8977b2d870e66a58192db1f0484baaa",
                "thumb_800_w": 800,
                "thumb_800_h": 943,
                "thumb_960": "https:\/\/files.slack.com\/files-tmb\/T7B710AL9-F03AW0GBQL8-234c9cccaa\/image_from_ios_960.jpg?t=xoxe-249239010689-7383763303600-7346417720535-c8977b2d870e66a58192db1f0484baaa",
                "thumb_960_w": 815,
                "thumb_960_h": 960,
                "thumb_1024": "https:\/\/files.slack.com\/files-tmb\/T7B710AL9-F03AW0GBQL8-234c9cccaa\/image_from_ios_1024.jpg?t=xoxe-249239010689-7383763303600-7346417720535-c8977b2d870e66a58192db1f0484baaa",
                "thumb_1024_w": 869,
                "thumb_1024_h": 1024,
                "original_w": 1170,
                "original_h": 1379,
                "thumb_tiny": "AwAwACilkAdOfcU2k3CjcKAJfJfyfNx8tR1J57eV5fOz6VFuFADywII2ge9NpNwo3CgByRqy5PX60vlJ6n8xTov9WKfk+poAZ5a+pH4io5ECjI\/nU\/PINQyY28CgCKiiigCRJdq45pfNHoaioouBJvX0NNZwRgCm0UAFFFFAH\/\/Z",
                "permalink": "https:\/\/swarthmoreultimate.slack.com\/files\/U01A1PNMU6B\/F03AW0GBQL8\/image_from_ios.jpg",
                "permalink_public": "https:\/\/slack-files.com\/T7B710AL9-F03AW0GBQL8-8e9c4e154a",
                "is_starred": false,
                "has_rich_preview": false,
                "file_access": "visible"
            }
        ],
        "upload": false,
        "user": "U01A1PNMU6B",
        "display_as_bot": false,
        "type": "message",
        "ts": "1649172082.747659",
        "client_msg_id": "261189C1-DBAF-466B-99E1-D24D9EEA769F",
        "thread_ts": "1649172082.747659",
        "reply_count": 1,
        "reply_users_count": 1,
        "latest_reply": "1649176749.985309",
        "reply_users": [
            "U019UV6JV4P"
        ],
        "replies": [
            {
                "user": "U019UV6JV4P",
                "ts": "1649176749.985309"
            }
        ],
        "is_locked": false,
        "subscribed": false,
        "reactions": [
            {
                "name": "potable_water",
                "users": [
                    "UCLD8BFM0",
                    "U019UV6JV4P",
                    "UNCGS8RT2",
                    "U01ANMM9XRS",
                    "U7F238X5F"
                ],
                "count": 5
            },
            {
                "name": "moneybag",
                "users": [
                    "UCLD8BFM0",
                    "U019UV6JV4P",
                    "UNCGS8RT2",
                    "U01ANMM9XRS",
                    "U7F238X5F"
                ],
                "count": 5
            }
        ]
    },
    {
        "user": "U019UV6JV4P",
        "type": "message",
        "ts": "1649176749.985309",
        "client_msg_id": "e10deb5d-a138-4012-9c23-eb8a77c9b56a",
        "text": "Major bag alert?",
        "team": "T7B710AL9",
        "user_team": "T7B710AL9",
        "source_team": "T7B710AL9",
        "user_profile": {
            "avatar_hash": "7c8f9130b178",
            "image_72": "https:\/\/avatars.slack-edge.com\/2023-11-15\/6215953114865_7c8f9130b1785176325a_72.jpg",
            "first_name": "Mateo",
            "real_name": "Mateo",
            "display_name": "mateoseb",
            "team": "T7B710AL9",
            "name": "mcasali1",
            "is_restricted": false,
            "is_ultra_restricted": false
        },
        "thread_ts": "1649172082.747659",
        "parent_user_id": "U01A1PNMU6B",
        "blocks": [
            {
                "type": "rich_text",
                "block_id": "psM1",
                "elements": [
                    {
                        "type": "rich_text_section",
                        "elements": [
                            {
                                "type": "text",
                                "text": "Major bag alert?"
                            }
                        ]
                    }
                ]
            }
        ],
        "reactions": [
            {
                "name": "money_mouth_face",
                "users": [
                    "U01ANMM9XRS",
                    "U01A1PNMU6B",
                    "U7F238X5F"
                ],
                "count": 3
            }
        ]
    },
    {
        "user": "UD7R9NDNK",
        "type": "message",
        "ts": "1649214994.395449",
        "client_msg_id": "995D190A-370B-4690-8366-2250427BE264",
        "text": "Toast is putting a loose pancake in his fridge",
        "team": "T7B710AL9",
        "user_team": "T7B710AL9",
        "source_team": "T7B710AL9",
        "user_profile": {
            "avatar_hash": "56390e1b7bba",
            "image_72": "https:\/\/avatars.slack-edge.com\/2022-03-16\/3244528122342_56390e1b7bba6e52fe73_72.png",
            "first_name": "Otis",
            "real_name": "Otis Peterson",
            "display_name": "Otis",
            "team": "T7B710AL9",
            "name": "opeters1",
            "is_restricted": false,
            "is_ultra_restricted": false
        },
        "blocks": [
            {
                "type": "rich_text",
                "block_id": "zEEw",
                "elements": [
                    {
                        "type": "rich_text_section",
                        "elements": [
                            {
                                "type": "text",
                                "text": "Toast is putting a loose pancake in his fridge"
                            }
                        ]
                    }
                ]
            }
        ],
        "reactions": [
            {
                "name": "billed_cap",
                "users": [
                    "UCKMFGMMW",
                    "UN35A0Q7L",
                    "U01AFT4NEPN",
                    "U01ANMM9XRS",
                    "UNCGS8RT2",
                    "UCLD8BFM0"
                ],
                "count": 6
            },
            {
                "name": "pancakes",
                "users": [
                    "UCU27FNLT",
                    "U01A1PNMU6B",
                    "U01AFT4NEPN",
                    "U01ANMM9XRS",
                    "U019UV6JV4P",
                    "UNCGS8RT2",
                    "UCLD8BFM0",
                    "UNC4W0F96"
                ],
                "count": 8
            },
            {
                "name": "420iris",
                "users": [
                    "UNC4W0F96"
                ],
                "count": 1
            }
        ]
    }
]