[
    {
        "user": "UNC4W0F96",
        "type": "message",
        "ts": "1663904544.626029",
        "client_msg_id": "afd572dd-2ed3-401e-b40b-db5414fcc8ac",
        "text": "Anand butters his disc",
        "team": "T7B710AL9",
        "user_team": "T7B710AL9",
        "source_team": "T7B710AL9",
        "user_profile": {
            "avatar_hash": "c0762b751fcb",
            "image_72": "https:\/\/avatars.slack-edge.com\/2022-11-06\/4353663255168_c0762b751fcb3221faae_72.jpg",
            "first_name": "Rory",
            "real_name": "Rory Schmidt",
            "display_name": "Rory",
            "team": "T7B710AL9",
            "name": "rschmid1",
            "is_restricted": false,
            "is_ultra_restricted": false
        },
        "blocks": [
            {
                "type": "rich_text",
                "block_id": "hqZx",
                "elements": [
                    {
                        "type": "rich_text_section",
                        "elements": [
                            {
                                "type": "text",
                                "text": "Anand butters his disc"
                            }
                        ]
                    }
                ]
            }
        ],
        "reactions": [
            {
                "name": "mouth-wide-open",
                "users": [
                    "U01AFT4NEPN",
                    "U01BGKQ3NCX",
                    "U019UV6JV4P",
                    "U01ANMM9XRS"
                ],
                "count": 4
            },
            {
                "name": "pensive",
                "users": [
                    "U0412DQDB2B"
                ],
                "count": 1
            }
        ]
    }
]