[
    {
        "text": "",
        "files": [
            {
                "id": "F03848MDU1K",
                "created": 1647984170,
                "timestamp": 1647984170,
                "name": "Image from iOS.png",
                "title": "Image from iOS",
                "mimetype": "image\/png",
                "filetype": "png",
                "pretty_type": "PNG",
                "user": "U8E7UM7R6",
                "user_team": "T7B710AL9",
                "editable": false,
                "size": 281392,
                "mode": "hosted",
                "is_external": false,
                "external_type": "",
                "is_public": true,
                "public_url_shared": false,
                "display_as_bot": false,
                "username": "",
                "url_private": "https:\/\/files.slack.com\/files-pri\/T7B710AL9-F03848MDU1K\/image_from_ios.png?t=xoxe-249239010689-7383763303600-7346417720535-c8977b2d870e66a58192db1f0484baaa",
                "url_private_download": "https:\/\/files.slack.com\/files-pri\/T7B710AL9-F03848MDU1K\/download\/image_from_ios.png?t=xoxe-249239010689-7383763303600-7346417720535-c8977b2d870e66a58192db1f0484baaa",
                "media_display_type": "unknown",
                "thumb_64": "https:\/\/files.slack.com\/files-tmb\/T7B710AL9-F03848MDU1K-12ac38f688\/image_from_ios_64.png?t=xoxe-249239010689-7383763303600-7346417720535-c8977b2d870e66a58192db1f0484baaa",
                "thumb_80": "https:\/\/files.slack.com\/files-tmb\/T7B710AL9-F03848MDU1K-12ac38f688\/image_from_ios_80.png?t=xoxe-249239010689-7383763303600-7346417720535-c8977b2d870e66a58192db1f0484baaa",
                "thumb_360": "https:\/\/files.slack.com\/files-tmb\/T7B710AL9-F03848MDU1K-12ac38f688\/image_from_ios_360.png?t=xoxe-249239010689-7383763303600-7346417720535-c8977b2d870e66a58192db1f0484baaa",
                "thumb_360_w": 202,
                "thumb_360_h": 360,
                "thumb_480": "https:\/\/files.slack.com\/files-tmb\/T7B710AL9-F03848MDU1K-12ac38f688\/image_from_ios_480.png?t=xoxe-249239010689-7383763303600-7346417720535-c8977b2d870e66a58192db1f0484baaa",
                "thumb_480_w": 270,
                "thumb_480_h": 480,
                "thumb_160": "https:\/\/files.slack.com\/files-tmb\/T7B710AL9-F03848MDU1K-12ac38f688\/image_from_ios_160.png?t=xoxe-249239010689-7383763303600-7346417720535-c8977b2d870e66a58192db1f0484baaa",
                "thumb_720": "https:\/\/files.slack.com\/files-tmb\/T7B710AL9-F03848MDU1K-12ac38f688\/image_from_ios_720.png?t=xoxe-249239010689-7383763303600-7346417720535-c8977b2d870e66a58192db1f0484baaa",
                "thumb_720_w": 405,
                "thumb_720_h": 720,
                "thumb_800": "https:\/\/files.slack.com\/files-tmb\/T7B710AL9-F03848MDU1K-12ac38f688\/image_from_ios_800.png?t=xoxe-249239010689-7383763303600-7346417720535-c8977b2d870e66a58192db1f0484baaa",
                "thumb_800_w": 450,
                "thumb_800_h": 800,
                "thumb_960": "https:\/\/files.slack.com\/files-tmb\/T7B710AL9-F03848MDU1K-12ac38f688\/image_from_ios_960.png?t=xoxe-249239010689-7383763303600-7346417720535-c8977b2d870e66a58192db1f0484baaa",
                "thumb_960_w": 540,
                "thumb_960_h": 960,
                "thumb_1024": "https:\/\/files.slack.com\/files-tmb\/T7B710AL9-F03848MDU1K-12ac38f688\/image_from_ios_1024.png?t=xoxe-249239010689-7383763303600-7346417720535-c8977b2d870e66a58192db1f0484baaa",
                "thumb_1024_w": 576,
                "thumb_1024_h": 1024,
                "image_exif_rotation": 1,
                "original_w": 750,
                "original_h": 1334,
                "thumb_tiny": "AwAwABqlhiOhwaM4BBH60vVQCxwOgzRtH+TTENBI6UZpSFHr+dNoAdk46n86CSO5\/OnGPCqSevpTSAO\/6UAIeTSUtJQAUZpcdORz70mPegAooweOetFAH\/\/Z",
                "permalink": "https:\/\/swarthmoreultimate.slack.com\/files\/U8E7UM7R6\/F03848MDU1K\/image_from_ios.png",
                "permalink_public": "https:\/\/slack-files.com\/T7B710AL9-F03848MDU1K-f7f242c687",
                "is_starred": false,
                "has_rich_preview": false,
                "file_access": "visible"
            }
        ],
        "upload": false,
        "user": "U8E7UM7R6",
        "display_as_bot": false,
        "type": "message",
        "ts": "1647984173.366789",
        "client_msg_id": "E846A7BB-466B-413E-A03B-AB5E8C946622",
        "reactions": [
            {
                "name": "coachtom",
                "users": [
                    "UD7R9NDNK",
                    "U01AGFZUUSW",
                    "UD3552DL0",
                    "U01AFT4NEPN",
                    "UCP04JZ9B",
                    "UCKMFGMMW",
                    "U7FM9RC5B",
                    "U01ANMM9XRS",
                    "U01A1PNMU6B",
                    "U019UV6JV4P",
                    "UNCGS8RT2",
                    "UQCAL163W",
                    "UCLD8BFM0",
                    "U02D4N75F2Q",
                    "UCVH3M03G"
                ],
                "count": 15
            }
        ]
    },
    {
        "user": "U01AFT4NEPN",
        "type": "message",
        "ts": "1647998482.385519",
        "client_msg_id": "613FC3F9-DB4F-43DC-8D93-E0341A6BCADF",
        "text": "Instead of remembering his social security number, Fuze instead visits his virtual bank account, attempts to reset the password—which requires you know your SSN—and then inputs what he thinks is his SSN until the system tells him he is able to reset his password, in which case he knows he has the correct SSN.",
        "team": "T7B710AL9",
        "user_team": "T7B710AL9",
        "source_team": "T7B710AL9",
        "user_profile": {
            "avatar_hash": "48db12d99e86",
            "image_72": "https:\/\/avatars.slack-edge.com\/2024-04-25\/7009387655319_48db12d99e86f89eb51b_72.png",
            "first_name": "Ryan",
            "real_name": "Ryan Jin",
            "display_name": "Chef",
            "team": "T7B710AL9",
            "name": "rjin1",
            "is_restricted": false,
            "is_ultra_restricted": false
        },
        "thread_ts": "1647998482.385519",
        "reply_count": 1,
        "reply_users_count": 1,
        "latest_reply": "1647999878.465409",
        "reply_users": [
            "U019UV6JV4P"
        ],
        "replies": [
            {
                "user": "U019UV6JV4P",
                "ts": "1647999878.465409"
            }
        ],
        "is_locked": false,
        "subscribed": false,
        "blocks": [
            {
                "type": "rich_text",
                "block_id": "zWR",
                "elements": [
                    {
                        "type": "rich_text_section",
                        "elements": [
                            {
                                "type": "text",
                                "text": "Instead of remembering his social security number, Fuze instead visits his virtual bank account, attempts to reset the password—which requires you know your SSN—and then inputs what he thinks is his SSN until the system tells him he is able to reset his password, in which case he knows he has the correct SSN."
                            }
                        ]
                    }
                ]
            }
        ],
        "reactions": [
            {
                "name": "what-the-fracc",
                "users": [
                    "UD7R9NDNK",
                    "UCVH3M03G",
                    "U02D4N75F2Q",
                    "U019UV6JV4P",
                    "U01ANMM9XRS",
                    "UNCGS8RT2",
                    "UN12YVARH",
                    "UCU52BKEE"
                ],
                "count": 8
            },
            {
                "name": "enlightened-skippy",
                "users": [
                    "UD7R9NDNK",
                    "U02D4N75F2Q",
                    "U019UV6JV4P",
                    "U01ANMM9XRS",
                    "UNCGS8RT2",
                    "UCU52BKEE"
                ],
                "count": 6
            }
        ]
    },
    {
        "user": "U019UV6JV4P",
        "type": "message",
        "ts": "1647999878.465409",
        "client_msg_id": "5f04d851-78d3-46e8-ae57-85cfc436ccaf",
        "text": "A guy in my homeroom in hs had his SSN saved as something like the pizza hut contact on his phone",
        "team": "T7B710AL9",
        "user_team": "T7B710AL9",
        "source_team": "T7B710AL9",
        "user_profile": {
            "avatar_hash": "7c8f9130b178",
            "image_72": "https:\/\/avatars.slack-edge.com\/2023-11-15\/6215953114865_7c8f9130b1785176325a_72.jpg",
            "first_name": "Mateo",
            "real_name": "Mateo",
            "display_name": "mateoseb",
            "team": "T7B710AL9",
            "name": "mcasali1",
            "is_restricted": false,
            "is_ultra_restricted": false
        },
        "thread_ts": "1647998482.385519",
        "parent_user_id": "U01AFT4NEPN",
        "blocks": [
            {
                "type": "rich_text",
                "block_id": "AFC",
                "elements": [
                    {
                        "type": "rich_text_section",
                        "elements": [
                            {
                                "type": "text",
                                "text": "A guy in my homeroom in hs had his SSN saved as something like the pizza hut contact on his phone"
                            }
                        ]
                    }
                ]
            }
        ],
        "reactions": [
            {
                "name": "hmm-nora",
                "users": [
                    "U01AFT4NEPN",
                    "U01ANMM9XRS"
                ],
                "count": 2
            }
        ]
    }
]