[
    {
        "user": "U01ANMM9XRS",
        "type": "message",
        "ts": "1667321729.547519",
        "client_msg_id": "9FF7DBE1-26C9-4ECA-9853-D4F24AC45362",
        "text": "Ace has been to 4 baby showers ",
        "team": "T7B710AL9",
        "user_team": "T7B710AL9",
        "source_team": "T7B710AL9",
        "user_profile": {
            "avatar_hash": "8566e3437a98",
            "image_72": "https:\/\/avatars.slack-edge.com\/2024-05-17\/7148429624081_8566e3437a98c288ec27_72.png",
            "first_name": "Racc",
            "real_name": "Racc",
            "display_name": "",
            "team": "T7B710AL9",
            "name": "ifransa1",
            "is_restricted": false,
            "is_ultra_restricted": false
        },
        "blocks": [
            {
                "type": "rich_text",
                "block_id": "aOB+j",
                "elements": [
                    {
                        "type": "rich_text_section",
                        "elements": [
                            {
                                "type": "text",
                                "text": "Ace has been to 4 baby showers "
                            }
                        ]
                    }
                ]
            }
        ],
        "reactions": [
            {
                "name": "donttouchmeimsterile",
                "users": [
                    "U01AFT4NEPN",
                    "U01ANMM9XRS",
                    "UN35A0Q7L",
                    "U02D4N75F2Q",
                    "UNC4W0F96",
                    "U019UV6JV4P",
                    "U041VKJ0UBB",
                    "U01BGKQ3NCX",
                    "UCVH3M03G",
                    "U01A1PNMU6B"
                ],
                "count": 10
            }
        ]
    },
    {
        "user": "UNC2Z7Y7N",
        "type": "message",
        "ts": "1667343400.870739",
        "client_msg_id": "F3E7CF22-13F4-48E5-A10B-7E30F3B81007",
        "text": "<https:\/\/open.spotify.com\/track\/0uWopULW6vBRuPoi7EjKMR?si=-Dm9Cym8QUW8_Vhh8NOoIg|https:\/\/open.spotify.com\/track\/0uWopULW6vBRuPoi7EjKMR?si=-Dm9Cym8QUW8_Vhh8NOoIg> country rap. ",
        "team": "T7B710AL9",
        "user_team": "T7B710AL9",
        "source_team": "T7B710AL9",
        "user_profile": {
            "avatar_hash": "685b1c7afa32",
            "image_72": "https:\/\/avatars.slack-edge.com\/2022-04-07\/3357172872485_685b1c7afa3277b41c22_72.png",
            "first_name": "Alex",
            "real_name": "Alex T",
            "display_name": "",
            "team": "T7B710AL9",
            "name": "athomas2",
            "is_restricted": false,
            "is_ultra_restricted": false
        },
        "thread_ts": "1667343400.870739",
        "reply_count": 1,
        "reply_users_count": 1,
        "latest_reply": "1667347776.545309",
        "reply_users": [
            "U01ANMM9XRS"
        ],
        "replies": [
            {
                "user": "U01ANMM9XRS",
                "ts": "1667347776.545309"
            }
        ],
        "is_locked": false,
        "subscribed": false,
        "attachments": [
            {
                "from_url": "https:\/\/open.spotify.com\/track\/0uWopULW6vBRuPoi7EjKMR?si=-Dm9Cym8QUW8_Vhh8NOoIg",
                "audio_html": "<iframe style=\"border-radius: 12px\" width=\"100%\" height=\"152\" title=\"Spotify Embed: Dutton Ranch Freestyle\" frameborder=\"0\" allowfullscreen allow=\"autoplay; clipboard-write; encrypted-media; fullscreen; picture-in-picture\" loading=\"lazy\" src=\"https:\/\/open.spotify.com\/embed\/track\/0uWopULW6vBRuPoi7EjKMR?si=-Dm9Cym8QUW8_Vhh8NOoIg&utm_source=oembed\"><\/iframe>",
                "audio_html_width": 456,
                "audio_html_height": 152,
                "thumb_url": "https:\/\/i.scdn.co\/image\/ab67616d00001e02b6cedb7f9fd4d9af9f663700",
                "thumb_width": 300,
                "thumb_height": 300,
                "service_icon": "https:\/\/a.slack-edge.com\/80588\/img\/unfurl_icons\/spotify.png",
                "id": 1,
                "original_url": "https:\/\/open.spotify.com\/track\/0uWopULW6vBRuPoi7EjKMR?si=-Dm9Cym8QUW8_Vhh8NOoIg",
                "fallback": "Spotify Audio: Dutton Ranch Freestyle",
                "title": "Dutton Ranch Freestyle",
                "title_link": "https:\/\/open.spotify.com\/track\/0uWopULW6vBRuPoi7EjKMR?si=-Dm9Cym8QUW8_Vhh8NOoIg",
                "service_name": "Spotify",
                "service_url": "https:\/\/spotify.com\/"
            }
        ],
        "blocks": [
            {
                "type": "rich_text",
                "block_id": "hVxXH",
                "elements": [
                    {
                        "type": "rich_text_section",
                        "elements": [
                            {
                                "type": "link",
                                "url": "https:\/\/open.spotify.com\/track\/0uWopULW6vBRuPoi7EjKMR?si=-Dm9Cym8QUW8_Vhh8NOoIg",
                                "text": "https:\/\/open.spotify.com\/track\/0uWopULW6vBRuPoi7EjKMR?si=-Dm9Cym8QUW8_Vhh8NOoIg"
                            },
                            {
                                "type": "text",
                                "text": " country rap. "
                            }
                        ]
                    }
                ]
            }
        ],
        "reactions": [
            {
                "name": "hmm-nora",
                "users": [
                    "U01ANMM9XRS",
                    "U041VKJ0UBB",
                    "UNC4W0F96",
                    "UCVH3M03G",
                    "U041ACX3QCE"
                ],
                "count": 5
            }
        ]
    },
    {
        "user": "U041NSMGPEY",
        "type": "message",
        "ts": "1667347669.895679",
        "client_msg_id": "5676D761-B3BB-498F-9757-B587ADFDD80A",
        "text": "<https:\/\/youtu.be\/ubcE2MoWZ8c|https:\/\/youtu.be\/ubcE2MoWZ8c>",
        "team": "T7B710AL9",
        "user_team": "T7B710AL9",
        "source_team": "T7B710AL9",
        "user_profile": {
            "avatar_hash": "ada5ff854e66",
            "image_72": "https:\/\/avatars.slack-edge.com\/2022-12-04\/4465121762626_ada5ff854e66782bb6d7_72.png",
            "first_name": "Jennifer",
            "real_name": "Jennifer Placido",
            "display_name": "Jen",
            "team": "T7B710AL9",
            "name": "jplacid1",
            "is_restricted": false,
            "is_ultra_restricted": false
        },
        "attachments": [
            {
                "from_url": "https:\/\/youtu.be\/ubcE2MoWZ8c",
                "thumb_url": "https:\/\/i.ytimg.com\/vi\/ubcE2MoWZ8c\/hqdefault.jpg",
                "thumb_width": 480,
                "thumb_height": 360,
                "video_html": "<iframe width=\"400\" height=\"225\" src=\"https:\/\/www.youtube.com\/embed\/ubcE2MoWZ8c?feature=oembed&autoplay=1&iv_load_policy=3\" frameborder=\"0\" allow=\"accelerometer; autoplay; clipboard-write; encrypted-media; gyroscope; picture-in-picture\" allowfullscreen title=\"HEIDI KLUM HALLOWEEN COSTUME 2022: GIANT WORM ROLLING DOWN ON THE FLOOR! 😂😂😂\"><\/iframe>",
                "video_html_width": 400,
                "video_html_height": 225,
                "service_icon": "https:\/\/a.slack-edge.com\/80588\/img\/unfurl_icons\/youtube.png",
                "id": 1,
                "original_url": "https:\/\/youtu.be\/ubcE2MoWZ8c",
                "fallback": "YouTube Video: HEIDI KLUM HALLOWEEN COSTUME 2022: GIANT WORM ROLLING DOWN ON THE FLOOR! 😂😂😂",
                "title": "HEIDI KLUM HALLOWEEN COSTUME 2022: GIANT WORM ROLLING DOWN ON THE FLOOR! 😂😂😂",
                "title_link": "https:\/\/youtu.be\/ubcE2MoWZ8c",
                "author_name": "LIFE LANES",
                "author_link": "https:\/\/www.youtube.com\/c\/LIFELANES",
                "service_name": "YouTube",
                "service_url": "https:\/\/www.youtube.com\/"
            }
        ],
        "blocks": [
            {
                "type": "rich_text",
                "block_id": "\/Ny",
                "elements": [
                    {
                        "type": "rich_text_section",
                        "elements": [
                            {
                                "type": "link",
                                "url": "https:\/\/youtu.be\/ubcE2MoWZ8c",
                                "text": "https:\/\/youtu.be\/ubcE2MoWZ8c"
                            }
                        ]
                    }
                ]
            }
        ],
        "reactions": [
            {
                "name": "worm",
                "users": [
                    "U01ANMM9XRS",
                    "U041VKJ0UBB",
                    "UCVH3M03G",
                    "UNC4W0F96",
                    "UNCGS8RT2",
                    "U041VKJ3RFB",
                    "U01BGKQ3NCX",
                    "U01A5BQECAK",
                    "U019UV6JV4P",
                    "U02DA9RUA7M"
                ],
                "count": 10
            },
            {
                "name": "horseshit-2",
                "users": [
                    "UNC4W0F96",
                    "U041VKJ0UBB",
                    "U01ANMM9XRS",
                    "U01BGKQ3NCX",
                    "U01A5BQECAK",
                    "U019UV6JV4P",
                    "U02DA9RUA7M"
                ],
                "count": 7
            }
        ]
    },
    {
        "user": "U01ANMM9XRS",
        "type": "message",
        "ts": "1667347776.545309",
        "client_msg_id": "4109BC82-37AC-4D41-9DCF-CBC2537CC1D1",
        "text": "“Grew up in the Appalachian Mountains South of the Mason Dixon in a small town area” might be a Grammy bar",
        "team": "T7B710AL9",
        "user_team": "T7B710AL9",
        "source_team": "T7B710AL9",
        "user_profile": {
            "avatar_hash": "8566e3437a98",
            "image_72": "https:\/\/avatars.slack-edge.com\/2024-05-17\/7148429624081_8566e3437a98c288ec27_72.png",
            "first_name": "Racc",
            "real_name": "Racc",
            "display_name": "",
            "team": "T7B710AL9",
            "name": "ifransa1",
            "is_restricted": false,
            "is_ultra_restricted": false
        },
        "thread_ts": "1667343400.870739",
        "parent_user_id": "UNC2Z7Y7N",
        "blocks": [
            {
                "type": "rich_text",
                "block_id": "LSp",
                "elements": [
                    {
                        "type": "rich_text_section",
                        "elements": [
                            {
                                "type": "text",
                                "text": "“Grew up in the Appalachian Mountains South of the Mason Dixon in a small town area” might be a Grammy bar"
                            }
                        ]
                    }
                ]
            }
        ],
        "reactions": [
            {
                "name": "genius-rivers",
                "users": [
                    "U01A1PNMU6B"
                ],
                "count": 1
            }
        ]
    }
]