[
    {
        "text": "",
        "files": [
            {
                "id": "F03CN064A4Q",
                "created": 1650332094,
                "timestamp": 1650332094,
                "name": "Image from iOS.png",
                "title": "Image from iOS",
                "mimetype": "image\/png",
                "filetype": "png",
                "pretty_type": "PNG",
                "user": "UCZ4H6YNA",
                "user_team": "T7B710AL9",
                "editable": false,
                "size": 99195,
                "mode": "hosted",
                "is_external": false,
                "external_type": "",
                "is_public": true,
                "public_url_shared": false,
                "display_as_bot": false,
                "username": "",
                "url_private": "https:\/\/files.slack.com\/files-pri\/T7B710AL9-F03CN064A4Q\/image_from_ios.png?t=xoxe-249239010689-7383763303600-7346417720535-c8977b2d870e66a58192db1f0484baaa",
                "url_private_download": "https:\/\/files.slack.com\/files-pri\/T7B710AL9-F03CN064A4Q\/download\/image_from_ios.png?t=xoxe-249239010689-7383763303600-7346417720535-c8977b2d870e66a58192db1f0484baaa",
                "media_display_type": "unknown",
                "thumb_64": "https:\/\/files.slack.com\/files-tmb\/T7B710AL9-F03CN064A4Q-5c6295fc98\/image_from_ios_64.png?t=xoxe-249239010689-7383763303600-7346417720535-c8977b2d870e66a58192db1f0484baaa",
                "thumb_80": "https:\/\/files.slack.com\/files-tmb\/T7B710AL9-F03CN064A4Q-5c6295fc98\/image_from_ios_80.png?t=xoxe-249239010689-7383763303600-7346417720535-c8977b2d870e66a58192db1f0484baaa",
                "thumb_360": "https:\/\/files.slack.com\/files-tmb\/T7B710AL9-F03CN064A4Q-5c6295fc98\/image_from_ios_360.png?t=xoxe-249239010689-7383763303600-7346417720535-c8977b2d870e66a58192db1f0484baaa",
                "thumb_360_w": 202,
                "thumb_360_h": 360,
                "thumb_480": "https:\/\/files.slack.com\/files-tmb\/T7B710AL9-F03CN064A4Q-5c6295fc98\/image_from_ios_480.png?t=xoxe-249239010689-7383763303600-7346417720535-c8977b2d870e66a58192db1f0484baaa",
                "thumb_480_w": 270,
                "thumb_480_h": 480,
                "thumb_160": "https:\/\/files.slack.com\/files-tmb\/T7B710AL9-F03CN064A4Q-5c6295fc98\/image_from_ios_160.png?t=xoxe-249239010689-7383763303600-7346417720535-c8977b2d870e66a58192db1f0484baaa",
                "thumb_720": "https:\/\/files.slack.com\/files-tmb\/T7B710AL9-F03CN064A4Q-5c6295fc98\/image_from_ios_720.png?t=xoxe-249239010689-7383763303600-7346417720535-c8977b2d870e66a58192db1f0484baaa",
                "thumb_720_w": 405,
                "thumb_720_h": 720,
                "thumb_800": "https:\/\/files.slack.com\/files-tmb\/T7B710AL9-F03CN064A4Q-5c6295fc98\/image_from_ios_800.png?t=xoxe-249239010689-7383763303600-7346417720535-c8977b2d870e66a58192db1f0484baaa",
                "thumb_800_w": 450,
                "thumb_800_h": 800,
                "thumb_960": "https:\/\/files.slack.com\/files-tmb\/T7B710AL9-F03CN064A4Q-5c6295fc98\/image_from_ios_960.png?t=xoxe-249239010689-7383763303600-7346417720535-c8977b2d870e66a58192db1f0484baaa",
                "thumb_960_w": 540,
                "thumb_960_h": 960,
                "thumb_1024": "https:\/\/files.slack.com\/files-tmb\/T7B710AL9-F03CN064A4Q-5c6295fc98\/image_from_ios_1024.png?t=xoxe-249239010689-7383763303600-7346417720535-c8977b2d870e66a58192db1f0484baaa",
                "thumb_1024_w": 576,
                "thumb_1024_h": 1024,
                "image_exif_rotation": 1,
                "original_w": 750,
                "original_h": 1334,
                "thumb_tiny": "AwAwABrS+UcnHFNJBOdw\/KnkcU0cZ4\/SgBeCPUUuKh+0D\/nnJ+VTU2rBcKKKKQBRRRQAUUUUAFFFFAH\/2Q==",
                "permalink": "https:\/\/swarthmoreultimate.slack.com\/files\/UCZ4H6YNA\/F03CN064A4Q\/image_from_ios.png",
                "permalink_public": "https:\/\/slack-files.com\/T7B710AL9-F03CN064A4Q-b916ce37ad",
                "is_starred": false,
                "has_rich_preview": false,
                "file_access": "visible"
            }
        ],
        "upload": false,
        "user": "UCZ4H6YNA",
        "display_as_bot": false,
        "type": "message",
        "ts": "1650332117.665859",
        "client_msg_id": "C2B9DDE8-ACE2-4E71-B01C-657BAAA404A7",
        "thread_ts": "1650332117.665859",
        "reply_count": 2,
        "reply_users_count": 2,
        "latest_reply": "1650332318.561679",
        "reply_users": [
            "UD7R9NDNK",
            "UCZ4H6YNA"
        ],
        "replies": [
            {
                "user": "UD7R9NDNK",
                "ts": "1650332176.697989"
            },
            {
                "user": "UCZ4H6YNA",
                "ts": "1650332318.561679"
            }
        ],
        "is_locked": false,
        "subscribed": false,
        "reactions": [
            {
                "name": "us_department_of_the_treasury_seal_750x450px",
                "users": [
                    "UCZ4H6YNA",
                    "U01A1PNMU6B",
                    "UD3552DL0",
                    "UD7R9NDNK",
                    "UCMEELYF9",
                    "UNE9YE50X",
                    "UQCAL163W",
                    "UCU52BKEE",
                    "UCVH3M03G",
                    "U01AFT4NEPN",
                    "U019UV6JV4P",
                    "U032E82D4DA",
                    "UNCGS8RT2",
                    "U01ANMM9XRS",
                    "UCKMFGMMW",
                    "UCLD8BFM0",
                    "UNBLN9SCC"
                ],
                "count": 17
            }
        ]
    },
    {
        "user": "UD7R9NDNK",
        "type": "message",
        "ts": "1650332176.697989",
        "client_msg_id": "5679F93C-3EC3-40D3-A6B3-CDBAAC8AB040",
        "text": "Pay it you won't ",
        "team": "T7B710AL9",
        "user_team": "T7B710AL9",
        "source_team": "T7B710AL9",
        "user_profile": {
            "avatar_hash": "56390e1b7bba",
            "image_72": "https:\/\/avatars.slack-edge.com\/2022-03-16\/3244528122342_56390e1b7bba6e52fe73_72.png",
            "first_name": "Otis",
            "real_name": "Otis Peterson",
            "display_name": "Otis",
            "team": "T7B710AL9",
            "name": "opeters1",
            "is_restricted": false,
            "is_ultra_restricted": false
        },
        "thread_ts": "1650332117.665859",
        "parent_user_id": "UCZ4H6YNA",
        "blocks": [
            {
                "type": "rich_text",
                "block_id": "LJ6BW",
                "elements": [
                    {
                        "type": "rich_text_section",
                        "elements": [
                            {
                                "type": "text",
                                "text": "Pay it you won't "
                            }
                        ]
                    }
                ]
            }
        ]
    },
    {
        "user": "UCZ4H6YNA",
        "type": "message",
        "ts": "1650332318.561679",
        "client_msg_id": "9B15DD82-CA6C-4CB6-9173-13D3649C859C",
        "text": "True",
        "team": "T7B710AL9",
        "user_team": "T7B710AL9",
        "source_team": "T7B710AL9",
        "user_profile": {
            "avatar_hash": "37bf0cb1597f",
            "image_72": "https:\/\/avatars.slack-edge.com\/2022-04-12\/3380062740035_37bf0cb1597f111315bd_72.png",
            "first_name": "Evan",
            "real_name": "Evan McNall",
            "display_name": "Alphie",
            "team": "T7B710AL9",
            "name": "emcnall1",
            "is_restricted": false,
            "is_ultra_restricted": false
        },
        "thread_ts": "1650332117.665859",
        "parent_user_id": "UCZ4H6YNA",
        "blocks": [
            {
                "type": "rich_text",
                "block_id": "m9o",
                "elements": [
                    {
                        "type": "rich_text_section",
                        "elements": [
                            {
                                "type": "text",
                                "text": "True"
                            }
                        ]
                    }
                ]
            }
        ]
    }
]