[
    {
        "text": "I have a question for Donald Lloyd-Jones",
        "files": [
            {
                "id": "F03PJNP99V0",
                "created": 1657817322,
                "timestamp": 1657817322,
                "name": "Image from iOS.jpg",
                "title": "Image from iOS",
                "mimetype": "image\/jpeg",
                "filetype": "jpg",
                "pretty_type": "JPEG",
                "user": "U02D4N75F2Q",
                "user_team": "T7B710AL9",
                "editable": false,
                "size": 1678199,
                "mode": "hosted",
                "is_external": false,
                "external_type": "",
                "is_public": true,
                "public_url_shared": false,
                "display_as_bot": false,
                "username": "",
                "url_private": "https:\/\/files.slack.com\/files-pri\/T7B710AL9-F03PJNP99V0\/image_from_ios.jpg?t=xoxe-249239010689-7383763303600-7346417720535-c8977b2d870e66a58192db1f0484baaa",
                "url_private_download": "https:\/\/files.slack.com\/files-pri\/T7B710AL9-F03PJNP99V0\/download\/image_from_ios.jpg?t=xoxe-249239010689-7383763303600-7346417720535-c8977b2d870e66a58192db1f0484baaa",
                "media_display_type": "unknown",
                "thumb_64": "https:\/\/files.slack.com\/files-tmb\/T7B710AL9-F03PJNP99V0-f0423d7391\/image_from_ios_64.jpg?t=xoxe-249239010689-7383763303600-7346417720535-c8977b2d870e66a58192db1f0484baaa",
                "thumb_80": "https:\/\/files.slack.com\/files-tmb\/T7B710AL9-F03PJNP99V0-f0423d7391\/image_from_ios_80.jpg?t=xoxe-249239010689-7383763303600-7346417720535-c8977b2d870e66a58192db1f0484baaa",
                "thumb_360": "https:\/\/files.slack.com\/files-tmb\/T7B710AL9-F03PJNP99V0-f0423d7391\/image_from_ios_360.jpg?t=xoxe-249239010689-7383763303600-7346417720535-c8977b2d870e66a58192db1f0484baaa",
                "thumb_360_w": 270,
                "thumb_360_h": 360,
                "thumb_480": "https:\/\/files.slack.com\/files-tmb\/T7B710AL9-F03PJNP99V0-f0423d7391\/image_from_ios_480.jpg?t=xoxe-249239010689-7383763303600-7346417720535-c8977b2d870e66a58192db1f0484baaa",
                "thumb_480_w": 360,
                "thumb_480_h": 480,
                "thumb_160": "https:\/\/files.slack.com\/files-tmb\/T7B710AL9-F03PJNP99V0-f0423d7391\/image_from_ios_160.jpg?t=xoxe-249239010689-7383763303600-7346417720535-c8977b2d870e66a58192db1f0484baaa",
                "thumb_720": "https:\/\/files.slack.com\/files-tmb\/T7B710AL9-F03PJNP99V0-f0423d7391\/image_from_ios_720.jpg?t=xoxe-249239010689-7383763303600-7346417720535-c8977b2d870e66a58192db1f0484baaa",
                "thumb_720_w": 540,
                "thumb_720_h": 720,
                "thumb_800": "https:\/\/files.slack.com\/files-tmb\/T7B710AL9-F03PJNP99V0-f0423d7391\/image_from_ios_800.jpg?t=xoxe-249239010689-7383763303600-7346417720535-c8977b2d870e66a58192db1f0484baaa",
                "thumb_800_w": 800,
                "thumb_800_h": 1067,
                "thumb_960": "https:\/\/files.slack.com\/files-tmb\/T7B710AL9-F03PJNP99V0-f0423d7391\/image_from_ios_960.jpg?t=xoxe-249239010689-7383763303600-7346417720535-c8977b2d870e66a58192db1f0484baaa",
                "thumb_960_w": 720,
                "thumb_960_h": 960,
                "thumb_1024": "https:\/\/files.slack.com\/files-tmb\/T7B710AL9-F03PJNP99V0-f0423d7391\/image_from_ios_1024.jpg?t=xoxe-249239010689-7383763303600-7346417720535-c8977b2d870e66a58192db1f0484baaa",
                "thumb_1024_w": 768,
                "thumb_1024_h": 1024,
                "original_w": 3024,
                "original_h": 4032,
                "thumb_tiny": "AwAwACS4rRyRgocZGeTUMkkaoQWyDxUIDJBs39MfjTPv5xzg8VLS6gOgWIOu09OcYqG+bcy\/Q1PEuDVWQFmDMOCaaGS+SJMEsemOtH2Vf75\/OnrH13OOvGPSneWv98fnSsxXFkwDtxnmoiTDHkgHc2fpSxu0hJPUU24BKDJzzVAOjuDn7o9+aim3FhtBwKZGpU8+mas8+lAEa\/MB8+MUY\/6aU5cBQCOaXj0pDEi4XiiY5UD3pB8vGc4pVI81N3TNMQhjJf6LUmaY0n7xuevH604Mv8WaAF5NGDUyrGRkORS7Y\/79Tcdj\/9k=",
                "permalink": "https:\/\/swarthmoreultimate.slack.com\/files\/U02D4N75F2Q\/F03PJNP99V0\/image_from_ios.jpg",
                "permalink_public": "https:\/\/slack-files.com\/T7B710AL9-F03PJNP99V0-24a3a0a6fe",
                "is_starred": false,
                "has_rich_preview": false,
                "file_access": "visible"
            }
        ],
        "upload": false,
        "user": "U02D4N75F2Q",
        "display_as_bot": false,
        "blocks": [
            {
                "type": "rich_text",
                "block_id": "NtQbB",
                "elements": [
                    {
                        "type": "rich_text_section",
                        "elements": [
                            {
                                "type": "text",
                                "text": "I"
                            },
                            {
                                "type": "text",
                                "text": " "
                            },
                            {
                                "type": "text",
                                "text": "have"
                            },
                            {
                                "type": "text",
                                "text": " "
                            },
                            {
                                "type": "text",
                                "text": "a"
                            },
                            {
                                "type": "text",
                                "text": " "
                            },
                            {
                                "type": "text",
                                "text": "question"
                            },
                            {
                                "type": "text",
                                "text": " "
                            },
                            {
                                "type": "text",
                                "text": "for"
                            },
                            {
                                "type": "text",
                                "text": " "
                            },
                            {
                                "type": "text",
                                "text": "Donald"
                            },
                            {
                                "type": "text",
                                "text": " "
                            },
                            {
                                "type": "text",
                                "text": "Lloyd-Jones"
                            }
                        ]
                    }
                ]
            }
        ],
        "type": "message",
        "ts": "1657817331.125499",
        "client_msg_id": "CD776B93-6451-4888-A5E4-C83BD8D592AE",
        "reactions": [
            {
                "name": "enlightened-skippy",
                "users": [
                    "U01AFT4NEPN",
                    "UNC4W0F96",
                    "U01ANMM9XRS",
                    "U01BGKQ3NCX",
                    "U019UV6JV4P",
                    "U01A5BQECAK"
                ],
                "count": 6
            }
        ]
    }
]