[
    {
        "user": "U01ANMM9XRS",
        "type": "message",
        "ts": "1653549214.094259",
        "client_msg_id": "C45866F9-7FDF-419C-9C8B-06B8B3CD91D8",
        "text": "No cap the best brand ",
        "team": "T7B710AL9",
        "user_team": "T7B710AL9",
        "source_team": "T7B710AL9",
        "user_profile": {
            "avatar_hash": "8566e3437a98",
            "image_72": "https:\/\/avatars.slack-edge.com\/2024-05-17\/7148429624081_8566e3437a98c288ec27_72.png",
            "first_name": "Racc",
            "real_name": "Racc",
            "display_name": "",
            "team": "T7B710AL9",
            "name": "ifransa1",
            "is_restricted": false,
            "is_ultra_restricted": false
        },
        "thread_ts": "1653541959.079269",
        "parent_user_id": "UCMEELYF9",
        "blocks": [
            {
                "type": "rich_text",
                "block_id": "d+R7",
                "elements": [
                    {
                        "type": "rich_text_section",
                        "elements": [
                            {
                                "type": "text",
                                "text": "No cap the best brand "
                            }
                        ]
                    }
                ]
            }
        ]
    },
    {
        "user": "U01ANMM9XRS",
        "type": "message",
        "ts": "1653549227.521619",
        "client_msg_id": "EF0DD923-D44D-4334-8ABC-96D77D18A06C",
        "text": "Maybe some cap",
        "team": "T7B710AL9",
        "user_team": "T7B710AL9",
        "source_team": "T7B710AL9",
        "user_profile": {
            "avatar_hash": "8566e3437a98",
            "image_72": "https:\/\/avatars.slack-edge.com\/2024-05-17\/7148429624081_8566e3437a98c288ec27_72.png",
            "first_name": "Racc",
            "real_name": "Racc",
            "display_name": "",
            "team": "T7B710AL9",
            "name": "ifransa1",
            "is_restricted": false,
            "is_ultra_restricted": false
        },
        "thread_ts": "1653541959.079269",
        "parent_user_id": "UCMEELYF9",
        "blocks": [
            {
                "type": "rich_text",
                "block_id": "kK6H",
                "elements": [
                    {
                        "type": "rich_text_section",
                        "elements": [
                            {
                                "type": "text",
                                "text": "Maybe some cap"
                            }
                        ]
                    }
                ]
            }
        ]
    },
    {
        "user": "UNE9YE50X",
        "type": "message",
        "ts": "1653569274.333109",
        "client_msg_id": "934EAE93-5AD6-4ED1-BF02-AFD2690BE0A1",
        "text": "No cap",
        "team": "T7B710AL9",
        "user_team": "T7B710AL9",
        "source_team": "T7B710AL9",
        "user_profile": {
            "avatar_hash": "f348cd2cb6cf",
            "image_72": "https:\/\/avatars.slack-edge.com\/2022-03-30\/3306313153639_f348cd2cb6cfa7a89880_72.png",
            "first_name": "Rivers",
            "real_name": "Rivers Redclay",
            "display_name": "Rivers",
            "team": "T7B710AL9",
            "name": "rredcla1",
            "is_restricted": false,
            "is_ultra_restricted": false
        },
        "thread_ts": "1653541959.079269",
        "parent_user_id": "UCMEELYF9",
        "blocks": [
            {
                "type": "rich_text",
                "block_id": "xVcx",
                "elements": [
                    {
                        "type": "rich_text_section",
                        "elements": [
                            {
                                "type": "text",
                                "text": "No cap"
                            }
                        ]
                    }
                ]
            }
        ],
        "reactions": [
            {
                "name": "no_entry_sign",
                "users": [
                    "U01ANMM9XRS"
                ],
                "count": 1
            },
            {
                "name": "billed_cap",
                "users": [
                    "U01ANMM9XRS"
                ],
                "count": 1
            }
        ]
    }
]