[
    {
        "text": "I got stuck in a 3.5 hr line through security in the Dublin airport, missed my 30 min flight, lost my bag\n\nso now I'm on a 7 day hiking trip in my airport clothes and single pair of underwear I wash every night and hang up to dry \n\n\n",
        "files": [
            {
                "id": "F03HKTEBBUJ",
                "created": 1653970410,
                "timestamp": 1653970410,
                "name": "Image from iOS.jpg",
                "title": "Image from iOS",
                "mimetype": "image\/jpeg",
                "filetype": "jpg",
                "pretty_type": "JPEG",
                "user": "U01A5BQECAK",
                "user_team": "T7B710AL9",
                "editable": false,
                "size": 100945,
                "mode": "hosted",
                "is_external": false,
                "external_type": "",
                "is_public": true,
                "public_url_shared": false,
                "display_as_bot": false,
                "username": "",
                "url_private": "https:\/\/files.slack.com\/files-pri\/T7B710AL9-F03HKTEBBUJ\/image_from_ios.jpg?t=xoxe-249239010689-7383763303600-7346417720535-c8977b2d870e66a58192db1f0484baaa",
                "url_private_download": "https:\/\/files.slack.com\/files-pri\/T7B710AL9-F03HKTEBBUJ\/download\/image_from_ios.jpg?t=xoxe-249239010689-7383763303600-7346417720535-c8977b2d870e66a58192db1f0484baaa",
                "media_display_type": "unknown",
                "thumb_64": "https:\/\/files.slack.com\/files-tmb\/T7B710AL9-F03HKTEBBUJ-f542dad2b0\/image_from_ios_64.jpg?t=xoxe-249239010689-7383763303600-7346417720535-c8977b2d870e66a58192db1f0484baaa",
                "thumb_80": "https:\/\/files.slack.com\/files-tmb\/T7B710AL9-F03HKTEBBUJ-f542dad2b0\/image_from_ios_80.jpg?t=xoxe-249239010689-7383763303600-7346417720535-c8977b2d870e66a58192db1f0484baaa",
                "thumb_360": "https:\/\/files.slack.com\/files-tmb\/T7B710AL9-F03HKTEBBUJ-f542dad2b0\/image_from_ios_360.jpg?t=xoxe-249239010689-7383763303600-7346417720535-c8977b2d870e66a58192db1f0484baaa",
                "thumb_360_w": 360,
                "thumb_360_h": 203,
                "thumb_480": "https:\/\/files.slack.com\/files-tmb\/T7B710AL9-F03HKTEBBUJ-f542dad2b0\/image_from_ios_480.jpg?t=xoxe-249239010689-7383763303600-7346417720535-c8977b2d870e66a58192db1f0484baaa",
                "thumb_480_w": 480,
                "thumb_480_h": 270,
                "thumb_160": "https:\/\/files.slack.com\/files-tmb\/T7B710AL9-F03HKTEBBUJ-f542dad2b0\/image_from_ios_160.jpg?t=xoxe-249239010689-7383763303600-7346417720535-c8977b2d870e66a58192db1f0484baaa",
                "thumb_720": "https:\/\/files.slack.com\/files-tmb\/T7B710AL9-F03HKTEBBUJ-f542dad2b0\/image_from_ios_720.jpg?t=xoxe-249239010689-7383763303600-7346417720535-c8977b2d870e66a58192db1f0484baaa",
                "thumb_720_w": 720,
                "thumb_720_h": 405,
                "thumb_800": "https:\/\/files.slack.com\/files-tmb\/T7B710AL9-F03HKTEBBUJ-f542dad2b0\/image_from_ios_800.jpg?t=xoxe-249239010689-7383763303600-7346417720535-c8977b2d870e66a58192db1f0484baaa",
                "thumb_800_w": 800,
                "thumb_800_h": 450,
                "thumb_960": "https:\/\/files.slack.com\/files-tmb\/T7B710AL9-F03HKTEBBUJ-f542dad2b0\/image_from_ios_960.jpg?t=xoxe-249239010689-7383763303600-7346417720535-c8977b2d870e66a58192db1f0484baaa",
                "thumb_960_w": 960,
                "thumb_960_h": 540,
                "original_w": 976,
                "original_h": 549,
                "thumb_tiny": "AwAbADCOG5ki4B3L6NV2G5STABw3oaz+O4YfhmkwD0INAGvvxxSFqzkuJI8ZO4f7Xani5cnhv0H+NAFw5pvNQ\/aJSANyj3xTkuMDEg\/EUAUIXIlOQOnOaUhto\/XNFOUZNADdrcDcMCgIcckU49cUlACoDjnHHTipIkPGD09qjqwvH5CgD\/\/Z",
                "permalink": "https:\/\/swarthmoreultimate.slack.com\/files\/U01A5BQECAK\/F03HKTEBBUJ\/image_from_ios.jpg",
                "permalink_public": "https:\/\/slack-files.com\/T7B710AL9-F03HKTEBBUJ-8307fbbb6d",
                "is_starred": false,
                "has_rich_preview": false,
                "file_access": "visible"
            },
            {
                "id": "F03HD93KQMC",
                "created": 1653970410,
                "timestamp": 1653970410,
                "name": "Image from iOS.jpg",
                "title": "Image from iOS",
                "mimetype": "image\/jpeg",
                "filetype": "jpg",
                "pretty_type": "JPEG",
                "user": "U01A5BQECAK",
                "user_team": "T7B710AL9",
                "editable": false,
                "size": 232853,
                "mode": "hosted",
                "is_external": false,
                "external_type": "",
                "is_public": true,
                "public_url_shared": false,
                "display_as_bot": false,
                "username": "",
                "url_private": "https:\/\/files.slack.com\/files-pri\/T7B710AL9-F03HD93KQMC\/image_from_ios.jpg?t=xoxe-249239010689-7383763303600-7346417720535-c8977b2d870e66a58192db1f0484baaa",
                "url_private_download": "https:\/\/files.slack.com\/files-pri\/T7B710AL9-F03HD93KQMC\/download\/image_from_ios.jpg?t=xoxe-249239010689-7383763303600-7346417720535-c8977b2d870e66a58192db1f0484baaa",
                "media_display_type": "unknown",
                "thumb_64": "https:\/\/files.slack.com\/files-tmb\/T7B710AL9-F03HD93KQMC-8e6dba68eb\/image_from_ios_64.jpg?t=xoxe-249239010689-7383763303600-7346417720535-c8977b2d870e66a58192db1f0484baaa",
                "thumb_80": "https:\/\/files.slack.com\/files-tmb\/T7B710AL9-F03HD93KQMC-8e6dba68eb\/image_from_ios_80.jpg?t=xoxe-249239010689-7383763303600-7346417720535-c8977b2d870e66a58192db1f0484baaa",
                "thumb_360": "https:\/\/files.slack.com\/files-tmb\/T7B710AL9-F03HD93KQMC-8e6dba68eb\/image_from_ios_360.jpg?t=xoxe-249239010689-7383763303600-7346417720535-c8977b2d870e66a58192db1f0484baaa",
                "thumb_360_w": 360,
                "thumb_360_h": 270,
                "thumb_480": "https:\/\/files.slack.com\/files-tmb\/T7B710AL9-F03HD93KQMC-8e6dba68eb\/image_from_ios_480.jpg?t=xoxe-249239010689-7383763303600-7346417720535-c8977b2d870e66a58192db1f0484baaa",
                "thumb_480_w": 480,
                "thumb_480_h": 360,
                "thumb_160": "https:\/\/files.slack.com\/files-tmb\/T7B710AL9-F03HD93KQMC-8e6dba68eb\/image_from_ios_160.jpg?t=xoxe-249239010689-7383763303600-7346417720535-c8977b2d870e66a58192db1f0484baaa",
                "thumb_720": "https:\/\/files.slack.com\/files-tmb\/T7B710AL9-F03HD93KQMC-8e6dba68eb\/image_from_ios_720.jpg?t=xoxe-249239010689-7383763303600-7346417720535-c8977b2d870e66a58192db1f0484baaa",
                "thumb_720_w": 720,
                "thumb_720_h": 540,
                "thumb_800": "https:\/\/files.slack.com\/files-tmb\/T7B710AL9-F03HD93KQMC-8e6dba68eb\/image_from_ios_800.jpg?t=xoxe-249239010689-7383763303600-7346417720535-c8977b2d870e66a58192db1f0484baaa",
                "thumb_800_w": 800,
                "thumb_800_h": 600,
                "thumb_960": "https:\/\/files.slack.com\/files-tmb\/T7B710AL9-F03HD93KQMC-8e6dba68eb\/image_from_ios_960.jpg?t=xoxe-249239010689-7383763303600-7346417720535-c8977b2d870e66a58192db1f0484baaa",
                "thumb_960_w": 960,
                "thumb_960_h": 720,
                "thumb_1024": "https:\/\/files.slack.com\/files-tmb\/T7B710AL9-F03HD93KQMC-8e6dba68eb\/image_from_ios_1024.jpg?t=xoxe-249239010689-7383763303600-7346417720535-c8977b2d870e66a58192db1f0484baaa",
                "thumb_1024_w": 1024,
                "thumb_1024_h": 768,
                "original_w": 1024,
                "original_h": 768,
                "thumb_tiny": "AwAkADCT5KAVxw2KhDt7H8aXzH9PyqucjlJs\/wC3mlyNuOCB0FV97HqDS5J7mlzj5ScbV5AA+lBVW6jH0qH8aN3PQ0+cOUdlR7UikO2AePpTSF255NNUsnzA44rEseJmQsmwdcZpmMn1\/GgFSclefWhmzwaYCt1xwMdhTSwHQmkJIxnHrSAF+35UAWP4wvbNJKoUcUv\/AC1H1onoGQ7iM44pjU+mN0FCEOxkqPeptoVRjuO9Q91+tWH+6v0oA\/\/Z",
                "permalink": "https:\/\/swarthmoreultimate.slack.com\/files\/U01A5BQECAK\/F03HD93KQMC\/image_from_ios.jpg",
                "permalink_public": "https:\/\/slack-files.com\/T7B710AL9-F03HD93KQMC-fcbda08734",
                "is_starred": false,
                "has_rich_preview": false,
                "file_access": "visible"
            }
        ],
        "upload": false,
        "user": "U01A5BQECAK",
        "blocks": [
            {
                "type": "rich_text",
                "block_id": "c6T",
                "elements": [
                    {
                        "type": "rich_text_section",
                        "elements": [
                            {
                                "type": "text",
                                "text": "I"
                            },
                            {
                                "type": "text",
                                "text": " "
                            },
                            {
                                "type": "text",
                                "text": "got"
                            },
                            {
                                "type": "text",
                                "text": " "
                            },
                            {
                                "type": "text",
                                "text": "stuck"
                            },
                            {
                                "type": "text",
                                "text": " "
                            },
                            {
                                "type": "text",
                                "text": "in"
                            },
                            {
                                "type": "text",
                                "text": " "
                            },
                            {
                                "type": "text",
                                "text": "a"
                            },
                            {
                                "type": "text",
                                "text": " "
                            },
                            {
                                "type": "text",
                                "text": "3.5"
                            },
                            {
                                "type": "text",
                                "text": " "
                            },
                            {
                                "type": "text",
                                "text": "hr"
                            },
                            {
                                "type": "text",
                                "text": " line through security "
                            },
                            {
                                "type": "text",
                                "text": "in"
                            },
                            {
                                "type": "text",
                                "text": " "
                            },
                            {
                                "type": "text",
                                "text": "the"
                            },
                            {
                                "type": "text",
                                "text": " "
                            },
                            {
                                "type": "text",
                                "text": "Dublin"
                            },
                            {
                                "type": "text",
                                "text": " airport"
                            },
                            {
                                "type": "text",
                                "text": ","
                            },
                            {
                                "type": "text",
                                "text": " "
                            },
                            {
                                "type": "text",
                                "text": "missed"
                            },
                            {
                                "type": "text",
                                "text": " "
                            },
                            {
                                "type": "text",
                                "text": "my"
                            },
                            {
                                "type": "text",
                                "text": " "
                            },
                            {
                                "type": "text",
                                "text": "30"
                            },
                            {
                                "type": "text",
                                "text": " "
                            },
                            {
                                "type": "text",
                                "text": "min"
                            },
                            {
                                "type": "text",
                                "text": " flight"
                            },
                            {
                                "type": "text",
                                "text": ","
                            },
                            {
                                "type": "text",
                                "text": " "
                            },
                            {
                                "type": "text",
                                "text": "lost"
                            },
                            {
                                "type": "text",
                                "text": " "
                            },
                            {
                                "type": "text",
                                "text": "my"
                            },
                            {
                                "type": "text",
                                "text": " "
                            },
                            {
                                "type": "text",
                                "text": "bag"
                            },
                            {
                                "type": "text",
                                "text": "\n\n"
                            },
                            {
                                "type": "text",
                                "text": "so"
                            },
                            {
                                "type": "text",
                                "text": " "
                            },
                            {
                                "type": "text",
                                "text": "now"
                            },
                            {
                                "type": "text",
                                "text": " I'm "
                            },
                            {
                                "type": "text",
                                "text": "on"
                            },
                            {
                                "type": "text",
                                "text": " "
                            },
                            {
                                "type": "text",
                                "text": "a"
                            },
                            {
                                "type": "text",
                                "text": " "
                            },
                            {
                                "type": "text",
                                "text": "7"
                            },
                            {
                                "type": "text",
                                "text": " "
                            },
                            {
                                "type": "text",
                                "text": "day"
                            },
                            {
                                "type": "text",
                                "text": " hiking "
                            },
                            {
                                "type": "text",
                                "text": "trip"
                            },
                            {
                                "type": "text",
                                "text": " "
                            },
                            {
                                "type": "text",
                                "text": "in"
                            },
                            {
                                "type": "text",
                                "text": " "
                            },
                            {
                                "type": "text",
                                "text": "my"
                            },
                            {
                                "type": "text",
                                "text": " airport clothes "
                            },
                            {
                                "type": "text",
                                "text": "and"
                            },
                            {
                                "type": "text",
                                "text": " single "
                            },
                            {
                                "type": "text",
                                "text": "pair"
                            },
                            {
                                "type": "text",
                                "text": " "
                            },
                            {
                                "type": "text",
                                "text": "of"
                            },
                            {
                                "type": "text",
                                "text": " underwear I "
                            },
                            {
                                "type": "text",
                                "text": "wash"
                            },
                            {
                                "type": "text",
                                "text": " "
                            },
                            {
                                "type": "text",
                                "text": "every"
                            },
                            {
                                "type": "text",
                                "text": " night "
                            },
                            {
                                "type": "text",
                                "text": "and"
                            },
                            {
                                "type": "text",
                                "text": " "
                            },
                            {
                                "type": "text",
                                "text": "hang"
                            },
                            {
                                "type": "text",
                                "text": " "
                            },
                            {
                                "type": "text",
                                "text": "up"
                            },
                            {
                                "type": "text",
                                "text": " "
                            },
                            {
                                "type": "text",
                                "text": "to"
                            },
                            {
                                "type": "text",
                                "text": " dry \n\n"
                            },
                            {
                                "type": "text",
                                "text": "\n"
                            }
                        ]
                    }
                ]
            }
        ],
        "type": "message",
        "ts": "1653970413.303869",
        "client_msg_id": "FBFB8D3B-0E4F-4EB3-9532-DE1FA8976261",
        "reactions": [
            {
                "name": "incognito-shane",
                "users": [
                    "UD7R9NDNK",
                    "U019UV6JV4P",
                    "U7G3ERU5V",
                    "U01BGKQ3NCX",
                    "UNCGS8RT2",
                    "U01ANMM9XRS",
                    "UCU52BKEE",
                    "UCLD8BFM0",
                    "U01A1PNMU6B",
                    "UNE9YE50X",
                    "U02DA9RUA7M",
                    "UNC4W0F96",
                    "UCVH3M03G",
                    "U01AFT4NEPN",
                    "UCTUCD1C4"
                ],
                "count": 15
            },
            {
                "name": "goat",
                "users": [
                    "U01ANMM9XRS",
                    "UCU52BKEE",
                    "U01AGFZUUSW",
                    "UCLD8BFM0",
                    "UNE9YE50X",
                    "U02DA9RUA7M",
                    "UNC4W0F96",
                    "UCVH3M03G",
                    "U01AFT4NEPN",
                    "UCTUCD1C4",
                    "U02C9PX2DUP"
                ],
                "count": 11
            }
        ]
    }
]