[
    {
        "user": "UD7R9NDNK",
        "type": "message",
        "ts": "1644348888.671369",
        "client_msg_id": "dcecdbfa-0193-4a28-9fab-07a41d6e55bf",
        "text": "Chef pronouncing \"suit\" as \"sweet\"",
        "team": "T7B710AL9",
        "user_team": "T7B710AL9",
        "source_team": "T7B710AL9",
        "user_profile": {
            "avatar_hash": "56390e1b7bba",
            "image_72": "https:\/\/avatars.slack-edge.com\/2022-03-16\/3244528122342_56390e1b7bba6e52fe73_72.png",
            "first_name": "Otis",
            "real_name": "Otis Peterson",
            "display_name": "Otis",
            "team": "T7B710AL9",
            "name": "opeters1",
            "is_restricted": false,
            "is_ultra_restricted": false
        },
        "blocks": [
            {
                "type": "rich_text",
                "block_id": "pZh",
                "elements": [
                    {
                        "type": "rich_text_section",
                        "elements": [
                            {
                                "type": "text",
                                "text": "Chef pronouncing \"suit\" as \"sweet\""
                            }
                        ]
                    }
                ]
            }
        ],
        "reactions": [
            {
                "name": "200iq",
                "users": [
                    "U01AFT4NEPN",
                    "UCMEELYF9",
                    "U01ANMM9XRS",
                    "U019UV6JV4P",
                    "UCU27FNLT"
                ],
                "count": 5
            }
        ]
    },
    {
        "text": "",
        "files": [
            {
                "id": "F032MRY5ERF",
                "created": 1644384236,
                "timestamp": 1644384236,
                "name": "Image from iOS.png",
                "title": "Image from iOS",
                "mimetype": "image\/png",
                "filetype": "png",
                "pretty_type": "PNG",
                "user": "UCKMFGMMW",
                "user_team": "T7B710AL9",
                "editable": false,
                "size": 390518,
                "mode": "hosted",
                "is_external": false,
                "external_type": "",
                "is_public": true,
                "public_url_shared": false,
                "display_as_bot": false,
                "username": "",
                "url_private": "https:\/\/files.slack.com\/files-pri\/T7B710AL9-F032MRY5ERF\/image_from_ios.png?t=xoxe-249239010689-7383763303600-7346417720535-c8977b2d870e66a58192db1f0484baaa",
                "url_private_download": "https:\/\/files.slack.com\/files-pri\/T7B710AL9-F032MRY5ERF\/download\/image_from_ios.png?t=xoxe-249239010689-7383763303600-7346417720535-c8977b2d870e66a58192db1f0484baaa",
                "media_display_type": "unknown",
                "thumb_64": "https:\/\/files.slack.com\/files-tmb\/T7B710AL9-F032MRY5ERF-785628eecc\/image_from_ios_64.png?t=xoxe-249239010689-7383763303600-7346417720535-c8977b2d870e66a58192db1f0484baaa",
                "thumb_80": "https:\/\/files.slack.com\/files-tmb\/T7B710AL9-F032MRY5ERF-785628eecc\/image_from_ios_80.png?t=xoxe-249239010689-7383763303600-7346417720535-c8977b2d870e66a58192db1f0484baaa",
                "thumb_360": "https:\/\/files.slack.com\/files-tmb\/T7B710AL9-F032MRY5ERF-785628eecc\/image_from_ios_360.png?t=xoxe-249239010689-7383763303600-7346417720535-c8977b2d870e66a58192db1f0484baaa",
                "thumb_360_w": 166,
                "thumb_360_h": 360,
                "thumb_480": "https:\/\/files.slack.com\/files-tmb\/T7B710AL9-F032MRY5ERF-785628eecc\/image_from_ios_480.png?t=xoxe-249239010689-7383763303600-7346417720535-c8977b2d870e66a58192db1f0484baaa",
                "thumb_480_w": 222,
                "thumb_480_h": 480,
                "thumb_160": "https:\/\/files.slack.com\/files-tmb\/T7B710AL9-F032MRY5ERF-785628eecc\/image_from_ios_160.png?t=xoxe-249239010689-7383763303600-7346417720535-c8977b2d870e66a58192db1f0484baaa",
                "thumb_720": "https:\/\/files.slack.com\/files-tmb\/T7B710AL9-F032MRY5ERF-785628eecc\/image_from_ios_720.png?t=xoxe-249239010689-7383763303600-7346417720535-c8977b2d870e66a58192db1f0484baaa",
                "thumb_720_w": 333,
                "thumb_720_h": 720,
                "thumb_800": "https:\/\/files.slack.com\/files-tmb\/T7B710AL9-F032MRY5ERF-785628eecc\/image_from_ios_800.png?t=xoxe-249239010689-7383763303600-7346417720535-c8977b2d870e66a58192db1f0484baaa",
                "thumb_800_w": 800,
                "thumb_800_h": 1731,
                "thumb_960": "https:\/\/files.slack.com\/files-tmb\/T7B710AL9-F032MRY5ERF-785628eecc\/image_from_ios_960.png?t=xoxe-249239010689-7383763303600-7346417720535-c8977b2d870e66a58192db1f0484baaa",
                "thumb_960_w": 444,
                "thumb_960_h": 960,
                "thumb_1024": "https:\/\/files.slack.com\/files-tmb\/T7B710AL9-F032MRY5ERF-785628eecc\/image_from_ios_1024.png?t=xoxe-249239010689-7383763303600-7346417720535-c8977b2d870e66a58192db1f0484baaa",
                "thumb_1024_w": 473,
                "thumb_1024_h": 1024,
                "image_exif_rotation": 1,
                "original_w": 828,
                "original_h": 1792,
                "thumb_tiny": "AwAwABaiQR6UnGKeSoxjPT0pCRng\/pQA2ilJJ60lAEhGOy9O1Mx7U4bf4T+dMNAAaKKKAFoo9MUbW9DQAUUlFAH\/2Q==",
                "permalink": "https:\/\/swarthmoreultimate.slack.com\/files\/UCKMFGMMW\/F032MRY5ERF\/image_from_ios.png",
                "permalink_public": "https:\/\/slack-files.com\/T7B710AL9-F032MRY5ERF-ec34e6b800",
                "is_starred": false,
                "has_rich_preview": false,
                "file_access": "visible"
            }
        ],
        "upload": false,
        "user": "UCKMFGMMW",
        "display_as_bot": false,
        "type": "message",
        "ts": "1644384238.734459",
        "client_msg_id": "17A11FDF-69E3-4B86-BDEA-D0E64B281864",
        "reactions": [
            {
                "name": "gem",
                "users": [
                    "U01ANMM9XRS",
                    "UCVH3M03G",
                    "UNC4W0F96",
                    "U019UV6JV4P",
                    "U8E7UM7R6"
                ],
                "count": 5
            }
        ]
    }
]