[
    {
        "user": "UN35A0Q7L",
        "type": "message",
        "ts": "1668528839.430109",
        "client_msg_id": "D20D8AEF-5650-4A34-A4ED-DF8CA94073B5",
        "text": "Some girl in my English class just said she paid over $8000 for Taylor swift tickets",
        "team": "T7B710AL9",
        "user_team": "T7B710AL9",
        "source_team": "T7B710AL9",
        "user_profile": {
            "avatar_hash": "2186e77394a8",
            "image_72": "https:\/\/avatars.slack-edge.com\/2023-03-20\/4966805674135_2186e77394a8fa1d03c6_72.png",
            "first_name": "Jonathan",
            "real_name": "Jonathan Lehr",
            "display_name": "Lord Jonnis",
            "team": "T7B710AL9",
            "name": "jlehr1",
            "is_restricted": false,
            "is_ultra_restricted": false
        },
        "thread_ts": "1668528839.430109",
        "reply_count": 4,
        "reply_users_count": 2,
        "latest_reply": "1668528953.715939",
        "reply_users": [
            "UN35A0Q7L",
            "U0412DQ9S6B"
        ],
        "replies": [
            {
                "user": "UN35A0Q7L",
                "ts": "1668528863.113679"
            },
            {
                "user": "UN35A0Q7L",
                "ts": "1668528897.487269"
            },
            {
                "user": "U0412DQ9S6B",
                "ts": "1668528927.520619"
            },
            {
                "user": "UN35A0Q7L",
                "ts": "1668528953.715939"
            }
        ],
        "is_locked": false,
        "subscribed": false,
        "blocks": [
            {
                "type": "rich_text",
                "block_id": "+rbyd",
                "elements": [
                    {
                        "type": "rich_text_section",
                        "elements": [
                            {
                                "type": "text",
                                "text": "Some girl in my English class just said she paid over $8000 for Taylor swift tickets"
                            }
                        ]
                    }
                ]
            }
        ],
        "reactions": [
            {
                "name": "frame_with_picture",
                "users": [
                    "U019UV6JV4P",
                    "UNBLN9SCC",
                    "U041VKJ0UBB",
                    "U01BGKQ3NCX",
                    "U01A5BQECAK"
                ],
                "count": 5
            },
            {
                "name": "two",
                "users": [
                    "U019UV6JV4P",
                    "UNBLN9SCC",
                    "U041VKJ0UBB",
                    "U01BGKQ3NCX",
                    "U01A5BQECAK"
                ],
                "count": 5
            },
            {
                "name": "fire",
                "users": [
                    "U019UV6JV4P",
                    "UNBLN9SCC",
                    "U041VKJ0UBB",
                    "U01BGKQ3NCX",
                    "U01A5BQECAK"
                ],
                "count": 5
            }
        ]
    },
    {
        "user": "UN35A0Q7L",
        "type": "message",
        "ts": "1668528863.113679",
        "client_msg_id": "A0FDD3FB-EDC4-41D9-B3F1-C4E945C62595",
        "text": "In the front row to be clear",
        "team": "T7B710AL9",
        "user_team": "T7B710AL9",
        "source_team": "T7B710AL9",
        "user_profile": {
            "avatar_hash": "2186e77394a8",
            "image_72": "https:\/\/avatars.slack-edge.com\/2023-03-20\/4966805674135_2186e77394a8fa1d03c6_72.png",
            "first_name": "Jonathan",
            "real_name": "Jonathan Lehr",
            "display_name": "Lord Jonnis",
            "team": "T7B710AL9",
            "name": "jlehr1",
            "is_restricted": false,
            "is_ultra_restricted": false
        },
        "thread_ts": "1668528839.430109",
        "parent_user_id": "UN35A0Q7L",
        "blocks": [
            {
                "type": "rich_text",
                "block_id": "RQ7",
                "elements": [
                    {
                        "type": "rich_text_section",
                        "elements": [
                            {
                                "type": "text",
                                "text": "In the front row to be clear"
                            }
                        ]
                    }
                ]
            }
        ]
    },
    {
        "user": "UN35A0Q7L",
        "type": "message",
        "ts": "1668528897.487269",
        "client_msg_id": "5627B0E9-79D7-4A76-ADBD-B43B77DAF1CB",
        "text": "Also she is a “verified fan” who gets “invitations” to buy tickets and she gets better tickets than the “poor” people",
        "team": "T7B710AL9",
        "user_team": "T7B710AL9",
        "source_team": "T7B710AL9",
        "user_profile": {
            "avatar_hash": "2186e77394a8",
            "image_72": "https:\/\/avatars.slack-edge.com\/2023-03-20\/4966805674135_2186e77394a8fa1d03c6_72.png",
            "first_name": "Jonathan",
            "real_name": "Jonathan Lehr",
            "display_name": "Lord Jonnis",
            "team": "T7B710AL9",
            "name": "jlehr1",
            "is_restricted": false,
            "is_ultra_restricted": false
        },
        "thread_ts": "1668528839.430109",
        "parent_user_id": "UN35A0Q7L",
        "blocks": [
            {
                "type": "rich_text",
                "block_id": "KwJ",
                "elements": [
                    {
                        "type": "rich_text_section",
                        "elements": [
                            {
                                "type": "text",
                                "text": "Also she is a “verified fan” who gets “invitations” to buy tickets and she gets better tickets than the “poor” people"
                            }
                        ]
                    }
                ]
            }
        ]
    },
    {
        "user": "U0412DQ9S6B",
        "type": "message",
        "ts": "1668528927.520619",
        "client_msg_id": "51E2F9E4-1323-40AC-9960-06155C40788A",
        "text": "Damn that’s so cool. I wish I wasn’t one of the “poors” ",
        "team": "T7B710AL9",
        "user_team": "T7B710AL9",
        "source_team": "T7B710AL9",
        "user_profile": {
            "avatar_hash": "07784908d042",
            "image_72": "https:\/\/avatars.slack-edge.com\/2022-09-24\/4130946021556_07784908d04253424d73_72.png",
            "first_name": "Elan",
            "real_name": "Elan Nadelman",
            "display_name": "Lean",
            "team": "T7B710AL9",
            "name": "enadelm1",
            "is_restricted": false,
            "is_ultra_restricted": false
        },
        "thread_ts": "1668528839.430109",
        "parent_user_id": "UN35A0Q7L",
        "blocks": [
            {
                "type": "rich_text",
                "block_id": "J1g",
                "elements": [
                    {
                        "type": "rich_text_section",
                        "elements": [
                            {
                                "type": "text",
                                "text": "Damn "
                            },
                            {
                                "type": "text",
                                "text": "that’s"
                            },
                            {
                                "type": "text",
                                "text": " so cool"
                            },
                            {
                                "type": "text",
                                "text": "."
                            },
                            {
                                "type": "text",
                                "text": " I wish I "
                            },
                            {
                                "type": "text",
                                "text": "wasn’t"
                            },
                            {
                                "type": "text",
                                "text": " one of the “poors” "
                            }
                        ]
                    }
                ]
            }
        ]
    },
    {
        "user": "UN35A0Q7L",
        "type": "message",
        "ts": "1668528953.715939",
        "client_msg_id": "FEAA7BE7-1A56-4309-9F88-F7838EE067FA",
        "text": "This is probably the most entitled thing I’ve ever heard",
        "team": "T7B710AL9",
        "user_team": "T7B710AL9",
        "source_team": "T7B710AL9",
        "user_profile": {
            "avatar_hash": "2186e77394a8",
            "image_72": "https:\/\/avatars.slack-edge.com\/2023-03-20\/4966805674135_2186e77394a8fa1d03c6_72.png",
            "first_name": "Jonathan",
            "real_name": "Jonathan Lehr",
            "display_name": "Lord Jonnis",
            "team": "T7B710AL9",
            "name": "jlehr1",
            "is_restricted": false,
            "is_ultra_restricted": false
        },
        "thread_ts": "1668528839.430109",
        "parent_user_id": "UN35A0Q7L",
        "blocks": [
            {
                "type": "rich_text",
                "block_id": "efR5I",
                "elements": [
                    {
                        "type": "rich_text_section",
                        "elements": [
                            {
                                "type": "text",
                                "text": "This is probably the most entitled thing "
                            },
                            {
                                "type": "text",
                                "text": "I’ve"
                            },
                            {
                                "type": "text",
                                "text": " ever heard"
                            }
                        ]
                    }
                ]
            }
        ]
    },
    {
        "text": "",
        "files": [
            {
                "id": "F04AURQ3EPQ",
                "created": 1668531607,
                "timestamp": 1668531607,
                "name": "image.png",
                "title": "image.png",
                "mimetype": "image\/png",
                "filetype": "png",
                "pretty_type": "PNG",
                "user": "UCVH3M03G",
                "user_team": "T7B710AL9",
                "editable": false,
                "size": 186422,
                "mode": "hosted",
                "is_external": false,
                "external_type": "",
                "is_public": true,
                "public_url_shared": false,
                "display_as_bot": false,
                "username": "",
                "url_private": "https:\/\/files.slack.com\/files-pri\/T7B710AL9-F04AURQ3EPQ\/image.png?t=xoxe-249239010689-7383763303600-7346417720535-c8977b2d870e66a58192db1f0484baaa",
                "url_private_download": "https:\/\/files.slack.com\/files-pri\/T7B710AL9-F04AURQ3EPQ\/download\/image.png?t=xoxe-249239010689-7383763303600-7346417720535-c8977b2d870e66a58192db1f0484baaa",
                "media_display_type": "unknown",
                "thumb_64": "https:\/\/files.slack.com\/files-tmb\/T7B710AL9-F04AURQ3EPQ-48a956514f\/image_64.png?t=xoxe-249239010689-7383763303600-7346417720535-c8977b2d870e66a58192db1f0484baaa",
                "thumb_80": "https:\/\/files.slack.com\/files-tmb\/T7B710AL9-F04AURQ3EPQ-48a956514f\/image_80.png?t=xoxe-249239010689-7383763303600-7346417720535-c8977b2d870e66a58192db1f0484baaa",
                "thumb_360": "https:\/\/files.slack.com\/files-tmb\/T7B710AL9-F04AURQ3EPQ-48a956514f\/image_360.png?t=xoxe-249239010689-7383763303600-7346417720535-c8977b2d870e66a58192db1f0484baaa",
                "thumb_360_w": 360,
                "thumb_360_h": 90,
                "thumb_480": "https:\/\/files.slack.com\/files-tmb\/T7B710AL9-F04AURQ3EPQ-48a956514f\/image_480.png?t=xoxe-249239010689-7383763303600-7346417720535-c8977b2d870e66a58192db1f0484baaa",
                "thumb_480_w": 480,
                "thumb_480_h": 120,
                "thumb_160": "https:\/\/files.slack.com\/files-tmb\/T7B710AL9-F04AURQ3EPQ-48a956514f\/image_160.png?t=xoxe-249239010689-7383763303600-7346417720535-c8977b2d870e66a58192db1f0484baaa",
                "thumb_720": "https:\/\/files.slack.com\/files-tmb\/T7B710AL9-F04AURQ3EPQ-48a956514f\/image_720.png?t=xoxe-249239010689-7383763303600-7346417720535-c8977b2d870e66a58192db1f0484baaa",
                "thumb_720_w": 720,
                "thumb_720_h": 181,
                "thumb_800": "https:\/\/files.slack.com\/files-tmb\/T7B710AL9-F04AURQ3EPQ-48a956514f\/image_800.png?t=xoxe-249239010689-7383763303600-7346417720535-c8977b2d870e66a58192db1f0484baaa",
                "thumb_800_w": 800,
                "thumb_800_h": 201,
                "thumb_960": "https:\/\/files.slack.com\/files-tmb\/T7B710AL9-F04AURQ3EPQ-48a956514f\/image_960.png?t=xoxe-249239010689-7383763303600-7346417720535-c8977b2d870e66a58192db1f0484baaa",
                "thumb_960_w": 960,
                "thumb_960_h": 241,
                "thumb_1024": "https:\/\/files.slack.com\/files-tmb\/T7B710AL9-F04AURQ3EPQ-48a956514f\/image_1024.png?t=xoxe-249239010689-7383763303600-7346417720535-c8977b2d870e66a58192db1f0484baaa",
                "thumb_1024_w": 1024,
                "thumb_1024_h": 257,
                "original_w": 1316,
                "original_h": 330,
                "thumb_tiny": "AwAMADDQON33j+dHGfvH86dt5zk0YoAbx\/ealGAepP1p1FACbh\/kUZFLRQB\/\/9k=",
                "permalink": "https:\/\/swarthmoreultimate.slack.com\/files\/UCVH3M03G\/F04AURQ3EPQ\/image.png",
                "permalink_public": "https:\/\/slack-files.com\/T7B710AL9-F04AURQ3EPQ-3f549bc140",
                "is_starred": false,
                "has_rich_preview": false,
                "file_access": "visible"
            }
        ],
        "upload": false,
        "user": "UCVH3M03G",
        "display_as_bot": false,
        "type": "message",
        "ts": "1668531613.585069",
        "client_msg_id": "61081c34-9f05-4abe-9b9b-f21301fc2909",
        "thread_ts": "1668531613.585069",
        "reply_count": 2,
        "reply_users_count": 2,
        "latest_reply": "1668534443.064909",
        "reply_users": [
            "U02D4N75F2Q",
            "U01ANMM9XRS"
        ],
        "replies": [
            {
                "user": "U02D4N75F2Q",
                "ts": "1668531735.141959"
            },
            {
                "user": "U01ANMM9XRS",
                "ts": "1668534443.064909"
            }
        ],
        "is_locked": false,
        "subscribed": true,
        "last_read": "1668545934.658019",
        "reactions": [
            {
                "name": "judge-annabel",
                "users": [
                    "U01AFT4NEPN",
                    "U01ANMM9XRS",
                    "U019UV6JV4P",
                    "UNCGS8RT2",
                    "U041VKJ0UBB",
                    "U01A1PNMU6B",
                    "U042TKFF6UT",
                    "U01BGKQ3NCX",
                    "U01A5BQECAK"
                ],
                "count": 9
            },
            {
                "name": "peanuts",
                "users": [
                    "UNC4W0F96",
                    "U0421MC7G65",
                    "U01ANMM9XRS",
                    "U019UV6JV4P",
                    "UNCGS8RT2",
                    "U041VKJ0UBB",
                    "U01A1PNMU6B",
                    "U02CH0X3XQE",
                    "U042TKFF6UT",
                    "U01BGKQ3NCX",
                    "U01A5BQECAK"
                ],
                "count": 11
            },
            {
                "name": "xtra-nut",
                "users": [
                    "UNC4W0F96",
                    "U01ANMM9XRS",
                    "U019UV6JV4P",
                    "U041VKJ0UBB",
                    "U01A1PNMU6B",
                    "U042TKFF6UT",
                    "U01BGKQ3NCX",
                    "U01A5BQECAK"
                ],
                "count": 8
            }
        ]
    },
    {
        "user": "U02D4N75F2Q",
        "type": "message",
        "ts": "1668531735.141959",
        "client_msg_id": "981105fb-32b7-43d1-a7c7-e141b130284d",
        "text": "They're trying to get enough money to pay for their Taylor Swift fan verification",
        "team": "T7B710AL9",
        "user_team": "T7B710AL9",
        "source_team": "T7B710AL9",
        "user_profile": {
            "avatar_hash": "8296b1ec1a02",
            "image_72": "https:\/\/avatars.slack-edge.com\/2022-04-05\/3342367952086_8296b1ec1a0282358fb6_72.png",
            "first_name": "Miguel",
            "real_name": "Miguel Rodriguez",
            "display_name": "Swab",
            "team": "T7B710AL9",
            "name": "mrodrig2",
            "is_restricted": false,
            "is_ultra_restricted": false
        },
        "thread_ts": "1668531613.585069",
        "parent_user_id": "UCVH3M03G",
        "blocks": [
            {
                "type": "rich_text",
                "block_id": "klOzR",
                "elements": [
                    {
                        "type": "rich_text_section",
                        "elements": [
                            {
                                "type": "text",
                                "text": "They're trying to get enough money to pay for their Taylor Swift fan verification"
                            }
                        ]
                    }
                ]
            }
        ]
    },
    {
        "user": "U01ANMM9XRS",
        "type": "message",
        "ts": "1668534443.064909",
        "client_msg_id": "F87C4EC5-E865-4599-B6AC-C436F77E9319",
        "text": "This cannot BeReal",
        "team": "T7B710AL9",
        "user_team": "T7B710AL9",
        "source_team": "T7B710AL9",
        "user_profile": {
            "avatar_hash": "8566e3437a98",
            "image_72": "https:\/\/avatars.slack-edge.com\/2024-05-17\/7148429624081_8566e3437a98c288ec27_72.png",
            "first_name": "Racc",
            "real_name": "Racc",
            "display_name": "",
            "team": "T7B710AL9",
            "name": "ifransa1",
            "is_restricted": false,
            "is_ultra_restricted": false
        },
        "thread_ts": "1668531613.585069",
        "parent_user_id": "UCVH3M03G",
        "blocks": [
            {
                "type": "rich_text",
                "block_id": "1Im",
                "elements": [
                    {
                        "type": "rich_text_section",
                        "elements": [
                            {
                                "type": "text",
                                "text": "This cannot BeReal"
                            }
                        ]
                    }
                ]
            }
        ]
    }
]