[
    {
        "text": "",
        "files": [
            {
                "id": "F03HRGWH0KG",
                "created": 1654136501,
                "timestamp": 1654136501,
                "name": "Image from iOS.jpg",
                "title": "Image from iOS",
                "mimetype": "image\/jpeg",
                "filetype": "jpg",
                "pretty_type": "JPEG",
                "user": "UN12YVARH",
                "user_team": "T7B710AL9",
                "editable": false,
                "size": 1094613,
                "mode": "hosted",
                "is_external": false,
                "external_type": "",
                "is_public": true,
                "public_url_shared": false,
                "display_as_bot": false,
                "username": "",
                "url_private": "https:\/\/files.slack.com\/files-pri\/T7B710AL9-F03HRGWH0KG\/image_from_ios.jpg?t=xoxe-249239010689-7383763303600-7346417720535-c8977b2d870e66a58192db1f0484baaa",
                "url_private_download": "https:\/\/files.slack.com\/files-pri\/T7B710AL9-F03HRGWH0KG\/download\/image_from_ios.jpg?t=xoxe-249239010689-7383763303600-7346417720535-c8977b2d870e66a58192db1f0484baaa",
                "media_display_type": "unknown",
                "thumb_64": "https:\/\/files.slack.com\/files-tmb\/T7B710AL9-F03HRGWH0KG-5267ca1a39\/image_from_ios_64.jpg?t=xoxe-249239010689-7383763303600-7346417720535-c8977b2d870e66a58192db1f0484baaa",
                "thumb_80": "https:\/\/files.slack.com\/files-tmb\/T7B710AL9-F03HRGWH0KG-5267ca1a39\/image_from_ios_80.jpg?t=xoxe-249239010689-7383763303600-7346417720535-c8977b2d870e66a58192db1f0484baaa",
                "thumb_360": "https:\/\/files.slack.com\/files-tmb\/T7B710AL9-F03HRGWH0KG-5267ca1a39\/image_from_ios_360.jpg?t=xoxe-249239010689-7383763303600-7346417720535-c8977b2d870e66a58192db1f0484baaa",
                "thumb_360_w": 270,
                "thumb_360_h": 360,
                "thumb_480": "https:\/\/files.slack.com\/files-tmb\/T7B710AL9-F03HRGWH0KG-5267ca1a39\/image_from_ios_480.jpg?t=xoxe-249239010689-7383763303600-7346417720535-c8977b2d870e66a58192db1f0484baaa",
                "thumb_480_w": 360,
                "thumb_480_h": 480,
                "thumb_160": "https:\/\/files.slack.com\/files-tmb\/T7B710AL9-F03HRGWH0KG-5267ca1a39\/image_from_ios_160.jpg?t=xoxe-249239010689-7383763303600-7346417720535-c8977b2d870e66a58192db1f0484baaa",
                "thumb_720": "https:\/\/files.slack.com\/files-tmb\/T7B710AL9-F03HRGWH0KG-5267ca1a39\/image_from_ios_720.jpg?t=xoxe-249239010689-7383763303600-7346417720535-c8977b2d870e66a58192db1f0484baaa",
                "thumb_720_w": 540,
                "thumb_720_h": 720,
                "thumb_800": "https:\/\/files.slack.com\/files-tmb\/T7B710AL9-F03HRGWH0KG-5267ca1a39\/image_from_ios_800.jpg?t=xoxe-249239010689-7383763303600-7346417720535-c8977b2d870e66a58192db1f0484baaa",
                "thumb_800_w": 800,
                "thumb_800_h": 1067,
                "thumb_960": "https:\/\/files.slack.com\/files-tmb\/T7B710AL9-F03HRGWH0KG-5267ca1a39\/image_from_ios_960.jpg?t=xoxe-249239010689-7383763303600-7346417720535-c8977b2d870e66a58192db1f0484baaa",
                "thumb_960_w": 720,
                "thumb_960_h": 960,
                "thumb_1024": "https:\/\/files.slack.com\/files-tmb\/T7B710AL9-F03HRGWH0KG-5267ca1a39\/image_from_ios_1024.jpg?t=xoxe-249239010689-7383763303600-7346417720535-c8977b2d870e66a58192db1f0484baaa",
                "thumb_1024_w": 768,
                "thumb_1024_h": 1024,
                "original_w": 3024,
                "original_h": 4032,
                "thumb_tiny": "AwAwACRiHipWkUqoBIIqBeeoP4U0hieM8Uii0zguSDxTWfLn5gRzUCnPTNKBk0CLKyADqKXzV9RUKiLaN0qgnqDS4g\/57J+dA7IiXlTjk\/8A1qcm7JzuxjvUnkgdHIpdgx1Y\/nSEVoOd3finJww4I4PUU4R7XJCnbTD5o\/gJPrjNMBHjDnIfHHpTfJ\/2\/wBKcyS5+UMRj0pNk3o1MRexSE46ik4o49KQDsfT86Q8DqKTNGaAFx7\/AKUfjSUUAf\/Z",
                "permalink": "https:\/\/swarthmoreultimate.slack.com\/files\/UN12YVARH\/F03HRGWH0KG\/image_from_ios.jpg",
                "permalink_public": "https:\/\/slack-files.com\/T7B710AL9-F03HRGWH0KG-e5cae8fc2e",
                "is_starred": false,
                "has_rich_preview": false,
                "file_access": "visible"
            }
        ],
        "upload": false,
        "user": "UN12YVARH",
        "display_as_bot": false,
        "type": "message",
        "ts": "1654136515.728839",
        "client_msg_id": "D2115F7E-F70B-4B52-A9E1-E7FE1C32C518",
        "thread_ts": "1654136515.728839",
        "reply_count": 1,
        "reply_users_count": 1,
        "latest_reply": "1654138046.622079",
        "reply_users": [
            "U01ANMM9XRS"
        ],
        "replies": [
            {
                "user": "U01ANMM9XRS",
                "ts": "1654138046.622079"
            }
        ],
        "is_locked": false,
        "subscribed": false,
        "reactions": [
            {
                "name": "gaslight",
                "users": [
                    "UCVH3M03G",
                    "UCU27FNLT",
                    "UCKMFGMMW",
                    "UNC4W0F96",
                    "UNCGS8RT2",
                    "U01BGKQ3NCX",
                    "UNE9YE50X",
                    "U01AFT4NEPN",
                    "U01ANMM9XRS",
                    "U019UV6JV4P",
                    "UCLD8BFM0",
                    "U01A5BQECAK",
                    "UN12YVARH"
                ],
                "count": 13
            }
        ]
    },
    {
        "user": "U01ANMM9XRS",
        "type": "message",
        "ts": "1654138046.622079",
        "client_msg_id": "739E2E16-F27B-43F0-A247-DC9D2AE28C5C",
        "text": "First thing they ask when you walk in is if you have an appointment",
        "team": "T7B710AL9",
        "user_team": "T7B710AL9",
        "source_team": "T7B710AL9",
        "user_profile": {
            "avatar_hash": "8566e3437a98",
            "image_72": "https:\/\/avatars.slack-edge.com\/2024-05-17\/7148429624081_8566e3437a98c288ec27_72.png",
            "first_name": "Racc",
            "real_name": "Racc",
            "display_name": "",
            "team": "T7B710AL9",
            "name": "ifransa1",
            "is_restricted": false,
            "is_ultra_restricted": false
        },
        "thread_ts": "1654136515.728839",
        "parent_user_id": "UN12YVARH",
        "blocks": [
            {
                "type": "rich_text",
                "block_id": "cv=OF",
                "elements": [
                    {
                        "type": "rich_text_section",
                        "elements": [
                            {
                                "type": "text",
                                "text": "First "
                            },
                            {
                                "type": "text",
                                "text": "thing"
                            },
                            {
                                "type": "text",
                                "text": " "
                            },
                            {
                                "type": "text",
                                "text": "they"
                            },
                            {
                                "type": "text",
                                "text": " a"
                            },
                            {
                                "type": "text",
                                "text": "sk"
                            },
                            {
                                "type": "text",
                                "text": " "
                            },
                            {
                                "type": "text",
                                "text": "when"
                            },
                            {
                                "type": "text",
                                "text": " "
                            },
                            {
                                "type": "text",
                                "text": "you"
                            },
                            {
                                "type": "text",
                                "text": " "
                            },
                            {
                                "type": "text",
                                "text": "walk"
                            },
                            {
                                "type": "text",
                                "text": " "
                            },
                            {
                                "type": "text",
                                "text": "in"
                            },
                            {
                                "type": "text",
                                "text": " "
                            },
                            {
                                "type": "text",
                                "text": "is"
                            },
                            {
                                "type": "text",
                                "text": " "
                            },
                            {
                                "type": "text",
                                "text": "if"
                            },
                            {
                                "type": "text",
                                "text": " "
                            },
                            {
                                "type": "text",
                                "text": "you"
                            },
                            {
                                "type": "text",
                                "text": " have "
                            },
                            {
                                "type": "text",
                                "text": "an"
                            },
                            {
                                "type": "text",
                                "text": " "
                            },
                            {
                                "type": "text",
                                "text": "appointment"
                            }
                        ]
                    }
                ]
            }
        ],
        "reactions": [
            {
                "name": "+1",
                "users": [
                    "UNC4W0F96"
                ],
                "count": 1
            }
        ]
    }
]