[
    {
        "text": "The pub safe crime report for worth from December 2000 to January 2001 is still hanging in worth",
        "files": [
            {
                "id": "F045FQBGSL8",
                "created": 1664680217,
                "timestamp": 1664680217,
                "name": "IMG_1538.jpg",
                "title": "IMG_1538",
                "mimetype": "image\/jpeg",
                "filetype": "jpg",
                "pretty_type": "JPEG",
                "user": "UNBLN9SCC",
                "user_team": "T7B710AL9",
                "editable": false,
                "size": 328177,
                "mode": "hosted",
                "is_external": false,
                "external_type": "",
                "is_public": true,
                "public_url_shared": false,
                "display_as_bot": false,
                "username": "",
                "url_private": "https:\/\/files.slack.com\/files-pri\/T7B710AL9-F045FQBGSL8\/img_1538.jpg?t=xoxe-249239010689-7383763303600-7346417720535-c8977b2d870e66a58192db1f0484baaa",
                "url_private_download": "https:\/\/files.slack.com\/files-pri\/T7B710AL9-F045FQBGSL8\/download\/img_1538.jpg?t=xoxe-249239010689-7383763303600-7346417720535-c8977b2d870e66a58192db1f0484baaa",
                "media_display_type": "unknown",
                "thumb_64": "https:\/\/files.slack.com\/files-tmb\/T7B710AL9-F045FQBGSL8-033be24f16\/img_1538_64.jpg?t=xoxe-249239010689-7383763303600-7346417720535-c8977b2d870e66a58192db1f0484baaa",
                "thumb_80": "https:\/\/files.slack.com\/files-tmb\/T7B710AL9-F045FQBGSL8-033be24f16\/img_1538_80.jpg?t=xoxe-249239010689-7383763303600-7346417720535-c8977b2d870e66a58192db1f0484baaa",
                "thumb_360": "https:\/\/files.slack.com\/files-tmb\/T7B710AL9-F045FQBGSL8-033be24f16\/img_1538_360.jpg?t=xoxe-249239010689-7383763303600-7346417720535-c8977b2d870e66a58192db1f0484baaa",
                "thumb_360_w": 270,
                "thumb_360_h": 360,
                "thumb_480": "https:\/\/files.slack.com\/files-tmb\/T7B710AL9-F045FQBGSL8-033be24f16\/img_1538_480.jpg?t=xoxe-249239010689-7383763303600-7346417720535-c8977b2d870e66a58192db1f0484baaa",
                "thumb_480_w": 360,
                "thumb_480_h": 480,
                "thumb_160": "https:\/\/files.slack.com\/files-tmb\/T7B710AL9-F045FQBGSL8-033be24f16\/img_1538_160.jpg?t=xoxe-249239010689-7383763303600-7346417720535-c8977b2d870e66a58192db1f0484baaa",
                "thumb_720": "https:\/\/files.slack.com\/files-tmb\/T7B710AL9-F045FQBGSL8-033be24f16\/img_1538_720.jpg?t=xoxe-249239010689-7383763303600-7346417720535-c8977b2d870e66a58192db1f0484baaa",
                "thumb_720_w": 540,
                "thumb_720_h": 720,
                "thumb_800": "https:\/\/files.slack.com\/files-tmb\/T7B710AL9-F045FQBGSL8-033be24f16\/img_1538_800.jpg?t=xoxe-249239010689-7383763303600-7346417720535-c8977b2d870e66a58192db1f0484baaa",
                "thumb_800_w": 800,
                "thumb_800_h": 1067,
                "thumb_960": "https:\/\/files.slack.com\/files-tmb\/T7B710AL9-F045FQBGSL8-033be24f16\/img_1538_960.jpg?t=xoxe-249239010689-7383763303600-7346417720535-c8977b2d870e66a58192db1f0484baaa",
                "thumb_960_w": 720,
                "thumb_960_h": 960,
                "thumb_1024": "https:\/\/files.slack.com\/files-tmb\/T7B710AL9-F045FQBGSL8-033be24f16\/img_1538_1024.jpg?t=xoxe-249239010689-7383763303600-7346417720535-c8977b2d870e66a58192db1f0484baaa",
                "thumb_1024_w": 768,
                "thumb_1024_h": 1024,
                "original_w": 1634,
                "original_h": 2180,
                "thumb_tiny": "AwAwACOPYvoKkWAMuQUHsaaKkjfaMYU\/UUhkWwf3RTgi\/wB0U7qTSflQA3YvoPyo2L6D8qX8qPyoABR+NJjgmj8KAHZ96D9aaPpUsa7lbjoKAGUUUUALjg5701wA2KeVwAaaeTmgBoNSwY+fryKjp8RwT7igBRGMUeWP8ilBOKXJoA\/\/2Q==",
                "permalink": "https:\/\/swarthmoreultimate.slack.com\/files\/UNBLN9SCC\/F045FQBGSL8\/img_1538.jpg",
                "permalink_public": "https:\/\/slack-files.com\/T7B710AL9-F045FQBGSL8-531a3c02b8",
                "is_starred": false,
                "has_rich_preview": false,
                "file_access": "visible"
            }
        ],
        "upload": false,
        "user": "UNBLN9SCC",
        "display_as_bot": false,
        "blocks": [
            {
                "type": "rich_text",
                "block_id": "J0B",
                "elements": [
                    {
                        "type": "rich_text_section",
                        "elements": [
                            {
                                "type": "text",
                                "text": "The pub safe crime report for worth from December 2000 to January 2001 is still hanging in worth"
                            }
                        ]
                    }
                ]
            }
        ],
        "type": "message",
        "ts": "1664680249.732669",
        "client_msg_id": "FB4EAFAC-0452-445D-B025-DB64D30C5EB8",
        "reactions": [
            {
                "name": "fuck-pubsafe",
                "users": [
                    "U019UV6JV4P",
                    "U01BGKQ3NCX",
                    "UCVH3M03G",
                    "UNC4W0F96",
                    "UN35A0Q7L",
                    "U041ACX3QCE"
                ],
                "count": 6
            },
            {
                "name": "old-man",
                "users": [
                    "U019UV6JV4P",
                    "U01BGKQ3NCX",
                    "UCVH3M03G",
                    "UNC4W0F96",
                    "UN35A0Q7L",
                    "U01A1PNMU6B",
                    "U041ACX3QCE"
                ],
                "count": 7
            }
        ]
    }
]