[
    {
        "user": "U01AGFZUUSW",
        "type": "message",
        "ts": "1672431555.326679",
        "client_msg_id": "A9FC96E9-A6BB-45D9-A1CA-CDCF3B7DC806",
        "text": "Friend recommended me a song that rhymes “Vermont” with “your mom” in the chorus",
        "team": "T7B710AL9",
        "user_team": "T7B710AL9",
        "source_team": "T7B710AL9",
        "user_profile": {
            "avatar_hash": "2eda97f50b89",
            "image_72": "https:\/\/avatars.slack-edge.com\/2023-03-12\/4936609160771_2eda97f50b89e827f6da_72.png",
            "first_name": "",
            "real_name": "Kai Williams",
            "display_name": "Kai Williams",
            "team": "T7B710AL9",
            "name": "kwillia2",
            "is_restricted": false,
            "is_ultra_restricted": false
        },
        "thread_ts": "1672431555.326679",
        "reply_count": 5,
        "reply_users_count": 5,
        "latest_reply": "1672936992.487959",
        "reply_users": [
            "U02CV1EHJ1Y",
            "UNBLN9SCC",
            "U02C9PX2DUP",
            "U041ACX3QCE",
            "U01A5BQECAK"
        ],
        "replies": [
            {
                "user": "U02CV1EHJ1Y",
                "ts": "1672440562.689269"
            },
            {
                "user": "UNBLN9SCC",
                "ts": "1672441872.618389"
            },
            {
                "user": "U02C9PX2DUP",
                "ts": "1672442271.515359"
            },
            {
                "user": "U041ACX3QCE",
                "ts": "1672526153.295439"
            },
            {
                "user": "U01A5BQECAK",
                "ts": "1672936992.487959"
            }
        ],
        "is_locked": false,
        "subscribed": true,
        "last_read": "1672936992.487959",
        "blocks": [
            {
                "type": "rich_text",
                "block_id": "qTL",
                "elements": [
                    {
                        "type": "rich_text_section",
                        "elements": [
                            {
                                "type": "text",
                                "text": "Friend recommended me a song that rhymes “Vermont” with “your mom” in the chorus"
                            }
                        ]
                    }
                ]
            }
        ],
        "reactions": [
            {
                "name": "mothersday",
                "users": [
                    "UNC4W0F96",
                    "U01AFT4NEPN",
                    "U01ANMM9XRS",
                    "U04206SVBBP",
                    "U02CV1EHJ1Y",
                    "U019UV6JV4P",
                    "U01A1PNMU6B",
                    "UNCGS8RT2",
                    "U042TKFF6UT",
                    "UQCAL163W",
                    "U01BGKQ3NCX",
                    "U041VKJ0UBB",
                    "U01A5BQECAK"
                ],
                "count": 13
            }
        ]
    },
    {
        "user": "U02CV1EHJ1Y",
        "type": "message",
        "ts": "1672440562.689269",
        "client_msg_id": "1b2ebdee-22d6-464f-b95a-82b4ca3af9c1",
        "text": "what's the song?",
        "team": "T7B710AL9",
        "user_team": "T7B710AL9",
        "source_team": "T7B710AL9",
        "user_profile": {
            "avatar_hash": "770583598f7c",
            "image_72": "https:\/\/avatars.slack-edge.com\/2023-03-14\/4971424844160_770583598f7c137fd99e_72.png",
            "first_name": "Aaron",
            "real_name": "Aaron Thammavongxay",
            "display_name": "Ace",
            "team": "T7B710AL9",
            "name": "athamma1",
            "is_restricted": false,
            "is_ultra_restricted": false
        },
        "thread_ts": "1672431555.326679",
        "parent_user_id": "U01AGFZUUSW",
        "blocks": [
            {
                "type": "rich_text",
                "block_id": "zQMyu",
                "elements": [
                    {
                        "type": "rich_text_section",
                        "elements": [
                            {
                                "type": "text",
                                "text": "what's the song?"
                            }
                        ]
                    }
                ]
            }
        ]
    },
    {
        "user": "UNBLN9SCC",
        "type": "message",
        "ts": "1672441872.618389",
        "client_msg_id": "EA82986D-E85B-456D-9E89-93CDDF94892F",
        "text": "Is Vermont and your mom even a slant rhyme? Seems like a stretch",
        "team": "T7B710AL9",
        "user_team": "T7B710AL9",
        "source_team": "T7B710AL9",
        "user_profile": {
            "avatar_hash": "3489c46e9e1d",
            "image_72": "https:\/\/avatars.slack-edge.com\/2022-09-27\/4150834120737_3489c46e9e1d25f2be68_72.png",
            "first_name": "Stro",
            "real_name": "Stro",
            "display_name": "",
            "team": "T7B710AL9",
            "name": "cscottj1",
            "is_restricted": false,
            "is_ultra_restricted": false
        },
        "thread_ts": "1672431555.326679",
        "parent_user_id": "U01AGFZUUSW",
        "blocks": [
            {
                "type": "rich_text",
                "block_id": "PODs",
                "elements": [
                    {
                        "type": "rich_text_section",
                        "elements": [
                            {
                                "type": "text",
                                "text": "I"
                            },
                            {
                                "type": "text",
                                "text": "s "
                            },
                            {
                                "type": "text",
                                "text": "Ver"
                            },
                            {
                                "type": "text",
                                "text": "mont and your mom even a slant rhyme? Seems like a stretch"
                            }
                        ]
                    }
                ]
            }
        ]
    },
    {
        "user": "U02C9PX2DUP",
        "type": "message",
        "ts": "1672442271.515359",
        "client_msg_id": "B3F2956C-A48D-4A8E-93F0-E939540C8DB3",
        "text": "Stick season",
        "team": "T7B710AL9",
        "user_team": "T7B710AL9",
        "source_team": "T7B710AL9",
        "user_profile": {
            "avatar_hash": "6451ef32688c",
            "image_72": "https:\/\/avatars.slack-edge.com\/2022-03-22\/3276350644949_6451ef32688c4721942d_72.png",
            "first_name": "Adin",
            "real_name": "Adin Aberbach",
            "display_name": "Adin",
            "team": "T7B710AL9",
            "name": "aaberba1",
            "is_restricted": false,
            "is_ultra_restricted": false
        },
        "thread_ts": "1672431555.326679",
        "parent_user_id": "U01AGFZUUSW",
        "blocks": [
            {
                "type": "rich_text",
                "block_id": "7yRtq",
                "elements": [
                    {
                        "type": "rich_text_section",
                        "elements": [
                            {
                                "type": "text",
                                "text": "Stick season"
                            }
                        ]
                    }
                ]
            }
        ]
    }
]