[
    {
        "text": "Sci bathroom sink ",
        "files": [
            {
                "id": "F03CGSAE2DA",
                "created": 1650560482,
                "timestamp": 1650560482,
                "name": "Image from iOS.jpg",
                "title": "Image from iOS",
                "mimetype": "image\/jpeg",
                "filetype": "jpg",
                "pretty_type": "JPEG",
                "user": "U02CV1EHJ1Y",
                "user_team": "T7B710AL9",
                "editable": false,
                "size": 644349,
                "mode": "hosted",
                "is_external": false,
                "external_type": "",
                "is_public": true,
                "public_url_shared": false,
                "display_as_bot": false,
                "username": "",
                "url_private": "https:\/\/files.slack.com\/files-pri\/T7B710AL9-F03CGSAE2DA\/image_from_ios.jpg?t=xoxe-249239010689-7383763303600-7346417720535-c8977b2d870e66a58192db1f0484baaa",
                "url_private_download": "https:\/\/files.slack.com\/files-pri\/T7B710AL9-F03CGSAE2DA\/download\/image_from_ios.jpg?t=xoxe-249239010689-7383763303600-7346417720535-c8977b2d870e66a58192db1f0484baaa",
                "media_display_type": "unknown",
                "thumb_64": "https:\/\/files.slack.com\/files-tmb\/T7B710AL9-F03CGSAE2DA-42d33f84dc\/image_from_ios_64.jpg?t=xoxe-249239010689-7383763303600-7346417720535-c8977b2d870e66a58192db1f0484baaa",
                "thumb_80": "https:\/\/files.slack.com\/files-tmb\/T7B710AL9-F03CGSAE2DA-42d33f84dc\/image_from_ios_80.jpg?t=xoxe-249239010689-7383763303600-7346417720535-c8977b2d870e66a58192db1f0484baaa",
                "thumb_360": "https:\/\/files.slack.com\/files-tmb\/T7B710AL9-F03CGSAE2DA-42d33f84dc\/image_from_ios_360.jpg?t=xoxe-249239010689-7383763303600-7346417720535-c8977b2d870e66a58192db1f0484baaa",
                "thumb_360_w": 360,
                "thumb_360_h": 270,
                "thumb_480": "https:\/\/files.slack.com\/files-tmb\/T7B710AL9-F03CGSAE2DA-42d33f84dc\/image_from_ios_480.jpg?t=xoxe-249239010689-7383763303600-7346417720535-c8977b2d870e66a58192db1f0484baaa",
                "thumb_480_w": 480,
                "thumb_480_h": 360,
                "thumb_160": "https:\/\/files.slack.com\/files-tmb\/T7B710AL9-F03CGSAE2DA-42d33f84dc\/image_from_ios_160.jpg?t=xoxe-249239010689-7383763303600-7346417720535-c8977b2d870e66a58192db1f0484baaa",
                "thumb_720": "https:\/\/files.slack.com\/files-tmb\/T7B710AL9-F03CGSAE2DA-42d33f84dc\/image_from_ios_720.jpg?t=xoxe-249239010689-7383763303600-7346417720535-c8977b2d870e66a58192db1f0484baaa",
                "thumb_720_w": 720,
                "thumb_720_h": 540,
                "thumb_800": "https:\/\/files.slack.com\/files-tmb\/T7B710AL9-F03CGSAE2DA-42d33f84dc\/image_from_ios_800.jpg?t=xoxe-249239010689-7383763303600-7346417720535-c8977b2d870e66a58192db1f0484baaa",
                "thumb_800_w": 800,
                "thumb_800_h": 600,
                "thumb_960": "https:\/\/files.slack.com\/files-tmb\/T7B710AL9-F03CGSAE2DA-42d33f84dc\/image_from_ios_960.jpg?t=xoxe-249239010689-7383763303600-7346417720535-c8977b2d870e66a58192db1f0484baaa",
                "thumb_960_w": 960,
                "thumb_960_h": 720,
                "thumb_1024": "https:\/\/files.slack.com\/files-tmb\/T7B710AL9-F03CGSAE2DA-42d33f84dc\/image_from_ios_1024.jpg?t=xoxe-249239010689-7383763303600-7346417720535-c8977b2d870e66a58192db1f0484baaa",
                "thumb_1024_w": 1024,
                "thumb_1024_h": 768,
                "original_w": 4032,
                "original_h": 3024,
                "thumb_tiny": "AwAkADAFu398flSxREXIXd0Gc4pv2iT1X8qltSWeR2POAKAJZFAXLuMe60yD54xh8HuAOlKVdud3B7UJGw6Nge1AEM8ZjfOchqSPLHGeO9WJwTAc9V5qvGcCkBDmrNofkkPv\/SqoU+lWrbakTbiAc96ALI+6KKi8+Nf4gfpSfa4\/U\/lTAmYZyD0IqiOCR6VZ+0xnufyqtKwMrFTkGkAqnig96RelO7GgCNhUZ61I\/U1GetMBR1paQdaXvSA\/\/9k=",
                "permalink": "https:\/\/swarthmoreultimate.slack.com\/files\/U02CV1EHJ1Y\/F03CGSAE2DA\/image_from_ios.jpg",
                "permalink_public": "https:\/\/slack-files.com\/T7B710AL9-F03CGSAE2DA-5c62f6a533",
                "is_starred": false,
                "has_rich_preview": false,
                "file_access": "visible"
            }
        ],
        "upload": false,
        "user": "U02CV1EHJ1Y",
        "display_as_bot": false,
        "blocks": [
            {
                "type": "rich_text",
                "block_id": "uHRZa",
                "elements": [
                    {
                        "type": "rich_text_section",
                        "elements": [
                            {
                                "type": "text",
                                "text": "Sci bathroom sink "
                            }
                        ]
                    }
                ]
            }
        ],
        "type": "message",
        "ts": "1650560488.367679",
        "client_msg_id": "28D91B01-7676-4203-847F-9ADA44165BF7",
        "reactions": [
            {
                "name": "bubble_tea",
                "users": [
                    "UD7R9NDNK",
                    "U01AFT4NEPN",
                    "U01A1PNMU6B",
                    "UNC4W0F96",
                    "U019UV6JV4P",
                    "U01ANMM9XRS",
                    "U01A5BQECAK"
                ],
                "count": 7
            }
        ]
    }
]