[
    {
        "text": "",
        "files": [
            {
                "id": "F03CP2U3B18",
                "created": 1650746843,
                "timestamp": 1650746843,
                "name": "Image from iOS.jpg",
                "title": "Image from iOS",
                "mimetype": "image\/jpeg",
                "filetype": "jpg",
                "pretty_type": "JPEG",
                "user": "U02D4N75F2Q",
                "user_team": "T7B710AL9",
                "editable": false,
                "size": 1485365,
                "mode": "hosted",
                "is_external": false,
                "external_type": "",
                "is_public": true,
                "public_url_shared": false,
                "display_as_bot": false,
                "username": "",
                "subtype": "slack_image",
                "url_private": "https:\/\/files.slack.com\/files-pri\/T7B710AL9-F03CP2U3B18\/image_from_ios.jpg?t=xoxe-249239010689-7383763303600-7346417720535-c8977b2d870e66a58192db1f0484baaa",
                "url_private_download": "https:\/\/files.slack.com\/files-pri\/T7B710AL9-F03CP2U3B18\/download\/image_from_ios.jpg?t=xoxe-249239010689-7383763303600-7346417720535-c8977b2d870e66a58192db1f0484baaa",
                "media_display_type": "unknown",
                "thumb_64": "https:\/\/files.slack.com\/files-tmb\/T7B710AL9-F03CP2U3B18-786ad36f6e\/image_from_ios_64.jpg?t=xoxe-249239010689-7383763303600-7346417720535-c8977b2d870e66a58192db1f0484baaa",
                "thumb_80": "https:\/\/files.slack.com\/files-tmb\/T7B710AL9-F03CP2U3B18-786ad36f6e\/image_from_ios_80.jpg?t=xoxe-249239010689-7383763303600-7346417720535-c8977b2d870e66a58192db1f0484baaa",
                "thumb_360": "https:\/\/files.slack.com\/files-tmb\/T7B710AL9-F03CP2U3B18-786ad36f6e\/image_from_ios_360.jpg?t=xoxe-249239010689-7383763303600-7346417720535-c8977b2d870e66a58192db1f0484baaa",
                "thumb_360_w": 270,
                "thumb_360_h": 360,
                "thumb_480": "https:\/\/files.slack.com\/files-tmb\/T7B710AL9-F03CP2U3B18-786ad36f6e\/image_from_ios_480.jpg?t=xoxe-249239010689-7383763303600-7346417720535-c8977b2d870e66a58192db1f0484baaa",
                "thumb_480_w": 360,
                "thumb_480_h": 480,
                "thumb_160": "https:\/\/files.slack.com\/files-tmb\/T7B710AL9-F03CP2U3B18-786ad36f6e\/image_from_ios_160.jpg?t=xoxe-249239010689-7383763303600-7346417720535-c8977b2d870e66a58192db1f0484baaa",
                "thumb_720": "https:\/\/files.slack.com\/files-tmb\/T7B710AL9-F03CP2U3B18-786ad36f6e\/image_from_ios_720.jpg?t=xoxe-249239010689-7383763303600-7346417720535-c8977b2d870e66a58192db1f0484baaa",
                "thumb_720_w": 540,
                "thumb_720_h": 720,
                "thumb_800": "https:\/\/files.slack.com\/files-tmb\/T7B710AL9-F03CP2U3B18-786ad36f6e\/image_from_ios_800.jpg?t=xoxe-249239010689-7383763303600-7346417720535-c8977b2d870e66a58192db1f0484baaa",
                "thumb_800_w": 800,
                "thumb_800_h": 1067,
                "thumb_960": "https:\/\/files.slack.com\/files-tmb\/T7B710AL9-F03CP2U3B18-786ad36f6e\/image_from_ios_960.jpg?t=xoxe-249239010689-7383763303600-7346417720535-c8977b2d870e66a58192db1f0484baaa",
                "thumb_960_w": 720,
                "thumb_960_h": 960,
                "thumb_1024": "https:\/\/files.slack.com\/files-tmb\/T7B710AL9-F03CP2U3B18-786ad36f6e\/image_from_ios_1024.jpg?t=xoxe-249239010689-7383763303600-7346417720535-c8977b2d870e66a58192db1f0484baaa",
                "thumb_1024_w": 768,
                "thumb_1024_h": 1024,
                "original_w": 3024,
                "original_h": 4032,
                "thumb_tiny": "AwAwACSICPzkjZSN3f0qb7OobkAL61TbOQSM4o3c5AOaALLGFZAmcn9KRXXn5Rx6GoS26TcUyacoUEZzjvQBYVo2Gen40uY\/UfnVcAY60uB6igCDOO9O8t9u7BxUsUAZ846c47GnuSoAdhuI4qW30NIxT3KoPvTs1PEEjAyBnuetK0MTDKBgf0qrkNWIwOKKVsRna2cik3r7\/pQInb93yvBqNmMnJFEjbunSlxiIcfWk0UnZkeOOR3qaOQ\/dJ6jFI8f7sSRggZww\/u1FzmtIJcpNSXvFlolkwSTwMcCk+zJ6n8qmRjsXKtnHYUu72b8qiwH\/2Q==",
                "permalink": "https:\/\/swarthmoreultimate.slack.com\/files\/U02D4N75F2Q\/F03CP2U3B18\/image_from_ios.jpg",
                "permalink_public": "https:\/\/slack-files.com\/T7B710AL9-F03CP2U3B18-5dd7ccb30e",
                "is_starred": false,
                "has_rich_preview": false,
                "file_access": "visible"
            }
        ],
        "upload": false,
        "user": "U02D4N75F2Q",
        "display_as_bot": false,
        "type": "message",
        "ts": "1650746848.810039",
        "client_msg_id": "BD97B4D4-E0DE-450E-BC7A-BF3517A575F5",
        "thread_ts": "1650746848.810039",
        "reply_count": 3,
        "reply_users_count": 2,
        "latest_reply": "1650754855.614859",
        "reply_users": [
            "U01ANMM9XRS",
            "U02D4N75F2Q"
        ],
        "replies": [
            {
                "user": "U01ANMM9XRS",
                "ts": "1650751537.899999"
            },
            {
                "user": "U02D4N75F2Q",
                "ts": "1650754851.265299"
            },
            {
                "user": "U02D4N75F2Q",
                "ts": "1650754855.614859"
            }
        ],
        "is_locked": false,
        "subscribed": false,
        "reactions": [
            {
                "name": "oop-juna",
                "users": [
                    "U01AFT4NEPN",
                    "U01A5BQECAK",
                    "U019UV6JV4P",
                    "UNC4W0F96",
                    "U02EPCH8Z9U",
                    "U02C9PX2DUP",
                    "U01ANMM9XRS",
                    "U01A1PNMU6B",
                    "U02D4N75F2Q",
                    "UCVH3M03G",
                    "U02DA9RUA7M"
                ],
                "count": 11
            }
        ]
    },
    {
        "user": "U01ANMM9XRS",
        "type": "message",
        "ts": "1650751537.899999",
        "client_msg_id": "9CA4BF85-A37C-4F26-B9BA-AE19AB2B714C",
        "text": "We gonna do slam ball later? I fucking hate spike but I love slam ",
        "team": "T7B710AL9",
        "user_team": "T7B710AL9",
        "source_team": "T7B710AL9",
        "user_profile": {
            "avatar_hash": "8566e3437a98",
            "image_72": "https:\/\/avatars.slack-edge.com\/2024-05-17\/7148429624081_8566e3437a98c288ec27_72.png",
            "first_name": "Racc",
            "real_name": "Racc",
            "display_name": "",
            "team": "T7B710AL9",
            "name": "ifransa1",
            "is_restricted": false,
            "is_ultra_restricted": false
        },
        "thread_ts": "1650746848.810039",
        "parent_user_id": "U02D4N75F2Q",
        "blocks": [
            {
                "type": "rich_text",
                "block_id": "+MU",
                "elements": [
                    {
                        "type": "rich_text_section",
                        "elements": [
                            {
                                "type": "text",
                                "text": "We gonna do slam ball later? I fucking hate spike but I love slam "
                            }
                        ]
                    }
                ]
            }
        ]
    },
    {
        "user": "U02D4N75F2Q",
        "type": "message",
        "ts": "1650754851.265299",
        "client_msg_id": "503E8920-D485-47C0-A2C6-7BAF63D81AB6",
        "text": "Max Miller sponsored slam tourney next year",
        "team": "T7B710AL9",
        "user_team": "T7B710AL9",
        "source_team": "T7B710AL9",
        "user_profile": {
            "avatar_hash": "8296b1ec1a02",
            "image_72": "https:\/\/avatars.slack-edge.com\/2022-04-05\/3342367952086_8296b1ec1a0282358fb6_72.png",
            "first_name": "Miguel",
            "real_name": "Miguel Rodriguez",
            "display_name": "Swab",
            "team": "T7B710AL9",
            "name": "mrodrig2",
            "is_restricted": false,
            "is_ultra_restricted": false
        },
        "thread_ts": "1650746848.810039",
        "parent_user_id": "U02D4N75F2Q",
        "blocks": [
            {
                "type": "rich_text",
                "block_id": "\/f7y",
                "elements": [
                    {
                        "type": "rich_text_section",
                        "elements": [
                            {
                                "type": "text",
                                "text": "Max Miller sponsored slam tourney next year"
                            }
                        ]
                    }
                ]
            }
        ]
    },
    {
        "user": "U02D4N75F2Q",
        "type": "message",
        "ts": "1650754855.614859",
        "client_msg_id": "D09677B1-7843-45D5-82D5-1FF0F74ABA3E",
        "text": "We’re partners ",
        "team": "T7B710AL9",
        "user_team": "T7B710AL9",
        "source_team": "T7B710AL9",
        "user_profile": {
            "avatar_hash": "8296b1ec1a02",
            "image_72": "https:\/\/avatars.slack-edge.com\/2022-04-05\/3342367952086_8296b1ec1a0282358fb6_72.png",
            "first_name": "Miguel",
            "real_name": "Miguel Rodriguez",
            "display_name": "Swab",
            "team": "T7B710AL9",
            "name": "mrodrig2",
            "is_restricted": false,
            "is_ultra_restricted": false
        },
        "thread_ts": "1650746848.810039",
        "parent_user_id": "U02D4N75F2Q",
        "blocks": [
            {
                "type": "rich_text",
                "block_id": "WUpu",
                "elements": [
                    {
                        "type": "rich_text_section",
                        "elements": [
                            {
                                "type": "text",
                                "text": "We’re partners "
                            }
                        ]
                    }
                ]
            }
        ]
    }
]