[
    {
        "text": "Miguel drinkin beer in sharples smh",
        "files": [
            {
                "id": "F036LAABNFR",
                "created": 1647297504,
                "timestamp": 1647297504,
                "name": "Image from iOS.jpg",
                "title": "Image from iOS",
                "mimetype": "image\/jpeg",
                "filetype": "jpg",
                "pretty_type": "JPEG",
                "user": "UCMEELYF9",
                "user_team": "T7B710AL9",
                "editable": false,
                "size": 1127421,
                "mode": "hosted",
                "is_external": false,
                "external_type": "",
                "is_public": true,
                "public_url_shared": false,
                "display_as_bot": false,
                "username": "",
                "url_private": "https:\/\/files.slack.com\/files-pri\/T7B710AL9-F036LAABNFR\/image_from_ios.jpg?t=xoxe-249239010689-7383763303600-7346417720535-c8977b2d870e66a58192db1f0484baaa",
                "url_private_download": "https:\/\/files.slack.com\/files-pri\/T7B710AL9-F036LAABNFR\/download\/image_from_ios.jpg?t=xoxe-249239010689-7383763303600-7346417720535-c8977b2d870e66a58192db1f0484baaa",
                "media_display_type": "unknown",
                "thumb_64": "https:\/\/files.slack.com\/files-tmb\/T7B710AL9-F036LAABNFR-40b31b281f\/image_from_ios_64.jpg?t=xoxe-249239010689-7383763303600-7346417720535-c8977b2d870e66a58192db1f0484baaa",
                "thumb_80": "https:\/\/files.slack.com\/files-tmb\/T7B710AL9-F036LAABNFR-40b31b281f\/image_from_ios_80.jpg?t=xoxe-249239010689-7383763303600-7346417720535-c8977b2d870e66a58192db1f0484baaa",
                "thumb_360": "https:\/\/files.slack.com\/files-tmb\/T7B710AL9-F036LAABNFR-40b31b281f\/image_from_ios_360.jpg?t=xoxe-249239010689-7383763303600-7346417720535-c8977b2d870e66a58192db1f0484baaa",
                "thumb_360_w": 270,
                "thumb_360_h": 360,
                "thumb_480": "https:\/\/files.slack.com\/files-tmb\/T7B710AL9-F036LAABNFR-40b31b281f\/image_from_ios_480.jpg?t=xoxe-249239010689-7383763303600-7346417720535-c8977b2d870e66a58192db1f0484baaa",
                "thumb_480_w": 360,
                "thumb_480_h": 480,
                "thumb_160": "https:\/\/files.slack.com\/files-tmb\/T7B710AL9-F036LAABNFR-40b31b281f\/image_from_ios_160.jpg?t=xoxe-249239010689-7383763303600-7346417720535-c8977b2d870e66a58192db1f0484baaa",
                "thumb_720": "https:\/\/files.slack.com\/files-tmb\/T7B710AL9-F036LAABNFR-40b31b281f\/image_from_ios_720.jpg?t=xoxe-249239010689-7383763303600-7346417720535-c8977b2d870e66a58192db1f0484baaa",
                "thumb_720_w": 540,
                "thumb_720_h": 720,
                "thumb_800": "https:\/\/files.slack.com\/files-tmb\/T7B710AL9-F036LAABNFR-40b31b281f\/image_from_ios_800.jpg?t=xoxe-249239010689-7383763303600-7346417720535-c8977b2d870e66a58192db1f0484baaa",
                "thumb_800_w": 800,
                "thumb_800_h": 1067,
                "thumb_960": "https:\/\/files.slack.com\/files-tmb\/T7B710AL9-F036LAABNFR-40b31b281f\/image_from_ios_960.jpg?t=xoxe-249239010689-7383763303600-7346417720535-c8977b2d870e66a58192db1f0484baaa",
                "thumb_960_w": 720,
                "thumb_960_h": 960,
                "thumb_1024": "https:\/\/files.slack.com\/files-tmb\/T7B710AL9-F036LAABNFR-40b31b281f\/image_from_ios_1024.jpg?t=xoxe-249239010689-7383763303600-7346417720535-c8977b2d870e66a58192db1f0484baaa",
                "thumb_1024_w": 768,
                "thumb_1024_h": 1024,
                "original_w": 3024,
                "original_h": 4032,
                "thumb_tiny": "AwAwACSD6Uo7EDOB0FOWL91uzz6UwcY9M1ka3DcVO1TxU8VztwHGNtR+WArMmGPXHpSoDKCz4B9MdKtJMhsk\/cNzuI\/CjbD\/AH\/0qIIuPvEUeWv941NkVdjomBOPm4HOTTnIkj6c9qhkHlvj72Pzpi797Flx7Y6VXKTck2ujEHHTJGaMlU9zxQXwytsbGO4x0prAnG3kYprQQYI6Ln8aPm\/u09SVGMt+Apdx\/vP+VMCV1dFVo2x\/WoWcKm6UkFz0BqaZ0RFLDJHQetZzs0km5utShsvXBLRAKRg\/qKjO1FXPHHf1qODKyqjUyZt0zfpVbsnZExlX+9j8KTzV\/vmq9FOwXP\/Z",
                "permalink": "https:\/\/swarthmoreultimate.slack.com\/files\/UCMEELYF9\/F036LAABNFR\/image_from_ios.jpg",
                "permalink_public": "https:\/\/slack-files.com\/T7B710AL9-F036LAABNFR-af6d8c8a24",
                "is_starred": false,
                "has_rich_preview": false,
                "file_access": "visible"
            }
        ],
        "upload": false,
        "user": "UCMEELYF9",
        "display_as_bot": false,
        "blocks": [
            {
                "type": "rich_text",
                "block_id": "1r4He",
                "elements": [
                    {
                        "type": "rich_text_section",
                        "elements": [
                            {
                                "type": "text",
                                "text": "Miguel drinkin beer in sharples smh"
                            }
                        ]
                    }
                ]
            }
        ],
        "type": "message",
        "ts": "1647297509.419349",
        "edited": {
            "user": "UCMEELYF9",
            "ts": "1647297542.000000"
        },
        "client_msg_id": "E93F1FB4-6E25-4DB2-96B3-6FA980846A03",
        "reactions": [
            {
                "name": "what-the-fracc",
                "users": [
                    "U01AFT4NEPN",
                    "U01A1PNMU6B",
                    "U019UV6JV4P",
                    "UD3552DL0",
                    "UD7R9NDNK",
                    "U02D4N75F2Q",
                    "U01ANMM9XRS",
                    "UNCGS8RT2",
                    "UCVH3M03G",
                    "UCLD8BFM0",
                    "UCKMFGMMW"
                ],
                "count": 11
            },
            {
                "name": "unbelievable-squatch",
                "users": [
                    "U01AFT4NEPN",
                    "U01A1PNMU6B",
                    "U019UV6JV4P",
                    "UD3552DL0",
                    "U02D4N75F2Q",
                    "U01ANMM9XRS",
                    "UNCGS8RT2",
                    "UCVH3M03G"
                ],
                "count": 8
            },
            {
                "name": "enlightened-skip",
                "users": [
                    "U01AFT4NEPN",
                    "UD7R9NDNK",
                    "U02D4N75F2Q",
                    "U01ANMM9XRS",
                    "UNCGS8RT2",
                    "U019UV6JV4P"
                ],
                "count": 6
            },
            {
                "name": "beers",
                "users": [
                    "U019UV6JV4P",
                    "UCU27FNLT",
                    "U01A1PNMU6B",
                    "U01ANMM9XRS",
                    "U02D4N75F2Q",
                    "UNCGS8RT2",
                    "UCKMFGMMW",
                    "UQCAL163W"
                ],
                "count": 8
            },
            {
                "name": "dreidelparrot",
                "users": [
                    "UCU27FNLT",
                    "U02D4N75F2Q"
                ],
                "count": 2
            }
        ]
    }
]