[
    {
        "text": "",
        "files": [
            {
                "id": "F039X74R484",
                "created": 1648944574,
                "timestamp": 1648944574,
                "name": "Image from iOS.jpg",
                "title": "Image from iOS",
                "mimetype": "image\/jpeg",
                "filetype": "jpg",
                "pretty_type": "JPEG",
                "user": "UNE9YE50X",
                "user_team": "T7B710AL9",
                "editable": false,
                "size": 823162,
                "mode": "hosted",
                "is_external": false,
                "external_type": "",
                "is_public": true,
                "public_url_shared": false,
                "display_as_bot": false,
                "username": "",
                "url_private": "https:\/\/files.slack.com\/files-pri\/T7B710AL9-F039X74R484\/image_from_ios.jpg?t=xoxe-249239010689-7383763303600-7346417720535-c8977b2d870e66a58192db1f0484baaa",
                "url_private_download": "https:\/\/files.slack.com\/files-pri\/T7B710AL9-F039X74R484\/download\/image_from_ios.jpg?t=xoxe-249239010689-7383763303600-7346417720535-c8977b2d870e66a58192db1f0484baaa",
                "media_display_type": "unknown",
                "thumb_64": "https:\/\/files.slack.com\/files-tmb\/T7B710AL9-F039X74R484-759b497df1\/image_from_ios_64.jpg?t=xoxe-249239010689-7383763303600-7346417720535-c8977b2d870e66a58192db1f0484baaa",
                "thumb_80": "https:\/\/files.slack.com\/files-tmb\/T7B710AL9-F039X74R484-759b497df1\/image_from_ios_80.jpg?t=xoxe-249239010689-7383763303600-7346417720535-c8977b2d870e66a58192db1f0484baaa",
                "thumb_360": "https:\/\/files.slack.com\/files-tmb\/T7B710AL9-F039X74R484-759b497df1\/image_from_ios_360.jpg?t=xoxe-249239010689-7383763303600-7346417720535-c8977b2d870e66a58192db1f0484baaa",
                "thumb_360_w": 270,
                "thumb_360_h": 360,
                "thumb_480": "https:\/\/files.slack.com\/files-tmb\/T7B710AL9-F039X74R484-759b497df1\/image_from_ios_480.jpg?t=xoxe-249239010689-7383763303600-7346417720535-c8977b2d870e66a58192db1f0484baaa",
                "thumb_480_w": 360,
                "thumb_480_h": 480,
                "thumb_160": "https:\/\/files.slack.com\/files-tmb\/T7B710AL9-F039X74R484-759b497df1\/image_from_ios_160.jpg?t=xoxe-249239010689-7383763303600-7346417720535-c8977b2d870e66a58192db1f0484baaa",
                "thumb_720": "https:\/\/files.slack.com\/files-tmb\/T7B710AL9-F039X74R484-759b497df1\/image_from_ios_720.jpg?t=xoxe-249239010689-7383763303600-7346417720535-c8977b2d870e66a58192db1f0484baaa",
                "thumb_720_w": 540,
                "thumb_720_h": 720,
                "thumb_800": "https:\/\/files.slack.com\/files-tmb\/T7B710AL9-F039X74R484-759b497df1\/image_from_ios_800.jpg?t=xoxe-249239010689-7383763303600-7346417720535-c8977b2d870e66a58192db1f0484baaa",
                "thumb_800_w": 800,
                "thumb_800_h": 1067,
                "thumb_960": "https:\/\/files.slack.com\/files-tmb\/T7B710AL9-F039X74R484-759b497df1\/image_from_ios_960.jpg?t=xoxe-249239010689-7383763303600-7346417720535-c8977b2d870e66a58192db1f0484baaa",
                "thumb_960_w": 720,
                "thumb_960_h": 960,
                "thumb_1024": "https:\/\/files.slack.com\/files-tmb\/T7B710AL9-F039X74R484-759b497df1\/image_from_ios_1024.jpg?t=xoxe-249239010689-7383763303600-7346417720535-c8977b2d870e66a58192db1f0484baaa",
                "thumb_1024_w": 768,
                "thumb_1024_h": 1024,
                "original_w": 3024,
                "original_h": 4032,
                "thumb_tiny": "AwAwACS1J9+oJB8wqZ\/9YahmkCEcZzUlDGFWYB+7FVydyBsYzViH\/V\/jQA\/FGKWikBG\/3zVW4wXCnoRVlvvmql02G\/CmIfkeUAOMcVZg\/wBX+NZ0MjM+DyMVftjmLPvQxktFFFICI\/eNV5kV35GasHrUD\/fNMCs3ybsAe1X7Q5hqq3SrVt9w0ATUUUUgP\/\/Z",
                "permalink": "https:\/\/swarthmoreultimate.slack.com\/files\/UNE9YE50X\/F039X74R484\/image_from_ios.jpg",
                "permalink_public": "https:\/\/slack-files.com\/T7B710AL9-F039X74R484-d681c79fb4",
                "is_starred": false,
                "has_rich_preview": false,
                "file_access": "visible"
            }
        ],
        "upload": false,
        "user": "UNE9YE50X",
        "display_as_bot": false,
        "type": "message",
        "ts": "1648944580.361249",
        "client_msg_id": "29495F1E-6345-434C-8548-6981B1D3851C",
        "reactions": [
            {
                "name": "mateo-prayge",
                "users": [
                    "UNCGS8RT2",
                    "U01AFT4NEPN",
                    "U01A1PNMU6B",
                    "U01A5BQECAK",
                    "U01ANMM9XRS",
                    "UN35A0Q7L",
                    "UCU27FNLT",
                    "UCKMFGMMW",
                    "UD3552DL0",
                    "UCLD8BFM0"
                ],
                "count": 10
            },
            {
                "name": "red",
                "users": [
                    "UCKMFGMMW",
                    "UNCGS8RT2",
                    "U01ANMM9XRS",
                    "UCU27FNLT",
                    "UD3552DL0",
                    "UCLD8BFM0"
                ],
                "count": 6
            },
            {
                "name": "red_circle",
                "users": [
                    "UCKMFGMMW",
                    "UNCGS8RT2",
                    "U01A5BQECAK",
                    "U01ANMM9XRS",
                    "UD3552DL0",
                    "UCLD8BFM0"
                ],
                "count": 6
            }
        ]
    }
]