[
    {
        "user": "U02CV1EHJ1Y",
        "type": "message",
        "ts": "1670865423.974309",
        "client_msg_id": "25c79ac4-02d8-4051-9691-d5a86be7f2c6",
        "text": "\"This needs some gentrification.\" - Nuts on the street in front of the airbnb she was considering booking",
        "team": "T7B710AL9",
        "user_team": "T7B710AL9",
        "source_team": "T7B710AL9",
        "user_profile": {
            "avatar_hash": "770583598f7c",
            "image_72": "https:\/\/avatars.slack-edge.com\/2023-03-14\/4971424844160_770583598f7c137fd99e_72.png",
            "first_name": "Aaron",
            "real_name": "Aaron Thammavongxay",
            "display_name": "Ace",
            "team": "T7B710AL9",
            "name": "athamma1",
            "is_restricted": false,
            "is_ultra_restricted": false
        },
        "blocks": [
            {
                "type": "rich_text",
                "block_id": "xsRi",
                "elements": [
                    {
                        "type": "rich_text_section",
                        "elements": [
                            {
                                "type": "text",
                                "text": "\"This needs some gentrification.\" - Nuts on the street in front of the airbnb she was considering booking"
                            }
                        ]
                    }
                ]
            }
        ],
        "reactions": [
            {
                "name": "judge-max",
                "users": [
                    "U01ANMM9XRS",
                    "U02CH0X3XQE",
                    "U041GTDPLTD",
                    "U041ACX3QCE",
                    "U01BGKQ3NCX",
                    "U01AFT4NEPN",
                    "UNCGS8RT2",
                    "U019UV6JV4P",
                    "U01A5BQECAK"
                ],
                "count": 9
            },
            {
                "name": "judge-annabel",
                "users": [
                    "U01ANMM9XRS",
                    "U02CH0X3XQE",
                    "U041ACX3QCE",
                    "U01BGKQ3NCX",
                    "U01AFT4NEPN",
                    "UNCGS8RT2",
                    "U041VKJ0UBB",
                    "U019UV6JV4P",
                    "U01A5BQECAK"
                ],
                "count": 9
            },
            {
                "name": "judge",
                "users": [
                    "U01ANMM9XRS",
                    "U02CH0X3XQE",
                    "U041ACX3QCE",
                    "U01BGKQ3NCX",
                    "U01AFT4NEPN",
                    "UNCGS8RT2",
                    "U041VKJ0UBB",
                    "U019UV6JV4P",
                    "U01A5BQECAK"
                ],
                "count": 9
            }
        ]
    },
    {
        "text": "Rory has a lot of points left",
        "files": [
            {
                "id": "F04F95D2CPK",
                "created": 1670886859,
                "timestamp": 1670886859,
                "name": "IMG_0218.jpg",
                "title": "IMG_0218",
                "mimetype": "image\/jpeg",
                "filetype": "jpg",
                "pretty_type": "JPEG",
                "user": "UN12YVARH",
                "user_team": "T7B710AL9",
                "editable": false,
                "size": 1523663,
                "mode": "hosted",
                "is_external": false,
                "external_type": "",
                "is_public": true,
                "public_url_shared": false,
                "display_as_bot": false,
                "username": "",
                "url_private": "https:\/\/files.slack.com\/files-pri\/T7B710AL9-F04F95D2CPK\/img_0218.jpg?t=xoxe-249239010689-7383763303600-7346417720535-c8977b2d870e66a58192db1f0484baaa",
                "url_private_download": "https:\/\/files.slack.com\/files-pri\/T7B710AL9-F04F95D2CPK\/download\/img_0218.jpg?t=xoxe-249239010689-7383763303600-7346417720535-c8977b2d870e66a58192db1f0484baaa",
                "media_display_type": "unknown",
                "thumb_64": "https:\/\/files.slack.com\/files-tmb\/T7B710AL9-F04F95D2CPK-380a460701\/img_0218_64.jpg?t=xoxe-249239010689-7383763303600-7346417720535-c8977b2d870e66a58192db1f0484baaa",
                "thumb_80": "https:\/\/files.slack.com\/files-tmb\/T7B710AL9-F04F95D2CPK-380a460701\/img_0218_80.jpg?t=xoxe-249239010689-7383763303600-7346417720535-c8977b2d870e66a58192db1f0484baaa",
                "thumb_360": "https:\/\/files.slack.com\/files-tmb\/T7B710AL9-F04F95D2CPK-380a460701\/img_0218_360.jpg?t=xoxe-249239010689-7383763303600-7346417720535-c8977b2d870e66a58192db1f0484baaa",
                "thumb_360_w": 270,
                "thumb_360_h": 360,
                "thumb_480": "https:\/\/files.slack.com\/files-tmb\/T7B710AL9-F04F95D2CPK-380a460701\/img_0218_480.jpg?t=xoxe-249239010689-7383763303600-7346417720535-c8977b2d870e66a58192db1f0484baaa",
                "thumb_480_w": 360,
                "thumb_480_h": 480,
                "thumb_160": "https:\/\/files.slack.com\/files-tmb\/T7B710AL9-F04F95D2CPK-380a460701\/img_0218_160.jpg?t=xoxe-249239010689-7383763303600-7346417720535-c8977b2d870e66a58192db1f0484baaa",
                "thumb_720": "https:\/\/files.slack.com\/files-tmb\/T7B710AL9-F04F95D2CPK-380a460701\/img_0218_720.jpg?t=xoxe-249239010689-7383763303600-7346417720535-c8977b2d870e66a58192db1f0484baaa",
                "thumb_720_w": 540,
                "thumb_720_h": 720,
                "thumb_800": "https:\/\/files.slack.com\/files-tmb\/T7B710AL9-F04F95D2CPK-380a460701\/img_0218_800.jpg?t=xoxe-249239010689-7383763303600-7346417720535-c8977b2d870e66a58192db1f0484baaa",
                "thumb_800_w": 800,
                "thumb_800_h": 1067,
                "thumb_960": "https:\/\/files.slack.com\/files-tmb\/T7B710AL9-F04F95D2CPK-380a460701\/img_0218_960.jpg?t=xoxe-249239010689-7383763303600-7346417720535-c8977b2d870e66a58192db1f0484baaa",
                "thumb_960_w": 720,
                "thumb_960_h": 960,
                "thumb_1024": "https:\/\/files.slack.com\/files-tmb\/T7B710AL9-F04F95D2CPK-380a460701\/img_0218_1024.jpg?t=xoxe-249239010689-7383763303600-7346417720535-c8977b2d870e66a58192db1f0484baaa",
                "thumb_1024_w": 768,
                "thumb_1024_h": 1024,
                "original_w": 3024,
                "original_h": 4032,
                "thumb_tiny": "AwAwACRLkpDMRt4YZ+lVTzzVrUUJ2N26VXjjZxhR0pMdxEA3ZP4U+SRlJCngUhXYwHemNSC49Z3UYDEfQ0v2iT+8351DRTA1LkboWGM1VTcSNpwf51bkHymqcalQrUmAPE20y+h61LJCsq704YjkVE+c45\/OpoX7dqYFNo2BwRSbD6GtMhSckCk2r\/dFADlIkQZGQahkUocD7rcU+L5V21IRmkwKX3j3JqeNABz1p+z2oxigAo5pwBxS4PpTA\/\/Z",
                "permalink": "https:\/\/swarthmoreultimate.slack.com\/files\/UN12YVARH\/F04F95D2CPK\/img_0218.jpg",
                "permalink_public": "https:\/\/slack-files.com\/T7B710AL9-F04F95D2CPK-84eb6802df",
                "is_starred": false,
                "has_rich_preview": false,
                "file_access": "visible"
            }
        ],
        "upload": false,
        "user": "UN12YVARH",
        "display_as_bot": false,
        "blocks": [
            {
                "type": "rich_text",
                "block_id": "==e3",
                "elements": [
                    {
                        "type": "rich_text_section",
                        "elements": [
                            {
                                "type": "text",
                                "text": "Rory has a lot of points left"
                            }
                        ]
                    }
                ]
            }
        ],
        "type": "message",
        "ts": "1670886881.394659",
        "client_msg_id": "ACB34FE7-1B5E-4D08-BDE1-7BEA17F52361",
        "thread_ts": "1670886881.394659",
        "reply_count": 1,
        "reply_users_count": 1,
        "latest_reply": "1670887171.404669",
        "reply_users": [
            "UNC4W0F96"
        ],
        "replies": [
            {
                "user": "UNC4W0F96",
                "ts": "1670887171.404669"
            }
        ],
        "is_locked": false,
        "subscribed": false,
        "reactions": [
            {
                "name": "abel-cat-cow",
                "users": [
                    "U01BGKQ3NCX"
                ],
                "count": 1
            },
            {
                "name": "200iq",
                "users": [
                    "U01BGKQ3NCX"
                ],
                "count": 1
            },
            {
                "name": "mateopog",
                "users": [
                    "U01BGKQ3NCX"
                ],
                "count": 1
            }
        ]
    },
    {
        "user": "UNC4W0F96",
        "type": "message",
        "ts": "1670887171.404669",
        "client_msg_id": "9d7589d5-57e5-4cbb-a34d-5b226e5230d1",
        "text": "Note that there is a donation box right behind me! Goes straight to the FLI pantry, highly recommend if you have extra dining money- boxes outside sci and essies",
        "team": "T7B710AL9",
        "user_team": "T7B710AL9",
        "source_team": "T7B710AL9",
        "user_profile": {
            "avatar_hash": "c0762b751fcb",
            "image_72": "https:\/\/avatars.slack-edge.com\/2022-11-06\/4353663255168_c0762b751fcb3221faae_72.jpg",
            "first_name": "Rory",
            "real_name": "Rory Schmidt",
            "display_name": "Rory",
            "team": "T7B710AL9",
            "name": "rschmid1",
            "is_restricted": false,
            "is_ultra_restricted": false
        },
        "thread_ts": "1670886881.394659",
        "parent_user_id": "UN12YVARH",
        "blocks": [
            {
                "type": "rich_text",
                "block_id": "Et+",
                "elements": [
                    {
                        "type": "rich_text_section",
                        "elements": [
                            {
                                "type": "text",
                                "text": "Note that there is a donation box right behind me! Goes straight to the FLI pantry, highly recommend if you have extra dining money- boxes outside sci and essies"
                            }
                        ]
                    }
                ]
            }
        ],
        "reactions": [
            {
                "name": "heart",
                "users": [
                    "U02CH0X3XQE",
                    "U019UV6JV4P",
                    "U02EPCH8Z9U",
                    "UCVH3M03G",
                    "UNCGS8RT2",
                    "U01A5BQECAK",
                    "U01BGKQ3NCX",
                    "U01AFT4NEPN"
                ],
                "count": 8
            }
        ]
    }
]