[
    {
        "text": "Mid-shop snack  ",
        "files": [
            {
                "id": "F042C2BBFHV",
                "created": 1663354243,
                "timestamp": 1663354243,
                "name": "IMG_1157.jpg",
                "title": "IMG_1157",
                "mimetype": "image\/jpeg",
                "filetype": "jpg",
                "pretty_type": "JPEG",
                "user": "U02DA9RUA7M",
                "user_team": "T7B710AL9",
                "editable": false,
                "size": 1253408,
                "mode": "hosted",
                "is_external": false,
                "external_type": "",
                "is_public": true,
                "public_url_shared": false,
                "display_as_bot": false,
                "username": "",
                "url_private": "https:\/\/files.slack.com\/files-pri\/T7B710AL9-F042C2BBFHV\/img_1157.jpg?t=xoxe-249239010689-7383763303600-7346417720535-c8977b2d870e66a58192db1f0484baaa",
                "url_private_download": "https:\/\/files.slack.com\/files-pri\/T7B710AL9-F042C2BBFHV\/download\/img_1157.jpg?t=xoxe-249239010689-7383763303600-7346417720535-c8977b2d870e66a58192db1f0484baaa",
                "media_display_type": "unknown",
                "thumb_64": "https:\/\/files.slack.com\/files-tmb\/T7B710AL9-F042C2BBFHV-39816c0be5\/img_1157_64.jpg?t=xoxe-249239010689-7383763303600-7346417720535-c8977b2d870e66a58192db1f0484baaa",
                "thumb_80": "https:\/\/files.slack.com\/files-tmb\/T7B710AL9-F042C2BBFHV-39816c0be5\/img_1157_80.jpg?t=xoxe-249239010689-7383763303600-7346417720535-c8977b2d870e66a58192db1f0484baaa",
                "thumb_360": "https:\/\/files.slack.com\/files-tmb\/T7B710AL9-F042C2BBFHV-39816c0be5\/img_1157_360.jpg?t=xoxe-249239010689-7383763303600-7346417720535-c8977b2d870e66a58192db1f0484baaa",
                "thumb_360_w": 270,
                "thumb_360_h": 360,
                "thumb_480": "https:\/\/files.slack.com\/files-tmb\/T7B710AL9-F042C2BBFHV-39816c0be5\/img_1157_480.jpg?t=xoxe-249239010689-7383763303600-7346417720535-c8977b2d870e66a58192db1f0484baaa",
                "thumb_480_w": 360,
                "thumb_480_h": 480,
                "thumb_160": "https:\/\/files.slack.com\/files-tmb\/T7B710AL9-F042C2BBFHV-39816c0be5\/img_1157_160.jpg?t=xoxe-249239010689-7383763303600-7346417720535-c8977b2d870e66a58192db1f0484baaa",
                "thumb_720": "https:\/\/files.slack.com\/files-tmb\/T7B710AL9-F042C2BBFHV-39816c0be5\/img_1157_720.jpg?t=xoxe-249239010689-7383763303600-7346417720535-c8977b2d870e66a58192db1f0484baaa",
                "thumb_720_w": 540,
                "thumb_720_h": 720,
                "thumb_800": "https:\/\/files.slack.com\/files-tmb\/T7B710AL9-F042C2BBFHV-39816c0be5\/img_1157_800.jpg?t=xoxe-249239010689-7383763303600-7346417720535-c8977b2d870e66a58192db1f0484baaa",
                "thumb_800_w": 800,
                "thumb_800_h": 1067,
                "thumb_960": "https:\/\/files.slack.com\/files-tmb\/T7B710AL9-F042C2BBFHV-39816c0be5\/img_1157_960.jpg?t=xoxe-249239010689-7383763303600-7346417720535-c8977b2d870e66a58192db1f0484baaa",
                "thumb_960_w": 720,
                "thumb_960_h": 960,
                "thumb_1024": "https:\/\/files.slack.com\/files-tmb\/T7B710AL9-F042C2BBFHV-39816c0be5\/img_1157_1024.jpg?t=xoxe-249239010689-7383763303600-7346417720535-c8977b2d870e66a58192db1f0484baaa",
                "thumb_1024_w": 768,
                "thumb_1024_h": 1024,
                "original_w": 3024,
                "original_h": 4032,
                "thumb_tiny": "AwAwACRyB2PzA\/lRKCkTAqcnpmkfcPusx\/Gmndt+bNRe5RAhT+PseakMtsFIC8+u2q\/dqYaoRN5sXv8A980ebF6H\/vmq9FAGofMGTub8aSQsY1JJI+nSn4TGAxFOCsVID5GKmzAzVUtIeMippYUEe5c\/jUQdkdtpxSGViSW5z+FMZFj3ox71L5i\/3aN6\/wBymI0QVPUH8KcqqT8rCqSykd\/zqVZgeooCxVYYlcUmAadJjzm96SkAzYKNgp9FAz\/\/2Q==",
                "permalink": "https:\/\/swarthmoreultimate.slack.com\/files\/U02DA9RUA7M\/F042C2BBFHV\/img_1157.jpg",
                "permalink_public": "https:\/\/slack-files.com\/T7B710AL9-F042C2BBFHV-28ac03b255",
                "is_starred": false,
                "has_rich_preview": false,
                "file_access": "visible"
            }
        ],
        "upload": false,
        "user": "U02DA9RUA7M",
        "display_as_bot": false,
        "blocks": [
            {
                "type": "rich_text",
                "block_id": "6hjmt",
                "elements": [
                    {
                        "type": "rich_text_section",
                        "elements": [
                            {
                                "type": "text",
                                "text": "Mid-shop snack  "
                            }
                        ]
                    }
                ]
            }
        ],
        "type": "message",
        "ts": "1663354299.263659",
        "client_msg_id": "B677DC4D-659A-4063-B249-FE68893A3544",
        "reactions": [
            {
                "name": "unbelievable-squatch",
                "users": [
                    "U01BGKQ3NCX",
                    "UNCGS8RT2",
                    "U019UV6JV4P",
                    "U01AFT4NEPN",
                    "UCVH3M03G",
                    "U01ANMM9XRS",
                    "U03BPQBQVGX"
                ],
                "count": 7
            },
            {
                "name": "not-nice-one-noli",
                "users": [
                    "UCVH3M03G",
                    "U01ANMM9XRS",
                    "U03BPQBQVGX"
                ],
                "count": 3
            }
        ]
    }
]