[
    {
        "user": "UNC4W0F96",
        "type": "message",
        "ts": "1658617117.606249",
        "client_msg_id": "69c49cd4-7333-4dd2-9d1c-f974c80bd022",
        "text": "People are golfing on cunningham",
        "team": "T7B710AL9",
        "user_team": "T7B710AL9",
        "source_team": "T7B710AL9",
        "user_profile": {
            "avatar_hash": "c0762b751fcb",
            "image_72": "https:\/\/avatars.slack-edge.com\/2022-11-06\/4353663255168_c0762b751fcb3221faae_72.jpg",
            "first_name": "Rory",
            "real_name": "Rory Schmidt",
            "display_name": "Rory",
            "team": "T7B710AL9",
            "name": "rschmid1",
            "is_restricted": false,
            "is_ultra_restricted": false
        },
        "blocks": [
            {
                "type": "rich_text",
                "block_id": "Fhm",
                "elements": [
                    {
                        "type": "rich_text_section",
                        "elements": [
                            {
                                "type": "text",
                                "text": "People are golfing on cunningham"
                            }
                        ]
                    }
                ]
            }
        ],
        "reactions": [
            {
                "name": "enlightened-skippy",
                "users": [
                    "U01BGKQ3NCX",
                    "U01ANMM9XRS",
                    "U01AFT4NEPN",
                    "U019UV6JV4P",
                    "UNCGS8RT2",
                    "UCLD8BFM0",
                    "U01A5BQECAK"
                ],
                "count": 7
            }
        ]
    }
]