[
    {
        "user": "U042N13FWNA",
        "type": "message",
        "ts": "1682468270.899399",
        "client_msg_id": "8FD62789-115C-49B3-B7C0-CC4569F5699E",
        "text": "Emu and I are the same age",
        "team": "T7B710AL9",
        "user_team": "T7B710AL9",
        "source_team": "T7B710AL9",
        "user_profile": {
            "avatar_hash": "9c9e2c75b9c6",
            "image_72": "https:\/\/avatars.slack-edge.com\/2024-05-06\/7075776976339_9c9e2c75b9c6fd3aa5d5_72.png",
            "first_name": "Sofia",
            "real_name": "Sofia Perez",
            "display_name": "Gofer",
            "team": "T7B710AL9",
            "name": "sperezb1",
            "is_restricted": false,
            "is_ultra_restricted": false
        },
        "blocks": [
            {
                "type": "rich_text",
                "block_id": "54a+d",
                "elements": [
                    {
                        "type": "rich_text_section",
                        "elements": [
                            {
                                "type": "text",
                                "text": "Emu and I are the same age"
                            }
                        ]
                    }
                ]
            }
        ],
        "reactions": [
            {
                "name": "what-the-fracc",
                "users": [
                    "U02MFDM09RB",
                    "U01ANMM9XRS",
                    "UNCGS8RT2",
                    "U042TKFF6UT",
                    "U019UV6JV4P",
                    "UN35A0Q7L",
                    "U0412DQJWEB",
                    "U02CH0X3XQE",
                    "U01A1PNMU6B",
                    "U041ACX3QCE",
                    "U04206SVBBP",
                    "UN12YVARH",
                    "U02DA9RUA7M"
                ],
                "count": 13
            },
            {
                "name": "water_of_questionable_potability",
                "users": [
                    "UNC4W0F96",
                    "U041ACX3QCE",
                    "U04206SVBBP",
                    "UN12YVARH",
                    "U02MFDM09RB",
                    "U02DA9RUA7M"
                ],
                "count": 6
            },
            {
                "name": "shitmyselfshane",
                "users": [
                    "UNC4W0F96",
                    "U041ACX3QCE",
                    "U04206SVBBP",
                    "UN12YVARH",
                    "U02MFDM09RB",
                    "U02DA9RUA7M"
                ],
                "count": 6
            }
        ]
    }
]