[
    {
        "text": "",
        "files": [
            {
                "id": "F04VBEZEUR2",
                "created": 1679525465,
                "timestamp": 1679525465,
                "name": "Screenshot_20230322-185057.png",
                "title": "Screenshot_20230322-185057.png",
                "mimetype": "image\/png",
                "filetype": "png",
                "pretty_type": "PNG",
                "user": "UNC4W0F96",
                "user_team": "T7B710AL9",
                "editable": false,
                "size": 70506,
                "mode": "hosted",
                "is_external": false,
                "external_type": "",
                "is_public": true,
                "public_url_shared": false,
                "display_as_bot": false,
                "username": "",
                "url_private": "https:\/\/files.slack.com\/files-pri\/T7B710AL9-F04VBEZEUR2\/screenshot_20230322-185057.png?t=xoxe-249239010689-7383763303600-7346417720535-c8977b2d870e66a58192db1f0484baaa",
                "url_private_download": "https:\/\/files.slack.com\/files-pri\/T7B710AL9-F04VBEZEUR2\/download\/screenshot_20230322-185057.png?t=xoxe-249239010689-7383763303600-7346417720535-c8977b2d870e66a58192db1f0484baaa",
                "media_display_type": "unknown",
                "thumb_64": "https:\/\/files.slack.com\/files-tmb\/T7B710AL9-F04VBEZEUR2-4c018c3cba\/screenshot_20230322-185057_64.png?t=xoxe-249239010689-7383763303600-7346417720535-c8977b2d870e66a58192db1f0484baaa",
                "thumb_80": "https:\/\/files.slack.com\/files-tmb\/T7B710AL9-F04VBEZEUR2-4c018c3cba\/screenshot_20230322-185057_80.png?t=xoxe-249239010689-7383763303600-7346417720535-c8977b2d870e66a58192db1f0484baaa",
                "thumb_360": "https:\/\/files.slack.com\/files-tmb\/T7B710AL9-F04VBEZEUR2-4c018c3cba\/screenshot_20230322-185057_360.png?t=xoxe-249239010689-7383763303600-7346417720535-c8977b2d870e66a58192db1f0484baaa",
                "thumb_360_w": 360,
                "thumb_360_h": 123,
                "thumb_480": "https:\/\/files.slack.com\/files-tmb\/T7B710AL9-F04VBEZEUR2-4c018c3cba\/screenshot_20230322-185057_480.png?t=xoxe-249239010689-7383763303600-7346417720535-c8977b2d870e66a58192db1f0484baaa",
                "thumb_480_w": 480,
                "thumb_480_h": 164,
                "thumb_160": "https:\/\/files.slack.com\/files-tmb\/T7B710AL9-F04VBEZEUR2-4c018c3cba\/screenshot_20230322-185057_160.png?t=xoxe-249239010689-7383763303600-7346417720535-c8977b2d870e66a58192db1f0484baaa",
                "thumb_720": "https:\/\/files.slack.com\/files-tmb\/T7B710AL9-F04VBEZEUR2-4c018c3cba\/screenshot_20230322-185057_720.png?t=xoxe-249239010689-7383763303600-7346417720535-c8977b2d870e66a58192db1f0484baaa",
                "thumb_720_w": 720,
                "thumb_720_h": 245,
                "thumb_800": "https:\/\/files.slack.com\/files-tmb\/T7B710AL9-F04VBEZEUR2-4c018c3cba\/screenshot_20230322-185057_800.png?t=xoxe-249239010689-7383763303600-7346417720535-c8977b2d870e66a58192db1f0484baaa",
                "thumb_800_w": 800,
                "thumb_800_h": 273,
                "thumb_960": "https:\/\/files.slack.com\/files-tmb\/T7B710AL9-F04VBEZEUR2-4c018c3cba\/screenshot_20230322-185057_960.png?t=xoxe-249239010689-7383763303600-7346417720535-c8977b2d870e66a58192db1f0484baaa",
                "thumb_960_w": 960,
                "thumb_960_h": 327,
                "thumb_1024": "https:\/\/files.slack.com\/files-tmb\/T7B710AL9-F04VBEZEUR2-4c018c3cba\/screenshot_20230322-185057_1024.png?t=xoxe-249239010689-7383763303600-7346417720535-c8977b2d870e66a58192db1f0484baaa",
                "thumb_1024_w": 1024,
                "thumb_1024_h": 349,
                "original_w": 1080,
                "original_h": 368,
                "thumb_tiny": "AwAQADC49xtnSIITk4J9KkDnJyFA\/wB6n4pmDn+L86AF3KeCR+dAZQOCKTB\/2vzpwJHY0AG5fUUAqTxgkUA+xpaAP\/\/Z",
                "permalink": "https:\/\/swarthmoreultimate.slack.com\/files\/UNC4W0F96\/F04VBEZEUR2\/screenshot_20230322-185057.png",
                "permalink_public": "https:\/\/slack-files.com\/T7B710AL9-F04VBEZEUR2-c2e2ee0bbf",
                "is_starred": false,
                "has_rich_preview": false,
                "file_access": "visible"
            }
        ],
        "upload": false,
        "user": "UNC4W0F96",
        "display_as_bot": false,
        "blocks": [
            {
                "type": "rich_text",
                "block_id": "zxK",
                "elements": [
                    {
                        "type": "rich_text_section",
                        "elements": []
                    }
                ]
            }
        ],
        "type": "message",
        "ts": "1679525498.478899",
        "client_msg_id": "0e390eaf-5933-4a19-9fe1-40010c15b179"
    },
    {
        "user": "U042UB7979S",
        "type": "message",
        "ts": "1679526097.122549",
        "client_msg_id": "147155D7-5F9F-44E4-85C3-B35035B5B523",
        "text": "Took me this long to realize that the Warmothers mailing list abbreviates to MILFs",
        "team": "T7B710AL9",
        "user_team": "T7B710AL9",
        "source_team": "T7B710AL9",
        "user_profile": {
            "avatar_hash": "ga322a58f3c3",
            "image_72": "https:\/\/secure.gravatar.com\/avatar\/a322a58f3c339e4ea572b7c6a0b4af84.jpg?s=72&d=https%3A%2F%2Fa.slack-edge.com%2Fdf10d%2Fimg%2Favatars%2Fava_0024-72.png",
            "first_name": "Elena",
            "real_name": "Elena",
            "display_name": "",
            "team": "T7B710AL9",
            "name": "elee8",
            "is_restricted": false,
            "is_ultra_restricted": false
        },
        "blocks": [
            {
                "type": "rich_text",
                "block_id": "VJUt",
                "elements": [
                    {
                        "type": "rich_text_section",
                        "elements": [
                            {
                                "type": "text",
                                "text": "Took me this long to realize that the Warmothers mailing list abbreviates to MILFs"
                            }
                        ]
                    }
                ]
            }
        ],
        "reactions": [
            {
                "name": "mothersday",
                "users": [
                    "UNC4W0F96",
                    "U019UV6JV4P",
                    "U041VKJ0UBB",
                    "U02MFDM09RB",
                    "U042M4BL1GE"
                ],
                "count": 5
            }
        ]
    }
]