[
    {
        "text": "",
        "files": [
            {
                "id": "F0511JC22MA",
                "created": 1680155052,
                "timestamp": 1680155052,
                "name": "IMG_9401.jpg",
                "title": "IMG_9401",
                "mimetype": "image\/jpeg",
                "filetype": "jpg",
                "pretty_type": "JPEG",
                "user": "U0446E8TCHX",
                "user_team": "T7B710AL9",
                "editable": false,
                "size": 257781,
                "mode": "hosted",
                "is_external": false,
                "external_type": "",
                "is_public": true,
                "public_url_shared": false,
                "display_as_bot": false,
                "username": "",
                "url_private": "https:\/\/files.slack.com\/files-pri\/T7B710AL9-F0511JC22MA\/img_9401.jpg?t=xoxe-249239010689-7383763303600-7346417720535-c8977b2d870e66a58192db1f0484baaa",
                "url_private_download": "https:\/\/files.slack.com\/files-pri\/T7B710AL9-F0511JC22MA\/download\/img_9401.jpg?t=xoxe-249239010689-7383763303600-7346417720535-c8977b2d870e66a58192db1f0484baaa",
                "media_display_type": "unknown",
                "thumb_64": "https:\/\/files.slack.com\/files-tmb\/T7B710AL9-F0511JC22MA-d7d290afe7\/img_9401_64.jpg?t=xoxe-249239010689-7383763303600-7346417720535-c8977b2d870e66a58192db1f0484baaa",
                "thumb_80": "https:\/\/files.slack.com\/files-tmb\/T7B710AL9-F0511JC22MA-d7d290afe7\/img_9401_80.jpg?t=xoxe-249239010689-7383763303600-7346417720535-c8977b2d870e66a58192db1f0484baaa",
                "thumb_360": "https:\/\/files.slack.com\/files-tmb\/T7B710AL9-F0511JC22MA-d7d290afe7\/img_9401_360.jpg?t=xoxe-249239010689-7383763303600-7346417720535-c8977b2d870e66a58192db1f0484baaa",
                "thumb_360_w": 203,
                "thumb_360_h": 360,
                "thumb_480": "https:\/\/files.slack.com\/files-tmb\/T7B710AL9-F0511JC22MA-d7d290afe7\/img_9401_480.jpg?t=xoxe-249239010689-7383763303600-7346417720535-c8977b2d870e66a58192db1f0484baaa",
                "thumb_480_w": 270,
                "thumb_480_h": 480,
                "thumb_160": "https:\/\/files.slack.com\/files-tmb\/T7B710AL9-F0511JC22MA-d7d290afe7\/img_9401_160.jpg?t=xoxe-249239010689-7383763303600-7346417720535-c8977b2d870e66a58192db1f0484baaa",
                "thumb_720": "https:\/\/files.slack.com\/files-tmb\/T7B710AL9-F0511JC22MA-d7d290afe7\/img_9401_720.jpg?t=xoxe-249239010689-7383763303600-7346417720535-c8977b2d870e66a58192db1f0484baaa",
                "thumb_720_w": 406,
                "thumb_720_h": 720,
                "thumb_800": "https:\/\/files.slack.com\/files-tmb\/T7B710AL9-F0511JC22MA-d7d290afe7\/img_9401_800.jpg?t=xoxe-249239010689-7383763303600-7346417720535-c8977b2d870e66a58192db1f0484baaa",
                "thumb_800_w": 800,
                "thumb_800_h": 1420,
                "thumb_960": "https:\/\/files.slack.com\/files-tmb\/T7B710AL9-F0511JC22MA-d7d290afe7\/img_9401_960.jpg?t=xoxe-249239010689-7383763303600-7346417720535-c8977b2d870e66a58192db1f0484baaa",
                "thumb_960_w": 541,
                "thumb_960_h": 960,
                "thumb_1024": "https:\/\/files.slack.com\/files-tmb\/T7B710AL9-F0511JC22MA-d7d290afe7\/img_9401_1024.jpg?t=xoxe-249239010689-7383763303600-7346417720535-c8977b2d870e66a58192db1f0484baaa",
                "thumb_1024_w": 577,
                "thumb_1024_h": 1024,
                "original_w": 1244,
                "original_h": 2208,
                "thumb_tiny": "AwAwABuWFv3eOOtNkYr1b3ApkQyV9jng0SjLZOePepKE3kMCcD3AqTzCejGoNoboSe9PBxxk\/nQBLtVducDB4JNIyhs8GovMf1o3t60hXJBCmOSR7Z60oijxzJj2LVFvb1\/Sjce4U\/UCncLiUUnNLjipEFJS0n40Af\/Z",
                "permalink": "https:\/\/swarthmoreultimate.slack.com\/files\/U0446E8TCHX\/F0511JC22MA\/img_9401.jpg",
                "permalink_public": "https:\/\/slack-files.com\/T7B710AL9-F0511JC22MA-d8761b725f",
                "is_starred": false,
                "has_rich_preview": false,
                "file_access": "visible"
            }
        ],
        "upload": false,
        "user": "U0446E8TCHX",
        "display_as_bot": false,
        "type": "message",
        "ts": "1680155055.335509",
        "client_msg_id": "E67CC4F4-FC32-4E4A-9A2D-B276A2A5B430",
        "reactions": [
            {
                "name": "mateopog",
                "users": [
                    "U042N13FWNA",
                    "U01ANMM9XRS",
                    "U02MFDM09RB",
                    "UNC4W0F96",
                    "U04206SVBBP",
                    "U041VKJ0UBB",
                    "U01AGFZUUSW",
                    "U019UV6JV4P",
                    "U041ACX3QCE",
                    "U02CH0X3XQE"
                ],
                "count": 10
            }
        ]
    }
]