[
    {
        "text": "",
        "files": [
            {
                "id": "F060NFJPBGV",
                "created": 1697050865,
                "timestamp": 1697050865,
                "name": "Image from iOS.jpg",
                "title": "Image from iOS",
                "mimetype": "image\/jpeg",
                "filetype": "jpg",
                "pretty_type": "JPEG",
                "user": "U02C9PX2DUP",
                "user_team": "T7B710AL9",
                "editable": false,
                "size": 55098,
                "mode": "hosted",
                "is_external": false,
                "external_type": "",
                "is_public": true,
                "public_url_shared": false,
                "display_as_bot": false,
                "username": "",
                "subtype": "slack_image",
                "url_private": "https:\/\/files.slack.com\/files-pri\/T7B710AL9-F060NFJPBGV\/image_from_ios.jpg?t=xoxe-249239010689-7383763303600-7346417720535-c8977b2d870e66a58192db1f0484baaa",
                "url_private_download": "https:\/\/files.slack.com\/files-pri\/T7B710AL9-F060NFJPBGV\/download\/image_from_ios.jpg?t=xoxe-249239010689-7383763303600-7346417720535-c8977b2d870e66a58192db1f0484baaa",
                "media_display_type": "unknown",
                "thumb_64": "https:\/\/files.slack.com\/files-tmb\/T7B710AL9-F060NFJPBGV-f242a5b167\/image_from_ios_64.jpg?t=xoxe-249239010689-7383763303600-7346417720535-c8977b2d870e66a58192db1f0484baaa",
                "thumb_80": "https:\/\/files.slack.com\/files-tmb\/T7B710AL9-F060NFJPBGV-f242a5b167\/image_from_ios_80.jpg?t=xoxe-249239010689-7383763303600-7346417720535-c8977b2d870e66a58192db1f0484baaa",
                "thumb_360": "https:\/\/files.slack.com\/files-tmb\/T7B710AL9-F060NFJPBGV-f242a5b167\/image_from_ios_360.jpg?t=xoxe-249239010689-7383763303600-7346417720535-c8977b2d870e66a58192db1f0484baaa",
                "thumb_360_w": 331,
                "thumb_360_h": 360,
                "thumb_480": "https:\/\/files.slack.com\/files-tmb\/T7B710AL9-F060NFJPBGV-f242a5b167\/image_from_ios_480.jpg?t=xoxe-249239010689-7383763303600-7346417720535-c8977b2d870e66a58192db1f0484baaa",
                "thumb_480_w": 441,
                "thumb_480_h": 480,
                "thumb_160": "https:\/\/files.slack.com\/files-tmb\/T7B710AL9-F060NFJPBGV-f242a5b167\/image_from_ios_160.jpg?t=xoxe-249239010689-7383763303600-7346417720535-c8977b2d870e66a58192db1f0484baaa",
                "thumb_720": "https:\/\/files.slack.com\/files-tmb\/T7B710AL9-F060NFJPBGV-f242a5b167\/image_from_ios_720.jpg?t=xoxe-249239010689-7383763303600-7346417720535-c8977b2d870e66a58192db1f0484baaa",
                "thumb_720_w": 662,
                "thumb_720_h": 720,
                "thumb_800": "https:\/\/files.slack.com\/files-tmb\/T7B710AL9-F060NFJPBGV-f242a5b167\/image_from_ios_800.jpg?t=xoxe-249239010689-7383763303600-7346417720535-c8977b2d870e66a58192db1f0484baaa",
                "thumb_800_w": 735,
                "thumb_800_h": 800,
                "original_w": 750,
                "original_h": 816,
                "thumb_tiny": "AwAwACzPi8vnzAx9MU\/EHpJUQx3JFJmgCVhFsOwPu7ZqLGKM0pz3FACUUuOcGkPWgBQTggDOfajB9DQvX\/69Oz7\/AK0AMqxNdGWONdgGyoePQfnScen60ASm4JmWTaOO1RyP5khbGM9hSHHp+tJQ9XcForCr1p2T6n86apwef5UuR\/kUALz7\/nRn3P503d9Pyo3H2\/KgBTk9\/wBab0pdx9vypKAP\/9k=",
                "permalink": "https:\/\/swarthmoreultimate.slack.com\/files\/U02C9PX2DUP\/F060NFJPBGV\/image_from_ios.jpg",
                "permalink_public": "https:\/\/slack-files.com\/T7B710AL9-F060NFJPBGV-36e6e2be76",
                "is_starred": false,
                "has_rich_preview": false,
                "file_access": "visible"
            }
        ],
        "upload": false,
        "user": "U02C9PX2DUP",
        "display_as_bot": false,
        "type": "message",
        "ts": "1697050867.277589",
        "client_msg_id": "180CAF6B-50B4-4B68-8286-996683D214E9",
        "reactions": [
            {
                "name": "disgusted-racc",
                "users": [
                    "U01AFT4NEPN",
                    "U01A1PNMU6B",
                    "U0412DQJWEB",
                    "U01ANMM9XRS",
                    "U02CV1EHJ1Y",
                    "U041ACX3QCE",
                    "U02CH0X3XQE",
                    "U02DA9RUA7M",
                    "U019UV6JV4P",
                    "U01BGKQ3NCX",
                    "U04206SVBBP",
                    "U02MFDM09RB"
                ],
                "count": 12
            },
            {
                "name": "alien",
                "users": [
                    "U02CH0X3XQE",
                    "U02DA9RUA7M",
                    "U019UV6JV4P",
                    "U01BGKQ3NCX",
                    "U04206SVBBP",
                    "U01ANMM9XRS",
                    "U02MFDM09RB"
                ],
                "count": 7
            }
        ]
    }
]