[
    {
        "user": "U041ACX3QCE",
        "type": "message",
        "ts": "1680468605.624479",
        "client_msg_id": "67f0d909-86d3-4474-b832-d8c11e528d2b",
        "text": "Rory and Mr. J apparently stole the frisbee of the person I’m sitting next to in Kholberg",
        "team": "T7B710AL9",
        "user_team": "T7B710AL9",
        "source_team": "T7B710AL9",
        "user_profile": {
            "avatar_hash": "a0097a80caac",
            "image_72": "https:\/\/avatars.slack-edge.com\/2024-01-05\/6435175573364_a0097a80caac54b01d5f_72.png",
            "first_name": "Miles",
            "real_name": "Miles Fleisher",
            "display_name": "Miles",
            "team": "T7B710AL9",
            "name": "mfleish2",
            "is_restricted": false,
            "is_ultra_restricted": false
        },
        "blocks": [
            {
                "type": "rich_text",
                "block_id": "F4BmC",
                "elements": [
                    {
                        "type": "rich_text_section",
                        "elements": [
                            {
                                "type": "text",
                                "text": "Rory and Mr. J apparently stole the frisbee of the person I’m sitting next to in Kholberg"
                            }
                        ]
                    }
                ]
            }
        ],
        "reactions": [
            {
                "name": "miser-rory",
                "users": [
                    "U02MFDM09RB",
                    "U04206SVBBP",
                    "U041VKJ0UBB",
                    "U042N13FWNA",
                    "U0421MC7G65",
                    "U019UV6JV4P",
                    "U01A1PNMU6B",
                    "U01AFT4NEPN",
                    "U042TKFF6UT",
                    "U02CH0X3XQE",
                    "U02CV1EHJ1Y",
                    "U01ANMM9XRS"
                ],
                "count": 12
            },
            {
                "name": "non-potable_water",
                "users": [
                    "UNC4W0F96"
                ],
                "count": 1
            }
        ]
    }
]