[
    {
        "text": "?",
        "files": [
            {
                "id": "F065MK8QBHP",
                "created": 1699640003,
                "timestamp": 1699640003,
                "name": "IMG_4416.jpg",
                "title": "IMG_4416",
                "mimetype": "image\/jpeg",
                "filetype": "jpg",
                "pretty_type": "JPEG",
                "user": "U0412DQJWEB",
                "user_team": "T7B710AL9",
                "editable": false,
                "size": 1009719,
                "mode": "hosted",
                "is_external": false,
                "external_type": "",
                "is_public": true,
                "public_url_shared": false,
                "display_as_bot": false,
                "username": "",
                "url_private": "https:\/\/files.slack.com\/files-pri\/T7B710AL9-F065MK8QBHP\/img_4416.jpg?t=xoxe-249239010689-7383763303600-7346417720535-c8977b2d870e66a58192db1f0484baaa",
                "url_private_download": "https:\/\/files.slack.com\/files-pri\/T7B710AL9-F065MK8QBHP\/download\/img_4416.jpg?t=xoxe-249239010689-7383763303600-7346417720535-c8977b2d870e66a58192db1f0484baaa",
                "media_display_type": "unknown",
                "thumb_64": "https:\/\/files.slack.com\/files-tmb\/T7B710AL9-F065MK8QBHP-25b7bb35a3\/img_4416_64.jpg?t=xoxe-249239010689-7383763303600-7346417720535-c8977b2d870e66a58192db1f0484baaa",
                "thumb_80": "https:\/\/files.slack.com\/files-tmb\/T7B710AL9-F065MK8QBHP-25b7bb35a3\/img_4416_80.jpg?t=xoxe-249239010689-7383763303600-7346417720535-c8977b2d870e66a58192db1f0484baaa",
                "thumb_360": "https:\/\/files.slack.com\/files-tmb\/T7B710AL9-F065MK8QBHP-25b7bb35a3\/img_4416_360.jpg?t=xoxe-249239010689-7383763303600-7346417720535-c8977b2d870e66a58192db1f0484baaa",
                "thumb_360_w": 270,
                "thumb_360_h": 360,
                "thumb_480": "https:\/\/files.slack.com\/files-tmb\/T7B710AL9-F065MK8QBHP-25b7bb35a3\/img_4416_480.jpg?t=xoxe-249239010689-7383763303600-7346417720535-c8977b2d870e66a58192db1f0484baaa",
                "thumb_480_w": 360,
                "thumb_480_h": 480,
                "thumb_160": "https:\/\/files.slack.com\/files-tmb\/T7B710AL9-F065MK8QBHP-25b7bb35a3\/img_4416_160.jpg?t=xoxe-249239010689-7383763303600-7346417720535-c8977b2d870e66a58192db1f0484baaa",
                "thumb_720": "https:\/\/files.slack.com\/files-tmb\/T7B710AL9-F065MK8QBHP-25b7bb35a3\/img_4416_720.jpg?t=xoxe-249239010689-7383763303600-7346417720535-c8977b2d870e66a58192db1f0484baaa",
                "thumb_720_w": 540,
                "thumb_720_h": 720,
                "thumb_800": "https:\/\/files.slack.com\/files-tmb\/T7B710AL9-F065MK8QBHP-25b7bb35a3\/img_4416_800.jpg?t=xoxe-249239010689-7383763303600-7346417720535-c8977b2d870e66a58192db1f0484baaa",
                "thumb_800_w": 800,
                "thumb_800_h": 1066,
                "thumb_960": "https:\/\/files.slack.com\/files-tmb\/T7B710AL9-F065MK8QBHP-25b7bb35a3\/img_4416_960.jpg?t=xoxe-249239010689-7383763303600-7346417720535-c8977b2d870e66a58192db1f0484baaa",
                "thumb_960_w": 720,
                "thumb_960_h": 960,
                "thumb_1024": "https:\/\/files.slack.com\/files-tmb\/T7B710AL9-F065MK8QBHP-25b7bb35a3\/img_4416_1024.jpg?t=xoxe-249239010689-7383763303600-7346417720535-c8977b2d870e66a58192db1f0484baaa",
                "thumb_1024_w": 768,
                "thumb_1024_h": 1024,
                "original_w": 1576,
                "original_h": 2100,
                "thumb_tiny": "AwAwACR9G9c4zzS0f56UCDemcbhS709f0pQPenAe9AxhdQe\/5UeYvv8AlUn40fjQBGKaevf8qUGkPXrSAegz608ACo14\/iqT8aYC4HpRgelN59KTn0NAEYpc++KaKXnPWgB4P+0KXd\/tCo+f736UDPcj8qAJdw9RSbh6imfXFGR7UAf\/2Q==",
                "permalink": "https:\/\/swarthmoreultimate.slack.com\/files\/U0412DQJWEB\/F065MK8QBHP\/img_4416.jpg",
                "permalink_public": "https:\/\/slack-files.com\/T7B710AL9-F065MK8QBHP-b3e97727ce",
                "is_starred": false,
                "has_rich_preview": false,
                "file_access": "visible"
            }
        ],
        "upload": false,
        "user": "U0412DQJWEB",
        "display_as_bot": false,
        "blocks": [
            {
                "type": "rich_text",
                "block_id": "cP74q",
                "elements": [
                    {
                        "type": "rich_text_section",
                        "elements": [
                            {
                                "type": "text",
                                "text": "?"
                            }
                        ]
                    }
                ]
            }
        ],
        "type": "message",
        "ts": "1699640014.881029",
        "client_msg_id": "75594270-F382-4DDB-9D23-1A49C6029DF5",
        "thread_ts": "1699640014.881029",
        "reply_count": 1,
        "reply_users_count": 1,
        "latest_reply": "1699640872.510349",
        "reply_users": [
            "U042M4BL1GE"
        ],
        "replies": [
            {
                "user": "U042M4BL1GE",
                "ts": "1699640872.510349"
            }
        ],
        "is_locked": false,
        "subscribed": false,
        "reactions": [
            {
                "name": "glass_of_milk",
                "users": [
                    "U01AFT4NEPN",
                    "U042N13FWNA",
                    "U02CV1EHJ1Y",
                    "U01A1PNMU6B",
                    "U01BGKQ3NCX",
                    "U019UV6JV4P",
                    "U0446E8TCHX",
                    "U01ANMM9XRS",
                    "U041ACX3QCE",
                    "U0412DQJWEB",
                    "U02CH0X3XQE"
                ],
                "count": 11
            },
            {
                "name": "drooling_face",
                "users": [
                    "U01AFT4NEPN",
                    "U042N13FWNA",
                    "U02CV1EHJ1Y",
                    "U01A1PNMU6B",
                    "U042M4BL1GE",
                    "U01BGKQ3NCX",
                    "U0446E8TCHX",
                    "U01ANMM9XRS",
                    "U041ACX3QCE",
                    "U0412DQJWEB",
                    "U02CH0X3XQE"
                ],
                "count": 11
            },
            {
                "name": "arrow_left",
                "users": [
                    "U01AFT4NEPN",
                    "U042N13FWNA",
                    "U02CV1EHJ1Y",
                    "U01A1PNMU6B",
                    "U01BGKQ3NCX",
                    "U01ANMM9XRS",
                    "U041ACX3QCE",
                    "U0412DQJWEB",
                    "U02CH0X3XQE"
                ],
                "count": 9
            },
            {
                "name": "dying-star",
                "users": [
                    "U01AFT4NEPN",
                    "U042N13FWNA",
                    "U02CV1EHJ1Y",
                    "U01A1PNMU6B",
                    "U01BGKQ3NCX",
                    "U019UV6JV4P",
                    "U01ANMM9XRS",
                    "U041ACX3QCE",
                    "U0412DQJWEB",
                    "U02CH0X3XQE"
                ],
                "count": 10
            },
            {
                "name": "drinkamilk",
                "users": [
                    "U89GWBNNA",
                    "U01AFT4NEPN"
                ],
                "count": 2
            }
        ]
    },
    {
        "user": "U042M4BL1GE",
        "type": "message",
        "ts": "1699640872.510349",
        "client_msg_id": "84d01749-8f69-48d5-b833-92d75f1bc2ce",
        "text": "If it was chocolate milk, this would be an excellent job for Buzz",
        "team": "T7B710AL9",
        "user_team": "T7B710AL9",
        "source_team": "T7B710AL9",
        "user_profile": {
            "avatar_hash": "346759cef872",
            "image_72": "https:\/\/avatars.slack-edge.com\/2023-03-07\/4896752665943_346759cef872d8054469_72.jpg",
            "first_name": "Mush",
            "real_name": "Mush",
            "display_name": "Mush",
            "team": "T7B710AL9",
            "name": "ekerimi1",
            "is_restricted": false,
            "is_ultra_restricted": false
        },
        "thread_ts": "1699640014.881029",
        "parent_user_id": "U0412DQJWEB",
        "blocks": [
            {
                "type": "rich_text",
                "block_id": "w9xzN",
                "elements": [
                    {
                        "type": "rich_text_section",
                        "elements": [
                            {
                                "type": "text",
                                "text": "If it was chocolate milk, this would be an excellent job for Buzz"
                            }
                        ]
                    }
                ]
            }
        ],
        "reactions": [
            {
                "name": "gotta-see-this-otis",
                "users": [
                    "U01BGKQ3NCX",
                    "U01ANMM9XRS",
                    "U0412DQJWEB",
                    "U05T29FMQ67"
                ],
                "count": 4
            }
        ]
    }
]