[
    {
        "text": "",
        "files": [
            {
                "id": "F065Z72B9T4",
                "created": 1700101761,
                "timestamp": 1700101761,
                "name": "IMG_4420.jpg",
                "title": "IMG_4420",
                "mimetype": "image\/jpeg",
                "filetype": "jpg",
                "pretty_type": "JPEG",
                "user": "U0412DQJWEB",
                "user_team": "T7B710AL9",
                "editable": false,
                "size": 816347,
                "mode": "hosted",
                "is_external": false,
                "external_type": "",
                "is_public": true,
                "public_url_shared": false,
                "display_as_bot": false,
                "username": "",
                "url_private": "https:\/\/files.slack.com\/files-pri\/T7B710AL9-F065Z72B9T4\/img_4420.jpg?t=xoxe-249239010689-7383763303600-7346417720535-c8977b2d870e66a58192db1f0484baaa",
                "url_private_download": "https:\/\/files.slack.com\/files-pri\/T7B710AL9-F065Z72B9T4\/download\/img_4420.jpg?t=xoxe-249239010689-7383763303600-7346417720535-c8977b2d870e66a58192db1f0484baaa",
                "media_display_type": "unknown",
                "thumb_64": "https:\/\/files.slack.com\/files-tmb\/T7B710AL9-F065Z72B9T4-f88cf36094\/img_4420_64.jpg?t=xoxe-249239010689-7383763303600-7346417720535-c8977b2d870e66a58192db1f0484baaa",
                "thumb_80": "https:\/\/files.slack.com\/files-tmb\/T7B710AL9-F065Z72B9T4-f88cf36094\/img_4420_80.jpg?t=xoxe-249239010689-7383763303600-7346417720535-c8977b2d870e66a58192db1f0484baaa",
                "thumb_360": "https:\/\/files.slack.com\/files-tmb\/T7B710AL9-F065Z72B9T4-f88cf36094\/img_4420_360.jpg?t=xoxe-249239010689-7383763303600-7346417720535-c8977b2d870e66a58192db1f0484baaa",
                "thumb_360_w": 270,
                "thumb_360_h": 360,
                "thumb_480": "https:\/\/files.slack.com\/files-tmb\/T7B710AL9-F065Z72B9T4-f88cf36094\/img_4420_480.jpg?t=xoxe-249239010689-7383763303600-7346417720535-c8977b2d870e66a58192db1f0484baaa",
                "thumb_480_w": 360,
                "thumb_480_h": 480,
                "thumb_160": "https:\/\/files.slack.com\/files-tmb\/T7B710AL9-F065Z72B9T4-f88cf36094\/img_4420_160.jpg?t=xoxe-249239010689-7383763303600-7346417720535-c8977b2d870e66a58192db1f0484baaa",
                "thumb_720": "https:\/\/files.slack.com\/files-tmb\/T7B710AL9-F065Z72B9T4-f88cf36094\/img_4420_720.jpg?t=xoxe-249239010689-7383763303600-7346417720535-c8977b2d870e66a58192db1f0484baaa",
                "thumb_720_w": 540,
                "thumb_720_h": 720,
                "thumb_800": "https:\/\/files.slack.com\/files-tmb\/T7B710AL9-F065Z72B9T4-f88cf36094\/img_4420_800.jpg?t=xoxe-249239010689-7383763303600-7346417720535-c8977b2d870e66a58192db1f0484baaa",
                "thumb_800_w": 800,
                "thumb_800_h": 1067,
                "thumb_960": "https:\/\/files.slack.com\/files-tmb\/T7B710AL9-F065Z72B9T4-f88cf36094\/img_4420_960.jpg?t=xoxe-249239010689-7383763303600-7346417720535-c8977b2d870e66a58192db1f0484baaa",
                "thumb_960_w": 720,
                "thumb_960_h": 960,
                "thumb_1024": "https:\/\/files.slack.com\/files-tmb\/T7B710AL9-F065Z72B9T4-f88cf36094\/img_4420_1024.jpg?t=xoxe-249239010689-7383763303600-7346417720535-c8977b2d870e66a58192db1f0484baaa",
                "thumb_1024_w": 768,
                "thumb_1024_h": 1024,
                "original_w": 3024,
                "original_h": 4032,
                "thumb_tiny": "AwAwACRX6moieae\/B9qaq7jntSHYVRmpBlZBSZx0FOEgwD0Prilcdi2ZFz1NHmL6mqZZ\/wDnp+Zo3v8A89B\/31Rdishu7c54yp\/SlGFHFVlcq1Tc7dwPFJopMc+3Gcc0qIzqeCQKj3qSpJPJwBT1do0ZD1B5oa0C4x4iWyXCn0Ipvkn\/AJ6r+RpwZjyCMe9GX\/vLTRLK7DFPRi0ZT0OaQfMPpUYO1iPUVRJYijVnRWOON2PWrDq0m3n2NVEk3yL6hTzVuNjn5jmpZSQ02Z7\/AM6Psn+c1YaV1PCZHrSedJ\/zzpXGf\/\/Z",
                "permalink": "https:\/\/swarthmoreultimate.slack.com\/files\/U0412DQJWEB\/F065Z72B9T4\/img_4420.jpg",
                "permalink_public": "https:\/\/slack-files.com\/T7B710AL9-F065Z72B9T4-ad4f95b1a6",
                "is_starred": false,
                "has_rich_preview": false,
                "file_access": "visible"
            }
        ],
        "upload": false,
        "user": "U0412DQJWEB",
        "display_as_bot": false,
        "type": "message",
        "ts": "1700101828.255049",
        "client_msg_id": "859149CC-865C-47A3-9A29-90A26E1AE12E",
        "reactions": [
            {
                "name": "incognito-shane",
                "users": [
                    "U02MFDM09RB",
                    "U0412DQJWEB",
                    "U041ACX3QCE",
                    "U01ANMM9XRS",
                    "U05SWFZNR18",
                    "U041VKJ3RFB",
                    "U019UV6JV4P"
                ],
                "count": 7
            }
        ]
    }
]