[
    {
        "text": "swatstruck with a prospie ",
        "files": [
            {
                "id": "F054WMFMTPS",
                "created": 1682004626,
                "timestamp": 1682004626,
                "name": "IMG_8543.jpg",
                "title": "IMG_8543",
                "mimetype": "image\/jpeg",
                "filetype": "jpg",
                "pretty_type": "JPEG",
                "user": "U01DZ0DF0U8",
                "user_team": "T7B710AL9",
                "editable": false,
                "size": 1362362,
                "mode": "hosted",
                "is_external": false,
                "external_type": "",
                "is_public": true,
                "public_url_shared": false,
                "display_as_bot": false,
                "username": "",
                "url_private": "https:\/\/files.slack.com\/files-pri\/T7B710AL9-F054WMFMTPS\/img_8543.jpg?t=xoxe-249239010689-7383763303600-7346417720535-c8977b2d870e66a58192db1f0484baaa",
                "url_private_download": "https:\/\/files.slack.com\/files-pri\/T7B710AL9-F054WMFMTPS\/download\/img_8543.jpg?t=xoxe-249239010689-7383763303600-7346417720535-c8977b2d870e66a58192db1f0484baaa",
                "media_display_type": "unknown",
                "thumb_64": "https:\/\/files.slack.com\/files-tmb\/T7B710AL9-F054WMFMTPS-f127aa4126\/img_8543_64.jpg?t=xoxe-249239010689-7383763303600-7346417720535-c8977b2d870e66a58192db1f0484baaa",
                "thumb_80": "https:\/\/files.slack.com\/files-tmb\/T7B710AL9-F054WMFMTPS-f127aa4126\/img_8543_80.jpg?t=xoxe-249239010689-7383763303600-7346417720535-c8977b2d870e66a58192db1f0484baaa",
                "thumb_360": "https:\/\/files.slack.com\/files-tmb\/T7B710AL9-F054WMFMTPS-f127aa4126\/img_8543_360.jpg?t=xoxe-249239010689-7383763303600-7346417720535-c8977b2d870e66a58192db1f0484baaa",
                "thumb_360_w": 270,
                "thumb_360_h": 360,
                "thumb_480": "https:\/\/files.slack.com\/files-tmb\/T7B710AL9-F054WMFMTPS-f127aa4126\/img_8543_480.jpg?t=xoxe-249239010689-7383763303600-7346417720535-c8977b2d870e66a58192db1f0484baaa",
                "thumb_480_w": 360,
                "thumb_480_h": 480,
                "thumb_160": "https:\/\/files.slack.com\/files-tmb\/T7B710AL9-F054WMFMTPS-f127aa4126\/img_8543_160.jpg?t=xoxe-249239010689-7383763303600-7346417720535-c8977b2d870e66a58192db1f0484baaa",
                "thumb_720": "https:\/\/files.slack.com\/files-tmb\/T7B710AL9-F054WMFMTPS-f127aa4126\/img_8543_720.jpg?t=xoxe-249239010689-7383763303600-7346417720535-c8977b2d870e66a58192db1f0484baaa",
                "thumb_720_w": 540,
                "thumb_720_h": 720,
                "thumb_800": "https:\/\/files.slack.com\/files-tmb\/T7B710AL9-F054WMFMTPS-f127aa4126\/img_8543_800.jpg?t=xoxe-249239010689-7383763303600-7346417720535-c8977b2d870e66a58192db1f0484baaa",
                "thumb_800_w": 800,
                "thumb_800_h": 1067,
                "thumb_960": "https:\/\/files.slack.com\/files-tmb\/T7B710AL9-F054WMFMTPS-f127aa4126\/img_8543_960.jpg?t=xoxe-249239010689-7383763303600-7346417720535-c8977b2d870e66a58192db1f0484baaa",
                "thumb_960_w": 720,
                "thumb_960_h": 960,
                "thumb_1024": "https:\/\/files.slack.com\/files-tmb\/T7B710AL9-F054WMFMTPS-f127aa4126\/img_8543_1024.jpg?t=xoxe-249239010689-7383763303600-7346417720535-c8977b2d870e66a58192db1f0484baaa",
                "thumb_1024_w": 768,
                "thumb_1024_h": 1024,
                "original_w": 3024,
                "original_h": 4032,
                "thumb_tiny": "AwAwACSVRgk9KAwBPrUW4FN4XjGeD74pqMGOMYPHU9aAJtzjJxwfeodzDljxnrSCUblG0c+9DMoIyD07GgLMdvVeOTR5q+hpwUNzgn8RS+WP7p\/MUARBl8gLu5x0\/GkjK+aMkdv50PGNxEWXA4Lds1GC+6QbckKAaQ9NhgGJl\/3v61NJgOVOcEf40iDcF3EfKeMmlmTerMGG7oPpTEiUPHz8460vmR\/3xVIpIP4aTZJ\/doCyLd1KxtwVBxuwTiqi7V3byc\/jWlPE0gSJAFXq2f5VlvwzD3NCAswuSGIx1qULkEk4PvTLGJsFj90irpj+U55HpQBX6cYIxRn60M6hjyB7Um9P7wpAf\/\/Z",
                "permalink": "https:\/\/swarthmoreultimate.slack.com\/files\/U01DZ0DF0U8\/F054WMFMTPS\/img_8543.jpg",
                "permalink_public": "https:\/\/slack-files.com\/T7B710AL9-F054WMFMTPS-28be9a3744",
                "is_starred": false,
                "has_rich_preview": false,
                "file_access": "visible"
            }
        ],
        "upload": false,
        "user": "U01DZ0DF0U8",
        "display_as_bot": false,
        "blocks": [
            {
                "type": "rich_text",
                "block_id": "nKxx",
                "elements": [
                    {
                        "type": "rich_text_section",
                        "elements": [
                            {
                                "type": "text",
                                "text": "swatstruck with a prospie "
                            }
                        ]
                    }
                ]
            }
        ],
        "type": "message",
        "ts": "1682004635.716049",
        "client_msg_id": "BBFA5E4D-FDEA-4FA9-990F-E95DDD7F7549",
        "reactions": [
            {
                "name": "abel-cat-cow",
                "users": [
                    "UNE9YE50X",
                    "U0412DQJWEB",
                    "U01ANMM9XRS",
                    "U01AFT4NEPN",
                    "U02MFDM09RB",
                    "U02EPCH8Z9U",
                    "U04206SVBBP",
                    "U041ACX3QCE",
                    "U02CH0X3XQE",
                    "UQCAL163W",
                    "U042N13FWNA",
                    "U041VKJ0UBB",
                    "U041GTDPLTD",
                    "U01AGFZUUSW",
                    "U02CV1EHJ1Y",
                    "U019UV6JV4P",
                    "U01A1PNMU6B",
                    "U042TKFF6UT"
                ],
                "count": 18
            }
        ]
    }
]