[
    {
        "user": "UN12YVARH",
        "type": "message",
        "ts": "1676313434.473359",
        "client_msg_id": "ECCD5C85-9C8D-471C-B0D5-FA1DD9F0E761",
        "text": "lady asked if I would answer some questions for a research project and asked if I was familiar with effective altruism ",
        "team": "T7B710AL9",
        "user_team": "T7B710AL9",
        "source_team": "T7B710AL9",
        "user_profile": {
            "avatar_hash": "0e1a101e2db5",
            "image_72": "https:\/\/avatars.slack-edge.com\/2023-03-10\/4919574465703_0e1a101e2db545e0b983_72.png",
            "first_name": "Jasper",
            "real_name": "Jasper Ferncrombie",
            "display_name": "Mr. J",
            "team": "T7B710AL9",
            "name": "jferncr1",
            "is_restricted": false,
            "is_ultra_restricted": false
        },
        "thread_ts": "1676313434.473359",
        "reply_count": 4,
        "reply_users_count": 2,
        "latest_reply": "1676321396.568119",
        "reply_users": [
            "U01AGFZUUSW",
            "UN12YVARH"
        ],
        "replies": [
            {
                "user": "U01AGFZUUSW",
                "ts": "1676321307.552669"
            },
            {
                "user": "U01AGFZUUSW",
                "ts": "1676321323.250589"
            },
            {
                "user": "UN12YVARH",
                "ts": "1676321353.545469"
            },
            {
                "user": "U01AGFZUUSW",
                "ts": "1676321396.568119"
            }
        ],
        "is_locked": false,
        "subscribed": false,
        "blocks": [
            {
                "type": "rich_text",
                "block_id": "c3pUJ",
                "elements": [
                    {
                        "type": "rich_text_section",
                        "elements": [
                            {
                                "type": "text",
                                "text": "lady asked if I would answer some questions for a research project and asked if I was familiar with effective altruism "
                            }
                        ]
                    }
                ]
            }
        ]
    },
    {
        "user": "U01AGFZUUSW",
        "type": "message",
        "ts": "1676321307.552669",
        "client_msg_id": "455B9F72-ED0E-4A9C-991F-96ADF15ED547",
        "text": "Bruh that happened to me too",
        "team": "T7B710AL9",
        "user_team": "T7B710AL9",
        "source_team": "T7B710AL9",
        "user_profile": {
            "avatar_hash": "2eda97f50b89",
            "image_72": "https:\/\/avatars.slack-edge.com\/2023-03-12\/4936609160771_2eda97f50b89e827f6da_72.png",
            "first_name": "",
            "real_name": "Kai Williams",
            "display_name": "Kai Williams",
            "team": "T7B710AL9",
            "name": "kwillia2",
            "is_restricted": false,
            "is_ultra_restricted": false
        },
        "thread_ts": "1676313434.473359",
        "parent_user_id": "UN12YVARH",
        "blocks": [
            {
                "type": "rich_text",
                "block_id": "Gwa",
                "elements": [
                    {
                        "type": "rich_text_section",
                        "elements": [
                            {
                                "type": "text",
                                "text": "Bruh that happened to me too"
                            }
                        ]
                    }
                ]
            }
        ]
    },
    {
        "user": "U01AGFZUUSW",
        "type": "message",
        "ts": "1676321323.250589",
        "client_msg_id": "10699643-464F-4312-88A2-9411CA22AA59",
        "text": "The scary thing is that she doesn’t know who’s she is doing the study for",
        "team": "T7B710AL9",
        "user_team": "T7B710AL9",
        "source_team": "T7B710AL9",
        "user_profile": {
            "avatar_hash": "2eda97f50b89",
            "image_72": "https:\/\/avatars.slack-edge.com\/2023-03-12\/4936609160771_2eda97f50b89e827f6da_72.png",
            "first_name": "",
            "real_name": "Kai Williams",
            "display_name": "Kai Williams",
            "team": "T7B710AL9",
            "name": "kwillia2",
            "is_restricted": false,
            "is_ultra_restricted": false
        },
        "thread_ts": "1676313434.473359",
        "parent_user_id": "UN12YVARH",
        "blocks": [
            {
                "type": "rich_text",
                "block_id": "zI1",
                "elements": [
                    {
                        "type": "rich_text_section",
                        "elements": [
                            {
                                "type": "text",
                                "text": "The scary thing is that she "
                            },
                            {
                                "type": "text",
                                "text": "doesn’t"
                            },
                            {
                                "type": "text",
                                "text": " know "
                            },
                            {
                                "type": "text",
                                "text": "who’s"
                            },
                            {
                                "type": "text",
                                "text": " she is doing the study for"
                            }
                        ]
                    }
                ]
            }
        ]
    },
    {
        "user": "UN12YVARH",
        "type": "message",
        "ts": "1676321353.545469",
        "client_msg_id": "253A61A6-237F-4154-8E94-8AB54F49B783",
        "text": ":grimacing: :grimacing: :grimacing:  seriously? ",
        "team": "T7B710AL9",
        "user_team": "T7B710AL9",
        "source_team": "T7B710AL9",
        "user_profile": {
            "avatar_hash": "0e1a101e2db5",
            "image_72": "https:\/\/avatars.slack-edge.com\/2023-03-10\/4919574465703_0e1a101e2db545e0b983_72.png",
            "first_name": "Jasper",
            "real_name": "Jasper Ferncrombie",
            "display_name": "Mr. J",
            "team": "T7B710AL9",
            "name": "jferncr1",
            "is_restricted": false,
            "is_ultra_restricted": false
        },
        "thread_ts": "1676313434.473359",
        "parent_user_id": "UN12YVARH",
        "blocks": [
            {
                "type": "rich_text",
                "block_id": "sfxB",
                "elements": [
                    {
                        "type": "rich_text_section",
                        "elements": [
                            {
                                "type": "emoji",
                                "name": "grimacing",
                                "unicode": "1f62c"
                            },
                            {
                                "type": "text",
                                "text": " "
                            },
                            {
                                "type": "emoji",
                                "name": "grimacing",
                                "unicode": "1f62c"
                            },
                            {
                                "type": "text",
                                "text": " "
                            },
                            {
                                "type": "emoji",
                                "name": "grimacing",
                                "unicode": "1f62c"
                            },
                            {
                                "type": "text",
                                "text": "  seriously? "
                            }
                        ]
                    }
                ]
            }
        ]
    },
    {
        "user": "U01AGFZUUSW",
        "type": "message",
        "ts": "1676321396.568119",
        "client_msg_id": "5C7C6EF8-A134-4A37-A43F-1E0E8902A383",
        "text": "Yeah I had a nice conversation with her, and she just saw the job online and free-lanced it",
        "team": "T7B710AL9",
        "user_team": "T7B710AL9",
        "source_team": "T7B710AL9",
        "user_profile": {
            "avatar_hash": "2eda97f50b89",
            "image_72": "https:\/\/avatars.slack-edge.com\/2023-03-12\/4936609160771_2eda97f50b89e827f6da_72.png",
            "first_name": "",
            "real_name": "Kai Williams",
            "display_name": "Kai Williams",
            "team": "T7B710AL9",
            "name": "kwillia2",
            "is_restricted": false,
            "is_ultra_restricted": false
        },
        "thread_ts": "1676313434.473359",
        "parent_user_id": "UN12YVARH",
        "blocks": [
            {
                "type": "rich_text",
                "block_id": "Rb+t",
                "elements": [
                    {
                        "type": "rich_text_section",
                        "elements": [
                            {
                                "type": "text",
                                "text": "Yeah I had a nice conversation with her, and she just saw the job online and free-lanced it"
                            }
                        ]
                    }
                ]
            }
        ]
    }
]