[
    {
        "text": "",
        "files": [
            {
                "id": "F05UGP2E40G",
                "created": 1695658299,
                "timestamp": 1695658299,
                "name": "IMG_3305.jpg",
                "title": "IMG_3305",
                "mimetype": "image\/jpeg",
                "filetype": "jpg",
                "pretty_type": "JPEG",
                "user": "U01DZ0DF0U8",
                "user_team": "T7B710AL9",
                "editable": false,
                "size": 59797,
                "mode": "hosted",
                "is_external": false,
                "external_type": "",
                "is_public": true,
                "public_url_shared": false,
                "display_as_bot": false,
                "username": "",
                "url_private": "https:\/\/files.slack.com\/files-pri\/T7B710AL9-F05UGP2E40G\/img_3305.jpg?t=xoxe-249239010689-7383763303600-7346417720535-c8977b2d870e66a58192db1f0484baaa",
                "url_private_download": "https:\/\/files.slack.com\/files-pri\/T7B710AL9-F05UGP2E40G\/download\/img_3305.jpg?t=xoxe-249239010689-7383763303600-7346417720535-c8977b2d870e66a58192db1f0484baaa",
                "media_display_type": "unknown",
                "thumb_64": "https:\/\/files.slack.com\/files-tmb\/T7B710AL9-F05UGP2E40G-fea3873ee1\/img_3305_64.jpg?t=xoxe-249239010689-7383763303600-7346417720535-c8977b2d870e66a58192db1f0484baaa",
                "thumb_80": "https:\/\/files.slack.com\/files-tmb\/T7B710AL9-F05UGP2E40G-fea3873ee1\/img_3305_80.jpg?t=xoxe-249239010689-7383763303600-7346417720535-c8977b2d870e66a58192db1f0484baaa",
                "thumb_360": "https:\/\/files.slack.com\/files-tmb\/T7B710AL9-F05UGP2E40G-fea3873ee1\/img_3305_360.jpg?t=xoxe-249239010689-7383763303600-7346417720535-c8977b2d870e66a58192db1f0484baaa",
                "thumb_360_w": 305,
                "thumb_360_h": 360,
                "thumb_480": "https:\/\/files.slack.com\/files-tmb\/T7B710AL9-F05UGP2E40G-fea3873ee1\/img_3305_480.jpg?t=xoxe-249239010689-7383763303600-7346417720535-c8977b2d870e66a58192db1f0484baaa",
                "thumb_480_w": 406,
                "thumb_480_h": 480,
                "thumb_160": "https:\/\/files.slack.com\/files-tmb\/T7B710AL9-F05UGP2E40G-fea3873ee1\/img_3305_160.jpg?t=xoxe-249239010689-7383763303600-7346417720535-c8977b2d870e66a58192db1f0484baaa",
                "thumb_720": "https:\/\/files.slack.com\/files-tmb\/T7B710AL9-F05UGP2E40G-fea3873ee1\/img_3305_720.jpg?t=xoxe-249239010689-7383763303600-7346417720535-c8977b2d870e66a58192db1f0484baaa",
                "thumb_720_w": 610,
                "thumb_720_h": 720,
                "thumb_800": "https:\/\/files.slack.com\/files-tmb\/T7B710AL9-F05UGP2E40G-fea3873ee1\/img_3305_800.jpg?t=xoxe-249239010689-7383763303600-7346417720535-c8977b2d870e66a58192db1f0484baaa",
                "thumb_800_w": 800,
                "thumb_800_h": 945,
                "thumb_960": "https:\/\/files.slack.com\/files-tmb\/T7B710AL9-F05UGP2E40G-fea3873ee1\/img_3305_960.jpg?t=xoxe-249239010689-7383763303600-7346417720535-c8977b2d870e66a58192db1f0484baaa",
                "thumb_960_w": 813,
                "thumb_960_h": 960,
                "original_w": 828,
                "original_h": 978,
                "thumb_tiny": "AwAwACjQLMCf\/iaMt6\/+O0+igBuG9R+VGG9R+VOooAPSijmigBpxk8Gjd7UhAyTkUYHcigBdxHajd7Um1fWjC+tADgSe1LSKAOhpaAGEHJpdvvS7R6UtADdp9aNnvTqKAECkHOaWiigD\/9k=",
                "permalink": "https:\/\/swarthmoreultimate.slack.com\/files\/U01DZ0DF0U8\/F05UGP2E40G\/img_3305.jpg",
                "permalink_public": "https:\/\/slack-files.com\/T7B710AL9-F05UGP2E40G-299e804fbb",
                "is_starred": false,
                "has_rich_preview": false,
                "file_access": "visible"
            }
        ],
        "upload": false,
        "user": "U01DZ0DF0U8",
        "display_as_bot": false,
        "type": "message",
        "ts": "1695658301.579099",
        "client_msg_id": "618B6CC1-7CB9-4CC2-B7DA-84B903299BC7",
        "thread_ts": "1695658301.579099",
        "reply_count": 1,
        "reply_users_count": 1,
        "latest_reply": "1695672222.975369",
        "reply_users": [
            "U01AFT4NEPN"
        ],
        "replies": [
            {
                "user": "U01AFT4NEPN",
                "ts": "1695672222.975369"
            }
        ],
        "is_locked": false,
        "subscribed": false,
        "reactions": [
            {
                "name": "wat",
                "users": [
                    "U01AFT4NEPN",
                    "U01A1PNMU6B",
                    "U02DA9RUA7M",
                    "U042N13FWNA",
                    "U01ANMM9XRS",
                    "U041ACX3QCE",
                    "U042TKFF6UT",
                    "UNBLN9SCC",
                    "U04206SVBBP",
                    "U01AGFZUUSW",
                    "U02CV1EHJ1Y",
                    "U019UV6JV4P",
                    "U01BGKQ3NCX",
                    "U02MFDM09RB"
                ],
                "count": 14
            }
        ]
    },
    {
        "user": "U01AFT4NEPN",
        "type": "message",
        "ts": "1695672222.975369",
        "client_msg_id": "31F864EC-1902-4D6F-8575-E6EB993CD16C",
        "text": "ah yes, tuesday sept 25",
        "team": "T7B710AL9",
        "user_team": "T7B710AL9",
        "source_team": "T7B710AL9",
        "user_profile": {
            "avatar_hash": "48db12d99e86",
            "image_72": "https:\/\/avatars.slack-edge.com\/2024-04-25\/7009387655319_48db12d99e86f89eb51b_72.png",
            "first_name": "Ryan",
            "real_name": "Ryan Jin",
            "display_name": "Chef",
            "team": "T7B710AL9",
            "name": "rjin1",
            "is_restricted": false,
            "is_ultra_restricted": false
        },
        "thread_ts": "1695658301.579099",
        "parent_user_id": "U01DZ0DF0U8",
        "blocks": [
            {
                "type": "rich_text",
                "block_id": "ugPj1",
                "elements": [
                    {
                        "type": "rich_text_section",
                        "elements": [
                            {
                                "type": "text",
                                "text": "ah yes, tuesday sept 25"
                            }
                        ]
                    }
                ]
            }
        ]
    }
]