[
    {
        "text": "Things are getting spicy on mertz 3rd",
        "files": [
            {
                "id": "F04Q42210JY",
                "created": 1676589279,
                "timestamp": 1676589279,
                "name": "IMG_4440.jpg",
                "title": "IMG_4440",
                "mimetype": "image\/jpeg",
                "filetype": "jpg",
                "pretty_type": "JPEG",
                "user": "UN35A0Q7L",
                "user_team": "T7B710AL9",
                "editable": false,
                "size": 1117355,
                "mode": "hosted",
                "is_external": false,
                "external_type": "",
                "is_public": true,
                "public_url_shared": false,
                "display_as_bot": false,
                "username": "",
                "url_private": "https:\/\/files.slack.com\/files-pri\/T7B710AL9-F04Q42210JY\/img_4440.jpg?t=xoxe-249239010689-7383763303600-7346417720535-c8977b2d870e66a58192db1f0484baaa",
                "url_private_download": "https:\/\/files.slack.com\/files-pri\/T7B710AL9-F04Q42210JY\/download\/img_4440.jpg?t=xoxe-249239010689-7383763303600-7346417720535-c8977b2d870e66a58192db1f0484baaa",
                "media_display_type": "unknown",
                "thumb_64": "https:\/\/files.slack.com\/files-tmb\/T7B710AL9-F04Q42210JY-8a2985f572\/img_4440_64.jpg?t=xoxe-249239010689-7383763303600-7346417720535-c8977b2d870e66a58192db1f0484baaa",
                "thumb_80": "https:\/\/files.slack.com\/files-tmb\/T7B710AL9-F04Q42210JY-8a2985f572\/img_4440_80.jpg?t=xoxe-249239010689-7383763303600-7346417720535-c8977b2d870e66a58192db1f0484baaa",
                "thumb_360": "https:\/\/files.slack.com\/files-tmb\/T7B710AL9-F04Q42210JY-8a2985f572\/img_4440_360.jpg?t=xoxe-249239010689-7383763303600-7346417720535-c8977b2d870e66a58192db1f0484baaa",
                "thumb_360_w": 270,
                "thumb_360_h": 360,
                "thumb_480": "https:\/\/files.slack.com\/files-tmb\/T7B710AL9-F04Q42210JY-8a2985f572\/img_4440_480.jpg?t=xoxe-249239010689-7383763303600-7346417720535-c8977b2d870e66a58192db1f0484baaa",
                "thumb_480_w": 360,
                "thumb_480_h": 480,
                "thumb_160": "https:\/\/files.slack.com\/files-tmb\/T7B710AL9-F04Q42210JY-8a2985f572\/img_4440_160.jpg?t=xoxe-249239010689-7383763303600-7346417720535-c8977b2d870e66a58192db1f0484baaa",
                "thumb_720": "https:\/\/files.slack.com\/files-tmb\/T7B710AL9-F04Q42210JY-8a2985f572\/img_4440_720.jpg?t=xoxe-249239010689-7383763303600-7346417720535-c8977b2d870e66a58192db1f0484baaa",
                "thumb_720_w": 540,
                "thumb_720_h": 720,
                "thumb_800": "https:\/\/files.slack.com\/files-tmb\/T7B710AL9-F04Q42210JY-8a2985f572\/img_4440_800.jpg?t=xoxe-249239010689-7383763303600-7346417720535-c8977b2d870e66a58192db1f0484baaa",
                "thumb_800_w": 800,
                "thumb_800_h": 1067,
                "thumb_960": "https:\/\/files.slack.com\/files-tmb\/T7B710AL9-F04Q42210JY-8a2985f572\/img_4440_960.jpg?t=xoxe-249239010689-7383763303600-7346417720535-c8977b2d870e66a58192db1f0484baaa",
                "thumb_960_w": 720,
                "thumb_960_h": 960,
                "thumb_1024": "https:\/\/files.slack.com\/files-tmb\/T7B710AL9-F04Q42210JY-8a2985f572\/img_4440_1024.jpg?t=xoxe-249239010689-7383763303600-7346417720535-c8977b2d870e66a58192db1f0484baaa",
                "thumb_1024_w": 768,
                "thumb_1024_h": 1024,
                "original_w": 3024,
                "original_h": 4032,
                "thumb_tiny": "AwAwACRlNfirnlRsuQuOKpOeBSGOQ5q3bcCqkVTxIxYHGAO9AEsj4em+ZUM7fvDUe6gRd+cA5x+FVY7fzEBz15q4TkGq8E0awKGdQR6mgY1oPLQtnpViI\/uhUcsqPC2xgenSnIf3P4UAVJDlyabQ33jSUAaI6df1rIc81rbQT0H1rIf75+poAkiJIq+h\/c\/hWdDV9T+6oAqt1pKVutJmgD\/\/2Q==",
                "permalink": "https:\/\/swarthmoreultimate.slack.com\/files\/UN35A0Q7L\/F04Q42210JY\/img_4440.jpg",
                "permalink_public": "https:\/\/slack-files.com\/T7B710AL9-F04Q42210JY-4909995bb9",
                "is_starred": false,
                "has_rich_preview": false,
                "file_access": "visible"
            }
        ],
        "upload": false,
        "user": "UN35A0Q7L",
        "display_as_bot": false,
        "blocks": [
            {
                "type": "rich_text",
                "block_id": "cFBqR",
                "elements": [
                    {
                        "type": "rich_text_section",
                        "elements": [
                            {
                                "type": "text",
                                "text": "Things are getting spicy on mertz 3rd"
                            }
                        ]
                    }
                ]
            }
        ],
        "type": "message",
        "ts": "1676589285.043759",
        "client_msg_id": "A8DD27F0-0D1D-4D94-8E9F-91B2EE27F69C",
        "reactions": [
            {
                "name": "dunked",
                "users": [
                    "U01ANMM9XRS",
                    "U041ACX3QCE",
                    "U019UV6JV4P",
                    "U041VKJ0UBB"
                ],
                "count": 4
            },
            {
                "name": "flushed",
                "users": [
                    "U042M4BL1GE",
                    "U01ANMM9XRS"
                ],
                "count": 2
            }
        ]
    }
]