[
    {
        "text": "Bro keeps his utensils in his back pocket ",
        "files": [
            {
                "id": "F04TJAU65AB",
                "created": 1678831695,
                "timestamp": 1678831695,
                "name": "IMG_9204.jpg",
                "title": "IMG_9204",
                "mimetype": "image\/jpeg",
                "filetype": "jpg",
                "pretty_type": "JPEG",
                "user": "U02CV1EHJ1Y",
                "user_team": "T7B710AL9",
                "editable": false,
                "size": 1011930,
                "mode": "hosted",
                "is_external": false,
                "external_type": "",
                "is_public": true,
                "public_url_shared": false,
                "display_as_bot": false,
                "username": "",
                "url_private": "https:\/\/files.slack.com\/files-pri\/T7B710AL9-F04TJAU65AB\/img_9204.jpg?t=xoxe-249239010689-7383763303600-7346417720535-c8977b2d870e66a58192db1f0484baaa",
                "url_private_download": "https:\/\/files.slack.com\/files-pri\/T7B710AL9-F04TJAU65AB\/download\/img_9204.jpg?t=xoxe-249239010689-7383763303600-7346417720535-c8977b2d870e66a58192db1f0484baaa",
                "media_display_type": "unknown",
                "thumb_64": "https:\/\/files.slack.com\/files-tmb\/T7B710AL9-F04TJAU65AB-ecbed249b4\/img_9204_64.jpg?t=xoxe-249239010689-7383763303600-7346417720535-c8977b2d870e66a58192db1f0484baaa",
                "thumb_80": "https:\/\/files.slack.com\/files-tmb\/T7B710AL9-F04TJAU65AB-ecbed249b4\/img_9204_80.jpg?t=xoxe-249239010689-7383763303600-7346417720535-c8977b2d870e66a58192db1f0484baaa",
                "thumb_360": "https:\/\/files.slack.com\/files-tmb\/T7B710AL9-F04TJAU65AB-ecbed249b4\/img_9204_360.jpg?t=xoxe-249239010689-7383763303600-7346417720535-c8977b2d870e66a58192db1f0484baaa",
                "thumb_360_w": 270,
                "thumb_360_h": 360,
                "thumb_480": "https:\/\/files.slack.com\/files-tmb\/T7B710AL9-F04TJAU65AB-ecbed249b4\/img_9204_480.jpg?t=xoxe-249239010689-7383763303600-7346417720535-c8977b2d870e66a58192db1f0484baaa",
                "thumb_480_w": 360,
                "thumb_480_h": 480,
                "thumb_160": "https:\/\/files.slack.com\/files-tmb\/T7B710AL9-F04TJAU65AB-ecbed249b4\/img_9204_160.jpg?t=xoxe-249239010689-7383763303600-7346417720535-c8977b2d870e66a58192db1f0484baaa",
                "thumb_720": "https:\/\/files.slack.com\/files-tmb\/T7B710AL9-F04TJAU65AB-ecbed249b4\/img_9204_720.jpg?t=xoxe-249239010689-7383763303600-7346417720535-c8977b2d870e66a58192db1f0484baaa",
                "thumb_720_w": 540,
                "thumb_720_h": 720,
                "thumb_800": "https:\/\/files.slack.com\/files-tmb\/T7B710AL9-F04TJAU65AB-ecbed249b4\/img_9204_800.jpg?t=xoxe-249239010689-7383763303600-7346417720535-c8977b2d870e66a58192db1f0484baaa",
                "thumb_800_w": 800,
                "thumb_800_h": 1067,
                "thumb_960": "https:\/\/files.slack.com\/files-tmb\/T7B710AL9-F04TJAU65AB-ecbed249b4\/img_9204_960.jpg?t=xoxe-249239010689-7383763303600-7346417720535-c8977b2d870e66a58192db1f0484baaa",
                "thumb_960_w": 720,
                "thumb_960_h": 960,
                "thumb_1024": "https:\/\/files.slack.com\/files-tmb\/T7B710AL9-F04TJAU65AB-ecbed249b4\/img_9204_1024.jpg?t=xoxe-249239010689-7383763303600-7346417720535-c8977b2d870e66a58192db1f0484baaa",
                "thumb_1024_w": 768,
                "thumb_1024_h": 1024,
                "original_w": 3024,
                "original_h": 4032,
                "thumb_tiny": "AwAwACSIAAH0oAAYH3qODBcrzmp5kWKEuTz2GakZJcymBAQMknAp1tIZFJZcHpWc9xI5yzHNTW9yclG53d6dgLsgG6m4X2qPqPvp+dHP99PzpAVrZljusN908Z9KsaiSsKjcCGPFRSxBZAe4olQSAAk8dOafUCmoyQK1FtUVd0bg9smqcNufOQ5BXPNX5C\/ICZHXg0MEQNHg4\/lSbPY05nJPKEfSkz\/sNSGSTJkZqBvu+46VcYZyDVZxjIpoljAfkyO4p8Fy4UBvmH61EnMZ9hSJ6UMaNATRMMkj8RS+ZD6r+VUqSpGf\/9k=",
                "permalink": "https:\/\/swarthmoreultimate.slack.com\/files\/U02CV1EHJ1Y\/F04TJAU65AB\/img_9204.jpg",
                "permalink_public": "https:\/\/slack-files.com\/T7B710AL9-F04TJAU65AB-df30c69d99",
                "is_starred": false,
                "has_rich_preview": false,
                "file_access": "visible"
            }
        ],
        "upload": false,
        "user": "U02CV1EHJ1Y",
        "display_as_bot": false,
        "blocks": [
            {
                "type": "rich_text",
                "block_id": "tmu",
                "elements": [
                    {
                        "type": "rich_text_section",
                        "elements": [
                            {
                                "type": "text",
                                "text": "Bro keeps his utensils in his back pocket "
                            }
                        ]
                    }
                ]
            }
        ],
        "type": "message",
        "ts": "1678831725.908869",
        "client_msg_id": "51BCF6AC-1FDB-48F6-87C1-8A25216F399F",
        "reactions": [
            {
                "name": "fork_and_knife",
                "users": [
                    "U01AFT4NEPN",
                    "U01ANMM9XRS",
                    "UNCGS8RT2",
                    "U041GTDPLTD",
                    "U02CH0X3XQE",
                    "U04206SVBBP",
                    "U02MFDM09RB",
                    "U019UV6JV4P",
                    "U02DA9RUA7M",
                    "U01A1PNMU6B",
                    "U041VKJ0UBB",
                    "UCVH3M03G"
                ],
                "count": 12
            },
            {
                "name": "peach",
                "users": [
                    "U01AFT4NEPN",
                    "U01ANMM9XRS",
                    "UN12YVARH",
                    "UNCGS8RT2",
                    "U041GTDPLTD",
                    "U02CH0X3XQE",
                    "U04206SVBBP",
                    "U02MFDM09RB",
                    "U02DA9RUA7M",
                    "U01A1PNMU6B",
                    "U042M4BL1GE",
                    "U041VKJ0UBB",
                    "U02C9PX2DUP"
                ],
                "count": 13
            }
        ]
    }
]