[
    {
        "user": "U0446E8TCHX",
        "type": "message",
        "ts": "1681484183.130739",
        "client_msg_id": "630EFC06-58FF-4A63-A0C0-3A73A691602E",
        "text": "haverford is getting a hotel tonight for sectionals so they don’t have to wake up at 5…",
        "team": "T7B710AL9",
        "user_team": "T7B710AL9",
        "source_team": "T7B710AL9",
        "user_profile": {
            "avatar_hash": "330ac6b4ac64",
            "image_72": "https:\/\/avatars.slack-edge.com\/2024-05-02\/7045088340247_330ac6b4ac6470ff2637_72.png",
            "first_name": "joe",
            "real_name": "joe",
            "display_name": "mine shot crafts",
            "team": "T7B710AL9",
            "name": "jaustri1",
            "is_restricted": false,
            "is_ultra_restricted": false
        },
        "blocks": [
            {
                "type": "rich_text",
                "block_id": "bPsM",
                "elements": [
                    {
                        "type": "rich_text_section",
                        "elements": [
                            {
                                "type": "text",
                                "text": "haverford is getting a hotel tonight for sectionals so they "
                            },
                            {
                                "type": "text",
                                "text": "don’t have"
                            },
                            {
                                "type": "text",
                                "text": " to wake up at 5"
                            },
                            {
                                "type": "text",
                                "text": "…"
                            }
                        ]
                    }
                ]
            }
        ],
        "reactions": [
            {
                "name": "200iq",
                "users": [
                    "U02MFDM09RB",
                    "U0412DQJWEB",
                    "U01AGFZUUSW",
                    "U02CH0X3XQE",
                    "U02CV1EHJ1Y",
                    "U04206SVBBP",
                    "U041ACX3QCE",
                    "U042TKFF6UT",
                    "UN12YVARH"
                ],
                "count": 9
            },
            {
                "name": "horseshit-2",
                "users": [
                    "UNCGS8RT2",
                    "U01AFT4NEPN",
                    "U0412DQJWEB",
                    "U01AGFZUUSW",
                    "U041GTDPLTD",
                    "U02CH0X3XQE",
                    "U0421MC7G65",
                    "U01ANMM9XRS",
                    "U041GTDLTGB",
                    "U02CV1EHJ1Y",
                    "U04206SVBBP",
                    "U02MFDM09RB",
                    "U041ACX3QCE",
                    "U042TKFF6UT",
                    "UN12YVARH",
                    "UNE9YE50X"
                ],
                "count": 16
            }
        ]
    },
    {
        "text": "Does this not have “Welcome to the Good Place” vibes?",
        "files": [
            {
                "id": "F052VMZAT5M",
                "created": 1681484251,
                "timestamp": 1681484251,
                "name": "IMG_2739.jpg",
                "title": "IMG_2739",
                "mimetype": "image\/jpeg",
                "filetype": "jpg",
                "pretty_type": "JPEG",
                "user": "U01AGFZUUSW",
                "user_team": "T7B710AL9",
                "editable": false,
                "size": 2417660,
                "mode": "hosted",
                "is_external": false,
                "external_type": "",
                "is_public": true,
                "public_url_shared": false,
                "display_as_bot": false,
                "username": "",
                "subtype": "slack_image",
                "url_private": "https:\/\/files.slack.com\/files-pri\/T7B710AL9-F052VMZAT5M\/img_2739.jpg?t=xoxe-249239010689-7383763303600-7346417720535-c8977b2d870e66a58192db1f0484baaa",
                "url_private_download": "https:\/\/files.slack.com\/files-pri\/T7B710AL9-F052VMZAT5M\/download\/img_2739.jpg?t=xoxe-249239010689-7383763303600-7346417720535-c8977b2d870e66a58192db1f0484baaa",
                "media_display_type": "unknown",
                "thumb_64": "https:\/\/files.slack.com\/files-tmb\/T7B710AL9-F052VMZAT5M-3d4d9dd66e\/img_2739_64.jpg?t=xoxe-249239010689-7383763303600-7346417720535-c8977b2d870e66a58192db1f0484baaa",
                "thumb_80": "https:\/\/files.slack.com\/files-tmb\/T7B710AL9-F052VMZAT5M-3d4d9dd66e\/img_2739_80.jpg?t=xoxe-249239010689-7383763303600-7346417720535-c8977b2d870e66a58192db1f0484baaa",
                "thumb_360": "https:\/\/files.slack.com\/files-tmb\/T7B710AL9-F052VMZAT5M-3d4d9dd66e\/img_2739_360.jpg?t=xoxe-249239010689-7383763303600-7346417720535-c8977b2d870e66a58192db1f0484baaa",
                "thumb_360_w": 270,
                "thumb_360_h": 360,
                "thumb_480": "https:\/\/files.slack.com\/files-tmb\/T7B710AL9-F052VMZAT5M-3d4d9dd66e\/img_2739_480.jpg?t=xoxe-249239010689-7383763303600-7346417720535-c8977b2d870e66a58192db1f0484baaa",
                "thumb_480_w": 360,
                "thumb_480_h": 480,
                "thumb_160": "https:\/\/files.slack.com\/files-tmb\/T7B710AL9-F052VMZAT5M-3d4d9dd66e\/img_2739_160.jpg?t=xoxe-249239010689-7383763303600-7346417720535-c8977b2d870e66a58192db1f0484baaa",
                "thumb_720": "https:\/\/files.slack.com\/files-tmb\/T7B710AL9-F052VMZAT5M-3d4d9dd66e\/img_2739_720.jpg?t=xoxe-249239010689-7383763303600-7346417720535-c8977b2d870e66a58192db1f0484baaa",
                "thumb_720_w": 540,
                "thumb_720_h": 720,
                "thumb_800": "https:\/\/files.slack.com\/files-tmb\/T7B710AL9-F052VMZAT5M-3d4d9dd66e\/img_2739_800.jpg?t=xoxe-249239010689-7383763303600-7346417720535-c8977b2d870e66a58192db1f0484baaa",
                "thumb_800_w": 800,
                "thumb_800_h": 1067,
                "thumb_960": "https:\/\/files.slack.com\/files-tmb\/T7B710AL9-F052VMZAT5M-3d4d9dd66e\/img_2739_960.jpg?t=xoxe-249239010689-7383763303600-7346417720535-c8977b2d870e66a58192db1f0484baaa",
                "thumb_960_w": 720,
                "thumb_960_h": 960,
                "thumb_1024": "https:\/\/files.slack.com\/files-tmb\/T7B710AL9-F052VMZAT5M-3d4d9dd66e\/img_2739_1024.jpg?t=xoxe-249239010689-7383763303600-7346417720535-c8977b2d870e66a58192db1f0484baaa",
                "thumb_1024_w": 768,
                "thumb_1024_h": 1024,
                "original_w": 3024,
                "original_h": 4032,
                "thumb_tiny": "AwAwACSdWB6VBOoUjAOcVIsgT5TimXTtgAEgYpDIAC2Mc+pq1E6k7Bwf51U3gD5RwKch7j86aYmX9pNGw0wMSBhuKXLev61XMTYrum6dW4wBT5HDAg\/lSeUSclSv40xwy8KMms2WRnHlYAAyc0RqCOeD7U9CxJG0fU1MkaAfM36UDeoqRFlHzD8ad5J9Vo2xfWjbFRYVhme54FJnceOR60wDJ+br6U9TlqYC9vekPGelCjLfQUjHg\/WmAzPvRn3pAccUufpQB\/\/Z",
                "permalink": "https:\/\/swarthmoreultimate.slack.com\/files\/U01AGFZUUSW\/F052VMZAT5M\/img_2739.jpg",
                "permalink_public": "https:\/\/slack-files.com\/T7B710AL9-F052VMZAT5M-6ebbd39e86",
                "is_starred": false,
                "has_rich_preview": false,
                "file_access": "visible"
            }
        ],
        "upload": false,
        "user": "U01AGFZUUSW",
        "display_as_bot": false,
        "blocks": [
            {
                "type": "rich_text",
                "block_id": "B+q",
                "elements": [
                    {
                        "type": "rich_text_section",
                        "elements": [
                            {
                                "type": "text",
                                "text": "Does this not have “Welcome to the Good Place” vibes?"
                            }
                        ]
                    }
                ]
            }
        ],
        "type": "message",
        "ts": "1681484273.219509",
        "client_msg_id": "9276532B-29A4-442D-8E41-DC1F322B65C8",
        "thread_ts": "1681484273.219509",
        "reply_count": 3,
        "reply_users_count": 3,
        "latest_reply": "1681489853.769019",
        "reply_users": [
            "U01A5BQECAK",
            "U01AGFZUUSW",
            "UNBLN9SCC"
        ],
        "replies": [
            {
                "user": "U01A5BQECAK",
                "ts": "1681484289.914059"
            },
            {
                "user": "U01AGFZUUSW",
                "ts": "1681484421.002679"
            },
            {
                "user": "UNBLN9SCC",
                "ts": "1681489853.769019"
            }
        ],
        "is_locked": false,
        "subscribed": false,
        "reactions": [
            {
                "name": "god",
                "users": [
                    "U01AFT4NEPN",
                    "U01A5BQECAK",
                    "UNCGS8RT2",
                    "U02CH0X3XQE",
                    "U01ANMM9XRS",
                    "UQCAL163W",
                    "U041VKJ0UBB",
                    "U04206SVBBP",
                    "U02MFDM09RB",
                    "U041ACX3QCE",
                    "U042TKFF6UT",
                    "U019UV6JV4P"
                ],
                "count": 12
            }
        ]
    },
    {
        "user": "U01A5BQECAK",
        "type": "message",
        "ts": "1681484289.914059",
        "client_msg_id": "78645C10-3F75-4D8C-8978-B244FDD3A938",
        "text": "oh my god is it the same font? ",
        "team": "T7B710AL9",
        "user_team": "T7B710AL9",
        "source_team": "T7B710AL9",
        "user_profile": {
            "avatar_hash": "c6a6655f6cf2",
            "image_72": "https:\/\/avatars.slack-edge.com\/2022-03-15\/3231389762311_c6a6655f6cf26cee71b4_72.png",
            "first_name": "Natalie",
            "real_name": "Natalie Fraser",
            "display_name": "Natalie Chai Fraser",
            "team": "T7B710AL9",
            "name": "nfraser1",
            "is_restricted": false,
            "is_ultra_restricted": false
        },
        "thread_ts": "1681484273.219509",
        "parent_user_id": "U01AGFZUUSW",
        "blocks": [
            {
                "type": "rich_text",
                "block_id": "BI+",
                "elements": [
                    {
                        "type": "rich_text_section",
                        "elements": [
                            {
                                "type": "text",
                                "text": "oh my god is it the same font? "
                            }
                        ]
                    }
                ]
            }
        ]
    },
    {
        "text": "It’s pretty darn close ",
        "files": [
            {
                "id": "F053A9CKU66",
                "created": 1681484418,
                "timestamp": 1681484418,
                "name": "IMG_2740.jpg",
                "title": "IMG_2740",
                "mimetype": "image\/jpeg",
                "filetype": "jpg",
                "pretty_type": "JPEG",
                "user": "U01AGFZUUSW",
                "user_team": "T7B710AL9",
                "editable": false,
                "size": 33580,
                "mode": "hosted",
                "is_external": false,
                "external_type": "",
                "is_public": true,
                "public_url_shared": false,
                "display_as_bot": false,
                "username": "",
                "url_private": "https:\/\/files.slack.com\/files-pri\/T7B710AL9-F053A9CKU66\/img_2740.jpg?t=xoxe-249239010689-7383763303600-7346417720535-c8977b2d870e66a58192db1f0484baaa",
                "url_private_download": "https:\/\/files.slack.com\/files-pri\/T7B710AL9-F053A9CKU66\/download\/img_2740.jpg?t=xoxe-249239010689-7383763303600-7346417720535-c8977b2d870e66a58192db1f0484baaa",
                "media_display_type": "unknown",
                "thumb_64": "https:\/\/files.slack.com\/files-tmb\/T7B710AL9-F053A9CKU66-b48cdb8f36\/img_2740_64.jpg?t=xoxe-249239010689-7383763303600-7346417720535-c8977b2d870e66a58192db1f0484baaa",
                "thumb_80": "https:\/\/files.slack.com\/files-tmb\/T7B710AL9-F053A9CKU66-b48cdb8f36\/img_2740_80.jpg?t=xoxe-249239010689-7383763303600-7346417720535-c8977b2d870e66a58192db1f0484baaa",
                "thumb_360": "https:\/\/files.slack.com\/files-tmb\/T7B710AL9-F053A9CKU66-b48cdb8f36\/img_2740_360.jpg?t=xoxe-249239010689-7383763303600-7346417720535-c8977b2d870e66a58192db1f0484baaa",
                "thumb_360_w": 360,
                "thumb_360_h": 238,
                "thumb_480": "https:\/\/files.slack.com\/files-tmb\/T7B710AL9-F053A9CKU66-b48cdb8f36\/img_2740_480.jpg?t=xoxe-249239010689-7383763303600-7346417720535-c8977b2d870e66a58192db1f0484baaa",
                "thumb_480_w": 480,
                "thumb_480_h": 317,
                "thumb_160": "https:\/\/files.slack.com\/files-tmb\/T7B710AL9-F053A9CKU66-b48cdb8f36\/img_2740_160.jpg?t=xoxe-249239010689-7383763303600-7346417720535-c8977b2d870e66a58192db1f0484baaa",
                "thumb_720": "https:\/\/files.slack.com\/files-tmb\/T7B710AL9-F053A9CKU66-b48cdb8f36\/img_2740_720.jpg?t=xoxe-249239010689-7383763303600-7346417720535-c8977b2d870e66a58192db1f0484baaa",
                "thumb_720_w": 720,
                "thumb_720_h": 476,
                "original_w": 750,
                "original_h": 496,
                "thumb_tiny": "AwAfADCsikgHJ5q1DH361Xhz8vPGOlW41X\/JoAsxkgcrSucjlcVGoUDn8yaUhcev40haleaMdRVYoc9atuBnIquAfMbPSmMro7DGDjFTxu2OZUX2NVkxnp060sxy\/HpTEWmcshBnjOe2aUOQgH2iMYHr\/wDWqlSUBctu7dplb6VH5jAnvmmQHDkn0pWNAH\/\/2Q==",
                "permalink": "https:\/\/swarthmoreultimate.slack.com\/files\/U01AGFZUUSW\/F053A9CKU66\/img_2740.jpg",
                "permalink_public": "https:\/\/slack-files.com\/T7B710AL9-F053A9CKU66-d6854398ef",
                "is_starred": false,
                "has_rich_preview": false,
                "file_access": "visible"
            }
        ],
        "upload": false,
        "user": "U01AGFZUUSW",
        "display_as_bot": false,
        "blocks": [
            {
                "type": "rich_text",
                "block_id": "ah\/",
                "elements": [
                    {
                        "type": "rich_text_section",
                        "elements": [
                            {
                                "type": "text",
                                "text": "It’s"
                            },
                            {
                                "type": "text",
                                "text": " pretty darn close "
                            }
                        ]
                    }
                ]
            }
        ],
        "type": "message",
        "ts": "1681484421.002679",
        "client_msg_id": "763D06BA-B99C-4D7F-B832-965C181F3F8D",
        "thread_ts": "1681484273.219509",
        "parent_user_id": "U01AGFZUUSW"
    },
    {
        "user": "UNBLN9SCC",
        "type": "message",
        "ts": "1681489853.769019",
        "client_msg_id": "CF1145E1-37AD-485F-BC9F-6E56A3BD2F8C",
        "text": "That was my first thought seeing them too lol",
        "team": "T7B710AL9",
        "user_team": "T7B710AL9",
        "source_team": "T7B710AL9",
        "user_profile": {
            "avatar_hash": "3489c46e9e1d",
            "image_72": "https:\/\/avatars.slack-edge.com\/2022-09-27\/4150834120737_3489c46e9e1d25f2be68_72.png",
            "first_name": "Stro",
            "real_name": "Stro",
            "display_name": "",
            "team": "T7B710AL9",
            "name": "cscottj1",
            "is_restricted": false,
            "is_ultra_restricted": false
        },
        "thread_ts": "1681484273.219509",
        "parent_user_id": "U01AGFZUUSW",
        "blocks": [
            {
                "type": "rich_text",
                "block_id": "Cvp",
                "elements": [
                    {
                        "type": "rich_text_section",
                        "elements": [
                            {
                                "type": "text",
                                "text": "That was my first thought seeing them too lol"
                            }
                        ]
                    }
                ]
            }
        ]
    }
]