[
    {
        "text": "",
        "files": [
            {
                "id": "F04KZ55E30B",
                "created": 1674341267,
                "timestamp": 1674341267,
                "name": "IMG_3641.jpg",
                "title": "IMG_3641",
                "mimetype": "image\/jpeg",
                "filetype": "jpg",
                "pretty_type": "JPEG",
                "user": "U01ANMM9XRS",
                "user_team": "T7B710AL9",
                "editable": false,
                "size": 2545060,
                "mode": "hosted",
                "is_external": false,
                "external_type": "",
                "is_public": true,
                "public_url_shared": false,
                "display_as_bot": false,
                "username": "",
                "url_private": "https:\/\/files.slack.com\/files-pri\/T7B710AL9-F04KZ55E30B\/img_3641.jpg?t=xoxe-249239010689-7383763303600-7346417720535-c8977b2d870e66a58192db1f0484baaa",
                "url_private_download": "https:\/\/files.slack.com\/files-pri\/T7B710AL9-F04KZ55E30B\/download\/img_3641.jpg?t=xoxe-249239010689-7383763303600-7346417720535-c8977b2d870e66a58192db1f0484baaa",
                "media_display_type": "unknown",
                "thumb_64": "https:\/\/files.slack.com\/files-tmb\/T7B710AL9-F04KZ55E30B-87b2bbfd84\/img_3641_64.jpg?t=xoxe-249239010689-7383763303600-7346417720535-c8977b2d870e66a58192db1f0484baaa",
                "thumb_80": "https:\/\/files.slack.com\/files-tmb\/T7B710AL9-F04KZ55E30B-87b2bbfd84\/img_3641_80.jpg?t=xoxe-249239010689-7383763303600-7346417720535-c8977b2d870e66a58192db1f0484baaa",
                "thumb_360": "https:\/\/files.slack.com\/files-tmb\/T7B710AL9-F04KZ55E30B-87b2bbfd84\/img_3641_360.jpg?t=xoxe-249239010689-7383763303600-7346417720535-c8977b2d870e66a58192db1f0484baaa",
                "thumb_360_w": 270,
                "thumb_360_h": 360,
                "thumb_480": "https:\/\/files.slack.com\/files-tmb\/T7B710AL9-F04KZ55E30B-87b2bbfd84\/img_3641_480.jpg?t=xoxe-249239010689-7383763303600-7346417720535-c8977b2d870e66a58192db1f0484baaa",
                "thumb_480_w": 360,
                "thumb_480_h": 480,
                "thumb_160": "https:\/\/files.slack.com\/files-tmb\/T7B710AL9-F04KZ55E30B-87b2bbfd84\/img_3641_160.jpg?t=xoxe-249239010689-7383763303600-7346417720535-c8977b2d870e66a58192db1f0484baaa",
                "thumb_720": "https:\/\/files.slack.com\/files-tmb\/T7B710AL9-F04KZ55E30B-87b2bbfd84\/img_3641_720.jpg?t=xoxe-249239010689-7383763303600-7346417720535-c8977b2d870e66a58192db1f0484baaa",
                "thumb_720_w": 540,
                "thumb_720_h": 720,
                "thumb_800": "https:\/\/files.slack.com\/files-tmb\/T7B710AL9-F04KZ55E30B-87b2bbfd84\/img_3641_800.jpg?t=xoxe-249239010689-7383763303600-7346417720535-c8977b2d870e66a58192db1f0484baaa",
                "thumb_800_w": 800,
                "thumb_800_h": 1067,
                "thumb_960": "https:\/\/files.slack.com\/files-tmb\/T7B710AL9-F04KZ55E30B-87b2bbfd84\/img_3641_960.jpg?t=xoxe-249239010689-7383763303600-7346417720535-c8977b2d870e66a58192db1f0484baaa",
                "thumb_960_w": 720,
                "thumb_960_h": 960,
                "thumb_1024": "https:\/\/files.slack.com\/files-tmb\/T7B710AL9-F04KZ55E30B-87b2bbfd84\/img_3641_1024.jpg?t=xoxe-249239010689-7383763303600-7346417720535-c8977b2d870e66a58192db1f0484baaa",
                "thumb_1024_w": 768,
                "thumb_1024_h": 1024,
                "original_w": 3024,
                "original_h": 4032,
                "thumb_tiny": "AwAwACQih2Slj\/Dk0dT0P5VNOAuTkZb1NQceqUhin\/PIqMjJxkc8dafuH94fgtNLDP3m\/BaQEIlaLKj1pftLU2VMSMKZtp2QXNKdsvgMvHrUeT\/fT8qGJLE+XSZP\/PKkAEn\/AJ6L+VMYn\/nrT+f+eVNJ\/wCmf6UAROhYgq27I5NN8t\/8irCy4GCuMUvmj0FMCbNHWkpaQxRzTSBTshQSTgCm8MMg5B70ANKijatLzRzQI\/\/Z",
                "permalink": "https:\/\/swarthmoreultimate.slack.com\/files\/U01ANMM9XRS\/F04KZ55E30B\/img_3641.jpg",
                "permalink_public": "https:\/\/slack-files.com\/T7B710AL9-F04KZ55E30B-e310d5436e",
                "is_starred": false,
                "has_rich_preview": false,
                "file_access": "visible"
            }
        ],
        "upload": false,
        "user": "U01ANMM9XRS",
        "display_as_bot": false,
        "type": "message",
        "ts": "1674341272.731459",
        "client_msg_id": "D3E2127C-D16C-4C42-BA7A-6BBB93E69779",
        "reactions": [
            {
                "name": "detectivewilder",
                "users": [
                    "U01DZ0DF0U8",
                    "UNCGS8RT2",
                    "UNE9YE50X",
                    "U019UV6JV4P"
                ],
                "count": 4
            },
            {
                "name": "enlightened-skippy",
                "users": [
                    "U042N13FWNA",
                    "U019UV6JV4P"
                ],
                "count": 2
            }
        ]
    }
]