[
    {
        "text": "",
        "files": [
            {
                "id": "F04MYATT7DL",
                "created": 1675639239,
                "timestamp": 1675639239,
                "name": "IMG_0244.jpg",
                "title": "IMG_0244",
                "mimetype": "image\/jpeg",
                "filetype": "jpg",
                "pretty_type": "JPEG",
                "user": "UN12YVARH",
                "user_team": "T7B710AL9",
                "editable": false,
                "size": 837756,
                "mode": "hosted",
                "is_external": false,
                "external_type": "",
                "is_public": true,
                "public_url_shared": false,
                "display_as_bot": false,
                "username": "",
                "subtype": "slack_image",
                "url_private": "https:\/\/files.slack.com\/files-pri\/T7B710AL9-F04MYATT7DL\/img_0244.jpg?t=xoxe-249239010689-7383763303600-7346417720535-c8977b2d870e66a58192db1f0484baaa",
                "url_private_download": "https:\/\/files.slack.com\/files-pri\/T7B710AL9-F04MYATT7DL\/download\/img_0244.jpg?t=xoxe-249239010689-7383763303600-7346417720535-c8977b2d870e66a58192db1f0484baaa",
                "media_display_type": "unknown",
                "thumb_64": "https:\/\/files.slack.com\/files-tmb\/T7B710AL9-F04MYATT7DL-f3cb1b1d8b\/img_0244_64.jpg?t=xoxe-249239010689-7383763303600-7346417720535-c8977b2d870e66a58192db1f0484baaa",
                "thumb_80": "https:\/\/files.slack.com\/files-tmb\/T7B710AL9-F04MYATT7DL-f3cb1b1d8b\/img_0244_80.jpg?t=xoxe-249239010689-7383763303600-7346417720535-c8977b2d870e66a58192db1f0484baaa",
                "thumb_360": "https:\/\/files.slack.com\/files-tmb\/T7B710AL9-F04MYATT7DL-f3cb1b1d8b\/img_0244_360.jpg?t=xoxe-249239010689-7383763303600-7346417720535-c8977b2d870e66a58192db1f0484baaa",
                "thumb_360_w": 270,
                "thumb_360_h": 360,
                "thumb_480": "https:\/\/files.slack.com\/files-tmb\/T7B710AL9-F04MYATT7DL-f3cb1b1d8b\/img_0244_480.jpg?t=xoxe-249239010689-7383763303600-7346417720535-c8977b2d870e66a58192db1f0484baaa",
                "thumb_480_w": 360,
                "thumb_480_h": 480,
                "thumb_160": "https:\/\/files.slack.com\/files-tmb\/T7B710AL9-F04MYATT7DL-f3cb1b1d8b\/img_0244_160.jpg?t=xoxe-249239010689-7383763303600-7346417720535-c8977b2d870e66a58192db1f0484baaa",
                "thumb_720": "https:\/\/files.slack.com\/files-tmb\/T7B710AL9-F04MYATT7DL-f3cb1b1d8b\/img_0244_720.jpg?t=xoxe-249239010689-7383763303600-7346417720535-c8977b2d870e66a58192db1f0484baaa",
                "thumb_720_w": 540,
                "thumb_720_h": 720,
                "thumb_800": "https:\/\/files.slack.com\/files-tmb\/T7B710AL9-F04MYATT7DL-f3cb1b1d8b\/img_0244_800.jpg?t=xoxe-249239010689-7383763303600-7346417720535-c8977b2d870e66a58192db1f0484baaa",
                "thumb_800_w": 800,
                "thumb_800_h": 1067,
                "thumb_960": "https:\/\/files.slack.com\/files-tmb\/T7B710AL9-F04MYATT7DL-f3cb1b1d8b\/img_0244_960.jpg?t=xoxe-249239010689-7383763303600-7346417720535-c8977b2d870e66a58192db1f0484baaa",
                "thumb_960_w": 720,
                "thumb_960_h": 960,
                "thumb_1024": "https:\/\/files.slack.com\/files-tmb\/T7B710AL9-F04MYATT7DL-f3cb1b1d8b\/img_0244_1024.jpg?t=xoxe-249239010689-7383763303600-7346417720535-c8977b2d870e66a58192db1f0484baaa",
                "thumb_1024_w": 768,
                "thumb_1024_h": 1024,
                "original_w": 3024,
                "original_h": 4032,
                "thumb_tiny": "AwAwACRwYiZ2BxkHmnCR843Hr3qNvuk+1BwSCcHjoKkpEodmbAelDE9zzj+VRbmwSR14pVb5\/wAv5UAT7T6mjaf7xpUyVzmnVndjKIJzhj1NSEsCAuMdMgVDncdw7GpMgnhjuzx6VoJC75FYgqMjrkU1G\/eEkgU5pOu489DUJ6nFG4MkMzZ5Ao84\/wB0VGRjqCKTH1p2Qrjiu1ivv3pfmLFABye1I7b5M45NTQybflwfwpXHYiKMo+bjmmqM55xip5pN2ODwe9QZAJ4zQBJuz1JpMj1NMIOe9GDQKx\/\/2Q==",
                "permalink": "https:\/\/swarthmoreultimate.slack.com\/files\/UN12YVARH\/F04MYATT7DL\/img_0244.jpg",
                "permalink_public": "https:\/\/slack-files.com\/T7B710AL9-F04MYATT7DL-5cbb45d5ea",
                "is_starred": false,
                "has_rich_preview": false,
                "file_access": "visible"
            }
        ],
        "upload": false,
        "user": "UN12YVARH",
        "display_as_bot": false,
        "type": "message",
        "ts": "1675639258.670499",
        "client_msg_id": "B77FBBF4-AE75-403D-8123-6ECB4B141017",
        "reactions": [
            {
                "name": "red-sus",
                "users": [
                    "U01ANMM9XRS",
                    "U02CH0X3XQE",
                    "UNC4W0F96",
                    "U041VKJ0UBB",
                    "U041ACX3QCE",
                    "U019UV6JV4P",
                    "U042M4BL1GE"
                ],
                "count": 7
            }
        ]
    }
]