[
    {
        "text": "Fan behavior ",
        "files": [
            {
                "id": "F0569A7Q269",
                "created": 1683250127,
                "timestamp": 1683250127,
                "name": "IMG_4212.jpg",
                "title": "IMG_4212",
                "mimetype": "image\/jpeg",
                "filetype": "jpg",
                "pretty_type": "JPEG",
                "user": "U042N13FWNA",
                "user_team": "T7B710AL9",
                "editable": false,
                "size": 21586,
                "mode": "hosted",
                "is_external": false,
                "external_type": "",
                "is_public": true,
                "public_url_shared": false,
                "display_as_bot": false,
                "username": "",
                "url_private": "https:\/\/files.slack.com\/files-pri\/T7B710AL9-F0569A7Q269\/img_4212.jpg?t=xoxe-249239010689-7383763303600-7346417720535-c8977b2d870e66a58192db1f0484baaa",
                "url_private_download": "https:\/\/files.slack.com\/files-pri\/T7B710AL9-F0569A7Q269\/download\/img_4212.jpg?t=xoxe-249239010689-7383763303600-7346417720535-c8977b2d870e66a58192db1f0484baaa",
                "media_display_type": "unknown",
                "thumb_64": "https:\/\/files.slack.com\/files-tmb\/T7B710AL9-F0569A7Q269-fb44138a4e\/img_4212_64.jpg?t=xoxe-249239010689-7383763303600-7346417720535-c8977b2d870e66a58192db1f0484baaa",
                "thumb_80": "https:\/\/files.slack.com\/files-tmb\/T7B710AL9-F0569A7Q269-fb44138a4e\/img_4212_80.jpg?t=xoxe-249239010689-7383763303600-7346417720535-c8977b2d870e66a58192db1f0484baaa",
                "thumb_360": "https:\/\/files.slack.com\/files-tmb\/T7B710AL9-F0569A7Q269-fb44138a4e\/img_4212_360.jpg?t=xoxe-249239010689-7383763303600-7346417720535-c8977b2d870e66a58192db1f0484baaa",
                "thumb_360_w": 360,
                "thumb_360_h": 166,
                "thumb_480": "https:\/\/files.slack.com\/files-tmb\/T7B710AL9-F0569A7Q269-fb44138a4e\/img_4212_480.jpg?t=xoxe-249239010689-7383763303600-7346417720535-c8977b2d870e66a58192db1f0484baaa",
                "thumb_480_w": 480,
                "thumb_480_h": 221,
                "thumb_160": "https:\/\/files.slack.com\/files-tmb\/T7B710AL9-F0569A7Q269-fb44138a4e\/img_4212_160.jpg?t=xoxe-249239010689-7383763303600-7346417720535-c8977b2d870e66a58192db1f0484baaa",
                "thumb_720": "https:\/\/files.slack.com\/files-tmb\/T7B710AL9-F0569A7Q269-fb44138a4e\/img_4212_720.jpg?t=xoxe-249239010689-7383763303600-7346417720535-c8977b2d870e66a58192db1f0484baaa",
                "thumb_720_w": 720,
                "thumb_720_h": 332,
                "thumb_800": "https:\/\/files.slack.com\/files-tmb\/T7B710AL9-F0569A7Q269-fb44138a4e\/img_4212_800.jpg?t=xoxe-249239010689-7383763303600-7346417720535-c8977b2d870e66a58192db1f0484baaa",
                "thumb_800_w": 800,
                "thumb_800_h": 369,
                "original_w": 828,
                "original_h": 382,
                "thumb_tiny": "AwAWADCoikqTsLAdTTdp9KlKFI92cKeozS7f9unYRDtPpRtPpUu0f3qNo\/vUWC5FtPpQRwDtwD3qTHvRtyMEnA7ZosFxcnGO3XFG40lFMQpNJRRQAUZoooA\/\/9k=",
                "permalink": "https:\/\/swarthmoreultimate.slack.com\/files\/U042N13FWNA\/F0569A7Q269\/img_4212.jpg",
                "permalink_public": "https:\/\/slack-files.com\/T7B710AL9-F0569A7Q269-d98c87adec",
                "is_starred": false,
                "has_rich_preview": false,
                "file_access": "visible"
            }
        ],
        "upload": false,
        "user": "U042N13FWNA",
        "display_as_bot": false,
        "blocks": [
            {
                "type": "rich_text",
                "block_id": "PjxaC",
                "elements": [
                    {
                        "type": "rich_text_section",
                        "elements": [
                            {
                                "type": "text",
                                "text": "Fan behavior "
                            }
                        ]
                    }
                ]
            }
        ],
        "type": "message",
        "ts": "1683250169.020849",
        "client_msg_id": "53104B8A-6B49-4C8C-B099-74A6B0FB5A75",
        "thread_ts": "1683250169.020849",
        "reply_count": 1,
        "reply_users_count": 1,
        "latest_reply": "1683288283.616049",
        "reply_users": [
            "UNC4W0F96"
        ],
        "replies": [
            {
                "user": "UNC4W0F96",
                "ts": "1683288283.616049"
            }
        ],
        "is_locked": false,
        "subscribed": false,
        "reactions": [
            {
                "name": "miser-rory",
                "users": [
                    "UNCGS8RT2",
                    "U01AFT4NEPN",
                    "U0412DQJWEB",
                    "U0412DQG11D",
                    "U04206SVBBP",
                    "U01DZ0DF0U8",
                    "U02CH0X3XQE",
                    "U041ACX3QCE",
                    "U042N13FWNA",
                    "U041VKJ0UBB",
                    "U01ANMM9XRS",
                    "U02CV1EHJ1Y",
                    "U02MFDM09RB",
                    "UQCAL163W",
                    "U019UV6JV4P",
                    "U042TKFF6UT"
                ],
                "count": 16
            },
            {
                "name": "shark",
                "users": [
                    "U02CH0X3XQE",
                    "U041ACX3QCE",
                    "U01ANMM9XRS",
                    "U02CV1EHJ1Y",
                    "U02MFDM09RB",
                    "U042TKFF6UT"
                ],
                "count": 6
            }
        ]
    }
]