[
    {
        "text": "Rory left apple and banana in my shoe?",
        "files": [
            {
                "id": "F04NQ73DPGR",
                "created": 1675727865,
                "timestamp": 1675727865,
                "name": "IMG_4423.jpg",
                "title": "IMG_4423",
                "mimetype": "image\/jpeg",
                "filetype": "jpg",
                "pretty_type": "JPEG",
                "user": "UN35A0Q7L",
                "user_team": "T7B710AL9",
                "editable": false,
                "size": 1214095,
                "mode": "hosted",
                "is_external": false,
                "external_type": "",
                "is_public": true,
                "public_url_shared": false,
                "display_as_bot": false,
                "username": "",
                "url_private": "https:\/\/files.slack.com\/files-pri\/T7B710AL9-F04NQ73DPGR\/img_4423.jpg?t=xoxe-249239010689-7383763303600-7346417720535-c8977b2d870e66a58192db1f0484baaa",
                "url_private_download": "https:\/\/files.slack.com\/files-pri\/T7B710AL9-F04NQ73DPGR\/download\/img_4423.jpg?t=xoxe-249239010689-7383763303600-7346417720535-c8977b2d870e66a58192db1f0484baaa",
                "media_display_type": "unknown",
                "thumb_64": "https:\/\/files.slack.com\/files-tmb\/T7B710AL9-F04NQ73DPGR-813e9773a6\/img_4423_64.jpg?t=xoxe-249239010689-7383763303600-7346417720535-c8977b2d870e66a58192db1f0484baaa",
                "thumb_80": "https:\/\/files.slack.com\/files-tmb\/T7B710AL9-F04NQ73DPGR-813e9773a6\/img_4423_80.jpg?t=xoxe-249239010689-7383763303600-7346417720535-c8977b2d870e66a58192db1f0484baaa",
                "thumb_360": "https:\/\/files.slack.com\/files-tmb\/T7B710AL9-F04NQ73DPGR-813e9773a6\/img_4423_360.jpg?t=xoxe-249239010689-7383763303600-7346417720535-c8977b2d870e66a58192db1f0484baaa",
                "thumb_360_w": 270,
                "thumb_360_h": 360,
                "thumb_480": "https:\/\/files.slack.com\/files-tmb\/T7B710AL9-F04NQ73DPGR-813e9773a6\/img_4423_480.jpg?t=xoxe-249239010689-7383763303600-7346417720535-c8977b2d870e66a58192db1f0484baaa",
                "thumb_480_w": 360,
                "thumb_480_h": 480,
                "thumb_160": "https:\/\/files.slack.com\/files-tmb\/T7B710AL9-F04NQ73DPGR-813e9773a6\/img_4423_160.jpg?t=xoxe-249239010689-7383763303600-7346417720535-c8977b2d870e66a58192db1f0484baaa",
                "thumb_720": "https:\/\/files.slack.com\/files-tmb\/T7B710AL9-F04NQ73DPGR-813e9773a6\/img_4423_720.jpg?t=xoxe-249239010689-7383763303600-7346417720535-c8977b2d870e66a58192db1f0484baaa",
                "thumb_720_w": 540,
                "thumb_720_h": 720,
                "thumb_800": "https:\/\/files.slack.com\/files-tmb\/T7B710AL9-F04NQ73DPGR-813e9773a6\/img_4423_800.jpg?t=xoxe-249239010689-7383763303600-7346417720535-c8977b2d870e66a58192db1f0484baaa",
                "thumb_800_w": 800,
                "thumb_800_h": 1067,
                "thumb_960": "https:\/\/files.slack.com\/files-tmb\/T7B710AL9-F04NQ73DPGR-813e9773a6\/img_4423_960.jpg?t=xoxe-249239010689-7383763303600-7346417720535-c8977b2d870e66a58192db1f0484baaa",
                "thumb_960_w": 720,
                "thumb_960_h": 960,
                "thumb_1024": "https:\/\/files.slack.com\/files-tmb\/T7B710AL9-F04NQ73DPGR-813e9773a6\/img_4423_1024.jpg?t=xoxe-249239010689-7383763303600-7346417720535-c8977b2d870e66a58192db1f0484baaa",
                "thumb_1024_w": 768,
                "thumb_1024_h": 1024,
                "original_w": 3024,
                "original_h": 4032,
                "thumb_tiny": "AwAwACSpgofm6+lWI3bywpPHWol2sQHOMd6VGwRnnnoO1IZZXgZ\/nTGuMHAAb+VOKCVR1xQLZAeSSPTpQBGbzBx5QpPtn\/TGrQjjAwI1\/KjYn\/PNfyo0AznXb06U6MAnOahSRu5zU8RLcKBuNAFuP5D7GpFIb7pB+lUpwfMRuqEY\/wARU9nGU3McgN0BpLVXAs4oxTsUYoGZnloRyopyxLx1GPQ0DipI+TQImVFRQFAHrUi1Gx5xTkNAxWkCnBpPOHvTzEH5pPIFAj\/\/2Q==",
                "permalink": "https:\/\/swarthmoreultimate.slack.com\/files\/UN35A0Q7L\/F04NQ73DPGR\/img_4423.jpg",
                "permalink_public": "https:\/\/slack-files.com\/T7B710AL9-F04NQ73DPGR-4aba00150c",
                "is_starred": false,
                "has_rich_preview": false,
                "file_access": "visible"
            }
        ],
        "upload": false,
        "user": "UN35A0Q7L",
        "display_as_bot": false,
        "blocks": [
            {
                "type": "rich_text",
                "block_id": "n8X1n",
                "elements": [
                    {
                        "type": "rich_text_section",
                        "elements": [
                            {
                                "type": "text",
                                "text": "R"
                            },
                            {
                                "type": "text",
                                "text": "ory left apple and banana in my shoe?"
                            }
                        ]
                    }
                ]
            }
        ],
        "type": "message",
        "ts": "1675727880.045369",
        "client_msg_id": "E99B4F9E-3C1A-4B67-8324-B913FD6E40D4",
        "reactions": [
            {
                "name": "mouth-wide-open",
                "users": [
                    "U01AFT4NEPN",
                    "U041VKJ0UBB",
                    "U01ANMM9XRS",
                    "U041ACX3QCE",
                    "U01A1PNMU6B",
                    "U041VKJ3RFB"
                ],
                "count": 6
            }
        ]
    }
]