[
    {
        "text": "Nikhil ordered a cup of ice to put in Nora’s sock to ice his toe",
        "files": [
            {
                "id": "F05KFHADXHS",
                "created": 1690649554,
                "timestamp": 1690649554,
                "name": "IMG_0384.jpg",
                "title": "IMG_0384",
                "mimetype": "image\/jpeg",
                "filetype": "jpg",
                "pretty_type": "JPEG",
                "user": "UN12YVARH",
                "user_team": "T7B710AL9",
                "editable": false,
                "size": 776195,
                "mode": "hosted",
                "is_external": false,
                "external_type": "",
                "is_public": true,
                "public_url_shared": false,
                "display_as_bot": false,
                "username": "",
                "url_private": "https:\/\/files.slack.com\/files-pri\/T7B710AL9-F05KFHADXHS\/img_0384.jpg?t=xoxe-249239010689-7383763303600-7346417720535-c8977b2d870e66a58192db1f0484baaa",
                "url_private_download": "https:\/\/files.slack.com\/files-pri\/T7B710AL9-F05KFHADXHS\/download\/img_0384.jpg?t=xoxe-249239010689-7383763303600-7346417720535-c8977b2d870e66a58192db1f0484baaa",
                "media_display_type": "unknown",
                "thumb_64": "https:\/\/files.slack.com\/files-tmb\/T7B710AL9-F05KFHADXHS-05d78a5459\/img_0384_64.jpg?t=xoxe-249239010689-7383763303600-7346417720535-c8977b2d870e66a58192db1f0484baaa",
                "thumb_80": "https:\/\/files.slack.com\/files-tmb\/T7B710AL9-F05KFHADXHS-05d78a5459\/img_0384_80.jpg?t=xoxe-249239010689-7383763303600-7346417720535-c8977b2d870e66a58192db1f0484baaa",
                "thumb_360": "https:\/\/files.slack.com\/files-tmb\/T7B710AL9-F05KFHADXHS-05d78a5459\/img_0384_360.jpg?t=xoxe-249239010689-7383763303600-7346417720535-c8977b2d870e66a58192db1f0484baaa",
                "thumb_360_w": 270,
                "thumb_360_h": 360,
                "thumb_480": "https:\/\/files.slack.com\/files-tmb\/T7B710AL9-F05KFHADXHS-05d78a5459\/img_0384_480.jpg?t=xoxe-249239010689-7383763303600-7346417720535-c8977b2d870e66a58192db1f0484baaa",
                "thumb_480_w": 360,
                "thumb_480_h": 480,
                "thumb_160": "https:\/\/files.slack.com\/files-tmb\/T7B710AL9-F05KFHADXHS-05d78a5459\/img_0384_160.jpg?t=xoxe-249239010689-7383763303600-7346417720535-c8977b2d870e66a58192db1f0484baaa",
                "thumb_720": "https:\/\/files.slack.com\/files-tmb\/T7B710AL9-F05KFHADXHS-05d78a5459\/img_0384_720.jpg?t=xoxe-249239010689-7383763303600-7346417720535-c8977b2d870e66a58192db1f0484baaa",
                "thumb_720_w": 540,
                "thumb_720_h": 720,
                "thumb_800": "https:\/\/files.slack.com\/files-tmb\/T7B710AL9-F05KFHADXHS-05d78a5459\/img_0384_800.jpg?t=xoxe-249239010689-7383763303600-7346417720535-c8977b2d870e66a58192db1f0484baaa",
                "thumb_800_w": 800,
                "thumb_800_h": 1067,
                "thumb_960": "https:\/\/files.slack.com\/files-tmb\/T7B710AL9-F05KFHADXHS-05d78a5459\/img_0384_960.jpg?t=xoxe-249239010689-7383763303600-7346417720535-c8977b2d870e66a58192db1f0484baaa",
                "thumb_960_w": 720,
                "thumb_960_h": 960,
                "thumb_1024": "https:\/\/files.slack.com\/files-tmb\/T7B710AL9-F05KFHADXHS-05d78a5459\/img_0384_1024.jpg?t=xoxe-249239010689-7383763303600-7346417720535-c8977b2d870e66a58192db1f0484baaa",
                "thumb_1024_w": 768,
                "thumb_1024_h": 1024,
                "original_w": 3024,
                "original_h": 4032,
                "thumb_tiny": "AwAwACQIGNy9uopUIyM1GjEH1pW+VsdqQy4ZEPzc4zjNMDorbQGzUUpzHGR0x+tN2btwDfMBnFKwFjz1\/wD1mjzl9R+dVvK4GTjPNHlj1NFgBCWBU9ulP2\/dz696bwDkUu48ZqhBJ8h2npnPSkDgFtoxkYps7lmIHSmKe1ICwzHPSk3Go91G6gdhyt2xmkcEAE8U0MVORSM5brTEPQpg76hYjJIpGNREmgCYPR5g9ar5NGTSsO5\/\/9k=",
                "permalink": "https:\/\/swarthmoreultimate.slack.com\/files\/UN12YVARH\/F05KFHADXHS\/img_0384.jpg",
                "permalink_public": "https:\/\/slack-files.com\/T7B710AL9-F05KFHADXHS-39f6912206",
                "is_starred": false,
                "has_rich_preview": false,
                "file_access": "visible"
            }
        ],
        "upload": false,
        "user": "UN12YVARH",
        "display_as_bot": false,
        "blocks": [
            {
                "type": "rich_text",
                "block_id": "GzyOB",
                "elements": [
                    {
                        "type": "rich_text_section",
                        "elements": [
                            {
                                "type": "text",
                                "text": "Nikhil ordered a cup of ice to put in Nora’s sock to ice his toe"
                            }
                        ]
                    }
                ]
            }
        ],
        "type": "message",
        "ts": "1690649578.755039",
        "client_msg_id": "9DE17E43-1F98-4D5A-8112-B4F79DA0C12F",
        "reactions": [
            {
                "name": "ice_cube",
                "users": [
                    "U01ANMM9XRS",
                    "U01AX6M08NM",
                    "U01DZ0DF0U8",
                    "U042N13FWNA",
                    "U0421MC7G65",
                    "U01AFT4NEPN",
                    "U04206SVBBP",
                    "U01BGKQ3NCX",
                    "U02CH0X3XQE",
                    "U041ACX3QCE",
                    "U042M4BL1GE"
                ],
                "count": 11
            },
            {
                "name": "heavy_plus_sign",
                "users": [
                    "U01ANMM9XRS",
                    "U01AX6M08NM",
                    "U01DZ0DF0U8",
                    "U042N13FWNA",
                    "U0421MC7G65",
                    "U01AFT4NEPN",
                    "U04206SVBBP",
                    "U01BGKQ3NCX",
                    "U02CH0X3XQE",
                    "U041ACX3QCE"
                ],
                "count": 10
            },
            {
                "name": "socks",
                "users": [
                    "U01ANMM9XRS",
                    "U01AX6M08NM",
                    "U01DZ0DF0U8",
                    "U042N13FWNA",
                    "U0421MC7G65",
                    "U01AFT4NEPN",
                    "U04206SVBBP",
                    "U01BGKQ3NCX",
                    "U02CH0X3XQE",
                    "U041ACX3QCE"
                ],
                "count": 10
            },
            {
                "name": "heavy_equals_sign",
                "users": [
                    "U01ANMM9XRS",
                    "U01AX6M08NM",
                    "U01DZ0DF0U8",
                    "U042N13FWNA",
                    "U0421MC7G65",
                    "U01AFT4NEPN",
                    "U04206SVBBP",
                    "U01BGKQ3NCX",
                    "U02CH0X3XQE",
                    "U041ACX3QCE"
                ],
                "count": 10
            },
            {
                "name": "yeah-sure-nikhil",
                "users": [
                    "U01ANMM9XRS",
                    "U01AX6M08NM",
                    "U01DZ0DF0U8",
                    "U042N13FWNA",
                    "U0421MC7G65",
                    "U01AFT4NEPN",
                    "U04206SVBBP",
                    "U01BGKQ3NCX",
                    "U02CH0X3XQE",
                    "U041ACX3QCE",
                    "U042M4BL1GE"
                ],
                "count": 11
            }
        ]
    }
]