[
    {
        "text": "",
        "files": [
            {
                "id": "F05DWU258S2",
                "created": 1687669080,
                "timestamp": 1687669080,
                "name": "IMG_4427.jpg",
                "title": "IMG_4427",
                "mimetype": "image\/jpeg",
                "filetype": "jpg",
                "pretty_type": "JPEG",
                "user": "U02C9PX2DUP",
                "user_team": "T7B710AL9",
                "editable": false,
                "size": 753338,
                "mode": "hosted",
                "is_external": false,
                "external_type": "",
                "is_public": true,
                "public_url_shared": false,
                "display_as_bot": false,
                "username": "",
                "url_private": "https:\/\/files.slack.com\/files-pri\/T7B710AL9-F05DWU258S2\/img_4427.jpg?t=xoxe-249239010689-7383763303600-7346417720535-c8977b2d870e66a58192db1f0484baaa",
                "url_private_download": "https:\/\/files.slack.com\/files-pri\/T7B710AL9-F05DWU258S2\/download\/img_4427.jpg?t=xoxe-249239010689-7383763303600-7346417720535-c8977b2d870e66a58192db1f0484baaa",
                "media_display_type": "unknown",
                "thumb_64": "https:\/\/files.slack.com\/files-tmb\/T7B710AL9-F05DWU258S2-dd942040c3\/img_4427_64.jpg?t=xoxe-249239010689-7383763303600-7346417720535-c8977b2d870e66a58192db1f0484baaa",
                "thumb_80": "https:\/\/files.slack.com\/files-tmb\/T7B710AL9-F05DWU258S2-dd942040c3\/img_4427_80.jpg?t=xoxe-249239010689-7383763303600-7346417720535-c8977b2d870e66a58192db1f0484baaa",
                "thumb_360": "https:\/\/files.slack.com\/files-tmb\/T7B710AL9-F05DWU258S2-dd942040c3\/img_4427_360.jpg?t=xoxe-249239010689-7383763303600-7346417720535-c8977b2d870e66a58192db1f0484baaa",
                "thumb_360_w": 270,
                "thumb_360_h": 360,
                "thumb_480": "https:\/\/files.slack.com\/files-tmb\/T7B710AL9-F05DWU258S2-dd942040c3\/img_4427_480.jpg?t=xoxe-249239010689-7383763303600-7346417720535-c8977b2d870e66a58192db1f0484baaa",
                "thumb_480_w": 360,
                "thumb_480_h": 480,
                "thumb_160": "https:\/\/files.slack.com\/files-tmb\/T7B710AL9-F05DWU258S2-dd942040c3\/img_4427_160.jpg?t=xoxe-249239010689-7383763303600-7346417720535-c8977b2d870e66a58192db1f0484baaa",
                "thumb_720": "https:\/\/files.slack.com\/files-tmb\/T7B710AL9-F05DWU258S2-dd942040c3\/img_4427_720.jpg?t=xoxe-249239010689-7383763303600-7346417720535-c8977b2d870e66a58192db1f0484baaa",
                "thumb_720_w": 540,
                "thumb_720_h": 720,
                "thumb_800": "https:\/\/files.slack.com\/files-tmb\/T7B710AL9-F05DWU258S2-dd942040c3\/img_4427_800.jpg?t=xoxe-249239010689-7383763303600-7346417720535-c8977b2d870e66a58192db1f0484baaa",
                "thumb_800_w": 800,
                "thumb_800_h": 1067,
                "thumb_960": "https:\/\/files.slack.com\/files-tmb\/T7B710AL9-F05DWU258S2-dd942040c3\/img_4427_960.jpg?t=xoxe-249239010689-7383763303600-7346417720535-c8977b2d870e66a58192db1f0484baaa",
                "thumb_960_w": 720,
                "thumb_960_h": 960,
                "thumb_1024": "https:\/\/files.slack.com\/files-tmb\/T7B710AL9-F05DWU258S2-dd942040c3\/img_4427_1024.jpg?t=xoxe-249239010689-7383763303600-7346417720535-c8977b2d870e66a58192db1f0484baaa",
                "thumb_1024_w": 768,
                "thumb_1024_h": 1024,
                "original_w": 3024,
                "original_h": 4032,
                "thumb_tiny": "AwAwACSyaPxpDSipGH40c+tBpM0AKDxRk0lFAxM0xzwKWmv90YGaBCK2WHWpM1EgIYZBp+aAHZozTc0ZoGGaTNJRmgQpNJmkJpM0AOzRmm5ozQM\/\/9k=",
                "permalink": "https:\/\/swarthmoreultimate.slack.com\/files\/U02C9PX2DUP\/F05DWU258S2\/img_4427.jpg",
                "permalink_public": "https:\/\/slack-files.com\/T7B710AL9-F05DWU258S2-87234c8d7c",
                "is_starred": false,
                "has_rich_preview": false,
                "file_access": "visible"
            }
        ],
        "upload": false,
        "user": "U02C9PX2DUP",
        "display_as_bot": false,
        "type": "message",
        "ts": "1687669086.075409",
        "client_msg_id": "718C108B-D852-4073-AB0D-D17517ECF193",
        "reactions": [
            {
                "name": "incognito_kai",
                "users": [
                    "U02MFDM09RB",
                    "U042N13FWNA",
                    "U01ANMM9XRS",
                    "U04206SVBBP",
                    "U041ACX3QCE",
                    "U042M4BL1GE"
                ],
                "count": 6
            }
        ]
    }
]