[
    {
        "user": "U02CV1EHJ1Y",
        "type": "message",
        "ts": "1699754451.469759",
        "client_msg_id": "969e92e8-001b-4a15-96fd-d71a2ef4eb46",
        "text": "Miles has an alarm on his phone that plays the Piano Man line \"It's 9 o'clock on a Saturday\" at 9 o'clock every Saturday",
        "team": "T7B710AL9",
        "user_team": "T7B710AL9",
        "source_team": "T7B710AL9",
        "user_profile": {
            "avatar_hash": "770583598f7c",
            "image_72": "https:\/\/avatars.slack-edge.com\/2023-03-14\/4971424844160_770583598f7c137fd99e_72.png",
            "first_name": "Aaron",
            "real_name": "Aaron Thammavongxay",
            "display_name": "Ace",
            "team": "T7B710AL9",
            "name": "athamma1",
            "is_restricted": false,
            "is_ultra_restricted": false
        },
        "blocks": [
            {
                "type": "rich_text",
                "block_id": "RXFCj",
                "elements": [
                    {
                        "type": "rich_text_section",
                        "elements": [
                            {
                                "type": "text",
                                "text": "Miles has an alarm on his phone that plays the Piano Man line \"It's 9 o'clock on a Saturday\" at 9 o'clock every Saturday"
                            }
                        ]
                    }
                ]
            }
        ],
        "reactions": [
            {
                "name": "heart",
                "users": [
                    "U05SJCJS4QL",
                    "U0446E8TCHX",
                    "U05SUJ3EXMX",
                    "U01AGFZUUSW",
                    "U02CH0X3XQE",
                    "U042TKFF6UT",
                    "U01ANMM9XRS",
                    "U01AFT4NEPN",
                    "U042M4BL1GE",
                    "U01BGKQ3NCX"
                ],
                "count": 10
            }
        ]
    }
]