[
    {
        "user": "U01AGFZUUSW",
        "type": "message",
        "ts": "1687897838.140639",
        "client_msg_id": "4764FD28-0F2F-4271-B606-57AA706AD29A",
        "text": "My summer league team scored the winning point of our game yesterday on a 30 yard cross field hammer into double coverage",
        "team": "T7B710AL9",
        "user_team": "T7B710AL9",
        "source_team": "T7B710AL9",
        "user_profile": {
            "avatar_hash": "2eda97f50b89",
            "image_72": "https:\/\/avatars.slack-edge.com\/2023-03-12\/4936609160771_2eda97f50b89e827f6da_72.png",
            "first_name": "",
            "real_name": "Kai Williams",
            "display_name": "Kai Williams",
            "team": "T7B710AL9",
            "name": "kwillia2",
            "is_restricted": false,
            "is_ultra_restricted": false
        },
        "blocks": [
            {
                "type": "rich_text",
                "block_id": "vdx",
                "elements": [
                    {
                        "type": "rich_text_section",
                        "elements": [
                            {
                                "type": "text",
                                "text": "My summer league team scored the winning point of our game yesterday on a 30 yard cross field hammer into double coverage"
                            }
                        ]
                    }
                ]
            }
        ],
        "reactions": [
            {
                "name": "hammer_and_pick",
                "users": [
                    "U019UV6JV4P",
                    "U01AFT4NEPN",
                    "U01ANMM9XRS",
                    "U0412DQJWEB",
                    "U04206SVBBP",
                    "U0421MC7G65",
                    "U02CV1EHJ1Y",
                    "U01A1PNMU6B",
                    "U042M4BL1GE",
                    "UNEB0TUPQ",
                    "U042TKFF6UT",
                    "U041ACX3QCE",
                    "U02MFDM09RB"
                ],
                "count": 13
            },
            {
                "name": "purple_heart",
                "users": [
                    "U019UV6JV4P",
                    "U01AFT4NEPN",
                    "U01ANMM9XRS",
                    "U04206SVBBP",
                    "U0421MC7G65",
                    "U02CV1EHJ1Y",
                    "U042TKFF6UT",
                    "U041ACX3QCE",
                    "U02MFDM09RB"
                ],
                "count": 9
            },
            {
                "name": "blue_heart",
                "users": [
                    "U019UV6JV4P",
                    "U01AFT4NEPN",
                    "U01ANMM9XRS",
                    "U04206SVBBP",
                    "U0421MC7G65",
                    "U02CV1EHJ1Y",
                    "U042TKFF6UT",
                    "U041ACX3QCE",
                    "U02MFDM09RB"
                ],
                "count": 9
            }
        ]
    }
]