[
    {
        "user": "U042N13FWNA",
        "type": "message",
        "ts": "1701643036.893079",
        "client_msg_id": "62BA2319-1DC8-4750-BA9A-67BF3BF2B867",
        "text": "Adin is banned from Doordash ¿¿??",
        "team": "T7B710AL9",
        "user_team": "T7B710AL9",
        "source_team": "T7B710AL9",
        "user_profile": {
            "avatar_hash": "9c9e2c75b9c6",
            "image_72": "https:\/\/avatars.slack-edge.com\/2024-05-06\/7075776976339_9c9e2c75b9c6fd3aa5d5_72.png",
            "first_name": "Sofia",
            "real_name": "Sofia Perez",
            "display_name": "Gofer",
            "team": "T7B710AL9",
            "name": "sperezb1",
            "is_restricted": false,
            "is_ultra_restricted": false
        },
        "blocks": [
            {
                "type": "rich_text",
                "block_id": "eSVwP",
                "elements": [
                    {
                        "type": "rich_text_section",
                        "elements": [
                            {
                                "type": "text",
                                "text": "Adin is banned from Doordash ¿¿??"
                            }
                        ]
                    }
                ]
            }
        ],
        "reactions": [
            {
                "name": "feelin-frosty",
                "users": [
                    "U019UV6JV4P",
                    "U01ANMM9XRS",
                    "U02MFDM09RB",
                    "U041ACX3QCE",
                    "U02CV1EHJ1Y",
                    "U042M4BL1GE",
                    "U01BGKQ3NCX"
                ],
                "count": 7
            }
        ]
    },
    {
        "user": "U0413RTSB62",
        "type": "message",
        "ts": "1701645294.621219",
        "client_msg_id": "5F896B48-E56B-4E6B-855C-6E7883BD1C11",
        "text": "eva thinks vegetarians take green shits",
        "team": "T7B710AL9",
        "user_team": "T7B710AL9",
        "source_team": "T7B710AL9",
        "user_profile": {
            "avatar_hash": "d11fdca30ec2",
            "image_72": "https:\/\/avatars.slack-edge.com\/2023-03-21\/4985461674485_d11fdca30ec22fbe3c91_72.png",
            "first_name": "Julia",
            "real_name": "Julia Mammen",
            "display_name": "Julia",
            "team": "T7B710AL9",
            "name": "jmammen1",
            "is_restricted": false,
            "is_ultra_restricted": false
        },
        "blocks": [
            {
                "type": "rich_text",
                "block_id": "lvXmW",
                "elements": [
                    {
                        "type": "rich_text_section",
                        "elements": [
                            {
                                "type": "text",
                                "text": "eva thinks vegetarians take green shits"
                            }
                        ]
                    }
                ]
            }
        ],
        "reactions": [
            {
                "name": "dog2",
                "users": [
                    "U01ANMM9XRS",
                    "U01A1PNMU6B",
                    "U02MFDM09RB",
                    "U01AFT4NEPN",
                    "U041ACX3QCE",
                    "U042M4BL1GE",
                    "U019UV6JV4P",
                    "UNBLN9SCC",
                    "U05C43HC93P",
                    "U01BGKQ3NCX"
                ],
                "count": 10
            },
            {
                "name": "200iq",
                "users": [
                    "U02MFDM09RB",
                    "U01AFT4NEPN",
                    "U041ACX3QCE",
                    "UNBLN9SCC",
                    "U05C43HC93P",
                    "U01BGKQ3NCX"
                ],
                "count": 6
            }
        ]
    }
]