[
    {
        "user": "UN35A0Q7L",
        "type": "message",
        "ts": "1683469466.300259",
        "client_msg_id": "5397C897-AF7A-4D75-91FC-BFEEBC3CDD78",
        "text": "I just watched a dining center employee try to smack another employee. I think (hope?) it was a joke, but it didn’t look like one",
        "team": "T7B710AL9",
        "user_team": "T7B710AL9",
        "source_team": "T7B710AL9",
        "user_profile": {
            "avatar_hash": "2186e77394a8",
            "image_72": "https:\/\/avatars.slack-edge.com\/2023-03-20\/4966805674135_2186e77394a8fa1d03c6_72.png",
            "first_name": "Jonathan",
            "real_name": "Jonathan Lehr",
            "display_name": "Lord Jonnis",
            "team": "T7B710AL9",
            "name": "jlehr1",
            "is_restricted": false,
            "is_ultra_restricted": false
        },
        "blocks": [
            {
                "type": "rich_text",
                "block_id": "j9CWW",
                "elements": [
                    {
                        "type": "rich_text_section",
                        "elements": [
                            {
                                "type": "text",
                                "text": "I just watched a dining center employee try to smack another employee. I think (hope?) it was a joke, but it "
                            },
                            {
                                "type": "text",
                                "text": "didn’t"
                            },
                            {
                                "type": "text",
                                "text": " look like one"
                            }
                        ]
                    }
                ]
            }
        ],
        "reactions": [
            {
                "name": "chefpog",
                "users": [
                    "U042N13FWNA",
                    "U01AGFZUUSW",
                    "U041ACX3QCE",
                    "U02MFDM09RB"
                ],
                "count": 4
            }
        ]
    },
    {
        "text": "",
        "files": [
            {
                "id": "F056LMMG97V",
                "created": 1683489333,
                "timestamp": 1683489333,
                "name": "IMG_4871.jpg",
                "title": "IMG_4871",
                "mimetype": "image\/jpeg",
                "filetype": "jpg",
                "pretty_type": "JPEG",
                "user": "U01ANMM9XRS",
                "user_team": "T7B710AL9",
                "editable": false,
                "size": 42619,
                "mode": "hosted",
                "is_external": false,
                "external_type": "",
                "is_public": true,
                "public_url_shared": false,
                "display_as_bot": false,
                "username": "",
                "url_private": "https:\/\/files.slack.com\/files-pri\/T7B710AL9-F056LMMG97V\/img_4871.jpg?t=xoxe-249239010689-7383763303600-7346417720535-c8977b2d870e66a58192db1f0484baaa",
                "url_private_download": "https:\/\/files.slack.com\/files-pri\/T7B710AL9-F056LMMG97V\/download\/img_4871.jpg?t=xoxe-249239010689-7383763303600-7346417720535-c8977b2d870e66a58192db1f0484baaa",
                "media_display_type": "unknown",
                "thumb_64": "https:\/\/files.slack.com\/files-tmb\/T7B710AL9-F056LMMG97V-33825a5e1b\/img_4871_64.jpg?t=xoxe-249239010689-7383763303600-7346417720535-c8977b2d870e66a58192db1f0484baaa",
                "thumb_80": "https:\/\/files.slack.com\/files-tmb\/T7B710AL9-F056LMMG97V-33825a5e1b\/img_4871_80.jpg?t=xoxe-249239010689-7383763303600-7346417720535-c8977b2d870e66a58192db1f0484baaa",
                "thumb_360": "https:\/\/files.slack.com\/files-tmb\/T7B710AL9-F056LMMG97V-33825a5e1b\/img_4871_360.jpg?t=xoxe-249239010689-7383763303600-7346417720535-c8977b2d870e66a58192db1f0484baaa",
                "thumb_360_w": 360,
                "thumb_360_h": 212,
                "thumb_480": "https:\/\/files.slack.com\/files-tmb\/T7B710AL9-F056LMMG97V-33825a5e1b\/img_4871_480.jpg?t=xoxe-249239010689-7383763303600-7346417720535-c8977b2d870e66a58192db1f0484baaa",
                "thumb_480_w": 480,
                "thumb_480_h": 283,
                "thumb_160": "https:\/\/files.slack.com\/files-tmb\/T7B710AL9-F056LMMG97V-33825a5e1b\/img_4871_160.jpg?t=xoxe-249239010689-7383763303600-7346417720535-c8977b2d870e66a58192db1f0484baaa",
                "thumb_720": "https:\/\/files.slack.com\/files-tmb\/T7B710AL9-F056LMMG97V-33825a5e1b\/img_4871_720.jpg?t=xoxe-249239010689-7383763303600-7346417720535-c8977b2d870e66a58192db1f0484baaa",
                "thumb_720_w": 720,
                "thumb_720_h": 424,
                "thumb_800": "https:\/\/files.slack.com\/files-tmb\/T7B710AL9-F056LMMG97V-33825a5e1b\/img_4871_800.jpg?t=xoxe-249239010689-7383763303600-7346417720535-c8977b2d870e66a58192db1f0484baaa",
                "thumb_800_w": 800,
                "thumb_800_h": 471,
                "original_w": 828,
                "original_h": 488,
                "thumb_tiny": "AwAcADBxl3E4JXHH1oEjdnB+tQJnLY9acckVoZljzGx2NCyk\/wAP61WwfWlyRjHeiwXLW\/6inA5GQaqb2B61YiOYwTSaAo\/xMOPxpN1PPPUClVQ3UCpuUR7\/AHp4PfKn8aCBkjA60gx6Dr6U7hYPM\/zmrMcgWMDuag49BRk0rhY\/\/9k=",
                "permalink": "https:\/\/swarthmoreultimate.slack.com\/files\/U01ANMM9XRS\/F056LMMG97V\/img_4871.jpg",
                "permalink_public": "https:\/\/slack-files.com\/T7B710AL9-F056LMMG97V-ca2e39b082",
                "is_starred": false,
                "has_rich_preview": false,
                "file_access": "visible"
            }
        ],
        "upload": false,
        "user": "U01ANMM9XRS",
        "display_as_bot": false,
        "type": "message",
        "ts": "1683489335.976919",
        "client_msg_id": "41CE1FA7-FD00-47AA-B4F1-758FCBBCC12F",
        "thread_ts": "1683489335.976919",
        "reply_count": 1,
        "reply_users_count": 1,
        "latest_reply": "1683490819.497769",
        "reply_users": [
            "UN35A0Q7L"
        ],
        "replies": [
            {
                "user": "UN35A0Q7L",
                "ts": "1683490819.497769"
            }
        ],
        "is_locked": false,
        "subscribed": false
    },
    {
        "user": "UN35A0Q7L",
        "type": "message",
        "ts": "1683490819.497769",
        "client_msg_id": "CB700FCD-0BD2-41E6-AD77-8FD9850D5FAB",
        "text": "I don’t remember this scene in Titanic",
        "team": "T7B710AL9",
        "user_team": "T7B710AL9",
        "source_team": "T7B710AL9",
        "user_profile": {
            "avatar_hash": "2186e77394a8",
            "image_72": "https:\/\/avatars.slack-edge.com\/2023-03-20\/4966805674135_2186e77394a8fa1d03c6_72.png",
            "first_name": "Jonathan",
            "real_name": "Jonathan Lehr",
            "display_name": "Lord Jonnis",
            "team": "T7B710AL9",
            "name": "jlehr1",
            "is_restricted": false,
            "is_ultra_restricted": false
        },
        "thread_ts": "1683489335.976919",
        "parent_user_id": "U01ANMM9XRS",
        "blocks": [
            {
                "type": "rich_text",
                "block_id": "qshhj",
                "elements": [
                    {
                        "type": "rich_text_section",
                        "elements": [
                            {
                                "type": "text",
                                "text": "I "
                            },
                            {
                                "type": "text",
                                "text": "don’t"
                            },
                            {
                                "type": "text",
                                "text": " remember this scene in Titanic"
                            }
                        ]
                    }
                ]
            }
        ]
    },
    {
        "text": "not me innocently trying to get my paper done",
        "files": [
            {
                "id": "F056ZU93P6V",
                "created": 1683509223,
                "timestamp": 1683509223,
                "name": "Image from iOS.jpg",
                "title": "Image from iOS",
                "mimetype": "image\/jpeg",
                "filetype": "jpg",
                "pretty_type": "JPEG",
                "user": "U042N5KC3QW",
                "user_team": "T7B710AL9",
                "editable": false,
                "size": 138718,
                "mode": "hosted",
                "is_external": false,
                "external_type": "",
                "is_public": true,
                "public_url_shared": false,
                "display_as_bot": false,
                "username": "",
                "url_private": "https:\/\/files.slack.com\/files-pri\/T7B710AL9-F056ZU93P6V\/image_from_ios.jpg?t=xoxe-249239010689-7383763303600-7346417720535-c8977b2d870e66a58192db1f0484baaa",
                "url_private_download": "https:\/\/files.slack.com\/files-pri\/T7B710AL9-F056ZU93P6V\/download\/image_from_ios.jpg?t=xoxe-249239010689-7383763303600-7346417720535-c8977b2d870e66a58192db1f0484baaa",
                "media_display_type": "unknown",
                "thumb_64": "https:\/\/files.slack.com\/files-tmb\/T7B710AL9-F056ZU93P6V-cbb3aaa321\/image_from_ios_64.jpg?t=xoxe-249239010689-7383763303600-7346417720535-c8977b2d870e66a58192db1f0484baaa",
                "thumb_80": "https:\/\/files.slack.com\/files-tmb\/T7B710AL9-F056ZU93P6V-cbb3aaa321\/image_from_ios_80.jpg?t=xoxe-249239010689-7383763303600-7346417720535-c8977b2d870e66a58192db1f0484baaa",
                "thumb_360": "https:\/\/files.slack.com\/files-tmb\/T7B710AL9-F056ZU93P6V-cbb3aaa321\/image_from_ios_360.jpg?t=xoxe-249239010689-7383763303600-7346417720535-c8977b2d870e66a58192db1f0484baaa",
                "thumb_360_w": 252,
                "thumb_360_h": 360,
                "thumb_480": "https:\/\/files.slack.com\/files-tmb\/T7B710AL9-F056ZU93P6V-cbb3aaa321\/image_from_ios_480.jpg?t=xoxe-249239010689-7383763303600-7346417720535-c8977b2d870e66a58192db1f0484baaa",
                "thumb_480_w": 335,
                "thumb_480_h": 480,
                "thumb_160": "https:\/\/files.slack.com\/files-tmb\/T7B710AL9-F056ZU93P6V-cbb3aaa321\/image_from_ios_160.jpg?t=xoxe-249239010689-7383763303600-7346417720535-c8977b2d870e66a58192db1f0484baaa",
                "thumb_720": "https:\/\/files.slack.com\/files-tmb\/T7B710AL9-F056ZU93P6V-cbb3aaa321\/image_from_ios_720.jpg?t=xoxe-249239010689-7383763303600-7346417720535-c8977b2d870e66a58192db1f0484baaa",
                "thumb_720_w": 503,
                "thumb_720_h": 720,
                "thumb_800": "https:\/\/files.slack.com\/files-tmb\/T7B710AL9-F056ZU93P6V-cbb3aaa321\/image_from_ios_800.jpg?t=xoxe-249239010689-7383763303600-7346417720535-c8977b2d870e66a58192db1f0484baaa",
                "thumb_800_w": 800,
                "thumb_800_h": 1145,
                "thumb_960": "https:\/\/files.slack.com\/files-tmb\/T7B710AL9-F056ZU93P6V-cbb3aaa321\/image_from_ios_960.jpg?t=xoxe-249239010689-7383763303600-7346417720535-c8977b2d870e66a58192db1f0484baaa",
                "thumb_960_w": 671,
                "thumb_960_h": 960,
                "thumb_1024": "https:\/\/files.slack.com\/files-tmb\/T7B710AL9-F056ZU93P6V-cbb3aaa321\/image_from_ios_1024.jpg?t=xoxe-249239010689-7383763303600-7346417720535-c8977b2d870e66a58192db1f0484baaa",
                "thumb_1024_w": 716,
                "thumb_1024_h": 1024,
                "original_w": 1383,
                "original_h": 1979,
                "thumb_tiny": "AwAwACFlrhYmY8DNWBKmOWx9eKhgTda4HfNSxwtu3Oed2fXtikMkG1sjINNMKHqophgbk5ByMenemkSDCgNkL\/Ce+aAH\/Z4\/Q\/nR9nj9D+dS4b1FGG9RQBHbDEKfSpsHHB\/SmRjCgegqXIHWgQ35xnIB+lGTg5XBp+aQ0wI80Zp+BRgUAMXpTjgj5ulMU8UknK9cUmNChY2GRxn3pdmDkMw\/GoFQ5+8PzqcmhO4NWDB\/vmjB\/vmkzRmmI\/\/Z",
                "permalink": "https:\/\/swarthmoreultimate.slack.com\/files\/U042N5KC3QW\/F056ZU93P6V\/image_from_ios.jpg",
                "permalink_public": "https:\/\/slack-files.com\/T7B710AL9-F056ZU93P6V-1268119a34",
                "is_starred": false,
                "has_rich_preview": false,
                "file_access": "visible"
            }
        ],
        "upload": false,
        "user": "U042N5KC3QW",
        "display_as_bot": false,
        "blocks": [
            {
                "type": "rich_text",
                "block_id": "YbEq5",
                "elements": [
                    {
                        "type": "rich_text_section",
                        "elements": [
                            {
                                "type": "text",
                                "text": "not me innocently trying to get my paper done"
                            }
                        ]
                    }
                ]
            }
        ],
        "type": "message",
        "ts": "1683509325.388809",
        "client_msg_id": "87E5E779-EF19-4D2B-BC63-732B50E65021",
        "reactions": [
            {
                "name": "peach",
                "users": [
                    "U0421MC7G65",
                    "U042UB7979S",
                    "U0412DQJWEB",
                    "UNCGS8RT2",
                    "U04206SVBBP",
                    "U042N13FWNA",
                    "U02EPCH8Z9U",
                    "U01ANMM9XRS",
                    "U041GTDPLTD",
                    "UQCAL163W",
                    "U041ACX3QCE",
                    "U019UV6JV4P",
                    "U042TKFF6UT",
                    "U042M4BL1GE"
                ],
                "count": 14
            }
        ]
    },
    {
        "user": "UQCAL163W",
        "type": "message",
        "ts": "1683517989.440639",
        "client_msg_id": "fa5314c5-c1ac-43bc-98ce-137c5edbbd77",
        "text": "“I am a creative driver” — Miles on his driving",
        "team": "T7B710AL9",
        "user_team": "T7B710AL9",
        "source_team": "T7B710AL9",
        "user_profile": {
            "avatar_hash": "9ac99f0ac8ed",
            "image_72": "https:\/\/avatars.slack-edge.com\/2021-06-12\/2166203839299_9ac99f0ac8edc5197ed2_72.png",
            "first_name": "Cynthia",
            "real_name": "Cynthia",
            "display_name": "Skippy",
            "team": "T7B710AL9",
            "name": "rshi1",
            "is_restricted": false,
            "is_ultra_restricted": false
        },
        "thread_ts": "1683517989.440639",
        "reply_count": 1,
        "reply_users_count": 1,
        "latest_reply": "1683556360.708599",
        "reply_users": [
            "U02C9PX2DUP"
        ],
        "replies": [
            {
                "user": "U02C9PX2DUP",
                "ts": "1683556360.708599"
            }
        ],
        "is_locked": false,
        "subscribed": false,
        "blocks": [
            {
                "type": "rich_text",
                "block_id": "v33L8",
                "elements": [
                    {
                        "type": "rich_text_section",
                        "elements": [
                            {
                                "type": "text",
                                "text": "“I am a creative driver” — Miles on his driving"
                            }
                        ]
                    }
                ]
            }
        ],
        "reactions": [
            {
                "name": "straight_ruler",
                "users": [
                    "U01AFT4NEPN",
                    "U019UV6JV4P",
                    "U01ANMM9XRS",
                    "U04206SVBBP",
                    "U0413RTSB62",
                    "UNCGS8RT2",
                    "U041VKJ0UBB",
                    "U042TKFF6UT"
                ],
                "count": 8
            }
        ]
    }
]