[
    {
        "text": "Another historical landmark Samsunged ",
        "files": [
            {
                "id": "F05AZ23PQLW",
                "created": 1686048915,
                "timestamp": 1686048915,
                "name": "IMG_7672.jpg",
                "title": "IMG_7672",
                "mimetype": "image\/jpeg",
                "filetype": "jpg",
                "pretty_type": "JPEG",
                "user": "U041ACX3QCE",
                "user_team": "T7B710AL9",
                "editable": false,
                "size": 1728353,
                "mode": "hosted",
                "is_external": false,
                "external_type": "",
                "is_public": true,
                "public_url_shared": false,
                "display_as_bot": false,
                "username": "",
                "url_private": "https:\/\/files.slack.com\/files-pri\/T7B710AL9-F05AZ23PQLW\/img_7672.jpg?t=xoxe-249239010689-7383763303600-7346417720535-c8977b2d870e66a58192db1f0484baaa",
                "url_private_download": "https:\/\/files.slack.com\/files-pri\/T7B710AL9-F05AZ23PQLW\/download\/img_7672.jpg?t=xoxe-249239010689-7383763303600-7346417720535-c8977b2d870e66a58192db1f0484baaa",
                "media_display_type": "unknown",
                "thumb_64": "https:\/\/files.slack.com\/files-tmb\/T7B710AL9-F05AZ23PQLW-9400d43704\/img_7672_64.jpg?t=xoxe-249239010689-7383763303600-7346417720535-c8977b2d870e66a58192db1f0484baaa",
                "thumb_80": "https:\/\/files.slack.com\/files-tmb\/T7B710AL9-F05AZ23PQLW-9400d43704\/img_7672_80.jpg?t=xoxe-249239010689-7383763303600-7346417720535-c8977b2d870e66a58192db1f0484baaa",
                "thumb_360": "https:\/\/files.slack.com\/files-tmb\/T7B710AL9-F05AZ23PQLW-9400d43704\/img_7672_360.jpg?t=xoxe-249239010689-7383763303600-7346417720535-c8977b2d870e66a58192db1f0484baaa",
                "thumb_360_w": 270,
                "thumb_360_h": 360,
                "thumb_480": "https:\/\/files.slack.com\/files-tmb\/T7B710AL9-F05AZ23PQLW-9400d43704\/img_7672_480.jpg?t=xoxe-249239010689-7383763303600-7346417720535-c8977b2d870e66a58192db1f0484baaa",
                "thumb_480_w": 360,
                "thumb_480_h": 480,
                "thumb_160": "https:\/\/files.slack.com\/files-tmb\/T7B710AL9-F05AZ23PQLW-9400d43704\/img_7672_160.jpg?t=xoxe-249239010689-7383763303600-7346417720535-c8977b2d870e66a58192db1f0484baaa",
                "thumb_720": "https:\/\/files.slack.com\/files-tmb\/T7B710AL9-F05AZ23PQLW-9400d43704\/img_7672_720.jpg?t=xoxe-249239010689-7383763303600-7346417720535-c8977b2d870e66a58192db1f0484baaa",
                "thumb_720_w": 540,
                "thumb_720_h": 720,
                "thumb_800": "https:\/\/files.slack.com\/files-tmb\/T7B710AL9-F05AZ23PQLW-9400d43704\/img_7672_800.jpg?t=xoxe-249239010689-7383763303600-7346417720535-c8977b2d870e66a58192db1f0484baaa",
                "thumb_800_w": 800,
                "thumb_800_h": 1067,
                "thumb_960": "https:\/\/files.slack.com\/files-tmb\/T7B710AL9-F05AZ23PQLW-9400d43704\/img_7672_960.jpg?t=xoxe-249239010689-7383763303600-7346417720535-c8977b2d870e66a58192db1f0484baaa",
                "thumb_960_w": 720,
                "thumb_960_h": 960,
                "thumb_1024": "https:\/\/files.slack.com\/files-tmb\/T7B710AL9-F05AZ23PQLW-9400d43704\/img_7672_1024.jpg?t=xoxe-249239010689-7383763303600-7346417720535-c8977b2d870e66a58192db1f0484baaa",
                "thumb_1024_w": 768,
                "thumb_1024_h": 1024,
                "original_w": 3024,
                "original_h": 4032,
                "thumb_tiny": "AwAwACRyTOCueccdKkSc5PqSaiAy6imSHbt7E0XAnWbGQR1Oaa75HTkVXkbGKlQ5K0ASxyKFwxxinean96qp3ZpPmp8wrEi5Zj2xUcuAygmnoRgkn8BUEnEo9MVJRdjRSOinFJMApUjHXoKq+fKOFbj6U7z2cAOQcHPSqbVgHhhk\/WjcKilPz\/WmbqkCykgEW1cbjyahLbnBxVhrSMno49s04W0Y6J+ZoAqB5DIcH5AealHPAGTjOKmFuoBAGATnrVeFSrSqc5U9fUUwGuUZs9KbhPU1dhQiMbutSbaQH\/\/Z",
                "permalink": "https:\/\/swarthmoreultimate.slack.com\/files\/U041ACX3QCE\/F05AZ23PQLW\/img_7672.jpg",
                "permalink_public": "https:\/\/slack-files.com\/T7B710AL9-F05AZ23PQLW-3b378a1907",
                "is_starred": false,
                "has_rich_preview": false,
                "file_access": "visible"
            }
        ],
        "upload": false,
        "user": "U041ACX3QCE",
        "display_as_bot": false,
        "blocks": [
            {
                "type": "rich_text",
                "block_id": "lkn",
                "elements": [
                    {
                        "type": "rich_text_section",
                        "elements": [
                            {
                                "type": "text",
                                "text": "Another"
                            },
                            {
                                "type": "text",
                                "text": " "
                            },
                            {
                                "type": "text",
                                "text": "historical landmark "
                            },
                            {
                                "type": "text",
                                "text": "Samsunged "
                            }
                        ]
                    }
                ]
            }
        ],
        "type": "message",
        "ts": "1686048983.930849",
        "client_msg_id": "528CFDD8-68E4-4FFE-8486-6E4D7C5E901A",
        "thread_ts": "1686048983.930849",
        "reply_count": 1,
        "reply_users_count": 1,
        "latest_reply": "1686131061.043709",
        "reply_users": [
            "U041ACX3QCE"
        ],
        "replies": [
            {
                "user": "U041ACX3QCE",
                "ts": "1686131061.043709"
            }
        ],
        "is_locked": false,
        "subscribed": true,
        "last_read": "1686131061.043709",
        "reactions": [
            {
                "name": "haircut",
                "users": [
                    "U019UV6JV4P",
                    "U05A7FYGWNT",
                    "U01AGFZUUSW",
                    "U04206SVBBP",
                    "U042M4BL1GE",
                    "U041VKJ0UBB",
                    "U01ANMM9XRS"
                ],
                "count": 7
            }
        ]
    }
]