[
    {
        "user": "U02CH0X3XQE",
        "type": "message",
        "ts": "1680535000.651729",
        "client_msg_id": "6B8201A7-2776-4B5C-9126-8F1F41F7514D",
        "text": "Mateo called 911 during Bio2",
        "team": "T7B710AL9",
        "user_team": "T7B710AL9",
        "source_team": "T7B710AL9",
        "user_profile": {
            "avatar_hash": "2b7bb62ad5f9",
            "image_72": "https:\/\/avatars.slack-edge.com\/2022-03-29\/3301694084774_2b7bb62ad5f908f6c3de_72.png",
            "first_name": "Ethan",
            "real_name": "Ethan Sheppard",
            "display_name": "Nemis",
            "team": "T7B710AL9",
            "name": "esheppa1",
            "is_restricted": false,
            "is_ultra_restricted": false
        },
        "blocks": [
            {
                "type": "rich_text",
                "block_id": "Wx9",
                "elements": [
                    {
                        "type": "rich_text_section",
                        "elements": [
                            {
                                "type": "text",
                                "text": "Mateo called 911 during Bio2"
                            }
                        ]
                    }
                ]
            }
        ],
        "reactions": [
            {
                "name": "ooprivers",
                "users": [
                    "U019UV6JV4P",
                    "U02CV1EHJ1Y",
                    "U041ACX3QCE",
                    "U04206SVBBP",
                    "UNEB0TUPQ",
                    "U01ANMM9XRS",
                    "U041VKJ0UBB",
                    "U02CH0X3XQE",
                    "U042TKFF6UT",
                    "U01AFT4NEPN",
                    "UNBLN9SCC",
                    "U041VKJ3RFB",
                    "U02DA9RUA7M",
                    "UQCAL163W",
                    "U02MFDM09RB",
                    "UNCGS8RT2"
                ],
                "count": 16
            },
            {
                "name": "oop-juna",
                "users": [
                    "U019UV6JV4P",
                    "U02CV1EHJ1Y",
                    "U041ACX3QCE",
                    "U04206SVBBP",
                    "UNEB0TUPQ",
                    "U01ANMM9XRS",
                    "U041VKJ0UBB",
                    "U02CH0X3XQE",
                    "U042M4BL1GE",
                    "U042TKFF6UT",
                    "U01AFT4NEPN",
                    "UNBLN9SCC",
                    "U041VKJ3RFB",
                    "U02DA9RUA7M",
                    "UQCAL163W",
                    "U02MFDM09RB",
                    "UNCGS8RT2"
                ],
                "count": 17
            }
        ]
    }
]