[
    {
        "text": ":alphabet-white-question: ",
        "files": [
            {
                "id": "F054Q9LQV1Q",
                "created": 1682367730,
                "timestamp": 1682367730,
                "name": "IMG_0446.jpg",
                "title": "IMG_0446",
                "mimetype": "image\/jpeg",
                "filetype": "jpg",
                "pretty_type": "JPEG",
                "user": "U01AFT4NEPN",
                "user_team": "T7B710AL9",
                "editable": false,
                "size": 232418,
                "mode": "hosted",
                "is_external": false,
                "external_type": "",
                "is_public": true,
                "public_url_shared": false,
                "display_as_bot": false,
                "username": "",
                "url_private": "https:\/\/files.slack.com\/files-pri\/T7B710AL9-F054Q9LQV1Q\/img_0446.jpg?t=xoxe-249239010689-7383763303600-7346417720535-c8977b2d870e66a58192db1f0484baaa",
                "url_private_download": "https:\/\/files.slack.com\/files-pri\/T7B710AL9-F054Q9LQV1Q\/download\/img_0446.jpg?t=xoxe-249239010689-7383763303600-7346417720535-c8977b2d870e66a58192db1f0484baaa",
                "media_display_type": "unknown",
                "thumb_64": "https:\/\/files.slack.com\/files-tmb\/T7B710AL9-F054Q9LQV1Q-82028ea985\/img_0446_64.jpg?t=xoxe-249239010689-7383763303600-7346417720535-c8977b2d870e66a58192db1f0484baaa",
                "thumb_80": "https:\/\/files.slack.com\/files-tmb\/T7B710AL9-F054Q9LQV1Q-82028ea985\/img_0446_80.jpg?t=xoxe-249239010689-7383763303600-7346417720535-c8977b2d870e66a58192db1f0484baaa",
                "thumb_360": "https:\/\/files.slack.com\/files-tmb\/T7B710AL9-F054Q9LQV1Q-82028ea985\/img_0446_360.jpg?t=xoxe-249239010689-7383763303600-7346417720535-c8977b2d870e66a58192db1f0484baaa",
                "thumb_360_w": 360,
                "thumb_360_h": 250,
                "thumb_480": "https:\/\/files.slack.com\/files-tmb\/T7B710AL9-F054Q9LQV1Q-82028ea985\/img_0446_480.jpg?t=xoxe-249239010689-7383763303600-7346417720535-c8977b2d870e66a58192db1f0484baaa",
                "thumb_480_w": 480,
                "thumb_480_h": 334,
                "thumb_160": "https:\/\/files.slack.com\/files-tmb\/T7B710AL9-F054Q9LQV1Q-82028ea985\/img_0446_160.jpg?t=xoxe-249239010689-7383763303600-7346417720535-c8977b2d870e66a58192db1f0484baaa",
                "thumb_720": "https:\/\/files.slack.com\/files-tmb\/T7B710AL9-F054Q9LQV1Q-82028ea985\/img_0446_720.jpg?t=xoxe-249239010689-7383763303600-7346417720535-c8977b2d870e66a58192db1f0484baaa",
                "thumb_720_w": 720,
                "thumb_720_h": 500,
                "thumb_800": "https:\/\/files.slack.com\/files-tmb\/T7B710AL9-F054Q9LQV1Q-82028ea985\/img_0446_800.jpg?t=xoxe-249239010689-7383763303600-7346417720535-c8977b2d870e66a58192db1f0484baaa",
                "thumb_800_w": 800,
                "thumb_800_h": 556,
                "thumb_960": "https:\/\/files.slack.com\/files-tmb\/T7B710AL9-F054Q9LQV1Q-82028ea985\/img_0446_960.jpg?t=xoxe-249239010689-7383763303600-7346417720535-c8977b2d870e66a58192db1f0484baaa",
                "thumb_960_w": 960,
                "thumb_960_h": 667,
                "thumb_1024": "https:\/\/files.slack.com\/files-tmb\/T7B710AL9-F054Q9LQV1Q-82028ea985\/img_0446_1024.jpg?t=xoxe-249239010689-7383763303600-7346417720535-c8977b2d870e66a58192db1f0484baaa",
                "thumb_1024_w": 1024,
                "thumb_1024_h": 712,
                "original_w": 2360,
                "original_h": 1640,
                "thumb_tiny": "AwAhADCltJH3hQUx3z9KcvTqaMt6frTEM20bfrUqq7kAL096cUboCD7AmlcCDb9aMVICyn7vT3prdemKYCoAc0oOB9fb\/wCtTVAx1NADHp\/OgB\/A5GR\/n6U7e2Dlm59\/\/rVFg\/5NLhiOv60WAXGT2H+fpSN0Ax+lJhv8mkJJ6k0AOXoKa3WnL0FNbrQBKn3BQ\/3TQn3BQ\/3TQBDS0lLQB\/\/Z",
                "permalink": "https:\/\/swarthmoreultimate.slack.com\/files\/U01AFT4NEPN\/F054Q9LQV1Q\/img_0446.jpg",
                "permalink_public": "https:\/\/slack-files.com\/T7B710AL9-F054Q9LQV1Q-fe6be1a4a4",
                "is_starred": false,
                "has_rich_preview": false,
                "file_access": "visible"
            }
        ],
        "upload": false,
        "user": "U01AFT4NEPN",
        "display_as_bot": false,
        "blocks": [
            {
                "type": "rich_text",
                "block_id": "O+Y26",
                "elements": [
                    {
                        "type": "rich_text_section",
                        "elements": [
                            {
                                "type": "emoji",
                                "name": "alphabet-white-question"
                            },
                            {
                                "type": "text",
                                "text": " "
                            }
                        ]
                    }
                ]
            }
        ],
        "type": "message",
        "ts": "1682367747.315969",
        "client_msg_id": "9A3A298A-3608-41F3-A5A8-0A321733435C",
        "thread_ts": "1682367747.315969",
        "reply_count": 1,
        "reply_users_count": 1,
        "latest_reply": "1682367798.839399",
        "reply_users": [
            "UNCGS8RT2"
        ],
        "replies": [
            {
                "user": "UNCGS8RT2",
                "ts": "1682367798.839399"
            }
        ],
        "is_locked": false,
        "subscribed": false,
        "reactions": [
            {
                "name": "chefpog",
                "users": [
                    "U042N13FWNA",
                    "UNCGS8RT2",
                    "U01ANMM9XRS",
                    "UQCAL163W",
                    "U02MFDM09RB",
                    "U04206SVBBP",
                    "U042TKFF6UT",
                    "U01A1PNMU6B",
                    "U041ACX3QCE",
                    "U01DZ0DF0U8",
                    "U02CV1EHJ1Y",
                    "U019UV6JV4P"
                ],
                "count": 12
            },
            {
                "name": "oop-juna",
                "users": [
                    "UNCGS8RT2",
                    "U01ANMM9XRS",
                    "UQCAL163W",
                    "U02MFDM09RB",
                    "U04206SVBBP",
                    "U042TKFF6UT",
                    "U01A1PNMU6B",
                    "U041ACX3QCE",
                    "U01A5BQECAK",
                    "U01DZ0DF0U8",
                    "U02CV1EHJ1Y",
                    "U019UV6JV4P"
                ],
                "count": 12
            },
            {
                "name": "judge-grace",
                "users": [
                    "U02MFDM09RB",
                    "U04206SVBBP",
                    "U042TKFF6UT",
                    "U01ANMM9XRS",
                    "U01A1PNMU6B",
                    "U041ACX3QCE",
                    "U01DZ0DF0U8",
                    "U02CV1EHJ1Y",
                    "U019UV6JV4P",
                    "UQCAL163W"
                ],
                "count": 10
            }
        ]
    },
    {
        "user": "UNCGS8RT2",
        "type": "message",
        "ts": "1682367798.839399",
        "client_msg_id": "931FB5EE-FF2C-4C4E-9E54-C0749996424E",
        "text": "good soup ",
        "team": "T7B710AL9",
        "user_team": "T7B710AL9",
        "source_team": "T7B710AL9",
        "user_profile": {
            "avatar_hash": "6aac494d1d0d",
            "image_72": "https:\/\/avatars.slack-edge.com\/2023-06-26\/5487035457778_6aac494d1d0dc2a33480_72.png",
            "first_name": "Abel",
            "real_name": "Abel",
            "display_name": "Chowder",
            "team": "T7B710AL9",
            "name": "azeng1",
            "is_restricted": false,
            "is_ultra_restricted": false
        },
        "thread_ts": "1682367747.315969",
        "parent_user_id": "U01AFT4NEPN",
        "blocks": [
            {
                "type": "rich_text",
                "block_id": "hxVbM",
                "elements": [
                    {
                        "type": "rich_text_section",
                        "elements": [
                            {
                                "type": "text",
                                "text": "good soup "
                            }
                        ]
                    }
                ]
            }
        ]
    },
    {
        "text": "",
        "files": [
            {
                "id": "F0553BGJ46M",
                "created": 1682373203,
                "timestamp": 1682373203,
                "name": "IMG_5134.jpg",
                "title": "IMG_5134",
                "mimetype": "image\/jpeg",
                "filetype": "jpg",
                "pretty_type": "JPEG",
                "user": "U042UB7979S",
                "user_team": "T7B710AL9",
                "editable": false,
                "size": 2206838,
                "mode": "hosted",
                "is_external": false,
                "external_type": "",
                "is_public": true,
                "public_url_shared": false,
                "display_as_bot": false,
                "username": "",
                "url_private": "https:\/\/files.slack.com\/files-pri\/T7B710AL9-F0553BGJ46M\/img_5134.jpg?t=xoxe-249239010689-7383763303600-7346417720535-c8977b2d870e66a58192db1f0484baaa",
                "url_private_download": "https:\/\/files.slack.com\/files-pri\/T7B710AL9-F0553BGJ46M\/download\/img_5134.jpg?t=xoxe-249239010689-7383763303600-7346417720535-c8977b2d870e66a58192db1f0484baaa",
                "media_display_type": "unknown",
                "thumb_64": "https:\/\/files.slack.com\/files-tmb\/T7B710AL9-F0553BGJ46M-e506f1da60\/img_5134_64.jpg?t=xoxe-249239010689-7383763303600-7346417720535-c8977b2d870e66a58192db1f0484baaa",
                "thumb_80": "https:\/\/files.slack.com\/files-tmb\/T7B710AL9-F0553BGJ46M-e506f1da60\/img_5134_80.jpg?t=xoxe-249239010689-7383763303600-7346417720535-c8977b2d870e66a58192db1f0484baaa",
                "thumb_360": "https:\/\/files.slack.com\/files-tmb\/T7B710AL9-F0553BGJ46M-e506f1da60\/img_5134_360.jpg?t=xoxe-249239010689-7383763303600-7346417720535-c8977b2d870e66a58192db1f0484baaa",
                "thumb_360_w": 270,
                "thumb_360_h": 360,
                "thumb_480": "https:\/\/files.slack.com\/files-tmb\/T7B710AL9-F0553BGJ46M-e506f1da60\/img_5134_480.jpg?t=xoxe-249239010689-7383763303600-7346417720535-c8977b2d870e66a58192db1f0484baaa",
                "thumb_480_w": 360,
                "thumb_480_h": 480,
                "thumb_160": "https:\/\/files.slack.com\/files-tmb\/T7B710AL9-F0553BGJ46M-e506f1da60\/img_5134_160.jpg?t=xoxe-249239010689-7383763303600-7346417720535-c8977b2d870e66a58192db1f0484baaa",
                "thumb_720": "https:\/\/files.slack.com\/files-tmb\/T7B710AL9-F0553BGJ46M-e506f1da60\/img_5134_720.jpg?t=xoxe-249239010689-7383763303600-7346417720535-c8977b2d870e66a58192db1f0484baaa",
                "thumb_720_w": 540,
                "thumb_720_h": 720,
                "thumb_800": "https:\/\/files.slack.com\/files-tmb\/T7B710AL9-F0553BGJ46M-e506f1da60\/img_5134_800.jpg?t=xoxe-249239010689-7383763303600-7346417720535-c8977b2d870e66a58192db1f0484baaa",
                "thumb_800_w": 800,
                "thumb_800_h": 1067,
                "thumb_960": "https:\/\/files.slack.com\/files-tmb\/T7B710AL9-F0553BGJ46M-e506f1da60\/img_5134_960.jpg?t=xoxe-249239010689-7383763303600-7346417720535-c8977b2d870e66a58192db1f0484baaa",
                "thumb_960_w": 720,
                "thumb_960_h": 960,
                "thumb_1024": "https:\/\/files.slack.com\/files-tmb\/T7B710AL9-F0553BGJ46M-e506f1da60\/img_5134_1024.jpg?t=xoxe-249239010689-7383763303600-7346417720535-c8977b2d870e66a58192db1f0484baaa",
                "thumb_1024_w": 768,
                "thumb_1024_h": 1024,
                "original_w": 3024,
                "original_h": 4032,
                "thumb_tiny": "AwAwACRSfQg0HjHtUUTDGWyTTjgsCM\/SgrmHoeMUJcNG4HBB4qMnaPf+VRN1yKkLk0jZcnnk+tJn\/OaTcDztFGR\/dFFg1GxyFeOCD2NO3lm5I46CrEODEvHt0pzY2k4HT0raysZ31KZDEZ5wKaFJPSpGbC0gasixcAUcUZ96PxpDHqVUY34+nFOL5U4f9ar96WqHzeQsi8dajKnC808nikz92gTd2MKtk4Io2t6ilPWjNAj\/2Q==",
                "permalink": "https:\/\/swarthmoreultimate.slack.com\/files\/U042UB7979S\/F0553BGJ46M\/img_5134.jpg",
                "permalink_public": "https:\/\/slack-files.com\/T7B710AL9-F0553BGJ46M-07fbc3e5c6",
                "is_starred": false,
                "has_rich_preview": false,
                "file_access": "visible"
            }
        ],
        "upload": false,
        "user": "U042UB7979S",
        "display_as_bot": false,
        "type": "message",
        "ts": "1682373210.053459",
        "reactions": [
            {
                "name": "judge-max",
                "users": [
                    "U02MFDM09RB",
                    "U0412DQJWEB",
                    "U042N13FWNA",
                    "U041ACX3QCE",
                    "U02CV1EHJ1Y",
                    "U0421MC7G65",
                    "U04206SVBBP",
                    "U019UV6JV4P",
                    "U01ANMM9XRS",
                    "U01AFT4NEPN"
                ],
                "count": 10
            }
        ]
    }
]