[
    {
        "text": "Squirrel trying to eat a fortune cookie that was still in its plastic wrapper ",
        "files": [
            {
                "id": "F04RJUAP6JC",
                "created": 1677103954,
                "timestamp": 1677103954,
                "name": "IMG_5180.jpg",
                "title": "IMG_5180",
                "mimetype": "image\/jpeg",
                "filetype": "jpg",
                "pretty_type": "JPEG",
                "user": "U02DA9RUA7M",
                "user_team": "T7B710AL9",
                "editable": false,
                "size": 849195,
                "mode": "hosted",
                "is_external": false,
                "external_type": "",
                "is_public": true,
                "public_url_shared": false,
                "display_as_bot": false,
                "username": "",
                "url_private": "https:\/\/files.slack.com\/files-pri\/T7B710AL9-F04RJUAP6JC\/img_5180.jpg?t=xoxe-249239010689-7383763303600-7346417720535-c8977b2d870e66a58192db1f0484baaa",
                "url_private_download": "https:\/\/files.slack.com\/files-pri\/T7B710AL9-F04RJUAP6JC\/download\/img_5180.jpg?t=xoxe-249239010689-7383763303600-7346417720535-c8977b2d870e66a58192db1f0484baaa",
                "media_display_type": "unknown",
                "thumb_64": "https:\/\/files.slack.com\/files-tmb\/T7B710AL9-F04RJUAP6JC-d5ca550302\/img_5180_64.jpg?t=xoxe-249239010689-7383763303600-7346417720535-c8977b2d870e66a58192db1f0484baaa",
                "thumb_80": "https:\/\/files.slack.com\/files-tmb\/T7B710AL9-F04RJUAP6JC-d5ca550302\/img_5180_80.jpg?t=xoxe-249239010689-7383763303600-7346417720535-c8977b2d870e66a58192db1f0484baaa",
                "thumb_360": "https:\/\/files.slack.com\/files-tmb\/T7B710AL9-F04RJUAP6JC-d5ca550302\/img_5180_360.jpg?t=xoxe-249239010689-7383763303600-7346417720535-c8977b2d870e66a58192db1f0484baaa",
                "thumb_360_w": 270,
                "thumb_360_h": 360,
                "thumb_480": "https:\/\/files.slack.com\/files-tmb\/T7B710AL9-F04RJUAP6JC-d5ca550302\/img_5180_480.jpg?t=xoxe-249239010689-7383763303600-7346417720535-c8977b2d870e66a58192db1f0484baaa",
                "thumb_480_w": 360,
                "thumb_480_h": 480,
                "thumb_160": "https:\/\/files.slack.com\/files-tmb\/T7B710AL9-F04RJUAP6JC-d5ca550302\/img_5180_160.jpg?t=xoxe-249239010689-7383763303600-7346417720535-c8977b2d870e66a58192db1f0484baaa",
                "thumb_720": "https:\/\/files.slack.com\/files-tmb\/T7B710AL9-F04RJUAP6JC-d5ca550302\/img_5180_720.jpg?t=xoxe-249239010689-7383763303600-7346417720535-c8977b2d870e66a58192db1f0484baaa",
                "thumb_720_w": 540,
                "thumb_720_h": 720,
                "thumb_800": "https:\/\/files.slack.com\/files-tmb\/T7B710AL9-F04RJUAP6JC-d5ca550302\/img_5180_800.jpg?t=xoxe-249239010689-7383763303600-7346417720535-c8977b2d870e66a58192db1f0484baaa",
                "thumb_800_w": 800,
                "thumb_800_h": 1067,
                "thumb_960": "https:\/\/files.slack.com\/files-tmb\/T7B710AL9-F04RJUAP6JC-d5ca550302\/img_5180_960.jpg?t=xoxe-249239010689-7383763303600-7346417720535-c8977b2d870e66a58192db1f0484baaa",
                "thumb_960_w": 720,
                "thumb_960_h": 960,
                "thumb_1024": "https:\/\/files.slack.com\/files-tmb\/T7B710AL9-F04RJUAP6JC-d5ca550302\/img_5180_1024.jpg?t=xoxe-249239010689-7383763303600-7346417720535-c8977b2d870e66a58192db1f0484baaa",
                "thumb_1024_w": 768,
                "thumb_1024_h": 1024,
                "original_w": 3024,
                "original_h": 4032,
                "thumb_tiny": "AwAwACSsxyPmOOeaaAxbKginptkb5s7B0HrTt3VEA5P40gGBOTznnrijDIemfensrA8n8KR2QDGDn1oATc5\/i\/KjL\/3jSKwxS7x6UAN3joFzQjMHG1ee1PjUGXDLUqqsTkIOc854xTAZicAuUBHfNRl+SdmCassxPyggDuM0KDgqRGQ3c0gKR5NGKkYHccYxmkw1MB4mw6tyMe2KJHD5wScnqe9SFf3IIAw3f1oihBcDdtyOtICNAMjHWplPJUYLdOoqzEscT\/NISTwDnimToElLMuVbuRmgCmUyfmHP1pNi+g\/OldDuOxTtzxzTdj+h\/OgD\/9k=",
                "permalink": "https:\/\/swarthmoreultimate.slack.com\/files\/U02DA9RUA7M\/F04RJUAP6JC\/img_5180.jpg",
                "permalink_public": "https:\/\/slack-files.com\/T7B710AL9-F04RJUAP6JC-8737157f4a",
                "is_starred": false,
                "has_rich_preview": false,
                "file_access": "visible"
            }
        ],
        "upload": false,
        "user": "U02DA9RUA7M",
        "display_as_bot": false,
        "blocks": [
            {
                "type": "rich_text",
                "block_id": "pXDi",
                "elements": [
                    {
                        "type": "rich_text_section",
                        "elements": [
                            {
                                "type": "text",
                                "text": "Squirrel trying to eat a fortune cookie that was still in its plastic wrapper "
                            }
                        ]
                    }
                ]
            }
        ],
        "type": "message",
        "ts": "1677103976.276969",
        "client_msg_id": "90005E79-2522-4CAB-81D6-BDC6CCA6558E",
        "reactions": [
            {
                "name": "oop-juna",
                "users": [
                    "UNCGS8RT2",
                    "UCVH3M03G",
                    "U041ACX3QCE",
                    "U042TKFF6UT",
                    "U02CH0X3XQE",
                    "U041VKJ0UBB",
                    "U02EPCH8Z9U",
                    "U01ANMM9XRS",
                    "U01AFT4NEPN",
                    "U019UV6JV4P"
                ],
                "count": 10
            }
        ]
    },
    {
        "text": "Magnetic silverware?",
        "files": [
            {
                "id": "F04R895114H",
                "created": 1677109896,
                "timestamp": 1677109896,
                "name": "20230222_184914.jpg",
                "title": "20230222_184914.jpg",
                "mimetype": "image\/jpeg",
                "filetype": "jpg",
                "pretty_type": "JPEG",
                "user": "U0421MC7G65",
                "user_team": "T7B710AL9",
                "editable": false,
                "size": 527678,
                "mode": "hosted",
                "is_external": false,
                "external_type": "",
                "is_public": true,
                "public_url_shared": false,
                "display_as_bot": false,
                "username": "",
                "url_private": "https:\/\/files.slack.com\/files-pri\/T7B710AL9-F04R895114H\/20230222_184914.jpg?t=xoxe-249239010689-7383763303600-7346417720535-c8977b2d870e66a58192db1f0484baaa",
                "url_private_download": "https:\/\/files.slack.com\/files-pri\/T7B710AL9-F04R895114H\/download\/20230222_184914.jpg?t=xoxe-249239010689-7383763303600-7346417720535-c8977b2d870e66a58192db1f0484baaa",
                "media_display_type": "unknown",
                "thumb_64": "https:\/\/files.slack.com\/files-tmb\/T7B710AL9-F04R895114H-922e223efd\/20230222_184914_64.jpg?t=xoxe-249239010689-7383763303600-7346417720535-c8977b2d870e66a58192db1f0484baaa",
                "thumb_80": "https:\/\/files.slack.com\/files-tmb\/T7B710AL9-F04R895114H-922e223efd\/20230222_184914_80.jpg?t=xoxe-249239010689-7383763303600-7346417720535-c8977b2d870e66a58192db1f0484baaa",
                "thumb_360": "https:\/\/files.slack.com\/files-tmb\/T7B710AL9-F04R895114H-922e223efd\/20230222_184914_360.jpg?t=xoxe-249239010689-7383763303600-7346417720535-c8977b2d870e66a58192db1f0484baaa",
                "thumb_360_w": 270,
                "thumb_360_h": 360,
                "thumb_480": "https:\/\/files.slack.com\/files-tmb\/T7B710AL9-F04R895114H-922e223efd\/20230222_184914_480.jpg?t=xoxe-249239010689-7383763303600-7346417720535-c8977b2d870e66a58192db1f0484baaa",
                "thumb_480_w": 360,
                "thumb_480_h": 480,
                "thumb_160": "https:\/\/files.slack.com\/files-tmb\/T7B710AL9-F04R895114H-922e223efd\/20230222_184914_160.jpg?t=xoxe-249239010689-7383763303600-7346417720535-c8977b2d870e66a58192db1f0484baaa",
                "thumb_720": "https:\/\/files.slack.com\/files-tmb\/T7B710AL9-F04R895114H-922e223efd\/20230222_184914_720.jpg?t=xoxe-249239010689-7383763303600-7346417720535-c8977b2d870e66a58192db1f0484baaa",
                "thumb_720_w": 540,
                "thumb_720_h": 720,
                "thumb_800": "https:\/\/files.slack.com\/files-tmb\/T7B710AL9-F04R895114H-922e223efd\/20230222_184914_800.jpg?t=xoxe-249239010689-7383763303600-7346417720535-c8977b2d870e66a58192db1f0484baaa",
                "thumb_800_w": 800,
                "thumb_800_h": 1067,
                "thumb_960": "https:\/\/files.slack.com\/files-tmb\/T7B710AL9-F04R895114H-922e223efd\/20230222_184914_960.jpg?t=xoxe-249239010689-7383763303600-7346417720535-c8977b2d870e66a58192db1f0484baaa",
                "thumb_960_w": 720,
                "thumb_960_h": 960,
                "thumb_1024": "https:\/\/files.slack.com\/files-tmb\/T7B710AL9-F04R895114H-922e223efd\/20230222_184914_1024.jpg?t=xoxe-249239010689-7383763303600-7346417720535-c8977b2d870e66a58192db1f0484baaa",
                "thumb_1024_w": 768,
                "thumb_1024_h": 1024,
                "original_w": 3024,
                "original_h": 4032,
                "thumb_tiny": "AwAwACSMj5QOKjKHripY18xsAgVLJEoHDDI6+9FwsV1yFOCwP1qdd+wkNnnriox0z2qdOIT9aAK8k7o2CBTftT+gplwcyfhUdAFqN\/KbPX1pHJdiyg4p8SAqZHGAKkURlc5I\/lSGQ\/Mecc96eNwTGDUqwr6k1IQqjLDp+VK4WM2XlzmmYrQIiJycCkxD6incViXDHhduPekZGYYZh+VPSlxk1JRF5RDL8x4qbtRtpDxQO4zaO2R9DRtHq35mlopAf\/\/Z",
                "permalink": "https:\/\/swarthmoreultimate.slack.com\/files\/U0421MC7G65\/F04R895114H\/20230222_184914.jpg",
                "permalink_public": "https:\/\/slack-files.com\/T7B710AL9-F04R895114H-43882f2629",
                "is_starred": false,
                "has_rich_preview": false,
                "file_access": "visible"
            }
        ],
        "upload": false,
        "user": "U0421MC7G65",
        "display_as_bot": false,
        "blocks": [
            {
                "type": "rich_text",
                "block_id": "m3H8",
                "elements": [
                    {
                        "type": "rich_text_section",
                        "elements": [
                            {
                                "type": "text",
                                "text": "Magnetic silverware?"
                            }
                        ]
                    }
                ]
            }
        ],
        "type": "message",
        "ts": "1677109919.079679",
        "client_msg_id": "17ce4af0-11a7-48fb-87e7-be93e3e57bd4",
        "thread_ts": "1677109919.079679",
        "reply_count": 1,
        "reply_users_count": 1,
        "latest_reply": "1677110122.921559",
        "reply_users": [
            "U042UB7979S"
        ],
        "replies": [
            {
                "user": "U042UB7979S",
                "ts": "1677110122.921559"
            }
        ],
        "is_locked": false,
        "subscribed": false,
        "reactions": [
            {
                "name": "magnet",
                "users": [
                    "U042UB7979S",
                    "U041VKJ0UBB",
                    "U01ANMM9XRS"
                ],
                "count": 3
            }
        ]
    },
    {
        "user": "U042UB7979S",
        "type": "message",
        "ts": "1677110122.921559",
        "client_msg_id": "4EA0658B-EC44-4DDA-8505-1FF3291AE704",
        "text": "Technically everything is magnetic",
        "team": "T7B710AL9",
        "user_team": "T7B710AL9",
        "source_team": "T7B710AL9",
        "user_profile": {
            "avatar_hash": "ga322a58f3c3",
            "image_72": "https:\/\/secure.gravatar.com\/avatar\/a322a58f3c339e4ea572b7c6a0b4af84.jpg?s=72&d=https%3A%2F%2Fa.slack-edge.com%2Fdf10d%2Fimg%2Favatars%2Fava_0024-72.png",
            "first_name": "Elena",
            "real_name": "Elena",
            "display_name": "",
            "team": "T7B710AL9",
            "name": "elee8",
            "is_restricted": false,
            "is_ultra_restricted": false
        },
        "thread_ts": "1677109919.079679",
        "parent_user_id": "U0421MC7G65",
        "blocks": [
            {
                "type": "rich_text",
                "block_id": "JU6K",
                "elements": [
                    {
                        "type": "rich_text_section",
                        "elements": [
                            {
                                "type": "text",
                                "text": "Technically everything is magnetic"
                            }
                        ]
                    }
                ]
            }
        ]
    }
]