[
    {
        "text": "",
        "files": [
            {
                "id": "F04NTHNTXV2",
                "created": 1675891900,
                "timestamp": 1675891900,
                "name": "IMG_2447.jpg",
                "title": "IMG_2447",
                "mimetype": "image\/jpeg",
                "filetype": "jpg",
                "pretty_type": "JPEG",
                "user": "U01AGFZUUSW",
                "user_team": "T7B710AL9",
                "editable": false,
                "size": 2652920,
                "mode": "hosted",
                "is_external": false,
                "external_type": "",
                "is_public": true,
                "public_url_shared": false,
                "display_as_bot": false,
                "username": "",
                "url_private": "https:\/\/files.slack.com\/files-pri\/T7B710AL9-F04NTHNTXV2\/img_2447.jpg?t=xoxe-249239010689-7383763303600-7346417720535-c8977b2d870e66a58192db1f0484baaa",
                "url_private_download": "https:\/\/files.slack.com\/files-pri\/T7B710AL9-F04NTHNTXV2\/download\/img_2447.jpg?t=xoxe-249239010689-7383763303600-7346417720535-c8977b2d870e66a58192db1f0484baaa",
                "media_display_type": "unknown",
                "thumb_64": "https:\/\/files.slack.com\/files-tmb\/T7B710AL9-F04NTHNTXV2-a757678484\/img_2447_64.jpg?t=xoxe-249239010689-7383763303600-7346417720535-c8977b2d870e66a58192db1f0484baaa",
                "thumb_80": "https:\/\/files.slack.com\/files-tmb\/T7B710AL9-F04NTHNTXV2-a757678484\/img_2447_80.jpg?t=xoxe-249239010689-7383763303600-7346417720535-c8977b2d870e66a58192db1f0484baaa",
                "thumb_360": "https:\/\/files.slack.com\/files-tmb\/T7B710AL9-F04NTHNTXV2-a757678484\/img_2447_360.jpg?t=xoxe-249239010689-7383763303600-7346417720535-c8977b2d870e66a58192db1f0484baaa",
                "thumb_360_w": 270,
                "thumb_360_h": 360,
                "thumb_480": "https:\/\/files.slack.com\/files-tmb\/T7B710AL9-F04NTHNTXV2-a757678484\/img_2447_480.jpg?t=xoxe-249239010689-7383763303600-7346417720535-c8977b2d870e66a58192db1f0484baaa",
                "thumb_480_w": 360,
                "thumb_480_h": 480,
                "thumb_160": "https:\/\/files.slack.com\/files-tmb\/T7B710AL9-F04NTHNTXV2-a757678484\/img_2447_160.jpg?t=xoxe-249239010689-7383763303600-7346417720535-c8977b2d870e66a58192db1f0484baaa",
                "thumb_720": "https:\/\/files.slack.com\/files-tmb\/T7B710AL9-F04NTHNTXV2-a757678484\/img_2447_720.jpg?t=xoxe-249239010689-7383763303600-7346417720535-c8977b2d870e66a58192db1f0484baaa",
                "thumb_720_w": 540,
                "thumb_720_h": 720,
                "thumb_800": "https:\/\/files.slack.com\/files-tmb\/T7B710AL9-F04NTHNTXV2-a757678484\/img_2447_800.jpg?t=xoxe-249239010689-7383763303600-7346417720535-c8977b2d870e66a58192db1f0484baaa",
                "thumb_800_w": 800,
                "thumb_800_h": 1067,
                "thumb_960": "https:\/\/files.slack.com\/files-tmb\/T7B710AL9-F04NTHNTXV2-a757678484\/img_2447_960.jpg?t=xoxe-249239010689-7383763303600-7346417720535-c8977b2d870e66a58192db1f0484baaa",
                "thumb_960_w": 720,
                "thumb_960_h": 960,
                "thumb_1024": "https:\/\/files.slack.com\/files-tmb\/T7B710AL9-F04NTHNTXV2-a757678484\/img_2447_1024.jpg?t=xoxe-249239010689-7383763303600-7346417720535-c8977b2d870e66a58192db1f0484baaa",
                "thumb_1024_w": 768,
                "thumb_1024_h": 1024,
                "original_w": 3024,
                "original_h": 4032,
                "thumb_tiny": "AwAwACR545FHH\/66UqegpASF5+lamZHg5OMfLSv0AHc0\/AEpHGGWo3yPripexSIScGk3UjAk0mDUFGgXJBNRMwwoGQQeaYsmB60h+bGcU7hYfIwyCD0prHdg03B60N+Q60rhYRvvHB4pOfWlyDzkUZ+lADcc9adhgM0b+mMChpS3VRSGB65z\/wDroz81Ij5IBFLnD9OnNACGMZ64o8of3qaZOen60eZ7frQI\/9k=",
                "permalink": "https:\/\/swarthmoreultimate.slack.com\/files\/U01AGFZUUSW\/F04NTHNTXV2\/img_2447.jpg",
                "permalink_public": "https:\/\/slack-files.com\/T7B710AL9-F04NTHNTXV2-b7bce04c67",
                "is_starred": false,
                "has_rich_preview": false,
                "file_access": "visible"
            }
        ],
        "upload": false,
        "user": "U01AGFZUUSW",
        "display_as_bot": false,
        "type": "message",
        "ts": "1675891905.985189",
        "client_msg_id": "1D6CEA0B-8955-4D13-A274-A7E2F773F16D",
        "reactions": [
            {
                "name": "croissant",
                "users": [
                    "U042UB7979S",
                    "UNCGS8RT2",
                    "U01A1PNMU6B",
                    "U01ANMM9XRS",
                    "U02CH0X3XQE",
                    "U02EPCH8Z9U",
                    "U041VKJ3RFB",
                    "U01AFT4NEPN",
                    "U01BGKQ3NCX",
                    "U019UV6JV4P",
                    "U041VKJ0UBB",
                    "U042M4BL1GE",
                    "U042TKFF6UT",
                    "U03BPQBQVGX"
                ],
                "count": 14
            },
            {
                "name": "chipmunk",
                "users": [
                    "U042UB7979S",
                    "UNCGS8RT2",
                    "U01A1PNMU6B",
                    "U01ANMM9XRS",
                    "U02CH0X3XQE",
                    "U02EPCH8Z9U",
                    "U041VKJ3RFB",
                    "U01AFT4NEPN",
                    "U01BGKQ3NCX",
                    "U019UV6JV4P",
                    "U042TKFF6UT",
                    "U03BPQBQVGX"
                ],
                "count": 12
            }
        ]
    },
    {
        "user": "U01AGFZUUSW",
        "type": "message",
        "ts": "1675891932.114259",
        "client_msg_id": "4A8E87A9-765F-431F-B613-49088144F7B5",
        "text": "It’s a little hard to see but it is a squirrel with a sci croissant",
        "team": "T7B710AL9",
        "user_team": "T7B710AL9",
        "source_team": "T7B710AL9",
        "user_profile": {
            "avatar_hash": "2eda97f50b89",
            "image_72": "https:\/\/avatars.slack-edge.com\/2023-03-12\/4936609160771_2eda97f50b89e827f6da_72.png",
            "first_name": "",
            "real_name": "Kai Williams",
            "display_name": "Kai Williams",
            "team": "T7B710AL9",
            "name": "kwillia2",
            "is_restricted": false,
            "is_ultra_restricted": false
        },
        "thread_ts": "1675891932.114259",
        "reply_count": 4,
        "reply_users_count": 2,
        "latest_reply": "1675904359.837619",
        "reply_users": [
            "U01AGFZUUSW",
            "U01BGKQ3NCX"
        ],
        "replies": [
            {
                "user": "U01AGFZUUSW",
                "ts": "1675891959.558619"
            },
            {
                "user": "U01BGKQ3NCX",
                "ts": "1675904305.090029"
            },
            {
                "user": "U01AGFZUUSW",
                "ts": "1675904322.901849"
            },
            {
                "user": "U01BGKQ3NCX",
                "ts": "1675904359.837619"
            }
        ],
        "is_locked": false,
        "subscribed": false,
        "blocks": [
            {
                "type": "rich_text",
                "block_id": "nrr",
                "elements": [
                    {
                        "type": "rich_text_section",
                        "elements": [
                            {
                                "type": "text",
                                "text": "It’s"
                            },
                            {
                                "type": "text",
                                "text": " a little hard to see but it is a squirrel with a sci croissant"
                            }
                        ]
                    }
                ]
            }
        ]
    },
    {
        "user": "U01AGFZUUSW",
        "type": "message",
        "ts": "1675891959.558619",
        "client_msg_id": "49A21EA5-4661-47AB-81BC-CEFD9C11DF0B",
        "text": "Update, has stashed the croissant in a tree just outside Parrish",
        "team": "T7B710AL9",
        "user_team": "T7B710AL9",
        "source_team": "T7B710AL9",
        "user_profile": {
            "avatar_hash": "2eda97f50b89",
            "image_72": "https:\/\/avatars.slack-edge.com\/2023-03-12\/4936609160771_2eda97f50b89e827f6da_72.png",
            "first_name": "",
            "real_name": "Kai Williams",
            "display_name": "Kai Williams",
            "team": "T7B710AL9",
            "name": "kwillia2",
            "is_restricted": false,
            "is_ultra_restricted": false
        },
        "thread_ts": "1675891932.114259",
        "parent_user_id": "U01AGFZUUSW",
        "blocks": [
            {
                "type": "rich_text",
                "block_id": "fSC",
                "elements": [
                    {
                        "type": "rich_text_section",
                        "elements": [
                            {
                                "type": "text",
                                "text": "Update, has stashed the croissant in a tree just outside Parrish"
                            }
                        ]
                    }
                ]
            }
        ]
    },
    {
        "user": "U01BGKQ3NCX",
        "type": "message",
        "ts": "1675904305.090029",
        "client_msg_id": "9CCC1E49-D525-4AD6-B823-D58942114310",
        "text": "If it's still there im going to get it (the croissant)",
        "team": "T7B710AL9",
        "user_team": "T7B710AL9",
        "source_team": "T7B710AL9",
        "user_profile": {
            "avatar_hash": "e3cde9c8add5",
            "image_72": "https:\/\/avatars.slack-edge.com\/2024-03-17\/6827549853793_e3cde9c8add538d486a8_72.png",
            "first_name": "Annabel",
            "real_name": "Annabel Zhao",
            "display_name": "nuts",
            "team": "T7B710AL9",
            "name": "azhao3",
            "is_restricted": false,
            "is_ultra_restricted": false
        },
        "thread_ts": "1675891932.114259",
        "parent_user_id": "U01AGFZUUSW",
        "blocks": [
            {
                "type": "rich_text",
                "block_id": "su6Aq",
                "elements": [
                    {
                        "type": "rich_text_section",
                        "elements": [
                            {
                                "type": "text",
                                "text": "If it's still there im going to get it (the croissant)"
                            }
                        ]
                    }
                ]
            }
        ]
    },
    {
        "user": "U01AGFZUUSW",
        "type": "message",
        "ts": "1675904322.901849",
        "client_msg_id": "EF91D0C0-1F6D-4F30-8516-BFCB3BCE582E",
        "text": "Well it’s just outside your old room",
        "team": "T7B710AL9",
        "user_team": "T7B710AL9",
        "source_team": "T7B710AL9",
        "user_profile": {
            "avatar_hash": "2eda97f50b89",
            "image_72": "https:\/\/avatars.slack-edge.com\/2023-03-12\/4936609160771_2eda97f50b89e827f6da_72.png",
            "first_name": "",
            "real_name": "Kai Williams",
            "display_name": "Kai Williams",
            "team": "T7B710AL9",
            "name": "kwillia2",
            "is_restricted": false,
            "is_ultra_restricted": false
        },
        "thread_ts": "1675891932.114259",
        "parent_user_id": "U01AGFZUUSW",
        "blocks": [
            {
                "type": "rich_text",
                "block_id": "+YO",
                "elements": [
                    {
                        "type": "rich_text_section",
                        "elements": [
                            {
                                "type": "text",
                                "text": "Well it’s"
                            },
                            {
                                "type": "text",
                                "text": " just outside your old room"
                            }
                        ]
                    }
                ]
            }
        ],
        "reactions": [
            {
                "name": "happycake",
                "users": [
                    "U01BGKQ3NCX",
                    "U019UV6JV4P"
                ],
                "count": 2
            }
        ]
    },
    {
        "user": "U01BGKQ3NCX",
        "type": "message",
        "ts": "1675904359.837619",
        "client_msg_id": "D8F24D42-2CAC-4D27-9335-3586B7A2FB18",
        "text": "A sign :star-struck: ",
        "team": "T7B710AL9",
        "user_team": "T7B710AL9",
        "source_team": "T7B710AL9",
        "user_profile": {
            "avatar_hash": "e3cde9c8add5",
            "image_72": "https:\/\/avatars.slack-edge.com\/2024-03-17\/6827549853793_e3cde9c8add538d486a8_72.png",
            "first_name": "Annabel",
            "real_name": "Annabel Zhao",
            "display_name": "nuts",
            "team": "T7B710AL9",
            "name": "azhao3",
            "is_restricted": false,
            "is_ultra_restricted": false
        },
        "thread_ts": "1675891932.114259",
        "parent_user_id": "U01AGFZUUSW",
        "blocks": [
            {
                "type": "rich_text",
                "block_id": "O4A",
                "elements": [
                    {
                        "type": "rich_text_section",
                        "elements": [
                            {
                                "type": "text",
                                "text": "A sign "
                            },
                            {
                                "type": "emoji",
                                "name": "grinning_face_with_star_eyes",
                                "unicode": "1f929"
                            },
                            {
                                "type": "text",
                                "text": " "
                            }
                        ]
                    }
                ]
            }
        ]
    }
]