[
    {
        "user": "U02CV1EHJ1Y",
        "type": "message",
        "ts": "1674944123.097959",
        "client_msg_id": "3fb16aea-fee1-4480-b0fd-5c8eaf5fc679",
        "text": "there's an Underhill basement??",
        "team": "T7B710AL9",
        "user_team": "T7B710AL9",
        "source_team": "T7B710AL9",
        "user_profile": {
            "avatar_hash": "770583598f7c",
            "image_72": "https:\/\/avatars.slack-edge.com\/2023-03-14\/4971424844160_770583598f7c137fd99e_72.png",
            "first_name": "Aaron",
            "real_name": "Aaron Thammavongxay",
            "display_name": "Ace",
            "team": "T7B710AL9",
            "name": "athamma1",
            "is_restricted": false,
            "is_ultra_restricted": false
        },
        "thread_ts": "1674780480.399389",
        "parent_user_id": "U01AGFZUUSW",
        "blocks": [
            {
                "type": "rich_text",
                "block_id": "xtv",
                "elements": [
                    {
                        "type": "rich_text_section",
                        "elements": [
                            {
                                "type": "text",
                                "text": "there's an Underhill basement??"
                            }
                        ]
                    }
                ]
            }
        ]
    },
    {
        "user": "U01A5BQECAK",
        "type": "message",
        "ts": "1674951399.129969",
        "client_msg_id": "F6334E94-C459-40AE-A843-0C9F1643ADE0",
        "text": "Does anyone else here watch MILF Manor? ",
        "team": "T7B710AL9",
        "user_team": "T7B710AL9",
        "source_team": "T7B710AL9",
        "user_profile": {
            "avatar_hash": "c6a6655f6cf2",
            "image_72": "https:\/\/avatars.slack-edge.com\/2022-03-15\/3231389762311_c6a6655f6cf26cee71b4_72.png",
            "first_name": "Natalie",
            "real_name": "Natalie Fraser",
            "display_name": "Natalie Chai Fraser",
            "team": "T7B710AL9",
            "name": "nfraser1",
            "is_restricted": false,
            "is_ultra_restricted": false
        },
        "thread_ts": "1674951399.129969",
        "reply_count": 1,
        "reply_users_count": 1,
        "latest_reply": "1675016435.491049",
        "reply_users": [
            "UNEB0TUPQ"
        ],
        "replies": [
            {
                "user": "UNEB0TUPQ",
                "ts": "1675016435.491049"
            }
        ],
        "is_locked": false,
        "subscribed": false,
        "blocks": [
            {
                "type": "rich_text",
                "block_id": "iuH9d",
                "elements": [
                    {
                        "type": "rich_text_section",
                        "elements": [
                            {
                                "type": "text",
                                "text": "Does anyone else here watch MILF Manor? "
                            }
                        ]
                    }
                ]
            }
        ],
        "reactions": [
            {
                "name": "no_good",
                "users": [
                    "U01ANMM9XRS",
                    "U019UV6JV4P",
                    "UNEB0TUPQ",
                    "UNBLN9SCC"
                ],
                "count": 4
            }
        ]
    }
]