[
    {
        "user": "U0446E8TCHX",
        "type": "message",
        "ts": "1676418894.904319",
        "client_msg_id": "446BCAC5-2609-481A-88E1-62311FFF0622",
        "text": "fuze said he though switzerland was in america",
        "team": "T7B710AL9",
        "user_team": "T7B710AL9",
        "source_team": "T7B710AL9",
        "user_profile": {
            "avatar_hash": "330ac6b4ac64",
            "image_72": "https:\/\/avatars.slack-edge.com\/2024-05-02\/7045088340247_330ac6b4ac6470ff2637_72.png",
            "first_name": "joe",
            "real_name": "joe",
            "display_name": "mine shot crafts",
            "team": "T7B710AL9",
            "name": "jaustri1",
            "is_restricted": false,
            "is_ultra_restricted": false
        },
        "blocks": [
            {
                "type": "rich_text",
                "block_id": "EsNo",
                "elements": [
                    {
                        "type": "rich_text_section",
                        "elements": [
                            {
                                "type": "text",
                                "text": "fuze said he though switzerland was in america"
                            }
                        ]
                    }
                ]
            }
        ],
        "reactions": [
            {
                "name": "enlightened-skippy",
                "users": [
                    "U01ANMM9XRS",
                    "U019UV6JV4P"
                ],
                "count": 2
            },
            {
                "name": "cappy",
                "users": [
                    "U01A1PNMU6B",
                    "U042M4BL1GE"
                ],
                "count": 2
            }
        ]
    }
]