[
    {
        "text": "gatorade powder + clif bar",
        "files": [
            {
                "id": "F065CH71XJ6",
                "created": 1699793424,
                "timestamp": 1699793424,
                "name": "IMG_3451.jpg",
                "title": "IMG_3451",
                "mimetype": "image\/jpeg",
                "filetype": "jpg",
                "pretty_type": "JPEG",
                "user": "U05SUJ3EXMX",
                "user_team": "T7B710AL9",
                "editable": false,
                "size": 1008967,
                "mode": "hosted",
                "is_external": false,
                "external_type": "",
                "is_public": true,
                "public_url_shared": false,
                "display_as_bot": false,
                "username": "",
                "url_private": "https:\/\/files.slack.com\/files-pri\/T7B710AL9-F065CH71XJ6\/img_3451.jpg?t=xoxe-249239010689-7383763303600-7346417720535-c8977b2d870e66a58192db1f0484baaa",
                "url_private_download": "https:\/\/files.slack.com\/files-pri\/T7B710AL9-F065CH71XJ6\/download\/img_3451.jpg?t=xoxe-249239010689-7383763303600-7346417720535-c8977b2d870e66a58192db1f0484baaa",
                "media_display_type": "unknown",
                "thumb_64": "https:\/\/files.slack.com\/files-tmb\/T7B710AL9-F065CH71XJ6-41ce8770cc\/img_3451_64.jpg?t=xoxe-249239010689-7383763303600-7346417720535-c8977b2d870e66a58192db1f0484baaa",
                "thumb_80": "https:\/\/files.slack.com\/files-tmb\/T7B710AL9-F065CH71XJ6-41ce8770cc\/img_3451_80.jpg?t=xoxe-249239010689-7383763303600-7346417720535-c8977b2d870e66a58192db1f0484baaa",
                "thumb_360": "https:\/\/files.slack.com\/files-tmb\/T7B710AL9-F065CH71XJ6-41ce8770cc\/img_3451_360.jpg?t=xoxe-249239010689-7383763303600-7346417720535-c8977b2d870e66a58192db1f0484baaa",
                "thumb_360_w": 270,
                "thumb_360_h": 360,
                "thumb_480": "https:\/\/files.slack.com\/files-tmb\/T7B710AL9-F065CH71XJ6-41ce8770cc\/img_3451_480.jpg?t=xoxe-249239010689-7383763303600-7346417720535-c8977b2d870e66a58192db1f0484baaa",
                "thumb_480_w": 360,
                "thumb_480_h": 480,
                "thumb_160": "https:\/\/files.slack.com\/files-tmb\/T7B710AL9-F065CH71XJ6-41ce8770cc\/img_3451_160.jpg?t=xoxe-249239010689-7383763303600-7346417720535-c8977b2d870e66a58192db1f0484baaa",
                "thumb_720": "https:\/\/files.slack.com\/files-tmb\/T7B710AL9-F065CH71XJ6-41ce8770cc\/img_3451_720.jpg?t=xoxe-249239010689-7383763303600-7346417720535-c8977b2d870e66a58192db1f0484baaa",
                "thumb_720_w": 540,
                "thumb_720_h": 720,
                "thumb_800": "https:\/\/files.slack.com\/files-tmb\/T7B710AL9-F065CH71XJ6-41ce8770cc\/img_3451_800.jpg?t=xoxe-249239010689-7383763303600-7346417720535-c8977b2d870e66a58192db1f0484baaa",
                "thumb_800_w": 800,
                "thumb_800_h": 1067,
                "thumb_960": "https:\/\/files.slack.com\/files-tmb\/T7B710AL9-F065CH71XJ6-41ce8770cc\/img_3451_960.jpg?t=xoxe-249239010689-7383763303600-7346417720535-c8977b2d870e66a58192db1f0484baaa",
                "thumb_960_w": 720,
                "thumb_960_h": 960,
                "thumb_1024": "https:\/\/files.slack.com\/files-tmb\/T7B710AL9-F065CH71XJ6-41ce8770cc\/img_3451_1024.jpg?t=xoxe-249239010689-7383763303600-7346417720535-c8977b2d870e66a58192db1f0484baaa",
                "thumb_1024_w": 768,
                "thumb_1024_h": 1024,
                "original_w": 3024,
                "original_h": 4032,
                "thumb_tiny": "AwAwACQt7g+YYgDs5AJ7GlmJEO0jnNRcY2ufmPfpSTTnaUPJ7GpaLTQ0AyAhATt9KsxhhEu4EMKowyvHkKeDVyGXzcg8H+dNom4\/zJf7g\/E0b5f7g\/OpVcY6Y9qXeKmzAqY3ZximXSKTkd+pos5CQ4yOMYyKdN9cnB5xVCIWVViyAcg88UkbbQHx0qaIQvG3mls9ucVLHaR7ckHb2yaLjsBuIOPm7f3aPtEH97\/x2j7NEP4T+dH2eL+6fzpXQ7MgssCRgT8x4qWfJKjPJOOtRNFi7wrbT1qZ5flG77wP51RJTYYGeM1cVyg+XoeapsSetWw2QDQA5n3HJH5Gk3D+6fzpD7CilYq5\/9k=",
                "permalink": "https:\/\/swarthmoreultimate.slack.com\/files\/U05SUJ3EXMX\/F065CH71XJ6\/img_3451.jpg",
                "permalink_public": "https:\/\/slack-files.com\/T7B710AL9-F065CH71XJ6-c517c58133",
                "is_starred": false,
                "has_rich_preview": false,
                "file_access": "visible"
            }
        ],
        "upload": false,
        "user": "U05SUJ3EXMX",
        "display_as_bot": false,
        "blocks": [
            {
                "type": "rich_text",
                "block_id": "6Fl\/v",
                "elements": [
                    {
                        "type": "rich_text_section",
                        "elements": [
                            {
                                "type": "text",
                                "text": "gatorade powder + clif bar"
                            }
                        ]
                    }
                ]
            }
        ],
        "type": "message",
        "ts": "1699793638.835889",
        "client_msg_id": "5B346B51-43C5-4B3C-AE8E-99785F62CD25",
        "thread_ts": "1699793638.835889",
        "reply_count": 1,
        "reply_users_count": 1,
        "latest_reply": "1699819030.667589",
        "reply_users": [
            "U01ANMM9XRS"
        ],
        "replies": [
            {
                "user": "U01ANMM9XRS",
                "ts": "1699819030.667589"
            }
        ],
        "is_locked": false,
        "subscribed": false,
        "reactions": [
            {
                "name": "enlightened-skippy",
                "users": [
                    "U01BGKQ3NCX",
                    "U019UV6JV4P"
                ],
                "count": 2
            }
        ]
    },
    {
        "user": "U01ANMM9XRS",
        "type": "message",
        "ts": "1699819030.667589",
        "client_msg_id": "0F2002FD-FE20-4F59-A863-CD52A521FC27",
        "text": "Heinous ",
        "team": "T7B710AL9",
        "user_team": "T7B710AL9",
        "source_team": "T7B710AL9",
        "user_profile": {
            "avatar_hash": "8566e3437a98",
            "image_72": "https:\/\/avatars.slack-edge.com\/2024-05-17\/7148429624081_8566e3437a98c288ec27_72.png",
            "first_name": "Racc",
            "real_name": "Racc",
            "display_name": "",
            "team": "T7B710AL9",
            "name": "ifransa1",
            "is_restricted": false,
            "is_ultra_restricted": false
        },
        "thread_ts": "1699793638.835889",
        "parent_user_id": "U05SUJ3EXMX",
        "blocks": [
            {
                "type": "rich_text",
                "block_id": "YhOce",
                "elements": [
                    {
                        "type": "rich_text_section",
                        "elements": [
                            {
                                "type": "text",
                                "text": "Heinous "
                            }
                        ]
                    }
                ]
            }
        ]
    },
    {
        "text": "guess our play today was pretty sexy tbf",
        "files": [
            {
                "id": "F065S7S97A5",
                "created": 1699841646,
                "timestamp": 1699841646,
                "name": "IMG_0492.jpg",
                "title": "IMG_0492",
                "mimetype": "image\/jpeg",
                "filetype": "jpg",
                "pretty_type": "JPEG",
                "user": "UN12YVARH",
                "user_team": "T7B710AL9",
                "editable": false,
                "size": 40953,
                "mode": "hosted",
                "is_external": false,
                "external_type": "",
                "is_public": true,
                "public_url_shared": false,
                "display_as_bot": false,
                "username": "",
                "url_private": "https:\/\/files.slack.com\/files-pri\/T7B710AL9-F065S7S97A5\/img_0492.jpg?t=xoxe-249239010689-7383763303600-7346417720535-c8977b2d870e66a58192db1f0484baaa",
                "url_private_download": "https:\/\/files.slack.com\/files-pri\/T7B710AL9-F065S7S97A5\/download\/img_0492.jpg?t=xoxe-249239010689-7383763303600-7346417720535-c8977b2d870e66a58192db1f0484baaa",
                "media_display_type": "unknown",
                "thumb_64": "https:\/\/files.slack.com\/files-tmb\/T7B710AL9-F065S7S97A5-0db4c41127\/img_0492_64.jpg?t=xoxe-249239010689-7383763303600-7346417720535-c8977b2d870e66a58192db1f0484baaa",
                "thumb_80": "https:\/\/files.slack.com\/files-tmb\/T7B710AL9-F065S7S97A5-0db4c41127\/img_0492_80.jpg?t=xoxe-249239010689-7383763303600-7346417720535-c8977b2d870e66a58192db1f0484baaa",
                "thumb_360": "https:\/\/files.slack.com\/files-tmb\/T7B710AL9-F065S7S97A5-0db4c41127\/img_0492_360.jpg?t=xoxe-249239010689-7383763303600-7346417720535-c8977b2d870e66a58192db1f0484baaa",
                "thumb_360_w": 337,
                "thumb_360_h": 360,
                "thumb_480": "https:\/\/files.slack.com\/files-tmb\/T7B710AL9-F065S7S97A5-0db4c41127\/img_0492_480.jpg?t=xoxe-249239010689-7383763303600-7346417720535-c8977b2d870e66a58192db1f0484baaa",
                "thumb_480_w": 449,
                "thumb_480_h": 480,
                "thumb_160": "https:\/\/files.slack.com\/files-tmb\/T7B710AL9-F065S7S97A5-0db4c41127\/img_0492_160.jpg?t=xoxe-249239010689-7383763303600-7346417720535-c8977b2d870e66a58192db1f0484baaa",
                "thumb_720": "https:\/\/files.slack.com\/files-tmb\/T7B710AL9-F065S7S97A5-0db4c41127\/img_0492_720.jpg?t=xoxe-249239010689-7383763303600-7346417720535-c8977b2d870e66a58192db1f0484baaa",
                "thumb_720_w": 673,
                "thumb_720_h": 720,
                "thumb_800": "https:\/\/files.slack.com\/files-tmb\/T7B710AL9-F065S7S97A5-0db4c41127\/img_0492_800.jpg?t=xoxe-249239010689-7383763303600-7346417720535-c8977b2d870e66a58192db1f0484baaa",
                "thumb_800_w": 748,
                "thumb_800_h": 800,
                "original_w": 750,
                "original_h": 802,
                "thumb_tiny": "AwAwACylu46\/pSZyQCcD1xQrqAMxg\/jSOytjagX6GgB42j+P\/wAdpDt6hsn6UwDIPAoBwRxQA4HHehmJOSaTcP7opD16YoASlAznJA+tICR0OKXc394\/nQAu0f3h+tG0f3h+tXbe1WWFXMzZPUAjiq1wvlTMiyFgO+aAIaCSTk0u5v7xpKACingpgZQZ+ppdyY+4Dx6mgCPFFP3L\/wA8x\/30aZ+FABRRRQB\/\/9k=",
                "permalink": "https:\/\/swarthmoreultimate.slack.com\/files\/UN12YVARH\/F065S7S97A5\/img_0492.jpg",
                "permalink_public": "https:\/\/slack-files.com\/T7B710AL9-F065S7S97A5-326ef29852",
                "is_starred": false,
                "has_rich_preview": false,
                "file_access": "visible"
            }
        ],
        "upload": false,
        "user": "UN12YVARH",
        "display_as_bot": false,
        "blocks": [
            {
                "type": "rich_text",
                "block_id": "ak\/1v",
                "elements": [
                    {
                        "type": "rich_text_section",
                        "elements": [
                            {
                                "type": "text",
                                "text": "guess our play today was pretty sexy tbf"
                            }
                        ]
                    }
                ]
            }
        ],
        "type": "message",
        "ts": "1699841713.513829",
        "client_msg_id": "9800339F-0FE6-4047-8E02-5010EA55ED62"
    }
]