[
    {
        "text": "",
        "files": [
            {
                "id": "F060C5HN4TC",
                "created": 1696869683,
                "timestamp": 1696869683,
                "name": "Screen Shot 2023-09-28 at 10.09.35 PM.jpg",
                "title": "Screen Shot 2023-09-28 at 10.09.35 PM.jpg",
                "mimetype": "image\/jpeg",
                "filetype": "jpg",
                "pretty_type": "JPEG",
                "user": "U01DZ0DF0U8",
                "user_team": "T7B710AL9",
                "editable": false,
                "size": 40658,
                "mode": "hosted",
                "is_external": false,
                "external_type": "",
                "is_public": true,
                "public_url_shared": false,
                "display_as_bot": false,
                "username": "",
                "url_private": "https:\/\/files.slack.com\/files-pri\/T7B710AL9-F060C5HN4TC\/screen_shot_2023-09-28_at_10.09.35_pm.jpg?t=xoxe-249239010689-7383763303600-7346417720535-c8977b2d870e66a58192db1f0484baaa",
                "url_private_download": "https:\/\/files.slack.com\/files-pri\/T7B710AL9-F060C5HN4TC\/download\/screen_shot_2023-09-28_at_10.09.35_pm.jpg?t=xoxe-249239010689-7383763303600-7346417720535-c8977b2d870e66a58192db1f0484baaa",
                "media_display_type": "unknown",
                "thumb_64": "https:\/\/files.slack.com\/files-tmb\/T7B710AL9-F060C5HN4TC-bfa7235e7c\/screen_shot_2023-09-28_at_10.09.35_pm_64.jpg?t=xoxe-249239010689-7383763303600-7346417720535-c8977b2d870e66a58192db1f0484baaa",
                "thumb_80": "https:\/\/files.slack.com\/files-tmb\/T7B710AL9-F060C5HN4TC-bfa7235e7c\/screen_shot_2023-09-28_at_10.09.35_pm_80.jpg?t=xoxe-249239010689-7383763303600-7346417720535-c8977b2d870e66a58192db1f0484baaa",
                "thumb_360": "https:\/\/files.slack.com\/files-tmb\/T7B710AL9-F060C5HN4TC-bfa7235e7c\/screen_shot_2023-09-28_at_10.09.35_pm_360.jpg?t=xoxe-249239010689-7383763303600-7346417720535-c8977b2d870e66a58192db1f0484baaa",
                "thumb_360_w": 360,
                "thumb_360_h": 91,
                "thumb_480": "https:\/\/files.slack.com\/files-tmb\/T7B710AL9-F060C5HN4TC-bfa7235e7c\/screen_shot_2023-09-28_at_10.09.35_pm_480.jpg?t=xoxe-249239010689-7383763303600-7346417720535-c8977b2d870e66a58192db1f0484baaa",
                "thumb_480_w": 480,
                "thumb_480_h": 121,
                "thumb_160": "https:\/\/files.slack.com\/files-tmb\/T7B710AL9-F060C5HN4TC-bfa7235e7c\/screen_shot_2023-09-28_at_10.09.35_pm_160.jpg?t=xoxe-249239010689-7383763303600-7346417720535-c8977b2d870e66a58192db1f0484baaa",
                "thumb_720": "https:\/\/files.slack.com\/files-tmb\/T7B710AL9-F060C5HN4TC-bfa7235e7c\/screen_shot_2023-09-28_at_10.09.35_pm_720.jpg?t=xoxe-249239010689-7383763303600-7346417720535-c8977b2d870e66a58192db1f0484baaa",
                "thumb_720_w": 720,
                "thumb_720_h": 181,
                "thumb_800": "https:\/\/files.slack.com\/files-tmb\/T7B710AL9-F060C5HN4TC-bfa7235e7c\/screen_shot_2023-09-28_at_10.09.35_pm_800.jpg?t=xoxe-249239010689-7383763303600-7346417720535-c8977b2d870e66a58192db1f0484baaa",
                "thumb_800_w": 800,
                "thumb_800_h": 201,
                "thumb_960": "https:\/\/files.slack.com\/files-tmb\/T7B710AL9-F060C5HN4TC-bfa7235e7c\/screen_shot_2023-09-28_at_10.09.35_pm_960.jpg?t=xoxe-249239010689-7383763303600-7346417720535-c8977b2d870e66a58192db1f0484baaa",
                "thumb_960_w": 960,
                "thumb_960_h": 241,
                "thumb_1024": "https:\/\/files.slack.com\/files-tmb\/T7B710AL9-F060C5HN4TC-bfa7235e7c\/screen_shot_2023-09-28_at_10.09.35_pm_1024.jpg?t=xoxe-249239010689-7383763303600-7346417720535-c8977b2d870e66a58192db1f0484baaa",
                "thumb_1024_w": 1024,
                "thumb_1024_h": 258,
                "original_w": 1288,
                "original_h": 324,
                "thumb_tiny": "AwAMADCexIFtzjqasKQD2qHT\/wDj2\/4EatU2CGbl9qQuB0wfxqSikAwOD6D8aNy+op9FAH\/\/2Q==",
                "permalink": "https:\/\/swarthmoreultimate.slack.com\/files\/U01DZ0DF0U8\/F060C5HN4TC\/screen_shot_2023-09-28_at_10.09.35_pm.jpg",
                "permalink_public": "https:\/\/slack-files.com\/T7B710AL9-F060C5HN4TC-3707b34226",
                "is_starred": false,
                "has_rich_preview": false,
                "file_access": "visible"
            }
        ],
        "upload": false,
        "user": "U01DZ0DF0U8",
        "display_as_bot": false,
        "type": "message",
        "ts": "1696869689.162309",
        "client_msg_id": "9c79e836-dcfb-46df-8d43-3a62cdba0acd",
        "reactions": [
            {
                "name": "blobfishmateo",
                "users": [
                    "U01AFT4NEPN",
                    "U01ANMM9XRS",
                    "U04206SVBBP",
                    "U02CH0X3XQE",
                    "U042TKFF6UT",
                    "U01A1PNMU6B",
                    "U01AGFZUUSW",
                    "U01BGKQ3NCX",
                    "U041ACX3QCE",
                    "U02DA9RUA7M",
                    "U02CV1EHJ1Y",
                    "U0412DQJWEB",
                    "U02MFDM09RB"
                ],
                "count": 13
            },
            {
                "name": "fingerguns",
                "users": [
                    "U04206SVBBP",
                    "U042TKFF6UT",
                    "U019UV6JV4P",
                    "U041ACX3QCE",
                    "U02DA9RUA7M",
                    "U02CV1EHJ1Y",
                    "U0412DQJWEB",
                    "U02MFDM09RB",
                    "U01ANMM9XRS"
                ],
                "count": 9
            },
            {
                "name": "123dab",
                "users": [
                    "U04206SVBBP",
                    "U042TKFF6UT",
                    "U041ACX3QCE",
                    "U02DA9RUA7M",
                    "U02CV1EHJ1Y",
                    "U0412DQJWEB",
                    "U02MFDM09RB",
                    "U01ANMM9XRS"
                ],
                "count": 8
            }
        ]
    }
]