[
    {
        "text": "",
        "files": [
            {
                "id": "F0532UU7F5E",
                "created": 1680978171,
                "timestamp": 1680978171,
                "name": "IMG_3883.jpg",
                "title": "IMG_3883",
                "mimetype": "image\/jpeg",
                "filetype": "jpg",
                "pretty_type": "JPEG",
                "user": "U042N13FWNA",
                "user_team": "T7B710AL9",
                "editable": false,
                "size": 1376572,
                "mode": "hosted",
                "is_external": false,
                "external_type": "",
                "is_public": true,
                "public_url_shared": false,
                "display_as_bot": false,
                "username": "",
                "url_private": "https:\/\/files.slack.com\/files-pri\/T7B710AL9-F0532UU7F5E\/img_3883.jpg?t=xoxe-249239010689-7383763303600-7346417720535-c8977b2d870e66a58192db1f0484baaa",
                "url_private_download": "https:\/\/files.slack.com\/files-pri\/T7B710AL9-F0532UU7F5E\/download\/img_3883.jpg?t=xoxe-249239010689-7383763303600-7346417720535-c8977b2d870e66a58192db1f0484baaa",
                "media_display_type": "unknown",
                "thumb_64": "https:\/\/files.slack.com\/files-tmb\/T7B710AL9-F0532UU7F5E-25bb9bf673\/img_3883_64.jpg?t=xoxe-249239010689-7383763303600-7346417720535-c8977b2d870e66a58192db1f0484baaa",
                "thumb_80": "https:\/\/files.slack.com\/files-tmb\/T7B710AL9-F0532UU7F5E-25bb9bf673\/img_3883_80.jpg?t=xoxe-249239010689-7383763303600-7346417720535-c8977b2d870e66a58192db1f0484baaa",
                "thumb_360": "https:\/\/files.slack.com\/files-tmb\/T7B710AL9-F0532UU7F5E-25bb9bf673\/img_3883_360.jpg?t=xoxe-249239010689-7383763303600-7346417720535-c8977b2d870e66a58192db1f0484baaa",
                "thumb_360_w": 270,
                "thumb_360_h": 360,
                "thumb_480": "https:\/\/files.slack.com\/files-tmb\/T7B710AL9-F0532UU7F5E-25bb9bf673\/img_3883_480.jpg?t=xoxe-249239010689-7383763303600-7346417720535-c8977b2d870e66a58192db1f0484baaa",
                "thumb_480_w": 360,
                "thumb_480_h": 480,
                "thumb_160": "https:\/\/files.slack.com\/files-tmb\/T7B710AL9-F0532UU7F5E-25bb9bf673\/img_3883_160.jpg?t=xoxe-249239010689-7383763303600-7346417720535-c8977b2d870e66a58192db1f0484baaa",
                "thumb_720": "https:\/\/files.slack.com\/files-tmb\/T7B710AL9-F0532UU7F5E-25bb9bf673\/img_3883_720.jpg?t=xoxe-249239010689-7383763303600-7346417720535-c8977b2d870e66a58192db1f0484baaa",
                "thumb_720_w": 540,
                "thumb_720_h": 720,
                "thumb_800": "https:\/\/files.slack.com\/files-tmb\/T7B710AL9-F0532UU7F5E-25bb9bf673\/img_3883_800.jpg?t=xoxe-249239010689-7383763303600-7346417720535-c8977b2d870e66a58192db1f0484baaa",
                "thumb_800_w": 800,
                "thumb_800_h": 1067,
                "thumb_960": "https:\/\/files.slack.com\/files-tmb\/T7B710AL9-F0532UU7F5E-25bb9bf673\/img_3883_960.jpg?t=xoxe-249239010689-7383763303600-7346417720535-c8977b2d870e66a58192db1f0484baaa",
                "thumb_960_w": 720,
                "thumb_960_h": 960,
                "thumb_1024": "https:\/\/files.slack.com\/files-tmb\/T7B710AL9-F0532UU7F5E-25bb9bf673\/img_3883_1024.jpg?t=xoxe-249239010689-7383763303600-7346417720535-c8977b2d870e66a58192db1f0484baaa",
                "thumb_1024_w": 768,
                "thumb_1024_h": 1024,
                "original_w": 3024,
                "original_h": 4032,
                "thumb_tiny": "AwAwACSNXBJHpTwNz7uDtGQPU0mxVQM+Rx1x1phkTcAFOD6nrSGiVyWIDKRyOaiZucUiTKc7iwOevWnOgEyrxyMjFNBIcI89WbNL5Y\/vN+dPW5BHAPHHSl+0ezflWfNLsOyIJ8pbqCc4NQqDJ8qjJxmp7wZiHHeoYJVhl3EZGMcVa2HHYiHOFxyTWkYB5u\/0GB7VVLpPMNoKqB36mrayY4b86LiY1YCmQp4JzS+W\/rUuRRkUXEQSKHXaRms9gM8GtLP61D5SBy\/Un8hSixJsr24G44549Ktqu9goOM+tMjEY3bQAe+KeDt+ZcZFD3AV4ipAEg\/lTfLb\/AJ6D86jaUk\/MTn2pPMHqaLGntGf\/2Q==",
                "permalink": "https:\/\/swarthmoreultimate.slack.com\/files\/U042N13FWNA\/F0532UU7F5E\/img_3883.jpg",
                "permalink_public": "https:\/\/slack-files.com\/T7B710AL9-F0532UU7F5E-d8c4017411",
                "is_starred": false,
                "has_rich_preview": false,
                "file_access": "visible"
            }
        ],
        "upload": false,
        "user": "U042N13FWNA",
        "display_as_bot": false,
        "type": "message",
        "ts": "1680978180.606059",
        "client_msg_id": "3EB6D099-FE48-4D70-956F-E4520A03FCEB",
        "reactions": [
            {
                "name": "hotdog",
                "users": [
                    "U0421MC7G65",
                    "U041ACX3QCE",
                    "UCVH3M03G",
                    "U04206SVBBP",
                    "U01ANMM9XRS",
                    "U02MFDM09RB"
                ],
                "count": 6
            }
        ]
    },
    {
        "text": "",
        "files": [
            {
                "id": "F052ASGCJ05",
                "created": 1681017202,
                "timestamp": 1681017202,
                "name": "IMG_4534.jpg",
                "title": "IMG_4534",
                "mimetype": "image\/jpeg",
                "filetype": "jpg",
                "pretty_type": "JPEG",
                "user": "U01ANMM9XRS",
                "user_team": "T7B710AL9",
                "editable": false,
                "size": 1260262,
                "mode": "hosted",
                "is_external": false,
                "external_type": "",
                "is_public": true,
                "public_url_shared": false,
                "display_as_bot": false,
                "username": "",
                "url_private": "https:\/\/files.slack.com\/files-pri\/T7B710AL9-F052ASGCJ05\/img_4534.jpg?t=xoxe-249239010689-7383763303600-7346417720535-c8977b2d870e66a58192db1f0484baaa",
                "url_private_download": "https:\/\/files.slack.com\/files-pri\/T7B710AL9-F052ASGCJ05\/download\/img_4534.jpg?t=xoxe-249239010689-7383763303600-7346417720535-c8977b2d870e66a58192db1f0484baaa",
                "media_display_type": "unknown",
                "thumb_64": "https:\/\/files.slack.com\/files-tmb\/T7B710AL9-F052ASGCJ05-13469243fd\/img_4534_64.jpg?t=xoxe-249239010689-7383763303600-7346417720535-c8977b2d870e66a58192db1f0484baaa",
                "thumb_80": "https:\/\/files.slack.com\/files-tmb\/T7B710AL9-F052ASGCJ05-13469243fd\/img_4534_80.jpg?t=xoxe-249239010689-7383763303600-7346417720535-c8977b2d870e66a58192db1f0484baaa",
                "thumb_360": "https:\/\/files.slack.com\/files-tmb\/T7B710AL9-F052ASGCJ05-13469243fd\/img_4534_360.jpg?t=xoxe-249239010689-7383763303600-7346417720535-c8977b2d870e66a58192db1f0484baaa",
                "thumb_360_w": 270,
                "thumb_360_h": 360,
                "thumb_480": "https:\/\/files.slack.com\/files-tmb\/T7B710AL9-F052ASGCJ05-13469243fd\/img_4534_480.jpg?t=xoxe-249239010689-7383763303600-7346417720535-c8977b2d870e66a58192db1f0484baaa",
                "thumb_480_w": 360,
                "thumb_480_h": 480,
                "thumb_160": "https:\/\/files.slack.com\/files-tmb\/T7B710AL9-F052ASGCJ05-13469243fd\/img_4534_160.jpg?t=xoxe-249239010689-7383763303600-7346417720535-c8977b2d870e66a58192db1f0484baaa",
                "thumb_720": "https:\/\/files.slack.com\/files-tmb\/T7B710AL9-F052ASGCJ05-13469243fd\/img_4534_720.jpg?t=xoxe-249239010689-7383763303600-7346417720535-c8977b2d870e66a58192db1f0484baaa",
                "thumb_720_w": 540,
                "thumb_720_h": 720,
                "thumb_800": "https:\/\/files.slack.com\/files-tmb\/T7B710AL9-F052ASGCJ05-13469243fd\/img_4534_800.jpg?t=xoxe-249239010689-7383763303600-7346417720535-c8977b2d870e66a58192db1f0484baaa",
                "thumb_800_w": 800,
                "thumb_800_h": 1067,
                "thumb_960": "https:\/\/files.slack.com\/files-tmb\/T7B710AL9-F052ASGCJ05-13469243fd\/img_4534_960.jpg?t=xoxe-249239010689-7383763303600-7346417720535-c8977b2d870e66a58192db1f0484baaa",
                "thumb_960_w": 720,
                "thumb_960_h": 960,
                "thumb_1024": "https:\/\/files.slack.com\/files-tmb\/T7B710AL9-F052ASGCJ05-13469243fd\/img_4534_1024.jpg?t=xoxe-249239010689-7383763303600-7346417720535-c8977b2d870e66a58192db1f0484baaa",
                "thumb_1024_w": 768,
                "thumb_1024_h": 1024,
                "original_w": 3024,
                "original_h": 4032,
                "thumb_tiny": "AwAwACTNpyjLAU3NSwjdKo96AJtiKAD371FOgUgjoavtBuHT8RVO4IHygdKlMpor4FGKU9elJ+FUSJUqLtIJ7dhUa\/eFS7qaAvyXCrFleSelZ2D1pS3FEfLgDvStYbdxh+lH4VKU5pNtAiEHFSDBpoFCg0AW1tk+UOSSwzxwBVj7NGsfyDBHOaqw3IX5ZBkDofSklum6Rt+NZyUm9CtLDTIM\/MCCPSjzE9\/yqAtkknvSZqyT\/9k=",
                "permalink": "https:\/\/swarthmoreultimate.slack.com\/files\/U01ANMM9XRS\/F052ASGCJ05\/img_4534.jpg",
                "permalink_public": "https:\/\/slack-files.com\/T7B710AL9-F052ASGCJ05-e316750956",
                "is_starred": false,
                "has_rich_preview": false,
                "file_access": "visible"
            }
        ],
        "upload": false,
        "user": "U01ANMM9XRS",
        "display_as_bot": false,
        "type": "message",
        "ts": "1681017209.611509",
        "client_msg_id": "2BACECEC-2A12-4338-AA85-D262BE7369D3",
        "thread_ts": "1681017209.611509",
        "reply_count": 1,
        "reply_users_count": 1,
        "latest_reply": "1681017492.609679",
        "reply_users": [
            "U01ANMM9XRS"
        ],
        "replies": [
            {
                "user": "U01ANMM9XRS",
                "ts": "1681017492.609679"
            }
        ],
        "is_locked": false,
        "subscribed": false,
        "reactions": [
            {
                "name": "incognito-shane",
                "users": [
                    "UNCGS8RT2",
                    "U041ACX3QCE",
                    "U02CH0X3XQE",
                    "U04206SVBBP",
                    "U042N13FWNA",
                    "U041VKJ0UBB",
                    "U01AFT4NEPN",
                    "U02MFDM09RB"
                ],
                "count": 8
            },
            {
                "name": "pineapple",
                "users": [
                    "U02CH0X3XQE",
                    "U041VKJ0UBB",
                    "U041ACX3QCE",
                    "U02MFDM09RB"
                ],
                "count": 4
            },
            {
                "name": "question",
                "users": [
                    "U02CH0X3XQE",
                    "U041VKJ0UBB",
                    "U041ACX3QCE",
                    "U02MFDM09RB"
                ],
                "count": 4
            }
        ]
    },
    {
        "text": "",
        "files": [
            {
                "id": "F0533FSH9BJ",
                "created": 1681017479,
                "timestamp": 1681017479,
                "name": "IMG_4538.jpg",
                "title": "IMG_4538",
                "mimetype": "image\/jpeg",
                "filetype": "jpg",
                "pretty_type": "JPEG",
                "user": "U01ANMM9XRS",
                "user_team": "T7B710AL9",
                "editable": false,
                "size": 1205702,
                "mode": "hosted",
                "is_external": false,
                "external_type": "",
                "is_public": true,
                "public_url_shared": false,
                "display_as_bot": false,
                "username": "",
                "url_private": "https:\/\/files.slack.com\/files-pri\/T7B710AL9-F0533FSH9BJ\/img_4538.jpg?t=xoxe-249239010689-7383763303600-7346417720535-c8977b2d870e66a58192db1f0484baaa",
                "url_private_download": "https:\/\/files.slack.com\/files-pri\/T7B710AL9-F0533FSH9BJ\/download\/img_4538.jpg?t=xoxe-249239010689-7383763303600-7346417720535-c8977b2d870e66a58192db1f0484baaa",
                "media_display_type": "unknown",
                "thumb_64": "https:\/\/files.slack.com\/files-tmb\/T7B710AL9-F0533FSH9BJ-1fe51b174d\/img_4538_64.jpg?t=xoxe-249239010689-7383763303600-7346417720535-c8977b2d870e66a58192db1f0484baaa",
                "thumb_80": "https:\/\/files.slack.com\/files-tmb\/T7B710AL9-F0533FSH9BJ-1fe51b174d\/img_4538_80.jpg?t=xoxe-249239010689-7383763303600-7346417720535-c8977b2d870e66a58192db1f0484baaa",
                "thumb_360": "https:\/\/files.slack.com\/files-tmb\/T7B710AL9-F0533FSH9BJ-1fe51b174d\/img_4538_360.jpg?t=xoxe-249239010689-7383763303600-7346417720535-c8977b2d870e66a58192db1f0484baaa",
                "thumb_360_w": 270,
                "thumb_360_h": 360,
                "thumb_480": "https:\/\/files.slack.com\/files-tmb\/T7B710AL9-F0533FSH9BJ-1fe51b174d\/img_4538_480.jpg?t=xoxe-249239010689-7383763303600-7346417720535-c8977b2d870e66a58192db1f0484baaa",
                "thumb_480_w": 360,
                "thumb_480_h": 480,
                "thumb_160": "https:\/\/files.slack.com\/files-tmb\/T7B710AL9-F0533FSH9BJ-1fe51b174d\/img_4538_160.jpg?t=xoxe-249239010689-7383763303600-7346417720535-c8977b2d870e66a58192db1f0484baaa",
                "thumb_720": "https:\/\/files.slack.com\/files-tmb\/T7B710AL9-F0533FSH9BJ-1fe51b174d\/img_4538_720.jpg?t=xoxe-249239010689-7383763303600-7346417720535-c8977b2d870e66a58192db1f0484baaa",
                "thumb_720_w": 540,
                "thumb_720_h": 720,
                "thumb_800": "https:\/\/files.slack.com\/files-tmb\/T7B710AL9-F0533FSH9BJ-1fe51b174d\/img_4538_800.jpg?t=xoxe-249239010689-7383763303600-7346417720535-c8977b2d870e66a58192db1f0484baaa",
                "thumb_800_w": 800,
                "thumb_800_h": 1067,
                "thumb_960": "https:\/\/files.slack.com\/files-tmb\/T7B710AL9-F0533FSH9BJ-1fe51b174d\/img_4538_960.jpg?t=xoxe-249239010689-7383763303600-7346417720535-c8977b2d870e66a58192db1f0484baaa",
                "thumb_960_w": 720,
                "thumb_960_h": 960,
                "thumb_1024": "https:\/\/files.slack.com\/files-tmb\/T7B710AL9-F0533FSH9BJ-1fe51b174d\/img_4538_1024.jpg?t=xoxe-249239010689-7383763303600-7346417720535-c8977b2d870e66a58192db1f0484baaa",
                "thumb_1024_w": 768,
                "thumb_1024_h": 1024,
                "original_w": 3024,
                "original_h": 4032,
                "thumb_tiny": "AwAwACSSR+CHXGR+FReWEAJIOfSh52B2oOc96VWbIV0AJP3hUlagMA5A4pfnJBAxipXwqLgj0ximrzgt09KYvMcNwHpS5b1p+D\/CBijDeg\/OlyjujPB3SMc8irD\/AOq3ZznGKqqhaQEd6kmLDYP4VpMESNuPJGPxppRsDB5p2d38OSORzUnXk8UuoyPzJV4wTjvR50v91vyqXg9x+dGB6j86YFBZACCOoqeeVfJXHIJqqMAdaTdnC9hVNElj5pIi68beT24qIE85NDb1QpnhhzTRwOaljQ7NJkUYzRtoGf\/Z",
                "permalink": "https:\/\/swarthmoreultimate.slack.com\/files\/U01ANMM9XRS\/F0533FSH9BJ\/img_4538.jpg",
                "permalink_public": "https:\/\/slack-files.com\/T7B710AL9-F0533FSH9BJ-bc12079496",
                "is_starred": false,
                "has_rich_preview": false,
                "file_access": "visible"
            }
        ],
        "upload": false,
        "user": "U01ANMM9XRS",
        "display_as_bot": false,
        "type": "message",
        "ts": "1681017492.609679",
        "client_msg_id": "F2E32C28-69D5-4BD8-B919-149E10456F31",
        "thread_ts": "1681017209.611509",
        "parent_user_id": "U01ANMM9XRS",
        "reactions": [
            {
                "name": "enlightened-skippy",
                "users": [
                    "U01AFT4NEPN",
                    "U02MFDM09RB"
                ],
                "count": 2
            }
        ]
    }
]