[
    {
        "text": "Guess someone's not being accepted",
        "files": [
            {
                "id": "F056BABFGG5",
                "created": 1683288271,
                "timestamp": 1683288271,
                "name": "Screenshot_20230505-080340~2.png",
                "title": "Screenshot_20230505-080340~2.png",
                "mimetype": "image\/png",
                "filetype": "png",
                "pretty_type": "PNG",
                "user": "UNC4W0F96",
                "user_team": "T7B710AL9",
                "editable": false,
                "size": 76393,
                "mode": "hosted",
                "is_external": false,
                "external_type": "",
                "is_public": true,
                "public_url_shared": false,
                "display_as_bot": false,
                "username": "",
                "url_private": "https:\/\/files.slack.com\/files-pri\/T7B710AL9-F056BABFGG5\/screenshot_20230505-080340_2.png?t=xoxe-249239010689-7383763303600-7346417720535-c8977b2d870e66a58192db1f0484baaa",
                "url_private_download": "https:\/\/files.slack.com\/files-pri\/T7B710AL9-F056BABFGG5\/download\/screenshot_20230505-080340_2.png?t=xoxe-249239010689-7383763303600-7346417720535-c8977b2d870e66a58192db1f0484baaa",
                "media_display_type": "unknown",
                "thumb_64": "https:\/\/files.slack.com\/files-tmb\/T7B710AL9-F056BABFGG5-6de2f61731\/screenshot_20230505-080340_2_64.png?t=xoxe-249239010689-7383763303600-7346417720535-c8977b2d870e66a58192db1f0484baaa",
                "thumb_80": "https:\/\/files.slack.com\/files-tmb\/T7B710AL9-F056BABFGG5-6de2f61731\/screenshot_20230505-080340_2_80.png?t=xoxe-249239010689-7383763303600-7346417720535-c8977b2d870e66a58192db1f0484baaa",
                "thumb_360": "https:\/\/files.slack.com\/files-tmb\/T7B710AL9-F056BABFGG5-6de2f61731\/screenshot_20230505-080340_2_360.png?t=xoxe-249239010689-7383763303600-7346417720535-c8977b2d870e66a58192db1f0484baaa",
                "thumb_360_w": 360,
                "thumb_360_h": 158,
                "thumb_480": "https:\/\/files.slack.com\/files-tmb\/T7B710AL9-F056BABFGG5-6de2f61731\/screenshot_20230505-080340_2_480.png?t=xoxe-249239010689-7383763303600-7346417720535-c8977b2d870e66a58192db1f0484baaa",
                "thumb_480_w": 480,
                "thumb_480_h": 211,
                "thumb_160": "https:\/\/files.slack.com\/files-tmb\/T7B710AL9-F056BABFGG5-6de2f61731\/screenshot_20230505-080340_2_160.png?t=xoxe-249239010689-7383763303600-7346417720535-c8977b2d870e66a58192db1f0484baaa",
                "thumb_720": "https:\/\/files.slack.com\/files-tmb\/T7B710AL9-F056BABFGG5-6de2f61731\/screenshot_20230505-080340_2_720.png?t=xoxe-249239010689-7383763303600-7346417720535-c8977b2d870e66a58192db1f0484baaa",
                "thumb_720_w": 720,
                "thumb_720_h": 316,
                "thumb_800": "https:\/\/files.slack.com\/files-tmb\/T7B710AL9-F056BABFGG5-6de2f61731\/screenshot_20230505-080340_2_800.png?t=xoxe-249239010689-7383763303600-7346417720535-c8977b2d870e66a58192db1f0484baaa",
                "thumb_800_w": 800,
                "thumb_800_h": 351,
                "thumb_960": "https:\/\/files.slack.com\/files-tmb\/T7B710AL9-F056BABFGG5-6de2f61731\/screenshot_20230505-080340_2_960.png?t=xoxe-249239010689-7383763303600-7346417720535-c8977b2d870e66a58192db1f0484baaa",
                "thumb_960_w": 960,
                "thumb_960_h": 421,
                "thumb_1024": "https:\/\/files.slack.com\/files-tmb\/T7B710AL9-F056BABFGG5-6de2f61731\/screenshot_20230505-080340_2_1024.png?t=xoxe-249239010689-7383763303600-7346417720535-c8977b2d870e66a58192db1f0484baaa",
                "thumb_1024_w": 1024,
                "thumb_1024_h": 449,
                "original_w": 1080,
                "original_h": 474,
                "thumb_tiny": "AwAVADDRIOeCB+FKAc8kflULRSG5DjbtHfvQSgYglQfcigCeiogmeQopw3dOgoAfSYOeox9KMN\/e\/SgA9zmgBagNohYnLDJz2qeimnYBiRqiBRnAp4GKKKQBRRRQB\/\/Z",
                "permalink": "https:\/\/swarthmoreultimate.slack.com\/files\/UNC4W0F96\/F056BABFGG5\/screenshot_20230505-080340_2.png",
                "permalink_public": "https:\/\/slack-files.com\/T7B710AL9-F056BABFGG5-f1aa118a6e",
                "is_starred": false,
                "has_rich_preview": false,
                "file_access": "visible"
            }
        ],
        "upload": false,
        "user": "UNC4W0F96",
        "display_as_bot": false,
        "blocks": [
            {
                "type": "rich_text",
                "block_id": "aKbqk",
                "elements": [
                    {
                        "type": "rich_text_section",
                        "elements": [
                            {
                                "type": "text",
                                "text": "Guess someone's not being accepted"
                            }
                        ]
                    }
                ]
            }
        ],
        "type": "message",
        "ts": "1683288283.616049",
        "client_msg_id": "e106ff0e-065e-4fc7-ac54-f37829ca20a8",
        "thread_ts": "1683250169.020849",
        "parent_user_id": "U042N13FWNA",
        "reactions": [
            {
                "name": "mateopog",
                "users": [
                    "U01AFT4NEPN",
                    "U042M4BL1GE",
                    "U02CH0X3XQE",
                    "U042N13FWNA"
                ],
                "count": 4
            }
        ]
    }
]