[
    {
        "user": "U0446E8TCHX",
        "type": "message",
        "ts": "1686634807.903779",
        "client_msg_id": "E82F697D-3CFB-4076-B396-D1AB36C28537",
        "text": "banned for a day on roblox",
        "team": "T7B710AL9",
        "user_team": "T7B710AL9",
        "source_team": "T7B710AL9",
        "user_profile": {
            "avatar_hash": "330ac6b4ac64",
            "image_72": "https:\/\/avatars.slack-edge.com\/2024-05-02\/7045088340247_330ac6b4ac6470ff2637_72.png",
            "first_name": "joe",
            "real_name": "joe",
            "display_name": "mine shot crafts",
            "team": "T7B710AL9",
            "name": "jaustri1",
            "is_restricted": false,
            "is_ultra_restricted": false
        },
        "blocks": [
            {
                "type": "rich_text",
                "block_id": "bFdh",
                "elements": [
                    {
                        "type": "rich_text_section",
                        "elements": [
                            {
                                "type": "text",
                                "text": "banned for a day on roblox"
                            }
                        ]
                    }
                ]
            }
        ],
        "reactions": [
            {
                "name": "judge-grace",
                "users": [
                    "U01AFT4NEPN",
                    "U01ANMM9XRS",
                    "U02CH0X3XQE",
                    "U041ACX3QCE",
                    "U04206SVBBP",
                    "U019UV6JV4P",
                    "U01AGFZUUSW",
                    "U042M4BL1GE",
                    "UNBLN9SCC",
                    "U02MFDM09RB"
                ],
                "count": 10
            }
        ]
    }
]