[
    {
        "text": "",
        "files": [
            {
                "id": "F0663LXSF6F",
                "created": 1700158402,
                "timestamp": 1700158402,
                "name": "IMG_8374.jpg",
                "title": "IMG_8374",
                "mimetype": "image\/jpeg",
                "filetype": "jpg",
                "pretty_type": "JPEG",
                "user": "U01ANMM9XRS",
                "user_team": "T7B710AL9",
                "editable": false,
                "size": 723089,
                "mode": "hosted",
                "is_external": false,
                "external_type": "",
                "is_public": true,
                "public_url_shared": false,
                "display_as_bot": false,
                "username": "",
                "url_private": "https:\/\/files.slack.com\/files-pri\/T7B710AL9-F0663LXSF6F\/img_8374.jpg?t=xoxe-249239010689-7383763303600-7346417720535-c8977b2d870e66a58192db1f0484baaa",
                "url_private_download": "https:\/\/files.slack.com\/files-pri\/T7B710AL9-F0663LXSF6F\/download\/img_8374.jpg?t=xoxe-249239010689-7383763303600-7346417720535-c8977b2d870e66a58192db1f0484baaa",
                "media_display_type": "unknown",
                "thumb_64": "https:\/\/files.slack.com\/files-tmb\/T7B710AL9-F0663LXSF6F-9d87d15206\/img_8374_64.jpg?t=xoxe-249239010689-7383763303600-7346417720535-c8977b2d870e66a58192db1f0484baaa",
                "thumb_80": "https:\/\/files.slack.com\/files-tmb\/T7B710AL9-F0663LXSF6F-9d87d15206\/img_8374_80.jpg?t=xoxe-249239010689-7383763303600-7346417720535-c8977b2d870e66a58192db1f0484baaa",
                "thumb_360": "https:\/\/files.slack.com\/files-tmb\/T7B710AL9-F0663LXSF6F-9d87d15206\/img_8374_360.jpg?t=xoxe-249239010689-7383763303600-7346417720535-c8977b2d870e66a58192db1f0484baaa",
                "thumb_360_w": 270,
                "thumb_360_h": 360,
                "thumb_480": "https:\/\/files.slack.com\/files-tmb\/T7B710AL9-F0663LXSF6F-9d87d15206\/img_8374_480.jpg?t=xoxe-249239010689-7383763303600-7346417720535-c8977b2d870e66a58192db1f0484baaa",
                "thumb_480_w": 360,
                "thumb_480_h": 480,
                "thumb_160": "https:\/\/files.slack.com\/files-tmb\/T7B710AL9-F0663LXSF6F-9d87d15206\/img_8374_160.jpg?t=xoxe-249239010689-7383763303600-7346417720535-c8977b2d870e66a58192db1f0484baaa",
                "thumb_720": "https:\/\/files.slack.com\/files-tmb\/T7B710AL9-F0663LXSF6F-9d87d15206\/img_8374_720.jpg?t=xoxe-249239010689-7383763303600-7346417720535-c8977b2d870e66a58192db1f0484baaa",
                "thumb_720_w": 540,
                "thumb_720_h": 720,
                "thumb_800": "https:\/\/files.slack.com\/files-tmb\/T7B710AL9-F0663LXSF6F-9d87d15206\/img_8374_800.jpg?t=xoxe-249239010689-7383763303600-7346417720535-c8977b2d870e66a58192db1f0484baaa",
                "thumb_800_w": 800,
                "thumb_800_h": 1067,
                "thumb_960": "https:\/\/files.slack.com\/files-tmb\/T7B710AL9-F0663LXSF6F-9d87d15206\/img_8374_960.jpg?t=xoxe-249239010689-7383763303600-7346417720535-c8977b2d870e66a58192db1f0484baaa",
                "thumb_960_w": 720,
                "thumb_960_h": 960,
                "thumb_1024": "https:\/\/files.slack.com\/files-tmb\/T7B710AL9-F0663LXSF6F-9d87d15206\/img_8374_1024.jpg?t=xoxe-249239010689-7383763303600-7346417720535-c8977b2d870e66a58192db1f0484baaa",
                "thumb_1024_w": 768,
                "thumb_1024_h": 1024,
                "original_w": 3024,
                "original_h": 4032,
                "thumb_tiny": "AwAwACR32Zj0NQT2r9hV6PKrjecD2p5YkY3A\/UUhmQsZMRB9aiZSpwRWjKAjH0NRlFfqKV7DtcqLGxGcUvlt6VeCccUbD6UuYfKWcVG7ENtHHvU1QM\/zZGOf1p3sTa43e27av5mnxwj7zck9u1LGhkO9lCjsPWrAGKduoXAAY9KWkzRmmIqwylkGTk1BcoclkPTnFImUbbn68VHPMQ5VTjI5qRmhvWNF3uBwOtOEgIyCDWLubOc804u7YLMaoRsFqN9Y+5j1J\/OjJ9TQM\/\/Z",
                "permalink": "https:\/\/swarthmoreultimate.slack.com\/files\/U01ANMM9XRS\/F0663LXSF6F\/img_8374.jpg",
                "permalink_public": "https:\/\/slack-files.com\/T7B710AL9-F0663LXSF6F-5d19403abe",
                "is_starred": false,
                "has_rich_preview": false,
                "file_access": "visible"
            }
        ],
        "upload": false,
        "user": "U01ANMM9XRS",
        "display_as_bot": false,
        "type": "message",
        "ts": "1700158407.076539",
        "client_msg_id": "74DD1DCE-7738-404C-8581-BD24309E3D06",
        "reactions": [
            {
                "name": "smile-dawgs",
                "users": [
                    "U01AFT4NEPN",
                    "U01ANMM9XRS",
                    "U019UV6JV4P",
                    "U01BGKQ3NCX",
                    "U041ACX3QCE"
                ],
                "count": 5
            }
        ]
    },
    {
        "text": "",
        "files": [
            {
                "id": "F0660TDS0A1",
                "created": 1700158910,
                "timestamp": 1700158910,
                "name": "IMG_0386.jpg",
                "title": "IMG_0386",
                "mimetype": "image\/jpeg",
                "filetype": "jpg",
                "pretty_type": "JPEG",
                "user": "U0446E8TCHX",
                "user_team": "T7B710AL9",
                "editable": false,
                "size": 24083,
                "mode": "hosted",
                "is_external": false,
                "external_type": "",
                "is_public": true,
                "public_url_shared": false,
                "display_as_bot": false,
                "username": "",
                "url_private": "https:\/\/files.slack.com\/files-pri\/T7B710AL9-F0660TDS0A1\/img_0386.jpg?t=xoxe-249239010689-7383763303600-7346417720535-c8977b2d870e66a58192db1f0484baaa",
                "url_private_download": "https:\/\/files.slack.com\/files-pri\/T7B710AL9-F0660TDS0A1\/download\/img_0386.jpg?t=xoxe-249239010689-7383763303600-7346417720535-c8977b2d870e66a58192db1f0484baaa",
                "media_display_type": "unknown",
                "thumb_64": "https:\/\/files.slack.com\/files-tmb\/T7B710AL9-F0660TDS0A1-406fd8b7ad\/img_0386_64.jpg?t=xoxe-249239010689-7383763303600-7346417720535-c8977b2d870e66a58192db1f0484baaa",
                "thumb_80": "https:\/\/files.slack.com\/files-tmb\/T7B710AL9-F0660TDS0A1-406fd8b7ad\/img_0386_80.jpg?t=xoxe-249239010689-7383763303600-7346417720535-c8977b2d870e66a58192db1f0484baaa",
                "thumb_360": "https:\/\/files.slack.com\/files-tmb\/T7B710AL9-F0660TDS0A1-406fd8b7ad\/img_0386_360.jpg?t=xoxe-249239010689-7383763303600-7346417720535-c8977b2d870e66a58192db1f0484baaa",
                "thumb_360_w": 360,
                "thumb_360_h": 97,
                "thumb_480": "https:\/\/files.slack.com\/files-tmb\/T7B710AL9-F0660TDS0A1-406fd8b7ad\/img_0386_480.jpg?t=xoxe-249239010689-7383763303600-7346417720535-c8977b2d870e66a58192db1f0484baaa",
                "thumb_480_w": 480,
                "thumb_480_h": 129,
                "thumb_160": "https:\/\/files.slack.com\/files-tmb\/T7B710AL9-F0660TDS0A1-406fd8b7ad\/img_0386_160.jpg?t=xoxe-249239010689-7383763303600-7346417720535-c8977b2d870e66a58192db1f0484baaa",
                "thumb_720": "https:\/\/files.slack.com\/files-tmb\/T7B710AL9-F0660TDS0A1-406fd8b7ad\/img_0386_720.jpg?t=xoxe-249239010689-7383763303600-7346417720535-c8977b2d870e66a58192db1f0484baaa",
                "thumb_720_w": 720,
                "thumb_720_h": 194,
                "thumb_800": "https:\/\/files.slack.com\/files-tmb\/T7B710AL9-F0660TDS0A1-406fd8b7ad\/img_0386_800.jpg?t=xoxe-249239010689-7383763303600-7346417720535-c8977b2d870e66a58192db1f0484baaa",
                "thumb_800_w": 800,
                "thumb_800_h": 215,
                "thumb_960": "https:\/\/files.slack.com\/files-tmb\/T7B710AL9-F0660TDS0A1-406fd8b7ad\/img_0386_960.jpg?t=xoxe-249239010689-7383763303600-7346417720535-c8977b2d870e66a58192db1f0484baaa",
                "thumb_960_w": 960,
                "thumb_960_h": 258,
                "thumb_1024": "https:\/\/files.slack.com\/files-tmb\/T7B710AL9-F0660TDS0A1-406fd8b7ad\/img_0386_1024.jpg?t=xoxe-249239010689-7383763303600-7346417720535-c8977b2d870e66a58192db1f0484baaa",
                "thumb_1024_w": 1024,
                "thumb_1024_h": 276,
                "original_w": 1170,
                "original_h": 315,
                "thumb_tiny": "AwAMADDQy+45A2460m\/3\/lUh6U0jkUAAfPRT+Yo3H+6adRQA3cf7p\/SlBJP3SKD2oPUUAf\/Z",
                "permalink": "https:\/\/swarthmoreultimate.slack.com\/files\/U0446E8TCHX\/F0660TDS0A1\/img_0386.jpg",
                "permalink_public": "https:\/\/slack-files.com\/T7B710AL9-F0660TDS0A1-6f0c827213",
                "is_starred": false,
                "has_rich_preview": false,
                "file_access": "visible"
            }
        ],
        "upload": false,
        "user": "U0446E8TCHX",
        "display_as_bot": false,
        "type": "message",
        "ts": "1700158911.895759",
        "client_msg_id": "B69AEDA4-E117-4D21-8949-230E44D4FD43",
        "thread_ts": "1700158911.895759",
        "reply_count": 1,
        "reply_users_count": 1,
        "latest_reply": "1700160820.713829",
        "reply_users": [
            "U01ANMM9XRS"
        ],
        "replies": [
            {
                "user": "U01ANMM9XRS",
                "ts": "1700160820.713829"
            }
        ],
        "is_locked": false,
        "subscribed": false,
        "reactions": [
            {
                "name": "clown-grace",
                "users": [
                    "U01AFT4NEPN",
                    "U01ANMM9XRS",
                    "U019UV6JV4P",
                    "U042M4BL1GE",
                    "U02CH0X3XQE",
                    "U042TKFF6UT",
                    "U01BGKQ3NCX",
                    "U041ACX3QCE",
                    "U02MFDM09RB",
                    "U01A1PNMU6B"
                ],
                "count": 10
            }
        ]
    },
    {
        "user": "U01ANMM9XRS",
        "type": "message",
        "ts": "1700160820.713829",
        "client_msg_id": "72D7E085-4D20-4C0E-86A9-434AA8C3FD9D",
        "text": "Who is “Franklin Sex”",
        "team": "T7B710AL9",
        "user_team": "T7B710AL9",
        "source_team": "T7B710AL9",
        "user_profile": {
            "avatar_hash": "8566e3437a98",
            "image_72": "https:\/\/avatars.slack-edge.com\/2024-05-17\/7148429624081_8566e3437a98c288ec27_72.png",
            "first_name": "Racc",
            "real_name": "Racc",
            "display_name": "",
            "team": "T7B710AL9",
            "name": "ifransa1",
            "is_restricted": false,
            "is_ultra_restricted": false
        },
        "thread_ts": "1700158911.895759",
        "parent_user_id": "U0446E8TCHX",
        "blocks": [
            {
                "type": "rich_text",
                "block_id": "94Yag",
                "elements": [
                    {
                        "type": "rich_text_section",
                        "elements": [
                            {
                                "type": "text",
                                "text": "Who is “Franklin Sex”"
                            }
                        ]
                    }
                ]
            }
        ],
        "reactions": [
            {
                "name": "man-shrugging",
                "users": [
                    "U02CH0X3XQE",
                    "U02MFDM09RB",
                    "U01A1PNMU6B",
                    "U019UV6JV4P"
                ],
                "count": 4
            }
        ]
    }
]