[
    {
        "text": "",
        "files": [
            {
                "id": "F056H44HPC6",
                "created": 1683549858,
                "timestamp": 1683549858,
                "name": "IMG_5209.jpg",
                "title": "IMG_5209",
                "mimetype": "image\/jpeg",
                "filetype": "jpg",
                "pretty_type": "JPEG",
                "user": "U042UB7979S",
                "user_team": "T7B710AL9",
                "editable": false,
                "size": 3347478,
                "mode": "hosted",
                "is_external": false,
                "external_type": "",
                "is_public": true,
                "public_url_shared": false,
                "display_as_bot": false,
                "username": "",
                "url_private": "https:\/\/files.slack.com\/files-pri\/T7B710AL9-F056H44HPC6\/img_5209.jpg?t=xoxe-249239010689-7383763303600-7346417720535-c8977b2d870e66a58192db1f0484baaa",
                "url_private_download": "https:\/\/files.slack.com\/files-pri\/T7B710AL9-F056H44HPC6\/download\/img_5209.jpg?t=xoxe-249239010689-7383763303600-7346417720535-c8977b2d870e66a58192db1f0484baaa",
                "media_display_type": "unknown",
                "thumb_64": "https:\/\/files.slack.com\/files-tmb\/T7B710AL9-F056H44HPC6-3218d7a9db\/img_5209_64.jpg?t=xoxe-249239010689-7383763303600-7346417720535-c8977b2d870e66a58192db1f0484baaa",
                "thumb_80": "https:\/\/files.slack.com\/files-tmb\/T7B710AL9-F056H44HPC6-3218d7a9db\/img_5209_80.jpg?t=xoxe-249239010689-7383763303600-7346417720535-c8977b2d870e66a58192db1f0484baaa",
                "thumb_360": "https:\/\/files.slack.com\/files-tmb\/T7B710AL9-F056H44HPC6-3218d7a9db\/img_5209_360.jpg?t=xoxe-249239010689-7383763303600-7346417720535-c8977b2d870e66a58192db1f0484baaa",
                "thumb_360_w": 360,
                "thumb_360_h": 270,
                "thumb_480": "https:\/\/files.slack.com\/files-tmb\/T7B710AL9-F056H44HPC6-3218d7a9db\/img_5209_480.jpg?t=xoxe-249239010689-7383763303600-7346417720535-c8977b2d870e66a58192db1f0484baaa",
                "thumb_480_w": 480,
                "thumb_480_h": 360,
                "thumb_160": "https:\/\/files.slack.com\/files-tmb\/T7B710AL9-F056H44HPC6-3218d7a9db\/img_5209_160.jpg?t=xoxe-249239010689-7383763303600-7346417720535-c8977b2d870e66a58192db1f0484baaa",
                "thumb_720": "https:\/\/files.slack.com\/files-tmb\/T7B710AL9-F056H44HPC6-3218d7a9db\/img_5209_720.jpg?t=xoxe-249239010689-7383763303600-7346417720535-c8977b2d870e66a58192db1f0484baaa",
                "thumb_720_w": 720,
                "thumb_720_h": 540,
                "thumb_800": "https:\/\/files.slack.com\/files-tmb\/T7B710AL9-F056H44HPC6-3218d7a9db\/img_5209_800.jpg?t=xoxe-249239010689-7383763303600-7346417720535-c8977b2d870e66a58192db1f0484baaa",
                "thumb_800_w": 800,
                "thumb_800_h": 600,
                "thumb_960": "https:\/\/files.slack.com\/files-tmb\/T7B710AL9-F056H44HPC6-3218d7a9db\/img_5209_960.jpg?t=xoxe-249239010689-7383763303600-7346417720535-c8977b2d870e66a58192db1f0484baaa",
                "thumb_960_w": 960,
                "thumb_960_h": 720,
                "thumb_1024": "https:\/\/files.slack.com\/files-tmb\/T7B710AL9-F056H44HPC6-3218d7a9db\/img_5209_1024.jpg?t=xoxe-249239010689-7383763303600-7346417720535-c8977b2d870e66a58192db1f0484baaa",
                "thumb_1024_w": 1024,
                "thumb_1024_h": 768,
                "original_w": 4032,
                "original_h": 3024,
                "thumb_tiny": "AwAkADCfdRupmadGQX+bpQAu\/wBKY8vl4x94+tBb5ztCkZ4pUhSUbpOG9mpMLkRuWH92rKNuQEjkiqA+9j1q6vQc1KBEYGaUkJhs9\/SkGW6VHNIBhQeBTbGL9oycnn8KekqnllBP6ioVdemKCRnIouKwxVIkAPXNW1NV05fPNTihDQ2Q7YCR1qoOW5q3N\/x7\/jVRfvUhEuBt\/GoyTipP4PxNRt0oAmg5BqUVFB0qUUxn\/9k=",
                "permalink": "https:\/\/swarthmoreultimate.slack.com\/files\/U042UB7979S\/F056H44HPC6\/img_5209.jpg",
                "permalink_public": "https:\/\/slack-files.com\/T7B710AL9-F056H44HPC6-23626fc22d",
                "is_starred": false,
                "has_rich_preview": false,
                "file_access": "visible"
            }
        ],
        "upload": false,
        "user": "U042UB7979S",
        "display_as_bot": false,
        "type": "message",
        "ts": "1683549869.903769",
        "client_msg_id": "8EDB49D7-A74A-4142-87EC-31E215116F2F",
        "thread_ts": "1683549869.903769",
        "reply_count": 1,
        "reply_users_count": 1,
        "latest_reply": "1684065087.090929",
        "reply_users": [
            "U01BGKQ3NCX"
        ],
        "replies": [
            {
                "user": "U01BGKQ3NCX",
                "ts": "1684065087.090929"
            }
        ],
        "is_locked": false,
        "subscribed": false,
        "reactions": [
            {
                "name": "mateopog",
                "users": [
                    "U01BGKQ3NCX"
                ],
                "count": 1
            }
        ]
    },
    {
        "user": "U02C9PX2DUP",
        "type": "message",
        "ts": "1683556360.708599",
        "client_msg_id": "0A565227-E21B-4C01-B680-0C390F25E591",
        "text": "Just a reminder that Miles went 116 mph in the rain after a tournament",
        "team": "T7B710AL9",
        "user_team": "T7B710AL9",
        "source_team": "T7B710AL9",
        "user_profile": {
            "avatar_hash": "6451ef32688c",
            "image_72": "https:\/\/avatars.slack-edge.com\/2022-03-22\/3276350644949_6451ef32688c4721942d_72.png",
            "first_name": "Adin",
            "real_name": "Adin Aberbach",
            "display_name": "Adin",
            "team": "T7B710AL9",
            "name": "aaberba1",
            "is_restricted": false,
            "is_ultra_restricted": false
        },
        "thread_ts": "1683517989.440639",
        "parent_user_id": "UQCAL163W",
        "blocks": [
            {
                "type": "rich_text",
                "block_id": "PSv",
                "elements": [
                    {
                        "type": "rich_text_section",
                        "elements": [
                            {
                                "type": "text",
                                "text": "Just a reminder that Miles went 116 mph in the rain after a tournament"
                            }
                        ]
                    }
                ]
            }
        ]
    }
]