[
    {
        "text": "leaked dms",
        "files": [
            {
                "id": "F0630TDEZCN",
                "created": 1698451780,
                "timestamp": 1698451780,
                "name": "IMG_0477.jpg",
                "title": "IMG_0477",
                "mimetype": "image\/jpeg",
                "filetype": "jpg",
                "pretty_type": "JPEG",
                "user": "UN12YVARH",
                "user_team": "T7B710AL9",
                "editable": false,
                "size": 761868,
                "mode": "hosted",
                "is_external": false,
                "external_type": "",
                "is_public": true,
                "public_url_shared": false,
                "display_as_bot": false,
                "username": "",
                "url_private": "https:\/\/files.slack.com\/files-pri\/T7B710AL9-F0630TDEZCN\/img_0477.jpg?t=xoxe-249239010689-7383763303600-7346417720535-c8977b2d870e66a58192db1f0484baaa",
                "url_private_download": "https:\/\/files.slack.com\/files-pri\/T7B710AL9-F0630TDEZCN\/download\/img_0477.jpg?t=xoxe-249239010689-7383763303600-7346417720535-c8977b2d870e66a58192db1f0484baaa",
                "media_display_type": "unknown",
                "thumb_64": "https:\/\/files.slack.com\/files-tmb\/T7B710AL9-F0630TDEZCN-e81c94ba7d\/img_0477_64.jpg?t=xoxe-249239010689-7383763303600-7346417720535-c8977b2d870e66a58192db1f0484baaa",
                "thumb_80": "https:\/\/files.slack.com\/files-tmb\/T7B710AL9-F0630TDEZCN-e81c94ba7d\/img_0477_80.jpg?t=xoxe-249239010689-7383763303600-7346417720535-c8977b2d870e66a58192db1f0484baaa",
                "thumb_360": "https:\/\/files.slack.com\/files-tmb\/T7B710AL9-F0630TDEZCN-e81c94ba7d\/img_0477_360.jpg?t=xoxe-249239010689-7383763303600-7346417720535-c8977b2d870e66a58192db1f0484baaa",
                "thumb_360_w": 270,
                "thumb_360_h": 360,
                "thumb_480": "https:\/\/files.slack.com\/files-tmb\/T7B710AL9-F0630TDEZCN-e81c94ba7d\/img_0477_480.jpg?t=xoxe-249239010689-7383763303600-7346417720535-c8977b2d870e66a58192db1f0484baaa",
                "thumb_480_w": 360,
                "thumb_480_h": 480,
                "thumb_160": "https:\/\/files.slack.com\/files-tmb\/T7B710AL9-F0630TDEZCN-e81c94ba7d\/img_0477_160.jpg?t=xoxe-249239010689-7383763303600-7346417720535-c8977b2d870e66a58192db1f0484baaa",
                "thumb_720": "https:\/\/files.slack.com\/files-tmb\/T7B710AL9-F0630TDEZCN-e81c94ba7d\/img_0477_720.jpg?t=xoxe-249239010689-7383763303600-7346417720535-c8977b2d870e66a58192db1f0484baaa",
                "thumb_720_w": 540,
                "thumb_720_h": 720,
                "thumb_800": "https:\/\/files.slack.com\/files-tmb\/T7B710AL9-F0630TDEZCN-e81c94ba7d\/img_0477_800.jpg?t=xoxe-249239010689-7383763303600-7346417720535-c8977b2d870e66a58192db1f0484baaa",
                "thumb_800_w": 800,
                "thumb_800_h": 1067,
                "thumb_960": "https:\/\/files.slack.com\/files-tmb\/T7B710AL9-F0630TDEZCN-e81c94ba7d\/img_0477_960.jpg?t=xoxe-249239010689-7383763303600-7346417720535-c8977b2d870e66a58192db1f0484baaa",
                "thumb_960_w": 720,
                "thumb_960_h": 960,
                "thumb_1024": "https:\/\/files.slack.com\/files-tmb\/T7B710AL9-F0630TDEZCN-e81c94ba7d\/img_0477_1024.jpg?t=xoxe-249239010689-7383763303600-7346417720535-c8977b2d870e66a58192db1f0484baaa",
                "thumb_1024_w": 768,
                "thumb_1024_h": 1024,
                "original_w": 3024,
                "original_h": 4032,
                "thumb_tiny": "AwAwACSn5y+ho85fQ1a2RgD92v5UGNAPuJ+Qosh3K3nJ70ecnvVjYn\/PNP8AvmlMcf8AcT8qLICt5ye9HnJ71Y8qP+4v5UeVH\/cX8qLIB5+6KUg+1BHanGgQzFLilxS7aQxuKMU\/FGKAKwMx\/wCWg\/74FL++\/vr\/AN80q0+lcLDB5399f++aXM\/95P8Avmn00Sxn+IUXGJmf+8n5GjM\/95PyNO81P74o81P74oA\/\/9k=",
                "permalink": "https:\/\/swarthmoreultimate.slack.com\/files\/UN12YVARH\/F0630TDEZCN\/img_0477.jpg",
                "permalink_public": "https:\/\/slack-files.com\/T7B710AL9-F0630TDEZCN-3aeed177b5",
                "is_starred": false,
                "has_rich_preview": false,
                "file_access": "visible"
            }
        ],
        "upload": false,
        "user": "UN12YVARH",
        "display_as_bot": false,
        "blocks": [
            {
                "type": "rich_text",
                "block_id": "VXGLo",
                "elements": [
                    {
                        "type": "rich_text_section",
                        "elements": [
                            {
                                "type": "text",
                                "text": "leaked dms"
                            }
                        ]
                    }
                ]
            }
        ],
        "type": "message",
        "ts": "1698451784.854929",
        "client_msg_id": "5986B52F-F566-45AB-894A-24D3D6A23C71",
        "reactions": [
            {
                "name": "enlightened-skippy",
                "users": [
                    "U01BGKQ3NCX",
                    "U02MFDM09RB",
                    "U01AFT4NEPN"
                ],
                "count": 3
            }
        ]
    }
]