[
    {
        "text": "The circuit breaker for a large portion of SCI is in the physics lounge completely accessible to students",
        "files": [
            {
                "id": "F065HHZG1JL",
                "created": 1699455078,
                "timestamp": 1699455078,
                "name": "IMG_0058.jpg",
                "title": "IMG_0058",
                "mimetype": "image\/jpeg",
                "filetype": "jpg",
                "pretty_type": "JPEG",
                "user": "UNBLN9SCC",
                "user_team": "T7B710AL9",
                "editable": false,
                "size": 881799,
                "mode": "hosted",
                "is_external": false,
                "external_type": "",
                "is_public": true,
                "public_url_shared": false,
                "display_as_bot": false,
                "username": "",
                "url_private": "https:\/\/files.slack.com\/files-pri\/T7B710AL9-F065HHZG1JL\/img_0058.jpg?t=xoxe-249239010689-7383763303600-7346417720535-c8977b2d870e66a58192db1f0484baaa",
                "url_private_download": "https:\/\/files.slack.com\/files-pri\/T7B710AL9-F065HHZG1JL\/download\/img_0058.jpg?t=xoxe-249239010689-7383763303600-7346417720535-c8977b2d870e66a58192db1f0484baaa",
                "media_display_type": "unknown",
                "thumb_64": "https:\/\/files.slack.com\/files-tmb\/T7B710AL9-F065HHZG1JL-2a072d0cf7\/img_0058_64.jpg?t=xoxe-249239010689-7383763303600-7346417720535-c8977b2d870e66a58192db1f0484baaa",
                "thumb_80": "https:\/\/files.slack.com\/files-tmb\/T7B710AL9-F065HHZG1JL-2a072d0cf7\/img_0058_80.jpg?t=xoxe-249239010689-7383763303600-7346417720535-c8977b2d870e66a58192db1f0484baaa",
                "thumb_360": "https:\/\/files.slack.com\/files-tmb\/T7B710AL9-F065HHZG1JL-2a072d0cf7\/img_0058_360.jpg?t=xoxe-249239010689-7383763303600-7346417720535-c8977b2d870e66a58192db1f0484baaa",
                "thumb_360_w": 270,
                "thumb_360_h": 360,
                "thumb_480": "https:\/\/files.slack.com\/files-tmb\/T7B710AL9-F065HHZG1JL-2a072d0cf7\/img_0058_480.jpg?t=xoxe-249239010689-7383763303600-7346417720535-c8977b2d870e66a58192db1f0484baaa",
                "thumb_480_w": 360,
                "thumb_480_h": 480,
                "thumb_160": "https:\/\/files.slack.com\/files-tmb\/T7B710AL9-F065HHZG1JL-2a072d0cf7\/img_0058_160.jpg?t=xoxe-249239010689-7383763303600-7346417720535-c8977b2d870e66a58192db1f0484baaa",
                "thumb_720": "https:\/\/files.slack.com\/files-tmb\/T7B710AL9-F065HHZG1JL-2a072d0cf7\/img_0058_720.jpg?t=xoxe-249239010689-7383763303600-7346417720535-c8977b2d870e66a58192db1f0484baaa",
                "thumb_720_w": 540,
                "thumb_720_h": 720,
                "thumb_800": "https:\/\/files.slack.com\/files-tmb\/T7B710AL9-F065HHZG1JL-2a072d0cf7\/img_0058_800.jpg?t=xoxe-249239010689-7383763303600-7346417720535-c8977b2d870e66a58192db1f0484baaa",
                "thumb_800_w": 800,
                "thumb_800_h": 1067,
                "thumb_960": "https:\/\/files.slack.com\/files-tmb\/T7B710AL9-F065HHZG1JL-2a072d0cf7\/img_0058_960.jpg?t=xoxe-249239010689-7383763303600-7346417720535-c8977b2d870e66a58192db1f0484baaa",
                "thumb_960_w": 720,
                "thumb_960_h": 960,
                "thumb_1024": "https:\/\/files.slack.com\/files-tmb\/T7B710AL9-F065HHZG1JL-2a072d0cf7\/img_0058_1024.jpg?t=xoxe-249239010689-7383763303600-7346417720535-c8977b2d870e66a58192db1f0484baaa",
                "thumb_1024_w": 768,
                "thumb_1024_h": 1024,
                "original_w": 3024,
                "original_h": 4032,
                "thumb_tiny": "AwAwACR6yeXLjHDECpiW3Hmoyv7wfSq9yStwOT2PWpAeJHFy6lzgN0prgNKoPrQ\/\/H4w\/wBofyp2P36UwI2+8cetJQepooGXmHzKap3vEqn2\/rV37yqw71V1AfcPsaBDZBi9+pFSkfv1PbmmSj\/TEPqFpzjE4+maAIM0UlFAy8u1EVQxO0YyahvuY0PuacDxTLn5oRgZ5oEJIf38R9VWnSH99\/wE00q5aE7Twoz7USsTKcdlOaAIaKDSYNAz\/9k=",
                "permalink": "https:\/\/swarthmoreultimate.slack.com\/files\/UNBLN9SCC\/F065HHZG1JL\/img_0058.jpg",
                "permalink_public": "https:\/\/slack-files.com\/T7B710AL9-F065HHZG1JL-1b9b4b02ed",
                "is_starred": false,
                "has_rich_preview": false,
                "file_access": "visible"
            },
            {
                "id": "F064UFA10GK",
                "created": 1699455082,
                "timestamp": 1699455082,
                "name": "IMG_0059.jpg",
                "title": "IMG_0059",
                "mimetype": "image\/jpeg",
                "filetype": "jpg",
                "pretty_type": "JPEG",
                "user": "UNBLN9SCC",
                "user_team": "T7B710AL9",
                "editable": false,
                "size": 1910131,
                "mode": "hosted",
                "is_external": false,
                "external_type": "",
                "is_public": true,
                "public_url_shared": false,
                "display_as_bot": false,
                "username": "",
                "url_private": "https:\/\/files.slack.com\/files-pri\/T7B710AL9-F064UFA10GK\/img_0059.jpg?t=xoxe-249239010689-7383763303600-7346417720535-c8977b2d870e66a58192db1f0484baaa",
                "url_private_download": "https:\/\/files.slack.com\/files-pri\/T7B710AL9-F064UFA10GK\/download\/img_0059.jpg?t=xoxe-249239010689-7383763303600-7346417720535-c8977b2d870e66a58192db1f0484baaa",
                "media_display_type": "unknown",
                "thumb_64": "https:\/\/files.slack.com\/files-tmb\/T7B710AL9-F064UFA10GK-485a9f40d2\/img_0059_64.jpg?t=xoxe-249239010689-7383763303600-7346417720535-c8977b2d870e66a58192db1f0484baaa",
                "thumb_80": "https:\/\/files.slack.com\/files-tmb\/T7B710AL9-F064UFA10GK-485a9f40d2\/img_0059_80.jpg?t=xoxe-249239010689-7383763303600-7346417720535-c8977b2d870e66a58192db1f0484baaa",
                "thumb_360": "https:\/\/files.slack.com\/files-tmb\/T7B710AL9-F064UFA10GK-485a9f40d2\/img_0059_360.jpg?t=xoxe-249239010689-7383763303600-7346417720535-c8977b2d870e66a58192db1f0484baaa",
                "thumb_360_w": 270,
                "thumb_360_h": 360,
                "thumb_480": "https:\/\/files.slack.com\/files-tmb\/T7B710AL9-F064UFA10GK-485a9f40d2\/img_0059_480.jpg?t=xoxe-249239010689-7383763303600-7346417720535-c8977b2d870e66a58192db1f0484baaa",
                "thumb_480_w": 360,
                "thumb_480_h": 480,
                "thumb_160": "https:\/\/files.slack.com\/files-tmb\/T7B710AL9-F064UFA10GK-485a9f40d2\/img_0059_160.jpg?t=xoxe-249239010689-7383763303600-7346417720535-c8977b2d870e66a58192db1f0484baaa",
                "thumb_720": "https:\/\/files.slack.com\/files-tmb\/T7B710AL9-F064UFA10GK-485a9f40d2\/img_0059_720.jpg?t=xoxe-249239010689-7383763303600-7346417720535-c8977b2d870e66a58192db1f0484baaa",
                "thumb_720_w": 540,
                "thumb_720_h": 720,
                "thumb_800": "https:\/\/files.slack.com\/files-tmb\/T7B710AL9-F064UFA10GK-485a9f40d2\/img_0059_800.jpg?t=xoxe-249239010689-7383763303600-7346417720535-c8977b2d870e66a58192db1f0484baaa",
                "thumb_800_w": 800,
                "thumb_800_h": 1067,
                "thumb_960": "https:\/\/files.slack.com\/files-tmb\/T7B710AL9-F064UFA10GK-485a9f40d2\/img_0059_960.jpg?t=xoxe-249239010689-7383763303600-7346417720535-c8977b2d870e66a58192db1f0484baaa",
                "thumb_960_w": 720,
                "thumb_960_h": 960,
                "thumb_1024": "https:\/\/files.slack.com\/files-tmb\/T7B710AL9-F064UFA10GK-485a9f40d2\/img_0059_1024.jpg?t=xoxe-249239010689-7383763303600-7346417720535-c8977b2d870e66a58192db1f0484baaa",
                "thumb_1024_w": 768,
                "thumb_1024_h": 1024,
                "original_w": 4284,
                "original_h": 5712,
                "thumb_tiny": "AwAwACSMnilEl2OAgx24qN1LJgVbT7q\/QUgIC15\/dA\/KnIbrB88\/Jjjp1qyaGcKo3dDxQMrUUrkFyR0pKAI6sxjKKc9qrHqatQH92BQIfjJpk\/8ACKeD8x4qKdv3n4UDIqKQtSbqAEFWYQdo57VXAqZGKqACv40xEvRjz371BNzKfbipg+R7+xqBzlyfU0hjduaTYKdRQB\/\/2Q==",
                "permalink": "https:\/\/swarthmoreultimate.slack.com\/files\/UNBLN9SCC\/F064UFA10GK\/img_0059.jpg",
                "permalink_public": "https:\/\/slack-files.com\/T7B710AL9-F064UFA10GK-80dc482a56",
                "is_starred": false,
                "has_rich_preview": false,
                "file_access": "visible"
            }
        ],
        "upload": false,
        "user": "UNBLN9SCC",
        "blocks": [
            {
                "type": "rich_text",
                "block_id": "TVrOg",
                "elements": [
                    {
                        "type": "rich_text_section",
                        "elements": [
                            {
                                "type": "text",
                                "text": "The circuit breaker for a large portion of SCI is in the physics lounge completely accessible to students"
                            }
                        ]
                    }
                ]
            }
        ],
        "type": "message",
        "ts": "1699455091.159059",
        "client_msg_id": "EE073D3A-24E3-4AB4-9650-15E91538370F",
        "reactions": [
            {
                "name": "enlightened-skippy",
                "users": [
                    "U01AFT4NEPN",
                    "U01BGKQ3NCX"
                ],
                "count": 2
            }
        ]
    }
]