[
    {
        "user": "UNBLN9SCC",
        "type": "message",
        "ts": "1674664080.899729",
        "client_msg_id": "8E2EFEA3-681A-432C-BEB3-E2015D76E890",
        "text": "Siri apparently thinks fungus is pronounced foo nugs ",
        "team": "T7B710AL9",
        "user_team": "T7B710AL9",
        "source_team": "T7B710AL9",
        "user_profile": {
            "avatar_hash": "3489c46e9e1d",
            "image_72": "https:\/\/avatars.slack-edge.com\/2022-09-27\/4150834120737_3489c46e9e1d25f2be68_72.png",
            "first_name": "Stro",
            "real_name": "Stro",
            "display_name": "",
            "team": "T7B710AL9",
            "name": "cscottj1",
            "is_restricted": false,
            "is_ultra_restricted": false
        },
        "blocks": [
            {
                "type": "rich_text",
                "block_id": "D2P",
                "elements": [
                    {
                        "type": "rich_text_section",
                        "elements": [
                            {
                                "type": "text",
                                "text": "Siri apparently thinks fungus is pronounced foo nugs "
                            }
                        ]
                    }
                ]
            }
        ]
    }
]