[
    {
        "text": "The moms observed the carnage of a hawk killing a fish",
        "files": [
            {
                "id": "F04SRJV0XNX",
                "created": 1678198331,
                "timestamp": 1678198331,
                "name": "PXL_20230307_140847300.jpg",
                "title": "PXL_20230307_140847300.jpg",
                "mimetype": "image\/jpeg",
                "filetype": "jpg",
                "pretty_type": "JPEG",
                "user": "U042M4BL1GE",
                "user_team": "T7B710AL9",
                "editable": false,
                "size": 1241809,
                "mode": "hosted",
                "is_external": false,
                "external_type": "",
                "is_public": true,
                "public_url_shared": false,
                "display_as_bot": false,
                "username": "",
                "url_private": "https:\/\/files.slack.com\/files-pri\/T7B710AL9-F04SRJV0XNX\/pxl_20230307_140847300.jpg?t=xoxe-249239010689-7383763303600-7346417720535-c8977b2d870e66a58192db1f0484baaa",
                "url_private_download": "https:\/\/files.slack.com\/files-pri\/T7B710AL9-F04SRJV0XNX\/download\/pxl_20230307_140847300.jpg?t=xoxe-249239010689-7383763303600-7346417720535-c8977b2d870e66a58192db1f0484baaa",
                "media_display_type": "unknown",
                "thumb_64": "https:\/\/files.slack.com\/files-tmb\/T7B710AL9-F04SRJV0XNX-88332dde44\/pxl_20230307_140847300_64.jpg?t=xoxe-249239010689-7383763303600-7346417720535-c8977b2d870e66a58192db1f0484baaa",
                "thumb_80": "https:\/\/files.slack.com\/files-tmb\/T7B710AL9-F04SRJV0XNX-88332dde44\/pxl_20230307_140847300_80.jpg?t=xoxe-249239010689-7383763303600-7346417720535-c8977b2d870e66a58192db1f0484baaa",
                "thumb_360": "https:\/\/files.slack.com\/files-tmb\/T7B710AL9-F04SRJV0XNX-88332dde44\/pxl_20230307_140847300_360.jpg?t=xoxe-249239010689-7383763303600-7346417720535-c8977b2d870e66a58192db1f0484baaa",
                "thumb_360_w": 360,
                "thumb_360_h": 271,
                "thumb_480": "https:\/\/files.slack.com\/files-tmb\/T7B710AL9-F04SRJV0XNX-88332dde44\/pxl_20230307_140847300_480.jpg?t=xoxe-249239010689-7383763303600-7346417720535-c8977b2d870e66a58192db1f0484baaa",
                "thumb_480_w": 480,
                "thumb_480_h": 361,
                "thumb_160": "https:\/\/files.slack.com\/files-tmb\/T7B710AL9-F04SRJV0XNX-88332dde44\/pxl_20230307_140847300_160.jpg?t=xoxe-249239010689-7383763303600-7346417720535-c8977b2d870e66a58192db1f0484baaa",
                "thumb_720": "https:\/\/files.slack.com\/files-tmb\/T7B710AL9-F04SRJV0XNX-88332dde44\/pxl_20230307_140847300_720.jpg?t=xoxe-249239010689-7383763303600-7346417720535-c8977b2d870e66a58192db1f0484baaa",
                "thumb_720_w": 720,
                "thumb_720_h": 542,
                "thumb_800": "https:\/\/files.slack.com\/files-tmb\/T7B710AL9-F04SRJV0XNX-88332dde44\/pxl_20230307_140847300_800.jpg?t=xoxe-249239010689-7383763303600-7346417720535-c8977b2d870e66a58192db1f0484baaa",
                "thumb_800_w": 800,
                "thumb_800_h": 602,
                "thumb_960": "https:\/\/files.slack.com\/files-tmb\/T7B710AL9-F04SRJV0XNX-88332dde44\/pxl_20230307_140847300_960.jpg?t=xoxe-249239010689-7383763303600-7346417720535-c8977b2d870e66a58192db1f0484baaa",
                "thumb_960_w": 960,
                "thumb_960_h": 723,
                "thumb_1024": "https:\/\/files.slack.com\/files-tmb\/T7B710AL9-F04SRJV0XNX-88332dde44\/pxl_20230307_140847300_1024.jpg?t=xoxe-249239010689-7383763303600-7346417720535-c8977b2d870e66a58192db1f0484baaa",
                "thumb_1024_w": 1024,
                "thumb_1024_h": 771,
                "original_w": 4080,
                "original_h": 3072,
                "thumb_tiny": "AwAkADB+KTFO3L\/eH50hZB1YfnWtzMMUoFIHTg7gQTjNPDL\/AHh+dK4CgU9RSAjGcjFBlRe+fpzRcZn\/ACc8DmkwnpTc0maxLH4X0\/WjanofzpuaAaAH4X3x9aVVUDv+dNyKKV2AzpSUppKYBRRRQAtLmm0tAH\/\/2Q==",
                "permalink": "https:\/\/swarthmoreultimate.slack.com\/files\/U042M4BL1GE\/F04SRJV0XNX\/pxl_20230307_140847300.jpg",
                "permalink_public": "https:\/\/slack-files.com\/T7B710AL9-F04SRJV0XNX-c390b95967",
                "is_starred": false,
                "has_rich_preview": false,
                "file_access": "visible"
            },
            {
                "id": "F04T4BURPEV",
                "created": 1678198333,
                "timestamp": 1678198333,
                "name": "PXL_20230307_141035710.jpg",
                "title": "PXL_20230307_141035710.jpg",
                "mimetype": "image\/jpeg",
                "filetype": "jpg",
                "pretty_type": "JPEG",
                "user": "U042M4BL1GE",
                "user_team": "T7B710AL9",
                "editable": false,
                "size": 1540745,
                "mode": "hosted",
                "is_external": false,
                "external_type": "",
                "is_public": true,
                "public_url_shared": false,
                "display_as_bot": false,
                "username": "",
                "url_private": "https:\/\/files.slack.com\/files-pri\/T7B710AL9-F04T4BURPEV\/pxl_20230307_141035710.jpg?t=xoxe-249239010689-7383763303600-7346417720535-c8977b2d870e66a58192db1f0484baaa",
                "url_private_download": "https:\/\/files.slack.com\/files-pri\/T7B710AL9-F04T4BURPEV\/download\/pxl_20230307_141035710.jpg?t=xoxe-249239010689-7383763303600-7346417720535-c8977b2d870e66a58192db1f0484baaa",
                "media_display_type": "unknown",
                "thumb_64": "https:\/\/files.slack.com\/files-tmb\/T7B710AL9-F04T4BURPEV-e02bce09ab\/pxl_20230307_141035710_64.jpg?t=xoxe-249239010689-7383763303600-7346417720535-c8977b2d870e66a58192db1f0484baaa",
                "thumb_80": "https:\/\/files.slack.com\/files-tmb\/T7B710AL9-F04T4BURPEV-e02bce09ab\/pxl_20230307_141035710_80.jpg?t=xoxe-249239010689-7383763303600-7346417720535-c8977b2d870e66a58192db1f0484baaa",
                "thumb_360": "https:\/\/files.slack.com\/files-tmb\/T7B710AL9-F04T4BURPEV-e02bce09ab\/pxl_20230307_141035710_360.jpg?t=xoxe-249239010689-7383763303600-7346417720535-c8977b2d870e66a58192db1f0484baaa",
                "thumb_360_w": 271,
                "thumb_360_h": 360,
                "thumb_480": "https:\/\/files.slack.com\/files-tmb\/T7B710AL9-F04T4BURPEV-e02bce09ab\/pxl_20230307_141035710_480.jpg?t=xoxe-249239010689-7383763303600-7346417720535-c8977b2d870e66a58192db1f0484baaa",
                "thumb_480_w": 361,
                "thumb_480_h": 480,
                "thumb_160": "https:\/\/files.slack.com\/files-tmb\/T7B710AL9-F04T4BURPEV-e02bce09ab\/pxl_20230307_141035710_160.jpg?t=xoxe-249239010689-7383763303600-7346417720535-c8977b2d870e66a58192db1f0484baaa",
                "thumb_720": "https:\/\/files.slack.com\/files-tmb\/T7B710AL9-F04T4BURPEV-e02bce09ab\/pxl_20230307_141035710_720.jpg?t=xoxe-249239010689-7383763303600-7346417720535-c8977b2d870e66a58192db1f0484baaa",
                "thumb_720_w": 542,
                "thumb_720_h": 720,
                "thumb_800": "https:\/\/files.slack.com\/files-tmb\/T7B710AL9-F04T4BURPEV-e02bce09ab\/pxl_20230307_141035710_800.jpg?t=xoxe-249239010689-7383763303600-7346417720535-c8977b2d870e66a58192db1f0484baaa",
                "thumb_800_w": 800,
                "thumb_800_h": 1063,
                "thumb_960": "https:\/\/files.slack.com\/files-tmb\/T7B710AL9-F04T4BURPEV-e02bce09ab\/pxl_20230307_141035710_960.jpg?t=xoxe-249239010689-7383763303600-7346417720535-c8977b2d870e66a58192db1f0484baaa",
                "thumb_960_w": 723,
                "thumb_960_h": 960,
                "thumb_1024": "https:\/\/files.slack.com\/files-tmb\/T7B710AL9-F04T4BURPEV-e02bce09ab\/pxl_20230307_141035710_1024.jpg?t=xoxe-249239010689-7383763303600-7346417720535-c8977b2d870e66a58192db1f0484baaa",
                "thumb_1024_w": 771,
                "thumb_1024_h": 1024,
                "original_w": 3072,
                "original_h": 4080,
                "thumb_tiny": "AwAwACSqWBJLKcn+7TCwOcDp0qSYLG2UPJ9KjB2jj9RQAu\/gDBB9aFGeM89qcCuwkk57cVMiptYgBsnjinYQxYnx8rH8qXypf7x\/KmmPn5TgemaTy2\/vfrS0AeI9zFmwW6nFTiDCAgAHuTUaIzNjJ2j25q0FVVyc8evNWkJlVodyZAYY9uKjGTHnjNXWkXaeGI\/3TVRctGOMBePrUyGiM9eppPxNTAgClyvpUjJ0MaYMY+Y9s1I4JXcB8w6ZpsUIjcnJPv61KRkEHvWpJSknduFOPU+tRxlgSu3OeTU9ygG0LxjpiqzBlwc9QRioe4wZyGIbII7A0m\/3NIY37qw+gpNjejflSGf\/2Q==",
                "permalink": "https:\/\/swarthmoreultimate.slack.com\/files\/U042M4BL1GE\/F04T4BURPEV\/pxl_20230307_141035710.jpg",
                "permalink_public": "https:\/\/slack-files.com\/T7B710AL9-F04T4BURPEV-4fe16a0e9e",
                "is_starred": false,
                "has_rich_preview": false,
                "file_access": "visible"
            }
        ],
        "upload": false,
        "user": "U042M4BL1GE",
        "blocks": [
            {
                "type": "rich_text",
                "block_id": "zBgF",
                "elements": [
                    {
                        "type": "rich_text_section",
                        "elements": [
                            {
                                "type": "text",
                                "text": "The moms observed the carnage of a hawk killing a fish"
                            }
                        ]
                    }
                ]
            }
        ],
        "type": "message",
        "ts": "1678198355.223889",
        "client_msg_id": "f738fd74-9693-4919-99d1-3f976d074f40"
    },
    {
        "text": "\"I don't need people's consent for this right?\" - Abel 2023",
        "files": [
            {
                "id": "F04T86RRNBB",
                "created": 1678235935,
                "timestamp": 1678235935,
                "name": "IMG_7493.jpg",
                "title": "IMG_7493",
                "mimetype": "image\/jpeg",
                "filetype": "jpg",
                "pretty_type": "JPEG",
                "user": "U041ACX3QCE",
                "user_team": "T7B710AL9",
                "editable": false,
                "size": 1379072,
                "mode": "hosted",
                "is_external": false,
                "external_type": "",
                "is_public": true,
                "public_url_shared": false,
                "display_as_bot": false,
                "username": "",
                "url_private": "https:\/\/files.slack.com\/files-pri\/T7B710AL9-F04T86RRNBB\/img_7493.jpg?t=xoxe-249239010689-7383763303600-7346417720535-c8977b2d870e66a58192db1f0484baaa",
                "url_private_download": "https:\/\/files.slack.com\/files-pri\/T7B710AL9-F04T86RRNBB\/download\/img_7493.jpg?t=xoxe-249239010689-7383763303600-7346417720535-c8977b2d870e66a58192db1f0484baaa",
                "media_display_type": "unknown",
                "thumb_64": "https:\/\/files.slack.com\/files-tmb\/T7B710AL9-F04T86RRNBB-b6824531a3\/img_7493_64.jpg?t=xoxe-249239010689-7383763303600-7346417720535-c8977b2d870e66a58192db1f0484baaa",
                "thumb_80": "https:\/\/files.slack.com\/files-tmb\/T7B710AL9-F04T86RRNBB-b6824531a3\/img_7493_80.jpg?t=xoxe-249239010689-7383763303600-7346417720535-c8977b2d870e66a58192db1f0484baaa",
                "thumb_360": "https:\/\/files.slack.com\/files-tmb\/T7B710AL9-F04T86RRNBB-b6824531a3\/img_7493_360.jpg?t=xoxe-249239010689-7383763303600-7346417720535-c8977b2d870e66a58192db1f0484baaa",
                "thumb_360_w": 270,
                "thumb_360_h": 360,
                "thumb_480": "https:\/\/files.slack.com\/files-tmb\/T7B710AL9-F04T86RRNBB-b6824531a3\/img_7493_480.jpg?t=xoxe-249239010689-7383763303600-7346417720535-c8977b2d870e66a58192db1f0484baaa",
                "thumb_480_w": 360,
                "thumb_480_h": 480,
                "thumb_160": "https:\/\/files.slack.com\/files-tmb\/T7B710AL9-F04T86RRNBB-b6824531a3\/img_7493_160.jpg?t=xoxe-249239010689-7383763303600-7346417720535-c8977b2d870e66a58192db1f0484baaa",
                "thumb_720": "https:\/\/files.slack.com\/files-tmb\/T7B710AL9-F04T86RRNBB-b6824531a3\/img_7493_720.jpg?t=xoxe-249239010689-7383763303600-7346417720535-c8977b2d870e66a58192db1f0484baaa",
                "thumb_720_w": 540,
                "thumb_720_h": 720,
                "thumb_800": "https:\/\/files.slack.com\/files-tmb\/T7B710AL9-F04T86RRNBB-b6824531a3\/img_7493_800.jpg?t=xoxe-249239010689-7383763303600-7346417720535-c8977b2d870e66a58192db1f0484baaa",
                "thumb_800_w": 800,
                "thumb_800_h": 1067,
                "thumb_960": "https:\/\/files.slack.com\/files-tmb\/T7B710AL9-F04T86RRNBB-b6824531a3\/img_7493_960.jpg?t=xoxe-249239010689-7383763303600-7346417720535-c8977b2d870e66a58192db1f0484baaa",
                "thumb_960_w": 720,
                "thumb_960_h": 960,
                "thumb_1024": "https:\/\/files.slack.com\/files-tmb\/T7B710AL9-F04T86RRNBB-b6824531a3\/img_7493_1024.jpg?t=xoxe-249239010689-7383763303600-7346417720535-c8977b2d870e66a58192db1f0484baaa",
                "thumb_1024_w": 768,
                "thumb_1024_h": 1024,
                "original_w": 3024,
                "original_h": 4032,
                "thumb_tiny": "AwAwACSwTntTXfy0JJIHSqH2yX249qfNM7WqburEE8VNirihssSTzVqIfuxjvWTvYt3z7Vp28irCqM\/zHtnpVvUlE2DRikDMBgAEe5OaN7\/3U\/OoGZUw2zSAetXp4Cbb\/cUY\/Cq1xGwuHGOGYfrWhIWMZUHqMdM0NjsYw4apQrY3Yx6UkkZjk5x6ihs+vNUItiUsAfz5o3t\/k1VUtily3pU2Hc0ZMsNwwPamZO3rTmXBxTDUlDS\/zjPr3qo45PsavLGGOW6VUKkOeMjNNMTQwdKKmFuWGUZce9H2Z\/7y\/nVXJsf\/2Q==",
                "permalink": "https:\/\/swarthmoreultimate.slack.com\/files\/U041ACX3QCE\/F04T86RRNBB\/img_7493.jpg",
                "permalink_public": "https:\/\/slack-files.com\/T7B710AL9-F04T86RRNBB-2f0c2585e9",
                "is_starred": false,
                "has_rich_preview": false,
                "file_access": "visible"
            }
        ],
        "upload": false,
        "user": "U041ACX3QCE",
        "display_as_bot": false,
        "blocks": [
            {
                "type": "rich_text",
                "block_id": "S3zD",
                "elements": [
                    {
                        "type": "rich_text_section",
                        "elements": [
                            {
                                "type": "text",
                                "text": "\"I don't need people's consent for this right?\" - Abel 2023"
                            }
                        ]
                    }
                ]
            }
        ],
        "type": "message",
        "ts": "1678240062.058999",
        "client_msg_id": "682264F8-B63B-410B-8AC3-52D6D3BDA64B",
        "reactions": [
            {
                "name": "abel-cat-cow",
                "users": [
                    "U01ANMM9XRS",
                    "U0413RTSB62",
                    "U01AFT4NEPN",
                    "U04206SVBBP",
                    "U02CH0X3XQE",
                    "UQCAL163W",
                    "U041VKJ0UBB",
                    "UNE9YE50X"
                ],
                "count": 8
            }
        ]
    }
]