[
    {
        "user": "U01AGFZUUSW",
        "type": "message",
        "ts": "1683000760.496269",
        "client_msg_id": "D129ABE7-D57D-4185-9179-618B900A7ECA",
        "text": "Clothier’s one card access ends at 12 am?",
        "team": "T7B710AL9",
        "user_team": "T7B710AL9",
        "source_team": "T7B710AL9",
        "user_profile": {
            "avatar_hash": "2eda97f50b89",
            "image_72": "https:\/\/avatars.slack-edge.com\/2023-03-12\/4936609160771_2eda97f50b89e827f6da_72.png",
            "first_name": "",
            "real_name": "Kai Williams",
            "display_name": "Kai Williams",
            "team": "T7B710AL9",
            "name": "kwillia2",
            "is_restricted": false,
            "is_ultra_restricted": false
        },
        "thread_ts": "1683000760.496269",
        "reply_count": 7,
        "reply_users_count": 2,
        "latest_reply": "1683000889.527709",
        "reply_users": [
            "U01DZ0DF0U8",
            "U01AGFZUUSW"
        ],
        "replies": [
            {
                "user": "U01DZ0DF0U8",
                "ts": "1683000809.937489"
            },
            {
                "user": "U01DZ0DF0U8",
                "ts": "1683000812.702809"
            },
            {
                "user": "U01AGFZUUSW",
                "ts": "1683000824.274999"
            },
            {
                "user": "U01DZ0DF0U8",
                "ts": "1683000829.457449"
            },
            {
                "user": "U01DZ0DF0U8",
                "ts": "1683000834.062439"
            },
            {
                "user": "U01AGFZUUSW",
                "ts": "1683000864.522769"
            },
            {
                "user": "U01AGFZUUSW",
                "ts": "1683000889.527709"
            }
        ],
        "is_locked": false,
        "subscribed": false,
        "blocks": [
            {
                "type": "rich_text",
                "block_id": "uJ5wn",
                "elements": [
                    {
                        "type": "rich_text_section",
                        "elements": [
                            {
                                "type": "text",
                                "text": "Clothier’s one card access ends at 12 am?"
                            }
                        ]
                    }
                ]
            }
        ]
    },
    {
        "user": "U01DZ0DF0U8",
        "type": "message",
        "ts": "1683000809.937489",
        "client_msg_id": "4151FAF8-E656-4FA7-81B8-2DB024095543",
        "text": "Oui ",
        "team": "T7B710AL9",
        "user_team": "T7B710AL9",
        "source_team": "T7B710AL9",
        "user_profile": {
            "avatar_hash": "6dcfb539f5fa",
            "image_72": "https:\/\/avatars.slack-edge.com\/2023-10-21\/6068777918454_6dcfb539f5facaf9707a_72.png",
            "first_name": "Nora",
            "real_name": "Nora Sweeney",
            "display_name": "Nora",
            "team": "T7B710AL9",
            "name": "nsweene1",
            "is_restricted": false,
            "is_ultra_restricted": false
        },
        "thread_ts": "1683000760.496269",
        "parent_user_id": "U01AGFZUUSW",
        "blocks": [
            {
                "type": "rich_text",
                "block_id": "=iI",
                "elements": [
                    {
                        "type": "rich_text_section",
                        "elements": [
                            {
                                "type": "text",
                                "text": "Oui "
                            }
                        ]
                    }
                ]
            }
        ]
    },
    {
        "user": "U01DZ0DF0U8",
        "type": "message",
        "ts": "1683000812.702809",
        "client_msg_id": "7B1F46F7-7735-4FF5-9A55-9AFE9A17C1FE",
        "text": "Do you need in ",
        "team": "T7B710AL9",
        "user_team": "T7B710AL9",
        "source_team": "T7B710AL9",
        "user_profile": {
            "avatar_hash": "6dcfb539f5fa",
            "image_72": "https:\/\/avatars.slack-edge.com\/2023-10-21\/6068777918454_6dcfb539f5facaf9707a_72.png",
            "first_name": "Nora",
            "real_name": "Nora Sweeney",
            "display_name": "Nora",
            "team": "T7B710AL9",
            "name": "nsweene1",
            "is_restricted": false,
            "is_ultra_restricted": false
        },
        "thread_ts": "1683000760.496269",
        "parent_user_id": "U01AGFZUUSW",
        "blocks": [
            {
                "type": "rich_text",
                "block_id": "PxeP",
                "elements": [
                    {
                        "type": "rich_text_section",
                        "elements": [
                            {
                                "type": "text",
                                "text": "Do you need in "
                            }
                        ]
                    }
                ]
            }
        ]
    },
    {
        "user": "U01AGFZUUSW",
        "type": "message",
        "ts": "1683000824.274999",
        "client_msg_id": "81B3AFD3-8150-4364-BD5D-F9409024344E",
        "text": "Yea ",
        "team": "T7B710AL9",
        "user_team": "T7B710AL9",
        "source_team": "T7B710AL9",
        "user_profile": {
            "avatar_hash": "2eda97f50b89",
            "image_72": "https:\/\/avatars.slack-edge.com\/2023-03-12\/4936609160771_2eda97f50b89e827f6da_72.png",
            "first_name": "",
            "real_name": "Kai Williams",
            "display_name": "Kai Williams",
            "team": "T7B710AL9",
            "name": "kwillia2",
            "is_restricted": false,
            "is_ultra_restricted": false
        },
        "thread_ts": "1683000760.496269",
        "parent_user_id": "U01AGFZUUSW",
        "blocks": [
            {
                "type": "rich_text",
                "block_id": "\/l7v\/",
                "elements": [
                    {
                        "type": "rich_text_section",
                        "elements": [
                            {
                                "type": "text",
                                "text": "Yea "
                            }
                        ]
                    }
                ]
            }
        ]
    },
    {
        "user": "U01DZ0DF0U8",
        "type": "message",
        "ts": "1683000829.457449",
        "client_msg_id": "DFF724F3-60AF-4377-AADF-4FCE15907615",
        "text": "Which ",
        "team": "T7B710AL9",
        "user_team": "T7B710AL9",
        "source_team": "T7B710AL9",
        "user_profile": {
            "avatar_hash": "6dcfb539f5fa",
            "image_72": "https:\/\/avatars.slack-edge.com\/2023-10-21\/6068777918454_6dcfb539f5facaf9707a_72.png",
            "first_name": "Nora",
            "real_name": "Nora Sweeney",
            "display_name": "Nora",
            "team": "T7B710AL9",
            "name": "nsweene1",
            "is_restricted": false,
            "is_ultra_restricted": false
        },
        "thread_ts": "1683000760.496269",
        "parent_user_id": "U01AGFZUUSW",
        "blocks": [
            {
                "type": "rich_text",
                "block_id": "wmG9",
                "elements": [
                    {
                        "type": "rich_text_section",
                        "elements": [
                            {
                                "type": "text",
                                "text": "Which "
                            }
                        ]
                    }
                ]
            }
        ]
    },
    {
        "user": "U01DZ0DF0U8",
        "type": "message",
        "ts": "1683000834.062439",
        "client_msg_id": "0A7BE843-BFC2-4C6C-814A-DE5CC97F23DE",
        "text": "Door ",
        "team": "T7B710AL9",
        "user_team": "T7B710AL9",
        "source_team": "T7B710AL9",
        "user_profile": {
            "avatar_hash": "6dcfb539f5fa",
            "image_72": "https:\/\/avatars.slack-edge.com\/2023-10-21\/6068777918454_6dcfb539f5facaf9707a_72.png",
            "first_name": "Nora",
            "real_name": "Nora Sweeney",
            "display_name": "Nora",
            "team": "T7B710AL9",
            "name": "nsweene1",
            "is_restricted": false,
            "is_ultra_restricted": false
        },
        "thread_ts": "1683000760.496269",
        "parent_user_id": "U01AGFZUUSW",
        "blocks": [
            {
                "type": "rich_text",
                "block_id": "vNeX",
                "elements": [
                    {
                        "type": "rich_text_section",
                        "elements": [
                            {
                                "type": "text",
                                "text": "Door "
                            }
                        ]
                    }
                ]
            }
        ]
    },
    {
        "user": "U01AGFZUUSW",
        "type": "message",
        "ts": "1683000864.522769",
        "client_msg_id": "3CB264E0-C140-47A3-A2D3-856B79D7A4FE",
        "text": "The one by the parking lot",
        "team": "T7B710AL9",
        "user_team": "T7B710AL9",
        "source_team": "T7B710AL9",
        "user_profile": {
            "avatar_hash": "2eda97f50b89",
            "image_72": "https:\/\/avatars.slack-edge.com\/2023-03-12\/4936609160771_2eda97f50b89e827f6da_72.png",
            "first_name": "",
            "real_name": "Kai Williams",
            "display_name": "Kai Williams",
            "team": "T7B710AL9",
            "name": "kwillia2",
            "is_restricted": false,
            "is_ultra_restricted": false
        },
        "thread_ts": "1683000760.496269",
        "parent_user_id": "U01AGFZUUSW",
        "blocks": [
            {
                "type": "rich_text",
                "block_id": "\/nvM",
                "elements": [
                    {
                        "type": "rich_text_section",
                        "elements": [
                            {
                                "type": "text",
                                "text": "The one by the parking lot"
                            }
                        ]
                    }
                ]
            }
        ]
    },
    {
        "text": "",
        "files": [
            {
                "id": "F055SHBL75H",
                "created": 1683000849,
                "timestamp": 1683000849,
                "name": "IMG_2780.jpg",
                "title": "IMG_2780",
                "mimetype": "image\/jpeg",
                "filetype": "jpg",
                "pretty_type": "JPEG",
                "user": "U01AGFZUUSW",
                "user_team": "T7B710AL9",
                "editable": false,
                "size": 1837242,
                "mode": "hosted",
                "is_external": false,
                "external_type": "",
                "is_public": true,
                "public_url_shared": false,
                "display_as_bot": false,
                "username": "",
                "subtype": "slack_image",
                "url_private": "https:\/\/files.slack.com\/files-pri\/T7B710AL9-F055SHBL75H\/img_2780.jpg?t=xoxe-249239010689-7383763303600-7346417720535-c8977b2d870e66a58192db1f0484baaa",
                "url_private_download": "https:\/\/files.slack.com\/files-pri\/T7B710AL9-F055SHBL75H\/download\/img_2780.jpg?t=xoxe-249239010689-7383763303600-7346417720535-c8977b2d870e66a58192db1f0484baaa",
                "media_display_type": "unknown",
                "thumb_64": "https:\/\/files.slack.com\/files-tmb\/T7B710AL9-F055SHBL75H-ddafc681d5\/img_2780_64.jpg?t=xoxe-249239010689-7383763303600-7346417720535-c8977b2d870e66a58192db1f0484baaa",
                "thumb_80": "https:\/\/files.slack.com\/files-tmb\/T7B710AL9-F055SHBL75H-ddafc681d5\/img_2780_80.jpg?t=xoxe-249239010689-7383763303600-7346417720535-c8977b2d870e66a58192db1f0484baaa",
                "thumb_360": "https:\/\/files.slack.com\/files-tmb\/T7B710AL9-F055SHBL75H-ddafc681d5\/img_2780_360.jpg?t=xoxe-249239010689-7383763303600-7346417720535-c8977b2d870e66a58192db1f0484baaa",
                "thumb_360_w": 270,
                "thumb_360_h": 360,
                "thumb_480": "https:\/\/files.slack.com\/files-tmb\/T7B710AL9-F055SHBL75H-ddafc681d5\/img_2780_480.jpg?t=xoxe-249239010689-7383763303600-7346417720535-c8977b2d870e66a58192db1f0484baaa",
                "thumb_480_w": 360,
                "thumb_480_h": 480,
                "thumb_160": "https:\/\/files.slack.com\/files-tmb\/T7B710AL9-F055SHBL75H-ddafc681d5\/img_2780_160.jpg?t=xoxe-249239010689-7383763303600-7346417720535-c8977b2d870e66a58192db1f0484baaa",
                "thumb_720": "https:\/\/files.slack.com\/files-tmb\/T7B710AL9-F055SHBL75H-ddafc681d5\/img_2780_720.jpg?t=xoxe-249239010689-7383763303600-7346417720535-c8977b2d870e66a58192db1f0484baaa",
                "thumb_720_w": 540,
                "thumb_720_h": 720,
                "thumb_800": "https:\/\/files.slack.com\/files-tmb\/T7B710AL9-F055SHBL75H-ddafc681d5\/img_2780_800.jpg?t=xoxe-249239010689-7383763303600-7346417720535-c8977b2d870e66a58192db1f0484baaa",
                "thumb_800_w": 800,
                "thumb_800_h": 1067,
                "thumb_960": "https:\/\/files.slack.com\/files-tmb\/T7B710AL9-F055SHBL75H-ddafc681d5\/img_2780_960.jpg?t=xoxe-249239010689-7383763303600-7346417720535-c8977b2d870e66a58192db1f0484baaa",
                "thumb_960_w": 720,
                "thumb_960_h": 960,
                "thumb_1024": "https:\/\/files.slack.com\/files-tmb\/T7B710AL9-F055SHBL75H-ddafc681d5\/img_2780_1024.jpg?t=xoxe-249239010689-7383763303600-7346417720535-c8977b2d870e66a58192db1f0484baaa",
                "thumb_1024_w": 768,
                "thumb_1024_h": 1024,
                "original_w": 3024,
                "original_h": 4032,
                "thumb_tiny": "AwAwACREf3qdJcDrVQe9IO9G4FxnDJyeaqSnmkL8AYH1pzAF8HpRYLkOaTNTeWvZMj1yaNg\/55\/zoATPNM3bWpd2KYT7UCHF9zCpB97moAcdqerHrQMk28daNvvSYPY0Yb1oACvFN2VPs5pdlAFYrSrwanKUwpQA3OKMmnDA4NHy+9ID\/9k=",
                "permalink": "https:\/\/swarthmoreultimate.slack.com\/files\/U01AGFZUUSW\/F055SHBL75H\/img_2780.jpg",
                "permalink_public": "https:\/\/slack-files.com\/T7B710AL9-F055SHBL75H-39ebb8c9b1",
                "is_starred": false,
                "has_rich_preview": false,
                "file_access": "visible"
            }
        ],
        "upload": false,
        "user": "U01AGFZUUSW",
        "display_as_bot": false,
        "type": "message",
        "ts": "1683000889.527709",
        "client_msg_id": "BDBE3C52-AEB5-4171-8087-93AC1DF2792E",
        "thread_ts": "1683000760.496269",
        "parent_user_id": "U01AGFZUUSW"
    }
]