[
    {
        "text": "bruh",
        "files": [
            {
                "id": "F05ULF4PL4A",
                "created": 1696043504,
                "timestamp": 1696043504,
                "name": "IMG_5614.jpg",
                "title": "IMG_5614",
                "mimetype": "image\/jpeg",
                "filetype": "jpg",
                "pretty_type": "JPEG",
                "user": "U01AFT4NEPN",
                "user_team": "T7B710AL9",
                "editable": false,
                "size": 1246059,
                "mode": "hosted",
                "is_external": false,
                "external_type": "",
                "is_public": true,
                "public_url_shared": false,
                "display_as_bot": false,
                "username": "",
                "url_private": "https:\/\/files.slack.com\/files-pri\/T7B710AL9-F05ULF4PL4A\/img_5614.jpg?t=xoxe-249239010689-7383763303600-7346417720535-c8977b2d870e66a58192db1f0484baaa",
                "url_private_download": "https:\/\/files.slack.com\/files-pri\/T7B710AL9-F05ULF4PL4A\/download\/img_5614.jpg?t=xoxe-249239010689-7383763303600-7346417720535-c8977b2d870e66a58192db1f0484baaa",
                "media_display_type": "unknown",
                "thumb_64": "https:\/\/files.slack.com\/files-tmb\/T7B710AL9-F05ULF4PL4A-6e0f3fa1b9\/img_5614_64.jpg?t=xoxe-249239010689-7383763303600-7346417720535-c8977b2d870e66a58192db1f0484baaa",
                "thumb_80": "https:\/\/files.slack.com\/files-tmb\/T7B710AL9-F05ULF4PL4A-6e0f3fa1b9\/img_5614_80.jpg?t=xoxe-249239010689-7383763303600-7346417720535-c8977b2d870e66a58192db1f0484baaa",
                "thumb_360": "https:\/\/files.slack.com\/files-tmb\/T7B710AL9-F05ULF4PL4A-6e0f3fa1b9\/img_5614_360.jpg?t=xoxe-249239010689-7383763303600-7346417720535-c8977b2d870e66a58192db1f0484baaa",
                "thumb_360_w": 270,
                "thumb_360_h": 360,
                "thumb_480": "https:\/\/files.slack.com\/files-tmb\/T7B710AL9-F05ULF4PL4A-6e0f3fa1b9\/img_5614_480.jpg?t=xoxe-249239010689-7383763303600-7346417720535-c8977b2d870e66a58192db1f0484baaa",
                "thumb_480_w": 360,
                "thumb_480_h": 480,
                "thumb_160": "https:\/\/files.slack.com\/files-tmb\/T7B710AL9-F05ULF4PL4A-6e0f3fa1b9\/img_5614_160.jpg?t=xoxe-249239010689-7383763303600-7346417720535-c8977b2d870e66a58192db1f0484baaa",
                "thumb_720": "https:\/\/files.slack.com\/files-tmb\/T7B710AL9-F05ULF4PL4A-6e0f3fa1b9\/img_5614_720.jpg?t=xoxe-249239010689-7383763303600-7346417720535-c8977b2d870e66a58192db1f0484baaa",
                "thumb_720_w": 540,
                "thumb_720_h": 720,
                "thumb_800": "https:\/\/files.slack.com\/files-tmb\/T7B710AL9-F05ULF4PL4A-6e0f3fa1b9\/img_5614_800.jpg?t=xoxe-249239010689-7383763303600-7346417720535-c8977b2d870e66a58192db1f0484baaa",
                "thumb_800_w": 800,
                "thumb_800_h": 1067,
                "thumb_960": "https:\/\/files.slack.com\/files-tmb\/T7B710AL9-F05ULF4PL4A-6e0f3fa1b9\/img_5614_960.jpg?t=xoxe-249239010689-7383763303600-7346417720535-c8977b2d870e66a58192db1f0484baaa",
                "thumb_960_w": 720,
                "thumb_960_h": 960,
                "thumb_1024": "https:\/\/files.slack.com\/files-tmb\/T7B710AL9-F05ULF4PL4A-6e0f3fa1b9\/img_5614_1024.jpg?t=xoxe-249239010689-7383763303600-7346417720535-c8977b2d870e66a58192db1f0484baaa",
                "thumb_1024_w": 768,
                "thumb_1024_h": 1024,
                "original_w": 3024,
                "original_h": 4032,
                "thumb_tiny": "AwAwACSViWfYDjAyT3qIkckU+TB\/3wOCKiGSTmoKJFFMkx5vBIOO1JJMqY9fSmieIowG7ee5FADxOyjHyn3OaPtLeifrTAso+5ux7UYn\/wBugZM54FRSLtHT5ifxq2I1Bz1+tQTkrIzKASVwBQCIoI8kyFQc+tRXERTDAYz2p8csb53kKfypssjOdqEkY6mmN2sTR3DCMcjpT\/tDeoqqvCiikI0HJCMR1A4rPklkYbTzkYz3NXZTiF8f3TWbxkc9utUiRCo5xSrkEYyKTAPQ\/nT8lWxmmITcP7oo3D+4KU7s8oDSc\/3BQB\/\/2Q==",
                "permalink": "https:\/\/swarthmoreultimate.slack.com\/files\/U01AFT4NEPN\/F05ULF4PL4A\/img_5614.jpg",
                "permalink_public": "https:\/\/slack-files.com\/T7B710AL9-F05ULF4PL4A-36ad6b0ed7",
                "is_starred": false,
                "has_rich_preview": false,
                "file_access": "visible"
            }
        ],
        "upload": false,
        "user": "U01AFT4NEPN",
        "display_as_bot": false,
        "blocks": [
            {
                "type": "rich_text",
                "block_id": "HX06w",
                "elements": [
                    {
                        "type": "rich_text_section",
                        "elements": [
                            {
                                "type": "text",
                                "text": "bruh"
                            }
                        ]
                    }
                ]
            }
        ],
        "type": "message",
        "ts": "1696043581.609729",
        "client_msg_id": "09B0C05F-1838-44A2-AE49-9EA6A2436965",
        "reactions": [
            {
                "name": "heart",
                "users": [
                    "U042N13FWNA",
                    "U0412DQJWEB",
                    "U01BGKQ3NCX",
                    "U042M4BL1GE",
                    "U01ANMM9XRS",
                    "U04206SVBBP"
                ],
                "count": 6
            }
        ]
    },
    {
        "text": "Krusty krew anthem made it to Jude’s top tracks on Spotify ",
        "files": [
            {
                "id": "F05UNV5JA1J",
                "created": 1696045062,
                "timestamp": 1696045062,
                "name": "IMG_6220.jpg",
                "title": "IMG_6220",
                "mimetype": "image\/jpeg",
                "filetype": "jpg",
                "pretty_type": "JPEG",
                "user": "U042N13FWNA",
                "user_team": "T7B710AL9",
                "editable": false,
                "size": 1199885,
                "mode": "hosted",
                "is_external": false,
                "external_type": "",
                "is_public": true,
                "public_url_shared": false,
                "display_as_bot": false,
                "username": "",
                "url_private": "https:\/\/files.slack.com\/files-pri\/T7B710AL9-F05UNV5JA1J\/img_6220.jpg?t=xoxe-249239010689-7383763303600-7346417720535-c8977b2d870e66a58192db1f0484baaa",
                "url_private_download": "https:\/\/files.slack.com\/files-pri\/T7B710AL9-F05UNV5JA1J\/download\/img_6220.jpg?t=xoxe-249239010689-7383763303600-7346417720535-c8977b2d870e66a58192db1f0484baaa",
                "media_display_type": "unknown",
                "thumb_64": "https:\/\/files.slack.com\/files-tmb\/T7B710AL9-F05UNV5JA1J-cb119c02a1\/img_6220_64.jpg?t=xoxe-249239010689-7383763303600-7346417720535-c8977b2d870e66a58192db1f0484baaa",
                "thumb_80": "https:\/\/files.slack.com\/files-tmb\/T7B710AL9-F05UNV5JA1J-cb119c02a1\/img_6220_80.jpg?t=xoxe-249239010689-7383763303600-7346417720535-c8977b2d870e66a58192db1f0484baaa",
                "thumb_360": "https:\/\/files.slack.com\/files-tmb\/T7B710AL9-F05UNV5JA1J-cb119c02a1\/img_6220_360.jpg?t=xoxe-249239010689-7383763303600-7346417720535-c8977b2d870e66a58192db1f0484baaa",
                "thumb_360_w": 270,
                "thumb_360_h": 360,
                "thumb_480": "https:\/\/files.slack.com\/files-tmb\/T7B710AL9-F05UNV5JA1J-cb119c02a1\/img_6220_480.jpg?t=xoxe-249239010689-7383763303600-7346417720535-c8977b2d870e66a58192db1f0484baaa",
                "thumb_480_w": 360,
                "thumb_480_h": 480,
                "thumb_160": "https:\/\/files.slack.com\/files-tmb\/T7B710AL9-F05UNV5JA1J-cb119c02a1\/img_6220_160.jpg?t=xoxe-249239010689-7383763303600-7346417720535-c8977b2d870e66a58192db1f0484baaa",
                "thumb_720": "https:\/\/files.slack.com\/files-tmb\/T7B710AL9-F05UNV5JA1J-cb119c02a1\/img_6220_720.jpg?t=xoxe-249239010689-7383763303600-7346417720535-c8977b2d870e66a58192db1f0484baaa",
                "thumb_720_w": 540,
                "thumb_720_h": 720,
                "thumb_800": "https:\/\/files.slack.com\/files-tmb\/T7B710AL9-F05UNV5JA1J-cb119c02a1\/img_6220_800.jpg?t=xoxe-249239010689-7383763303600-7346417720535-c8977b2d870e66a58192db1f0484baaa",
                "thumb_800_w": 800,
                "thumb_800_h": 1067,
                "thumb_960": "https:\/\/files.slack.com\/files-tmb\/T7B710AL9-F05UNV5JA1J-cb119c02a1\/img_6220_960.jpg?t=xoxe-249239010689-7383763303600-7346417720535-c8977b2d870e66a58192db1f0484baaa",
                "thumb_960_w": 720,
                "thumb_960_h": 960,
                "thumb_1024": "https:\/\/files.slack.com\/files-tmb\/T7B710AL9-F05UNV5JA1J-cb119c02a1\/img_6220_1024.jpg?t=xoxe-249239010689-7383763303600-7346417720535-c8977b2d870e66a58192db1f0484baaa",
                "thumb_1024_w": 768,
                "thumb_1024_h": 1024,
                "original_w": 3024,
                "original_h": 4032,
                "thumb_tiny": "AwAwACTNAJOB1NWDbyxLll49uaZajNwn1rXAOOtAGUkbyNtVDn34pXhdCA4xnpz1rW5x2\/Oqd8fniB9zSApbT9KNpqajmgBLTm5THQZNX4dx3ZJPPHFUbLiYk9lNXbf\/AFQztyfSgZP2rPu23XI6cL2q+TgZ\/lWZOxN0+Oe1AC0U2igQ6z+9Kefu9quxnCDk\/UispZGQnBxmpluJAch8+xpgafUd\/wAKyi+6Vz6sTVqO7yCH4IGQelUVwRSGTUVHkjvRuNAH\/9k=",
                "permalink": "https:\/\/swarthmoreultimate.slack.com\/files\/U042N13FWNA\/F05UNV5JA1J\/img_6220.jpg",
                "permalink_public": "https:\/\/slack-files.com\/T7B710AL9-F05UNV5JA1J-0db628a93e",
                "is_starred": false,
                "has_rich_preview": false,
                "file_access": "visible"
            }
        ],
        "upload": false,
        "user": "U042N13FWNA",
        "display_as_bot": false,
        "blocks": [
            {
                "type": "rich_text",
                "block_id": "IYhbm",
                "elements": [
                    {
                        "type": "rich_text_section",
                        "elements": [
                            {
                                "type": "text",
                                "text": "Krusty krew anthem made it to Jude’s top tracks on Spotify "
                            }
                        ]
                    }
                ]
            }
        ],
        "type": "message",
        "ts": "1696045115.326409",
        "client_msg_id": "78C075DE-51BF-4BFD-AEFA-99EDFECDC037",
        "thread_ts": "1696045115.326409",
        "reply_count": 2,
        "reply_users_count": 2,
        "latest_reply": "1696049316.729919",
        "reply_users": [
            "U0412DQJWEB",
            "U0446E8TCHX"
        ],
        "replies": [
            {
                "user": "U0412DQJWEB",
                "ts": "1696045167.635279"
            },
            {
                "user": "U0446E8TCHX",
                "ts": "1696049316.729919"
            }
        ],
        "is_locked": false,
        "subscribed": false,
        "reactions": [
            {
                "name": "enlightened-skippy",
                "users": [
                    "U01BGKQ3NCX",
                    "U01AFT4NEPN",
                    "U042M4BL1GE",
                    "U01ANMM9XRS",
                    "U041ACX3QCE",
                    "U019UV6JV4P",
                    "U04206SVBBP"
                ],
                "count": 7
            }
        ]
    },
    {
        "subtype": "thread_broadcast",
        "user": "U0412DQJWEB",
        "thread_ts": "1696045115.326409",
        "root": {
            "text": "Krusty krew anthem made it to Jude’s top tracks on Spotify ",
            "files": [
                {
                    "id": "F05UNV5JA1J",
                    "created": 1696045062,
                    "timestamp": 1696045062,
                    "name": "IMG_6220.jpg",
                    "title": "IMG_6220",
                    "mimetype": "image\/jpeg",
                    "filetype": "jpg",
                    "pretty_type": "JPEG",
                    "user": "U042N13FWNA",
                    "user_team": "T7B710AL9",
                    "editable": false,
                    "size": 1199885,
                    "mode": "hosted",
                    "is_external": false,
                    "external_type": "",
                    "is_public": true,
                    "public_url_shared": false,
                    "display_as_bot": false,
                    "username": "",
                    "url_private": "https:\/\/files.slack.com\/files-pri\/T7B710AL9-F05UNV5JA1J\/img_6220.jpg?t=xoxe-249239010689-7383763303600-7346417720535-c8977b2d870e66a58192db1f0484baaa",
                    "url_private_download": "https:\/\/files.slack.com\/files-pri\/T7B710AL9-F05UNV5JA1J\/download\/img_6220.jpg?t=xoxe-249239010689-7383763303600-7346417720535-c8977b2d870e66a58192db1f0484baaa",
                    "media_display_type": "unknown",
                    "thumb_64": "https:\/\/files.slack.com\/files-tmb\/T7B710AL9-F05UNV5JA1J-cb119c02a1\/img_6220_64.jpg?t=xoxe-249239010689-7383763303600-7346417720535-c8977b2d870e66a58192db1f0484baaa",
                    "thumb_80": "https:\/\/files.slack.com\/files-tmb\/T7B710AL9-F05UNV5JA1J-cb119c02a1\/img_6220_80.jpg?t=xoxe-249239010689-7383763303600-7346417720535-c8977b2d870e66a58192db1f0484baaa",
                    "thumb_360": "https:\/\/files.slack.com\/files-tmb\/T7B710AL9-F05UNV5JA1J-cb119c02a1\/img_6220_360.jpg?t=xoxe-249239010689-7383763303600-7346417720535-c8977b2d870e66a58192db1f0484baaa",
                    "thumb_360_w": 270,
                    "thumb_360_h": 360,
                    "thumb_480": "https:\/\/files.slack.com\/files-tmb\/T7B710AL9-F05UNV5JA1J-cb119c02a1\/img_6220_480.jpg?t=xoxe-249239010689-7383763303600-7346417720535-c8977b2d870e66a58192db1f0484baaa",
                    "thumb_480_w": 360,
                    "thumb_480_h": 480,
                    "thumb_160": "https:\/\/files.slack.com\/files-tmb\/T7B710AL9-F05UNV5JA1J-cb119c02a1\/img_6220_160.jpg?t=xoxe-249239010689-7383763303600-7346417720535-c8977b2d870e66a58192db1f0484baaa",
                    "thumb_720": "https:\/\/files.slack.com\/files-tmb\/T7B710AL9-F05UNV5JA1J-cb119c02a1\/img_6220_720.jpg?t=xoxe-249239010689-7383763303600-7346417720535-c8977b2d870e66a58192db1f0484baaa",
                    "thumb_720_w": 540,
                    "thumb_720_h": 720,
                    "thumb_800": "https:\/\/files.slack.com\/files-tmb\/T7B710AL9-F05UNV5JA1J-cb119c02a1\/img_6220_800.jpg?t=xoxe-249239010689-7383763303600-7346417720535-c8977b2d870e66a58192db1f0484baaa",
                    "thumb_800_w": 800,
                    "thumb_800_h": 1067,
                    "thumb_960": "https:\/\/files.slack.com\/files-tmb\/T7B710AL9-F05UNV5JA1J-cb119c02a1\/img_6220_960.jpg?t=xoxe-249239010689-7383763303600-7346417720535-c8977b2d870e66a58192db1f0484baaa",
                    "thumb_960_w": 720,
                    "thumb_960_h": 960,
                    "thumb_1024": "https:\/\/files.slack.com\/files-tmb\/T7B710AL9-F05UNV5JA1J-cb119c02a1\/img_6220_1024.jpg?t=xoxe-249239010689-7383763303600-7346417720535-c8977b2d870e66a58192db1f0484baaa",
                    "thumb_1024_w": 768,
                    "thumb_1024_h": 1024,
                    "original_w": 3024,
                    "original_h": 4032,
                    "thumb_tiny": "AwAwACTNAJOB1NWDbyxLll49uaZajNwn1rXAOOtAGUkbyNtVDn34pXhdCA4xnpz1rW5x2\/Oqd8fniB9zSApbT9KNpqajmgBLTm5THQZNX4dx3ZJPPHFUbLiYk9lNXbf\/AFQztyfSgZP2rPu23XI6cL2q+TgZ\/lWZOxN0+Oe1AC0U2igQ6z+9Kefu9quxnCDk\/UispZGQnBxmpluJAch8+xpgafUd\/wAKyi+6Vz6sTVqO7yCH4IGQelUVwRSGTUVHkjvRuNAH\/9k=",
                    "permalink": "https:\/\/swarthmoreultimate.slack.com\/files\/U042N13FWNA\/F05UNV5JA1J\/img_6220.jpg",
                    "permalink_public": "https:\/\/slack-files.com\/T7B710AL9-F05UNV5JA1J-0db628a93e",
                    "is_starred": false,
                    "has_rich_preview": false,
                    "file_access": "visible"
                }
            ],
            "upload": false,
            "user": "U042N13FWNA",
            "display_as_bot": false,
            "blocks": [
                {
                    "type": "rich_text",
                    "block_id": "IYhbm",
                    "elements": [
                        {
                            "type": "rich_text_section",
                            "elements": [
                                {
                                    "type": "text",
                                    "text": "Krusty krew anthem made it to Jude’s top tracks on Spotify "
                                }
                            ]
                        }
                    ]
                }
            ],
            "type": "message",
            "ts": "1696045115.326409",
            "client_msg_id": "78C075DE-51BF-4BFD-AEFA-99EDFECDC037",
            "thread_ts": "1696045115.326409",
            "reply_count": 2,
            "reply_users_count": 2,
            "latest_reply": "1696049316.729919",
            "reply_users": [
                "U0412DQJWEB",
                "U0446E8TCHX"
            ],
            "replies": [
                {
                    "user": "U0412DQJWEB",
                    "ts": "1696045167.635279"
                },
                {
                    "user": "U0446E8TCHX",
                    "ts": "1696049316.729919"
                }
            ],
            "is_locked": false,
            "subscribed": false
        },
        "type": "message",
        "ts": "1696045167.635279",
        "client_msg_id": "F326B8F1-E846-471A-B10A-9EA760A98C56",
        "text": "it’s bc u mfs keeping asking for it on aux",
        "blocks": [
            {
                "type": "rich_text",
                "block_id": "bRxgI",
                "elements": [
                    {
                        "type": "rich_text_section",
                        "elements": [
                            {
                                "type": "text",
                                "text": "it’s"
                            },
                            {
                                "type": "text",
                                "text": " bc u mfs keeping asking for it on aux"
                            }
                        ]
                    }
                ]
            }
        ]
    },
    {
        "subtype": "thread_broadcast",
        "user": "U0446E8TCHX",
        "thread_ts": "1696045115.326409",
        "root": {
            "text": "Krusty krew anthem made it to Jude’s top tracks on Spotify ",
            "files": [
                {
                    "id": "F05UNV5JA1J",
                    "created": 1696045062,
                    "timestamp": 1696045062,
                    "name": "IMG_6220.jpg",
                    "title": "IMG_6220",
                    "mimetype": "image\/jpeg",
                    "filetype": "jpg",
                    "pretty_type": "JPEG",
                    "user": "U042N13FWNA",
                    "user_team": "T7B710AL9",
                    "editable": false,
                    "size": 1199885,
                    "mode": "hosted",
                    "is_external": false,
                    "external_type": "",
                    "is_public": true,
                    "public_url_shared": false,
                    "display_as_bot": false,
                    "username": "",
                    "url_private": "https:\/\/files.slack.com\/files-pri\/T7B710AL9-F05UNV5JA1J\/img_6220.jpg?t=xoxe-249239010689-7383763303600-7346417720535-c8977b2d870e66a58192db1f0484baaa",
                    "url_private_download": "https:\/\/files.slack.com\/files-pri\/T7B710AL9-F05UNV5JA1J\/download\/img_6220.jpg?t=xoxe-249239010689-7383763303600-7346417720535-c8977b2d870e66a58192db1f0484baaa",
                    "media_display_type": "unknown",
                    "thumb_64": "https:\/\/files.slack.com\/files-tmb\/T7B710AL9-F05UNV5JA1J-cb119c02a1\/img_6220_64.jpg?t=xoxe-249239010689-7383763303600-7346417720535-c8977b2d870e66a58192db1f0484baaa",
                    "thumb_80": "https:\/\/files.slack.com\/files-tmb\/T7B710AL9-F05UNV5JA1J-cb119c02a1\/img_6220_80.jpg?t=xoxe-249239010689-7383763303600-7346417720535-c8977b2d870e66a58192db1f0484baaa",
                    "thumb_360": "https:\/\/files.slack.com\/files-tmb\/T7B710AL9-F05UNV5JA1J-cb119c02a1\/img_6220_360.jpg?t=xoxe-249239010689-7383763303600-7346417720535-c8977b2d870e66a58192db1f0484baaa",
                    "thumb_360_w": 270,
                    "thumb_360_h": 360,
                    "thumb_480": "https:\/\/files.slack.com\/files-tmb\/T7B710AL9-F05UNV5JA1J-cb119c02a1\/img_6220_480.jpg?t=xoxe-249239010689-7383763303600-7346417720535-c8977b2d870e66a58192db1f0484baaa",
                    "thumb_480_w": 360,
                    "thumb_480_h": 480,
                    "thumb_160": "https:\/\/files.slack.com\/files-tmb\/T7B710AL9-F05UNV5JA1J-cb119c02a1\/img_6220_160.jpg?t=xoxe-249239010689-7383763303600-7346417720535-c8977b2d870e66a58192db1f0484baaa",
                    "thumb_720": "https:\/\/files.slack.com\/files-tmb\/T7B710AL9-F05UNV5JA1J-cb119c02a1\/img_6220_720.jpg?t=xoxe-249239010689-7383763303600-7346417720535-c8977b2d870e66a58192db1f0484baaa",
                    "thumb_720_w": 540,
                    "thumb_720_h": 720,
                    "thumb_800": "https:\/\/files.slack.com\/files-tmb\/T7B710AL9-F05UNV5JA1J-cb119c02a1\/img_6220_800.jpg?t=xoxe-249239010689-7383763303600-7346417720535-c8977b2d870e66a58192db1f0484baaa",
                    "thumb_800_w": 800,
                    "thumb_800_h": 1067,
                    "thumb_960": "https:\/\/files.slack.com\/files-tmb\/T7B710AL9-F05UNV5JA1J-cb119c02a1\/img_6220_960.jpg?t=xoxe-249239010689-7383763303600-7346417720535-c8977b2d870e66a58192db1f0484baaa",
                    "thumb_960_w": 720,
                    "thumb_960_h": 960,
                    "thumb_1024": "https:\/\/files.slack.com\/files-tmb\/T7B710AL9-F05UNV5JA1J-cb119c02a1\/img_6220_1024.jpg?t=xoxe-249239010689-7383763303600-7346417720535-c8977b2d870e66a58192db1f0484baaa",
                    "thumb_1024_w": 768,
                    "thumb_1024_h": 1024,
                    "original_w": 3024,
                    "original_h": 4032,
                    "thumb_tiny": "AwAwACTNAJOB1NWDbyxLll49uaZajNwn1rXAOOtAGUkbyNtVDn34pXhdCA4xnpz1rW5x2\/Oqd8fniB9zSApbT9KNpqajmgBLTm5THQZNX4dx3ZJPPHFUbLiYk9lNXbf\/AFQztyfSgZP2rPu23XI6cL2q+TgZ\/lWZOxN0+Oe1AC0U2igQ6z+9Kefu9quxnCDk\/UispZGQnBxmpluJAch8+xpgafUd\/wAKyi+6Vz6sTVqO7yCH4IGQelUVwRSGTUVHkjvRuNAH\/9k=",
                    "permalink": "https:\/\/swarthmoreultimate.slack.com\/files\/U042N13FWNA\/F05UNV5JA1J\/img_6220.jpg",
                    "permalink_public": "https:\/\/slack-files.com\/T7B710AL9-F05UNV5JA1J-0db628a93e",
                    "is_starred": false,
                    "has_rich_preview": false,
                    "file_access": "visible"
                }
            ],
            "upload": false,
            "user": "U042N13FWNA",
            "display_as_bot": false,
            "blocks": [
                {
                    "type": "rich_text",
                    "block_id": "IYhbm",
                    "elements": [
                        {
                            "type": "rich_text_section",
                            "elements": [
                                {
                                    "type": "text",
                                    "text": "Krusty krew anthem made it to Jude’s top tracks on Spotify "
                                }
                            ]
                        }
                    ]
                }
            ],
            "type": "message",
            "ts": "1696045115.326409",
            "client_msg_id": "78C075DE-51BF-4BFD-AEFA-99EDFECDC037",
            "thread_ts": "1696045115.326409",
            "reply_count": 2,
            "reply_users_count": 2,
            "latest_reply": "1696049316.729919",
            "reply_users": [
                "U0412DQJWEB",
                "U0446E8TCHX"
            ],
            "replies": [
                {
                    "user": "U0412DQJWEB",
                    "ts": "1696045167.635279"
                },
                {
                    "user": "U0446E8TCHX",
                    "ts": "1696049316.729919"
                }
            ],
            "is_locked": false,
            "subscribed": false
        },
        "type": "message",
        "ts": "1696049316.729919",
        "client_msg_id": "37CB91E4-FF45-49CF-B053-A9D4F6D99A74",
        "text": "i’m so proud of myself",
        "blocks": [
            {
                "type": "rich_text",
                "block_id": "vVT26",
                "elements": [
                    {
                        "type": "rich_text_section",
                        "elements": [
                            {
                                "type": "text",
                                "text": "i’m"
                            },
                            {
                                "type": "text",
                                "text": " so proud of myself"
                            }
                        ]
                    }
                ]
            }
        ],
        "reactions": [
            {
                "name": "smile-dawgs",
                "users": [
                    "U01AFT4NEPN",
                    "U01ANMM9XRS",
                    "U019UV6JV4P",
                    "U04206SVBBP"
                ],
                "count": 4
            }
        ]
    }
]