[
    {
        "text": "Satan at this venue in 2 days",
        "files": [
            {
                "id": "F052SN0BCH1",
                "created": 1681256229,
                "timestamp": 1681256229,
                "name": "IMG_4561.png",
                "title": "IMG_4561",
                "mimetype": "image\/png",
                "filetype": "png",
                "pretty_type": "PNG",
                "user": "U01ANMM9XRS",
                "user_team": "T7B710AL9",
                "editable": false,
                "size": 4964519,
                "mode": "hosted",
                "is_external": false,
                "external_type": "",
                "is_public": true,
                "public_url_shared": false,
                "display_as_bot": false,
                "username": "",
                "url_private": "https:\/\/files.slack.com\/files-pri\/T7B710AL9-F052SN0BCH1\/img_4561.png?t=xoxe-249239010689-7383763303600-7346417720535-c8977b2d870e66a58192db1f0484baaa",
                "url_private_download": "https:\/\/files.slack.com\/files-pri\/T7B710AL9-F052SN0BCH1\/download\/img_4561.png?t=xoxe-249239010689-7383763303600-7346417720535-c8977b2d870e66a58192db1f0484baaa",
                "media_display_type": "unknown",
                "thumb_64": "https:\/\/files.slack.com\/files-tmb\/T7B710AL9-F052SN0BCH1-ee1fa65f0d\/img_4561_64.png?t=xoxe-249239010689-7383763303600-7346417720535-c8977b2d870e66a58192db1f0484baaa",
                "thumb_80": "https:\/\/files.slack.com\/files-tmb\/T7B710AL9-F052SN0BCH1-ee1fa65f0d\/img_4561_80.png?t=xoxe-249239010689-7383763303600-7346417720535-c8977b2d870e66a58192db1f0484baaa",
                "thumb_360": "https:\/\/files.slack.com\/files-tmb\/T7B710AL9-F052SN0BCH1-ee1fa65f0d\/img_4561_360.png?t=xoxe-249239010689-7383763303600-7346417720535-c8977b2d870e66a58192db1f0484baaa",
                "thumb_360_w": 166,
                "thumb_360_h": 360,
                "thumb_480": "https:\/\/files.slack.com\/files-tmb\/T7B710AL9-F052SN0BCH1-ee1fa65f0d\/img_4561_480.png?t=xoxe-249239010689-7383763303600-7346417720535-c8977b2d870e66a58192db1f0484baaa",
                "thumb_480_w": 222,
                "thumb_480_h": 480,
                "thumb_160": "https:\/\/files.slack.com\/files-tmb\/T7B710AL9-F052SN0BCH1-ee1fa65f0d\/img_4561_160.png?t=xoxe-249239010689-7383763303600-7346417720535-c8977b2d870e66a58192db1f0484baaa",
                "thumb_720": "https:\/\/files.slack.com\/files-tmb\/T7B710AL9-F052SN0BCH1-ee1fa65f0d\/img_4561_720.png?t=xoxe-249239010689-7383763303600-7346417720535-c8977b2d870e66a58192db1f0484baaa",
                "thumb_720_w": 333,
                "thumb_720_h": 720,
                "thumb_800": "https:\/\/files.slack.com\/files-tmb\/T7B710AL9-F052SN0BCH1-ee1fa65f0d\/img_4561_800.png?t=xoxe-249239010689-7383763303600-7346417720535-c8977b2d870e66a58192db1f0484baaa",
                "thumb_800_w": 800,
                "thumb_800_h": 1731,
                "thumb_960": "https:\/\/files.slack.com\/files-tmb\/T7B710AL9-F052SN0BCH1-ee1fa65f0d\/img_4561_960.png?t=xoxe-249239010689-7383763303600-7346417720535-c8977b2d870e66a58192db1f0484baaa",
                "thumb_960_w": 444,
                "thumb_960_h": 960,
                "thumb_1024": "https:\/\/files.slack.com\/files-tmb\/T7B710AL9-F052SN0BCH1-ee1fa65f0d\/img_4561_1024.png?t=xoxe-249239010689-7383763303600-7346417720535-c8977b2d870e66a58192db1f0484baaa",
                "thumb_1024_w": 473,
                "thumb_1024_h": 1024,
                "original_w": 828,
                "original_h": 1792,
                "thumb_tiny": "AwAwABaK1IXBJwKsGRD0Y\/lVaH\/Vipn27ThTn1qhD\/PVfuIc+9H2pv7gqvjijH0oASDHlirDFipyBioIOYx\/Wpipx95fzpARUYpfwooAZB\/qx6VMQmOpz9Kgg\/1Yqdiu04Ug+tADKKSlzQB\/\/9k=",
                "permalink": "https:\/\/swarthmoreultimate.slack.com\/files\/U01ANMM9XRS\/F052SN0BCH1\/img_4561.png",
                "permalink_public": "https:\/\/slack-files.com\/T7B710AL9-F052SN0BCH1-90f2d4911a",
                "is_starred": false,
                "has_rich_preview": false,
                "file_access": "visible"
            }
        ],
        "upload": false,
        "user": "U01ANMM9XRS",
        "display_as_bot": false,
        "blocks": [
            {
                "type": "rich_text",
                "block_id": "xHPwq",
                "elements": [
                    {
                        "type": "rich_text_section",
                        "elements": [
                            {
                                "type": "text",
                                "text": "Satan at this venue in 2 days"
                            }
                        ]
                    }
                ]
            }
        ],
        "type": "message",
        "ts": "1681256239.193049",
        "client_msg_id": "E633AA6C-C062-42D1-AD77-CFECD6CE6674",
        "reactions": [
            {
                "name": "smiling_imp",
                "users": [
                    "U01A1PNMU6B",
                    "U01AFT4NEPN",
                    "U02MFDM09RB",
                    "UNE9YE50X"
                ],
                "count": 4
            },
            {
                "name": "darthnemis",
                "users": [
                    "U02MFDM09RB"
                ],
                "count": 1
            }
        ]
    }
]