[
    {
        "user": "U0446E8TCHX",
        "type": "message",
        "ts": "1703814881.242589",
        "client_msg_id": "D0BDE0C7-51FD-4211-BEDA-216339492B3D",
        "text": "fuze said wikihow as “weekeehow” and then “wickuhhow”",
        "team": "T7B710AL9",
        "user_team": "T7B710AL9",
        "source_team": "T7B710AL9",
        "user_profile": {
            "avatar_hash": "330ac6b4ac64",
            "image_72": "https:\/\/avatars.slack-edge.com\/2024-05-02\/7045088340247_330ac6b4ac6470ff2637_72.png",
            "first_name": "joe",
            "real_name": "joe",
            "display_name": "mine shot crafts",
            "team": "T7B710AL9",
            "name": "jaustri1",
            "is_restricted": false,
            "is_ultra_restricted": false
        },
        "thread_ts": "1703814881.242589",
        "reply_count": 3,
        "reply_users_count": 2,
        "latest_reply": "1703815608.289789",
        "reply_users": [
            "U01AFT4NEPN",
            "U01A1PNMU6B"
        ],
        "replies": [
            {
                "user": "U01AFT4NEPN",
                "ts": "1703814939.281749"
            },
            {
                "user": "U01A1PNMU6B",
                "ts": "1703815575.655959"
            },
            {
                "user": "U01A1PNMU6B",
                "ts": "1703815608.289789"
            }
        ],
        "is_locked": false,
        "subscribed": false,
        "blocks": [
            {
                "type": "rich_text",
                "block_id": "PJ4fL",
                "elements": [
                    {
                        "type": "rich_text_section",
                        "elements": [
                            {
                                "type": "text",
                                "text": "fuze said wikihow as “weekeehow” and then “wickuhhow”"
                            }
                        ]
                    }
                ]
            }
        ],
        "reactions": [
            {
                "name": "wat",
                "users": [
                    "U01AFT4NEPN",
                    "U01ANMM9XRS",
                    "U042M4BL1GE",
                    "U041ACX3QCE",
                    "U019UV6JV4P",
                    "U01BGKQ3NCX"
                ],
                "count": 6
            }
        ]
    },
    {
        "user": "U01AFT4NEPN",
        "type": "message",
        "ts": "1703814939.281749",
        "client_msg_id": "57097AF4-DE73-413A-9A6D-8B363C6B445D",
        "text": "Wait is it not wickeehow",
        "team": "T7B710AL9",
        "user_team": "T7B710AL9",
        "source_team": "T7B710AL9",
        "user_profile": {
            "avatar_hash": "48db12d99e86",
            "image_72": "https:\/\/avatars.slack-edge.com\/2024-04-25\/7009387655319_48db12d99e86f89eb51b_72.png",
            "first_name": "Ryan",
            "real_name": "Ryan Jin",
            "display_name": "Chef",
            "team": "T7B710AL9",
            "name": "rjin1",
            "is_restricted": false,
            "is_ultra_restricted": false
        },
        "thread_ts": "1703814881.242589",
        "parent_user_id": "U0446E8TCHX",
        "blocks": [
            {
                "type": "rich_text",
                "block_id": "f+foj",
                "elements": [
                    {
                        "type": "rich_text_section",
                        "elements": [
                            {
                                "type": "text",
                                "text": "Wait is it not wickeehow"
                            }
                        ]
                    }
                ]
            }
        ]
    },
    {
        "user": "U01A1PNMU6B",
        "type": "message",
        "ts": "1703815575.655959",
        "client_msg_id": "35AFB91C-B899-4DFD-841E-53395E8197F7",
        "text": "apparently it is",
        "team": "T7B710AL9",
        "user_team": "T7B710AL9",
        "source_team": "T7B710AL9",
        "user_profile": {
            "avatar_hash": "f97f7aa7f052",
            "image_72": "https:\/\/avatars.slack-edge.com\/2024-03-17\/6813984675811_f97f7aa7f0525458e680_72.png",
            "first_name": "Abdul",
            "real_name": "Abdul Aziz Jeter",
            "display_name": "Fuze",
            "team": "T7B710AL9",
            "name": "ajeter1",
            "is_restricted": false,
            "is_ultra_restricted": false
        },
        "thread_ts": "1703814881.242589",
        "parent_user_id": "U0446E8TCHX",
        "blocks": [
            {
                "type": "rich_text",
                "block_id": "AxqU0",
                "elements": [
                    {
                        "type": "rich_text_section",
                        "elements": [
                            {
                                "type": "text",
                                "text": "apparently it is"
                            }
                        ]
                    }
                ]
            }
        ]
    },
    {
        "user": "U01A1PNMU6B",
        "type": "message",
        "ts": "1703815608.289789",
        "edited": {
            "user": "U01A1PNMU6B",
            "ts": "1703815647.000000"
        },
        "client_msg_id": "C888F8CE-6E76-403E-AAE4-26A6D89F28AF",
        "text": "ok but like weekeehow makes sense if pronounce it like “kiwi” ",
        "team": "T7B710AL9",
        "user_team": "T7B710AL9",
        "source_team": "T7B710AL9",
        "user_profile": {
            "avatar_hash": "f97f7aa7f052",
            "image_72": "https:\/\/avatars.slack-edge.com\/2024-03-17\/6813984675811_f97f7aa7f0525458e680_72.png",
            "first_name": "Abdul",
            "real_name": "Abdul Aziz Jeter",
            "display_name": "Fuze",
            "team": "T7B710AL9",
            "name": "ajeter1",
            "is_restricted": false,
            "is_ultra_restricted": false
        },
        "thread_ts": "1703814881.242589",
        "parent_user_id": "U0446E8TCHX",
        "blocks": [
            {
                "type": "rich_text",
                "block_id": "7Z9L4",
                "elements": [
                    {
                        "type": "rich_text_section",
                        "elements": [
                            {
                                "type": "text",
                                "text": "ok but like weekeehow makes sense if pronounce it like “kiwi” "
                            }
                        ]
                    }
                ]
            }
        ]
    }
]