[
    {
        "user": "U0421MC7G65",
        "type": "message",
        "ts": "1682821088.328089",
        "client_msg_id": "dea8c3c7-55d8-4055-b521-738fd1f88443",
        "text": "I do believe the firemoose honked one time fewer than usual",
        "team": "T7B710AL9",
        "user_team": "T7B710AL9",
        "source_team": "T7B710AL9",
        "user_profile": {
            "avatar_hash": "6689fa6fe4ca",
            "image_72": "https:\/\/avatars.slack-edge.com\/2022-11-09\/4342578550534_6689fa6fe4ca0ff34d55_72.jpg",
            "first_name": "Mirabai",
            "real_name": "Mirabai Smoot",
            "display_name": "mirabai",
            "team": "T7B710AL9",
            "name": "msmoot28",
            "is_restricted": false,
            "is_ultra_restricted": false
        },
        "blocks": [
            {
                "type": "rich_text",
                "block_id": "NO2h",
                "elements": [
                    {
                        "type": "rich_text_section",
                        "elements": [
                            {
                                "type": "text",
                                "text": "I do believe the firemoose honked one time fewer than usual"
                            }
                        ]
                    }
                ]
            }
        ]
    }
]