[
    {
        "user": "U042UB7979S",
        "type": "message",
        "ts": "1685466126.374179",
        "client_msg_id": "05D535E7-48FF-42E9-9613-D6383212480A",
        "text": "On a run today I saw someone who looked just like Prof Paul Rablen from afar and for a moment I was not surprised at all that I would still run into him walking around even in Oregon",
        "team": "T7B710AL9",
        "user_team": "T7B710AL9",
        "source_team": "T7B710AL9",
        "user_profile": {
            "avatar_hash": "ga322a58f3c3",
            "image_72": "https:\/\/secure.gravatar.com\/avatar\/a322a58f3c339e4ea572b7c6a0b4af84.jpg?s=72&d=https%3A%2F%2Fa.slack-edge.com%2Fdf10d%2Fimg%2Favatars%2Fava_0024-72.png",
            "first_name": "Elena",
            "real_name": "Elena",
            "display_name": "",
            "team": "T7B710AL9",
            "name": "elee8",
            "is_restricted": false,
            "is_ultra_restricted": false
        },
        "blocks": [
            {
                "type": "rich_text",
                "block_id": "U0NmP",
                "elements": [
                    {
                        "type": "rich_text_section",
                        "elements": [
                            {
                                "type": "text",
                                "text": "On a run today I saw someone who looked just like Prof Paul Rablen from afar and for a moment I was not surprised at all that I would still run into him walking around even in Oregon"
                            }
                        ]
                    }
                ]
            }
        ]
    }
]