[
    {
        "text": ":gradjon: ",
        "files": [
            {
                "id": "F0588PBDUR3",
                "created": 1684382917,
                "timestamp": 1684382917,
                "name": "IMG_3425.jpg",
                "title": "IMG_3425",
                "mimetype": "image\/jpeg",
                "filetype": "jpg",
                "pretty_type": "JPEG",
                "user": "U01AFT4NEPN",
                "user_team": "T7B710AL9",
                "editable": false,
                "size": 727891,
                "mode": "hosted",
                "is_external": false,
                "external_type": "",
                "is_public": true,
                "public_url_shared": false,
                "display_as_bot": false,
                "username": "",
                "url_private": "https:\/\/files.slack.com\/files-pri\/T7B710AL9-F0588PBDUR3\/img_3425.jpg?t=xoxe-249239010689-7383763303600-7346417720535-c8977b2d870e66a58192db1f0484baaa",
                "url_private_download": "https:\/\/files.slack.com\/files-pri\/T7B710AL9-F0588PBDUR3\/download\/img_3425.jpg?t=xoxe-249239010689-7383763303600-7346417720535-c8977b2d870e66a58192db1f0484baaa",
                "media_display_type": "unknown",
                "thumb_64": "https:\/\/files.slack.com\/files-tmb\/T7B710AL9-F0588PBDUR3-075af34bb4\/img_3425_64.jpg?t=xoxe-249239010689-7383763303600-7346417720535-c8977b2d870e66a58192db1f0484baaa",
                "thumb_80": "https:\/\/files.slack.com\/files-tmb\/T7B710AL9-F0588PBDUR3-075af34bb4\/img_3425_80.jpg?t=xoxe-249239010689-7383763303600-7346417720535-c8977b2d870e66a58192db1f0484baaa",
                "thumb_360": "https:\/\/files.slack.com\/files-tmb\/T7B710AL9-F0588PBDUR3-075af34bb4\/img_3425_360.jpg?t=xoxe-249239010689-7383763303600-7346417720535-c8977b2d870e66a58192db1f0484baaa",
                "thumb_360_w": 270,
                "thumb_360_h": 360,
                "thumb_480": "https:\/\/files.slack.com\/files-tmb\/T7B710AL9-F0588PBDUR3-075af34bb4\/img_3425_480.jpg?t=xoxe-249239010689-7383763303600-7346417720535-c8977b2d870e66a58192db1f0484baaa",
                "thumb_480_w": 360,
                "thumb_480_h": 480,
                "thumb_160": "https:\/\/files.slack.com\/files-tmb\/T7B710AL9-F0588PBDUR3-075af34bb4\/img_3425_160.jpg?t=xoxe-249239010689-7383763303600-7346417720535-c8977b2d870e66a58192db1f0484baaa",
                "thumb_720": "https:\/\/files.slack.com\/files-tmb\/T7B710AL9-F0588PBDUR3-075af34bb4\/img_3425_720.jpg?t=xoxe-249239010689-7383763303600-7346417720535-c8977b2d870e66a58192db1f0484baaa",
                "thumb_720_w": 540,
                "thumb_720_h": 720,
                "thumb_800": "https:\/\/files.slack.com\/files-tmb\/T7B710AL9-F0588PBDUR3-075af34bb4\/img_3425_800.jpg?t=xoxe-249239010689-7383763303600-7346417720535-c8977b2d870e66a58192db1f0484baaa",
                "thumb_800_w": 800,
                "thumb_800_h": 1067,
                "thumb_960": "https:\/\/files.slack.com\/files-tmb\/T7B710AL9-F0588PBDUR3-075af34bb4\/img_3425_960.jpg?t=xoxe-249239010689-7383763303600-7346417720535-c8977b2d870e66a58192db1f0484baaa",
                "thumb_960_w": 720,
                "thumb_960_h": 960,
                "thumb_1024": "https:\/\/files.slack.com\/files-tmb\/T7B710AL9-F0588PBDUR3-075af34bb4\/img_3425_1024.jpg?t=xoxe-249239010689-7383763303600-7346417720535-c8977b2d870e66a58192db1f0484baaa",
                "thumb_1024_w": 768,
                "thumb_1024_h": 1024,
                "original_w": 3024,
                "original_h": 4032,
                "thumb_tiny": "AwAwACSekzUshIjYjrissTS\/89G\/Omo3BuxfzSZqp5kvHznmp7VmffvOcYxTcGlcSlckop+0elG0elQUPflCMVmiBg\/IJHr0q+sgdFYHg01wAjE5IPampNbCsnuVgoB6Z7DFS2qMm7d3pgyvOMVKhOz3NLmbLcUloS0VnG6kzzyaPtT+n60EFi3aNUCEng8YOakZXdgVyqgjOR1qqIdoyOtPbIA+ZgR6GkykWZYIipYA\/gajyqnI4HoTVNZZRlS5OQcnNOtQWG5uSSeTRYRGYJSxwvGfWj7PN\/d\/UVZeNSclsU3yl\/v1VxH\/2Q==",
                "permalink": "https:\/\/swarthmoreultimate.slack.com\/files\/U01AFT4NEPN\/F0588PBDUR3\/img_3425.jpg",
                "permalink_public": "https:\/\/slack-files.com\/T7B710AL9-F0588PBDUR3-918772eb97",
                "is_starred": false,
                "has_rich_preview": false,
                "file_access": "visible"
            },
            {
                "id": "F0591CUEN0Y",
                "created": 1684382917,
                "timestamp": 1684382917,
                "name": "IMG_3428.jpg",
                "title": "IMG_3428",
                "mimetype": "image\/jpeg",
                "filetype": "jpg",
                "pretty_type": "JPEG",
                "user": "U01AFT4NEPN",
                "user_team": "T7B710AL9",
                "editable": false,
                "size": 1140477,
                "mode": "hosted",
                "is_external": false,
                "external_type": "",
                "is_public": true,
                "public_url_shared": false,
                "display_as_bot": false,
                "username": "",
                "url_private": "https:\/\/files.slack.com\/files-pri\/T7B710AL9-F0591CUEN0Y\/img_3428.jpg?t=xoxe-249239010689-7383763303600-7346417720535-c8977b2d870e66a58192db1f0484baaa",
                "url_private_download": "https:\/\/files.slack.com\/files-pri\/T7B710AL9-F0591CUEN0Y\/download\/img_3428.jpg?t=xoxe-249239010689-7383763303600-7346417720535-c8977b2d870e66a58192db1f0484baaa",
                "media_display_type": "unknown",
                "thumb_64": "https:\/\/files.slack.com\/files-tmb\/T7B710AL9-F0591CUEN0Y-0b4e18b12c\/img_3428_64.jpg?t=xoxe-249239010689-7383763303600-7346417720535-c8977b2d870e66a58192db1f0484baaa",
                "thumb_80": "https:\/\/files.slack.com\/files-tmb\/T7B710AL9-F0591CUEN0Y-0b4e18b12c\/img_3428_80.jpg?t=xoxe-249239010689-7383763303600-7346417720535-c8977b2d870e66a58192db1f0484baaa",
                "thumb_360": "https:\/\/files.slack.com\/files-tmb\/T7B710AL9-F0591CUEN0Y-0b4e18b12c\/img_3428_360.jpg?t=xoxe-249239010689-7383763303600-7346417720535-c8977b2d870e66a58192db1f0484baaa",
                "thumb_360_w": 270,
                "thumb_360_h": 360,
                "thumb_480": "https:\/\/files.slack.com\/files-tmb\/T7B710AL9-F0591CUEN0Y-0b4e18b12c\/img_3428_480.jpg?t=xoxe-249239010689-7383763303600-7346417720535-c8977b2d870e66a58192db1f0484baaa",
                "thumb_480_w": 360,
                "thumb_480_h": 480,
                "thumb_160": "https:\/\/files.slack.com\/files-tmb\/T7B710AL9-F0591CUEN0Y-0b4e18b12c\/img_3428_160.jpg?t=xoxe-249239010689-7383763303600-7346417720535-c8977b2d870e66a58192db1f0484baaa",
                "thumb_720": "https:\/\/files.slack.com\/files-tmb\/T7B710AL9-F0591CUEN0Y-0b4e18b12c\/img_3428_720.jpg?t=xoxe-249239010689-7383763303600-7346417720535-c8977b2d870e66a58192db1f0484baaa",
                "thumb_720_w": 540,
                "thumb_720_h": 720,
                "thumb_800": "https:\/\/files.slack.com\/files-tmb\/T7B710AL9-F0591CUEN0Y-0b4e18b12c\/img_3428_800.jpg?t=xoxe-249239010689-7383763303600-7346417720535-c8977b2d870e66a58192db1f0484baaa",
                "thumb_800_w": 800,
                "thumb_800_h": 1067,
                "thumb_960": "https:\/\/files.slack.com\/files-tmb\/T7B710AL9-F0591CUEN0Y-0b4e18b12c\/img_3428_960.jpg?t=xoxe-249239010689-7383763303600-7346417720535-c8977b2d870e66a58192db1f0484baaa",
                "thumb_960_w": 720,
                "thumb_960_h": 960,
                "thumb_1024": "https:\/\/files.slack.com\/files-tmb\/T7B710AL9-F0591CUEN0Y-0b4e18b12c\/img_3428_1024.jpg?t=xoxe-249239010689-7383763303600-7346417720535-c8977b2d870e66a58192db1f0484baaa",
                "thumb_1024_w": 768,
                "thumb_1024_h": 1024,
                "original_w": 3024,
                "original_h": 4032,
                "thumb_tiny": "AwAwACSekqr9ocdQtWo8OgbPXrTcWtwTuKoyaSadIBj7z+lK7eXGW9KzQxdyTySakCwbucnIIHsBSfap\/wC9+lNUcUuBSuMe0O05cgj0WpVdVXG7g9CaGgIXII2nr61BcLlFRMFgelNtt6jVkh\/mmdSoiYqDyc9ahCmNWjOVY85qZIxBHgzcnnHbNQyMMhWDHPORTsTcQZXIYgn1FG4UuYv4lJPrijdB\/dP5GpsVcDLKDJl2IFLDhbcu3XGDSOCZDgVZjj\/d7SOMdBQIp7mZflJzx0pwt5NoYnaf9qryRKvRQKjlUg8Z+tO4WKLRyZ+8D+NJ5cnqPzqcxKTmjyl96dxWP\/\/Z",
                "permalink": "https:\/\/swarthmoreultimate.slack.com\/files\/U01AFT4NEPN\/F0591CUEN0Y\/img_3428.jpg",
                "permalink_public": "https:\/\/slack-files.com\/T7B710AL9-F0591CUEN0Y-42830a6d3a",
                "is_starred": false,
                "has_rich_preview": false,
                "file_access": "visible"
            },
            {
                "id": "F05853S2DKQ",
                "created": 1684382918,
                "timestamp": 1684382918,
                "name": "IMG_3430.jpg",
                "title": "IMG_3430",
                "mimetype": "image\/jpeg",
                "filetype": "jpg",
                "pretty_type": "JPEG",
                "user": "U01AFT4NEPN",
                "user_team": "T7B710AL9",
                "editable": false,
                "size": 1152081,
                "mode": "hosted",
                "is_external": false,
                "external_type": "",
                "is_public": true,
                "public_url_shared": false,
                "display_as_bot": false,
                "username": "",
                "url_private": "https:\/\/files.slack.com\/files-pri\/T7B710AL9-F05853S2DKQ\/img_3430.jpg?t=xoxe-249239010689-7383763303600-7346417720535-c8977b2d870e66a58192db1f0484baaa",
                "url_private_download": "https:\/\/files.slack.com\/files-pri\/T7B710AL9-F05853S2DKQ\/download\/img_3430.jpg?t=xoxe-249239010689-7383763303600-7346417720535-c8977b2d870e66a58192db1f0484baaa",
                "media_display_type": "unknown",
                "thumb_64": "https:\/\/files.slack.com\/files-tmb\/T7B710AL9-F05853S2DKQ-717e47d294\/img_3430_64.jpg?t=xoxe-249239010689-7383763303600-7346417720535-c8977b2d870e66a58192db1f0484baaa",
                "thumb_80": "https:\/\/files.slack.com\/files-tmb\/T7B710AL9-F05853S2DKQ-717e47d294\/img_3430_80.jpg?t=xoxe-249239010689-7383763303600-7346417720535-c8977b2d870e66a58192db1f0484baaa",
                "thumb_360": "https:\/\/files.slack.com\/files-tmb\/T7B710AL9-F05853S2DKQ-717e47d294\/img_3430_360.jpg?t=xoxe-249239010689-7383763303600-7346417720535-c8977b2d870e66a58192db1f0484baaa",
                "thumb_360_w": 270,
                "thumb_360_h": 360,
                "thumb_480": "https:\/\/files.slack.com\/files-tmb\/T7B710AL9-F05853S2DKQ-717e47d294\/img_3430_480.jpg?t=xoxe-249239010689-7383763303600-7346417720535-c8977b2d870e66a58192db1f0484baaa",
                "thumb_480_w": 360,
                "thumb_480_h": 480,
                "thumb_160": "https:\/\/files.slack.com\/files-tmb\/T7B710AL9-F05853S2DKQ-717e47d294\/img_3430_160.jpg?t=xoxe-249239010689-7383763303600-7346417720535-c8977b2d870e66a58192db1f0484baaa",
                "thumb_720": "https:\/\/files.slack.com\/files-tmb\/T7B710AL9-F05853S2DKQ-717e47d294\/img_3430_720.jpg?t=xoxe-249239010689-7383763303600-7346417720535-c8977b2d870e66a58192db1f0484baaa",
                "thumb_720_w": 540,
                "thumb_720_h": 720,
                "thumb_800": "https:\/\/files.slack.com\/files-tmb\/T7B710AL9-F05853S2DKQ-717e47d294\/img_3430_800.jpg?t=xoxe-249239010689-7383763303600-7346417720535-c8977b2d870e66a58192db1f0484baaa",
                "thumb_800_w": 800,
                "thumb_800_h": 1067,
                "thumb_960": "https:\/\/files.slack.com\/files-tmb\/T7B710AL9-F05853S2DKQ-717e47d294\/img_3430_960.jpg?t=xoxe-249239010689-7383763303600-7346417720535-c8977b2d870e66a58192db1f0484baaa",
                "thumb_960_w": 720,
                "thumb_960_h": 960,
                "thumb_1024": "https:\/\/files.slack.com\/files-tmb\/T7B710AL9-F05853S2DKQ-717e47d294\/img_3430_1024.jpg?t=xoxe-249239010689-7383763303600-7346417720535-c8977b2d870e66a58192db1f0484baaa",
                "thumb_1024_w": 768,
                "thumb_1024_h": 1024,
                "original_w": 3024,
                "original_h": 4032,
                "thumb_tiny": "AwAwACSeiq32hh1QfnVhcMoYHrQ4tbgncVRk0ks6QDB5b0pXfyoi3pWcG3tknJNICx9rmPI2gemKPtU\/qv5UxBxzTsCpbKSAwlTmTAX0Wp1YBMbvxprwMo6jBPXPNQ3CkqiIMsD2qm3J6grJDzKLhMCN8A1FsKhUUAMOoNTIhgiwZhnqBUMhBKruO\/ucU7E3GBtuQxAP1pfMHqKU+R\/GTu78Uf6P6mpsVcUzy4k3MSAaIwFti7dSMGkfmQgDv+dWUjzFtK8egoEVC7MuVPPA4pRBIQG6H\/aq7HCqD5VAqOZTnk5p3CxRaOUHkc\/Wk8uT0\/WrPlg9z+dHlD1NO4rH\/9k=",
                "permalink": "https:\/\/swarthmoreultimate.slack.com\/files\/U01AFT4NEPN\/F05853S2DKQ\/img_3430.jpg",
                "permalink_public": "https:\/\/slack-files.com\/T7B710AL9-F05853S2DKQ-12bd3b61fd",
                "is_starred": false,
                "has_rich_preview": false,
                "file_access": "visible"
            }
        ],
        "upload": false,
        "user": "U01AFT4NEPN",
        "blocks": [
            {
                "type": "rich_text",
                "block_id": "kcmJp",
                "elements": [
                    {
                        "type": "rich_text_section",
                        "elements": [
                            {
                                "type": "emoji",
                                "name": "gradjon"
                            },
                            {
                                "type": "text",
                                "text": " "
                            }
                        ]
                    }
                ]
            }
        ],
        "type": "message",
        "ts": "1684382923.047409",
        "client_msg_id": "7C93856C-D404-48E5-ABC1-302A2706B191",
        "reactions": [
            {
                "name": "happyjon",
                "users": [
                    "UQCAL163W",
                    "U0412DQJWEB",
                    "U042N13FWNA",
                    "U0421MC7G65",
                    "U02CH0X3XQE",
                    "UNCGS8RT2",
                    "U019UV6JV4P",
                    "U04206SVBBP",
                    "U041ACX3QCE",
                    "U0446E8TCHX",
                    "U01A1PNMU6B",
                    "U01ANMM9XRS",
                    "U042M4BL1GE"
                ],
                "count": 13
            },
            {
                "name": "happycake",
                "users": [
                    "UQCAL163W",
                    "U0412DQJWEB",
                    "U042N13FWNA",
                    "U0421MC7G65",
                    "U02CH0X3XQE",
                    "UNCGS8RT2",
                    "U019UV6JV4P",
                    "U04206SVBBP",
                    "U041ACX3QCE",
                    "U0446E8TCHX",
                    "U01A1PNMU6B",
                    "U01ANMM9XRS"
                ],
                "count": 12
            },
            {
                "name": "happyemu",
                "users": [
                    "UQCAL163W",
                    "U0412DQJWEB",
                    "U042N13FWNA",
                    "U0421MC7G65",
                    "U02CH0X3XQE",
                    "UNCGS8RT2",
                    "U019UV6JV4P",
                    "U04206SVBBP",
                    "U041ACX3QCE",
                    "U0446E8TCHX",
                    "U01A1PNMU6B",
                    "U01ANMM9XRS"
                ],
                "count": 12
            }
        ]
    }
]