[
    {
        "user": "U02CV1EHJ1Y",
        "type": "message",
        "ts": "1679330446.182429",
        "client_msg_id": "661013FD-0F12-4CD2-9A42-301F7E933F74",
        "text": "Chef uses yahoo as his search engine ",
        "team": "T7B710AL9",
        "user_team": "T7B710AL9",
        "source_team": "T7B710AL9",
        "user_profile": {
            "avatar_hash": "770583598f7c",
            "image_72": "https:\/\/avatars.slack-edge.com\/2023-03-14\/4971424844160_770583598f7c137fd99e_72.png",
            "first_name": "Aaron",
            "real_name": "Aaron Thammavongxay",
            "display_name": "Ace",
            "team": "T7B710AL9",
            "name": "athamma1",
            "is_restricted": false,
            "is_ultra_restricted": false
        },
        "thread_ts": "1679330446.182429",
        "reply_count": 1,
        "reply_users_count": 1,
        "latest_reply": "1679330484.055609",
        "reply_users": [
            "U01AFT4NEPN"
        ],
        "replies": [
            {
                "user": "U01AFT4NEPN",
                "ts": "1679330484.055609"
            }
        ],
        "is_locked": false,
        "subscribed": false,
        "blocks": [
            {
                "type": "rich_text",
                "block_id": "7YWSA",
                "elements": [
                    {
                        "type": "rich_text_section",
                        "elements": [
                            {
                                "type": "text",
                                "text": "Chef uses yahoo as his search engine "
                            }
                        ]
                    }
                ]
            }
        ],
        "reactions": [
            {
                "name": "x",
                "users": [
                    "U01AFT4NEPN",
                    "U01ANMM9XRS",
                    "U02MFDM09RB",
                    "UNE9YE50X",
                    "UNBLN9SCC",
                    "UNCGS8RT2",
                    "U041GTDLTGB",
                    "U042TKFF6UT",
                    "U041VKJ0UBB",
                    "U04206SVBBP",
                    "U041ACX3QCE"
                ],
                "count": 11
            },
            {
                "name": "god",
                "users": [
                    "U02MFDM09RB",
                    "U041VKJ0UBB",
                    "U041ACX3QCE",
                    "U042M4BL1GE"
                ],
                "count": 4
            },
            {
                "name": "alphabet-white-g",
                "users": [
                    "UNC4W0F96",
                    "U02MFDM09RB",
                    "U019UV6JV4P",
                    "U041VKJ0UBB"
                ],
                "count": 4
            },
            {
                "name": "alphabet-white-o",
                "users": [
                    "UNC4W0F96",
                    "U02MFDM09RB",
                    "U041VKJ0UBB"
                ],
                "count": 3
            },
            {
                "name": "alphabet-white-a",
                "users": [
                    "UNC4W0F96",
                    "U02MFDM09RB",
                    "U041VKJ0UBB"
                ],
                "count": 3
            },
            {
                "name": "alphabet-white-t",
                "users": [
                    "UNC4W0F96",
                    "U02MFDM09RB",
                    "U041VKJ0UBB"
                ],
                "count": 3
            }
        ]
    },
    {
        "user": "U01AFT4NEPN",
        "type": "message",
        "ts": "1679330484.055609",
        "client_msg_id": "4e9bf4e7-5c10-407a-a44a-354fb5c63792",
        "text": "MY BROWSER RESET :sadbear:",
        "team": "T7B710AL9",
        "user_team": "T7B710AL9",
        "source_team": "T7B710AL9",
        "user_profile": {
            "avatar_hash": "48db12d99e86",
            "image_72": "https:\/\/avatars.slack-edge.com\/2024-04-25\/7009387655319_48db12d99e86f89eb51b_72.png",
            "first_name": "Ryan",
            "real_name": "Ryan Jin",
            "display_name": "Chef",
            "team": "T7B710AL9",
            "name": "rjin1",
            "is_restricted": false,
            "is_ultra_restricted": false
        },
        "thread_ts": "1679330446.182429",
        "parent_user_id": "U02CV1EHJ1Y",
        "blocks": [
            {
                "type": "rich_text",
                "block_id": "pS8",
                "elements": [
                    {
                        "type": "rich_text_section",
                        "elements": [
                            {
                                "type": "text",
                                "text": "MY BROWSER RESET "
                            },
                            {
                                "type": "emoji",
                                "name": "sadbear"
                            }
                        ]
                    }
                ]
            }
        ],
        "reactions": [
            {
                "name": "spilled-chowder",
                "users": [
                    "U02CV1EHJ1Y",
                    "U02MFDM09RB",
                    "U01A1PNMU6B",
                    "U02CH0X3XQE",
                    "U04206SVBBP"
                ],
                "count": 5
            }
        ]
    },
    {
        "text": "This was sent to every Caleb in the school",
        "files": [
            {
                "id": "F04UQFXG4SH",
                "created": 1679332413,
                "timestamp": 1679332413,
                "name": "IMG_0054.jpg",
                "title": "IMG_0054",
                "mimetype": "image\/jpeg",
                "filetype": "jpg",
                "pretty_type": "JPEG",
                "user": "UNBLN9SCC",
                "user_team": "T7B710AL9",
                "editable": false,
                "size": 56415,
                "mode": "hosted",
                "is_external": false,
                "external_type": "",
                "is_public": true,
                "public_url_shared": false,
                "display_as_bot": false,
                "username": "",
                "url_private": "https:\/\/files.slack.com\/files-pri\/T7B710AL9-F04UQFXG4SH\/img_0054.jpg?t=xoxe-249239010689-7383763303600-7346417720535-c8977b2d870e66a58192db1f0484baaa",
                "url_private_download": "https:\/\/files.slack.com\/files-pri\/T7B710AL9-F04UQFXG4SH\/download\/img_0054.jpg?t=xoxe-249239010689-7383763303600-7346417720535-c8977b2d870e66a58192db1f0484baaa",
                "media_display_type": "unknown",
                "thumb_64": "https:\/\/files.slack.com\/files-tmb\/T7B710AL9-F04UQFXG4SH-addd5f90cf\/img_0054_64.jpg?t=xoxe-249239010689-7383763303600-7346417720535-c8977b2d870e66a58192db1f0484baaa",
                "thumb_80": "https:\/\/files.slack.com\/files-tmb\/T7B710AL9-F04UQFXG4SH-addd5f90cf\/img_0054_80.jpg?t=xoxe-249239010689-7383763303600-7346417720535-c8977b2d870e66a58192db1f0484baaa",
                "thumb_360": "https:\/\/files.slack.com\/files-tmb\/T7B710AL9-F04UQFXG4SH-addd5f90cf\/img_0054_360.jpg?t=xoxe-249239010689-7383763303600-7346417720535-c8977b2d870e66a58192db1f0484baaa",
                "thumb_360_w": 360,
                "thumb_360_h": 207,
                "thumb_480": "https:\/\/files.slack.com\/files-tmb\/T7B710AL9-F04UQFXG4SH-addd5f90cf\/img_0054_480.jpg?t=xoxe-249239010689-7383763303600-7346417720535-c8977b2d870e66a58192db1f0484baaa",
                "thumb_480_w": 480,
                "thumb_480_h": 276,
                "thumb_160": "https:\/\/files.slack.com\/files-tmb\/T7B710AL9-F04UQFXG4SH-addd5f90cf\/img_0054_160.jpg?t=xoxe-249239010689-7383763303600-7346417720535-c8977b2d870e66a58192db1f0484baaa",
                "thumb_720": "https:\/\/files.slack.com\/files-tmb\/T7B710AL9-F04UQFXG4SH-addd5f90cf\/img_0054_720.jpg?t=xoxe-249239010689-7383763303600-7346417720535-c8977b2d870e66a58192db1f0484baaa",
                "thumb_720_w": 720,
                "thumb_720_h": 415,
                "thumb_800": "https:\/\/files.slack.com\/files-tmb\/T7B710AL9-F04UQFXG4SH-addd5f90cf\/img_0054_800.jpg?t=xoxe-249239010689-7383763303600-7346417720535-c8977b2d870e66a58192db1f0484baaa",
                "thumb_800_w": 800,
                "thumb_800_h": 461,
                "thumb_960": "https:\/\/files.slack.com\/files-tmb\/T7B710AL9-F04UQFXG4SH-addd5f90cf\/img_0054_960.jpg?t=xoxe-249239010689-7383763303600-7346417720535-c8977b2d870e66a58192db1f0484baaa",
                "thumb_960_w": 960,
                "thumb_960_h": 553,
                "thumb_1024": "https:\/\/files.slack.com\/files-tmb\/T7B710AL9-F04UQFXG4SH-addd5f90cf\/img_0054_1024.jpg?t=xoxe-249239010689-7383763303600-7346417720535-c8977b2d870e66a58192db1f0484baaa",
                "thumb_1024_w": 1024,
                "thumb_1024_h": 590,
                "original_w": 1462,
                "original_h": 842,
                "thumb_tiny": "AwAbADCllvejLe9Kdu1cFs96TPufzoATJpMClooATatDcKcGlpG+6aAHBsDpS7qbRQA4t7Um40lFAC7jRktxSU6P\/WL9aAP\/2Q==",
                "permalink": "https:\/\/swarthmoreultimate.slack.com\/files\/UNBLN9SCC\/F04UQFXG4SH\/img_0054.jpg",
                "permalink_public": "https:\/\/slack-files.com\/T7B710AL9-F04UQFXG4SH-920c683a2a",
                "is_starred": false,
                "has_rich_preview": false,
                "file_access": "visible"
            }
        ],
        "upload": false,
        "user": "UNBLN9SCC",
        "display_as_bot": false,
        "blocks": [
            {
                "type": "rich_text",
                "block_id": "u1yi",
                "elements": [
                    {
                        "type": "rich_text_section",
                        "elements": [
                            {
                                "type": "text",
                                "text": "This was sent to every Caleb in the school"
                            }
                        ]
                    }
                ]
            }
        ],
        "type": "message",
        "ts": "1679332420.528939",
        "client_msg_id": "A557A9C2-79E9-4F9C-9CD7-F56985624293",
        "thread_ts": "1679332420.528939",
        "reply_count": 2,
        "reply_users_count": 2,
        "latest_reply": "1679339566.203869",
        "reply_users": [
            "UNC4W0F96",
            "UNBLN9SCC"
        ],
        "replies": [
            {
                "user": "UNC4W0F96",
                "ts": "1679334689.721379"
            },
            {
                "user": "UNBLN9SCC",
                "ts": "1679339566.203869"
            }
        ],
        "is_locked": false,
        "subscribed": false,
        "reactions": [
            {
                "name": "wat",
                "users": [
                    "U02MFDM09RB",
                    "U01ANMM9XRS",
                    "U019UV6JV4P",
                    "U041VKJ0UBB",
                    "U041ACX3QCE"
                ],
                "count": 5
            },
            {
                "name": "alphabet-white-p",
                "users": [
                    "U02MFDM09RB",
                    "U01ANMM9XRS",
                    "UN35A0Q7L",
                    "U019UV6JV4P",
                    "U01AGFZUUSW",
                    "U041VKJ0UBB",
                    "U041ACX3QCE"
                ],
                "count": 7
            },
            {
                "name": "alphabet-white-z",
                "users": [
                    "U02MFDM09RB",
                    "U01ANMM9XRS",
                    "UN35A0Q7L",
                    "U019UV6JV4P",
                    "U01AGFZUUSW",
                    "U041VKJ0UBB",
                    "U041ACX3QCE"
                ],
                "count": 7
            },
            {
                "name": "dog",
                "users": [
                    "U01ANMM9XRS",
                    "U041GTDLTGB",
                    "U02CH0X3XQE",
                    "U041VKJ0UBB",
                    "U041ACX3QCE",
                    "U02MFDM09RB"
                ],
                "count": 6
            }
        ]
    },
    {
        "user": "UNC4W0F96",
        "type": "message",
        "ts": "1679334689.721379",
        "client_msg_id": "94232563-0dca-4082-9d46-248bb08de8c6",
        "text": "Pick it up.",
        "team": "T7B710AL9",
        "user_team": "T7B710AL9",
        "source_team": "T7B710AL9",
        "user_profile": {
            "avatar_hash": "c0762b751fcb",
            "image_72": "https:\/\/avatars.slack-edge.com\/2022-11-06\/4353663255168_c0762b751fcb3221faae_72.jpg",
            "first_name": "Rory",
            "real_name": "Rory Schmidt",
            "display_name": "Rory",
            "team": "T7B710AL9",
            "name": "rschmid1",
            "is_restricted": false,
            "is_ultra_restricted": false
        },
        "thread_ts": "1679332420.528939",
        "parent_user_id": "UNBLN9SCC",
        "blocks": [
            {
                "type": "rich_text",
                "block_id": "NVc",
                "elements": [
                    {
                        "type": "rich_text_section",
                        "elements": [
                            {
                                "type": "text",
                                "text": "Pick it up."
                            }
                        ]
                    }
                ]
            }
        ]
    },
    {
        "user": "UNBLN9SCC",
        "type": "message",
        "ts": "1679339566.203869",
        "client_msg_id": "9C4E9E36-F4D4-416F-A4B7-DDC6FF20ABFE",
        "text": "Just checked, it wasn’t mine.",
        "team": "T7B710AL9",
        "user_team": "T7B710AL9",
        "source_team": "T7B710AL9",
        "user_profile": {
            "avatar_hash": "3489c46e9e1d",
            "image_72": "https:\/\/avatars.slack-edge.com\/2022-09-27\/4150834120737_3489c46e9e1d25f2be68_72.png",
            "first_name": "Stro",
            "real_name": "Stro",
            "display_name": "",
            "team": "T7B710AL9",
            "name": "cscottj1",
            "is_restricted": false,
            "is_ultra_restricted": false
        },
        "thread_ts": "1679332420.528939",
        "parent_user_id": "UNBLN9SCC",
        "blocks": [
            {
                "type": "rich_text",
                "block_id": "Mgv",
                "elements": [
                    {
                        "type": "rich_text_section",
                        "elements": [
                            {
                                "type": "text",
                                "text": "Just checked, it "
                            },
                            {
                                "type": "text",
                                "text": "wasn’t"
                            },
                            {
                                "type": "text",
                                "text": " mine."
                            }
                        ]
                    }
                ]
            }
        ]
    }
]