[
    {
        "text": "The Supplement Facts for 5 hour energy is actually insane ",
        "files": [
            {
                "id": "F0600GK5H34",
                "created": 1696565173,
                "timestamp": 1696565173,
                "name": "IMG_0024.jpg",
                "title": "IMG_0024",
                "mimetype": "image\/jpeg",
                "filetype": "jpg",
                "pretty_type": "JPEG",
                "user": "U041F48UURM",
                "user_team": "T7B710AL9",
                "editable": false,
                "size": 925442,
                "mode": "hosted",
                "is_external": false,
                "external_type": "",
                "is_public": true,
                "public_url_shared": false,
                "display_as_bot": false,
                "username": "",
                "subtype": "slack_image",
                "url_private": "https:\/\/files.slack.com\/files-pri\/T7B710AL9-F0600GK5H34\/img_0024.jpg?t=xoxe-249239010689-7383763303600-7346417720535-c8977b2d870e66a58192db1f0484baaa",
                "url_private_download": "https:\/\/files.slack.com\/files-pri\/T7B710AL9-F0600GK5H34\/download\/img_0024.jpg?t=xoxe-249239010689-7383763303600-7346417720535-c8977b2d870e66a58192db1f0484baaa",
                "media_display_type": "unknown",
                "thumb_64": "https:\/\/files.slack.com\/files-tmb\/T7B710AL9-F0600GK5H34-5192d793d0\/img_0024_64.jpg?t=xoxe-249239010689-7383763303600-7346417720535-c8977b2d870e66a58192db1f0484baaa",
                "thumb_80": "https:\/\/files.slack.com\/files-tmb\/T7B710AL9-F0600GK5H34-5192d793d0\/img_0024_80.jpg?t=xoxe-249239010689-7383763303600-7346417720535-c8977b2d870e66a58192db1f0484baaa",
                "thumb_360": "https:\/\/files.slack.com\/files-tmb\/T7B710AL9-F0600GK5H34-5192d793d0\/img_0024_360.jpg?t=xoxe-249239010689-7383763303600-7346417720535-c8977b2d870e66a58192db1f0484baaa",
                "thumb_360_w": 270,
                "thumb_360_h": 360,
                "thumb_480": "https:\/\/files.slack.com\/files-tmb\/T7B710AL9-F0600GK5H34-5192d793d0\/img_0024_480.jpg?t=xoxe-249239010689-7383763303600-7346417720535-c8977b2d870e66a58192db1f0484baaa",
                "thumb_480_w": 360,
                "thumb_480_h": 480,
                "thumb_160": "https:\/\/files.slack.com\/files-tmb\/T7B710AL9-F0600GK5H34-5192d793d0\/img_0024_160.jpg?t=xoxe-249239010689-7383763303600-7346417720535-c8977b2d870e66a58192db1f0484baaa",
                "thumb_720": "https:\/\/files.slack.com\/files-tmb\/T7B710AL9-F0600GK5H34-5192d793d0\/img_0024_720.jpg?t=xoxe-249239010689-7383763303600-7346417720535-c8977b2d870e66a58192db1f0484baaa",
                "thumb_720_w": 540,
                "thumb_720_h": 720,
                "thumb_800": "https:\/\/files.slack.com\/files-tmb\/T7B710AL9-F0600GK5H34-5192d793d0\/img_0024_800.jpg?t=xoxe-249239010689-7383763303600-7346417720535-c8977b2d870e66a58192db1f0484baaa",
                "thumb_800_w": 800,
                "thumb_800_h": 1067,
                "thumb_960": "https:\/\/files.slack.com\/files-tmb\/T7B710AL9-F0600GK5H34-5192d793d0\/img_0024_960.jpg?t=xoxe-249239010689-7383763303600-7346417720535-c8977b2d870e66a58192db1f0484baaa",
                "thumb_960_w": 720,
                "thumb_960_h": 960,
                "thumb_1024": "https:\/\/files.slack.com\/files-tmb\/T7B710AL9-F0600GK5H34-5192d793d0\/img_0024_1024.jpg?t=xoxe-249239010689-7383763303600-7346417720535-c8977b2d870e66a58192db1f0484baaa",
                "thumb_1024_w": 768,
                "thumb_1024_h": 1024,
                "original_w": 3024,
                "original_h": 4032,
                "thumb_tiny": "AwAwACSCQEzPyQdx70gklVeHbj3zSyD98568+tIFLMABzVMSVyU3DLgEBjinoRMvdM8ZBqGWNwc4qW1wYcdweeKhSZrOKWxVkZ45GRzkqcZpvm1ovbxzHc\/XGKb9ihq7GVyMwS+c52HBPFIPkZsg5HapzEe7f5\/Oo5l2py2altMauiB5skjkYqSyA+dicZ9aqMSGxzU0ZZEzgnPbBpFOTaL+V\/vD86Mr\/eH51S88jjYp+lHnn\/nmKogv4H92orkfIOMVPk0hXepDciszQynA5PpUsF0Y4wm3IHvU72IYfK5H1FRGxcdGBp3Qh\/2mJuWXn3FHnwf3R+VQm1kHYUfZZPQUtAP\/2Q==",
                "permalink": "https:\/\/swarthmoreultimate.slack.com\/files\/U041F48UURM\/F0600GK5H34\/img_0024.jpg",
                "permalink_public": "https:\/\/slack-files.com\/T7B710AL9-F0600GK5H34-194ccdee2f",
                "is_starred": false,
                "has_rich_preview": false,
                "file_access": "visible"
            }
        ],
        "upload": false,
        "user": "U041F48UURM",
        "display_as_bot": false,
        "blocks": [
            {
                "type": "rich_text",
                "block_id": "poJqc",
                "elements": [
                    {
                        "type": "rich_text_section",
                        "elements": [
                            {
                                "type": "text",
                                "text": "The Supplement Facts for 5 hour energy is actually insane "
                            }
                        ]
                    }
                ]
            }
        ],
        "type": "message",
        "ts": "1696565185.832939",
        "client_msg_id": "409B055A-9BA6-467C-A93C-02DF5BD598D3",
        "thread_ts": "1696565185.832939",
        "reply_count": 1,
        "reply_users_count": 1,
        "latest_reply": "1696601669.319739",
        "reply_users": [
            "U05A7FYGWNT"
        ],
        "replies": [
            {
                "user": "U05A7FYGWNT",
                "ts": "1696601669.319739"
            }
        ],
        "is_locked": false,
        "subscribed": false,
        "reactions": [
            {
                "name": "explodyparrot",
                "users": [
                    "U01ANMM9XRS",
                    "U042N13FWNA",
                    "U01AFT4NEPN",
                    "U04206SVBBP",
                    "U019UV6JV4P",
                    "U02CH0X3XQE",
                    "U01AGFZUUSW",
                    "U042TKFF6UT",
                    "U042M4BL1GE"
                ],
                "count": 9
            },
            {
                "name": "shuffleparrot",
                "users": [
                    "U01AGFZUUSW"
                ],
                "count": 1
            },
            {
                "name": "enlightened-skip",
                "users": [
                    "U01AGFZUUSW"
                ],
                "count": 1
            }
        ]
    }
]