[
    {
        "text": "Spotted in nyc",
        "files": [
            {
                "id": "F059ABFG8F4",
                "created": 1684940833,
                "timestamp": 1684940833,
                "name": "Snapchat-650098874.jpg",
                "title": "Snapchat-650098874.jpg",
                "mimetype": "image\/jpeg",
                "filetype": "jpg",
                "pretty_type": "JPEG",
                "user": "U0421MC7G65",
                "user_team": "T7B710AL9",
                "editable": false,
                "size": 695847,
                "mode": "hosted",
                "is_external": false,
                "external_type": "",
                "is_public": true,
                "public_url_shared": false,
                "display_as_bot": false,
                "username": "",
                "url_private": "https:\/\/files.slack.com\/files-pri\/T7B710AL9-F059ABFG8F4\/snapchat-650098874.jpg?t=xoxe-249239010689-7383763303600-7346417720535-c8977b2d870e66a58192db1f0484baaa",
                "url_private_download": "https:\/\/files.slack.com\/files-pri\/T7B710AL9-F059ABFG8F4\/download\/snapchat-650098874.jpg?t=xoxe-249239010689-7383763303600-7346417720535-c8977b2d870e66a58192db1f0484baaa",
                "media_display_type": "unknown",
                "thumb_64": "https:\/\/files.slack.com\/files-tmb\/T7B710AL9-F059ABFG8F4-608c620058\/snapchat-650098874_64.jpg?t=xoxe-249239010689-7383763303600-7346417720535-c8977b2d870e66a58192db1f0484baaa",
                "thumb_80": "https:\/\/files.slack.com\/files-tmb\/T7B710AL9-F059ABFG8F4-608c620058\/snapchat-650098874_80.jpg?t=xoxe-249239010689-7383763303600-7346417720535-c8977b2d870e66a58192db1f0484baaa",
                "thumb_360": "https:\/\/files.slack.com\/files-tmb\/T7B710AL9-F059ABFG8F4-608c620058\/snapchat-650098874_360.jpg?t=xoxe-249239010689-7383763303600-7346417720535-c8977b2d870e66a58192db1f0484baaa",
                "thumb_360_w": 203,
                "thumb_360_h": 360,
                "thumb_480": "https:\/\/files.slack.com\/files-tmb\/T7B710AL9-F059ABFG8F4-608c620058\/snapchat-650098874_480.jpg?t=xoxe-249239010689-7383763303600-7346417720535-c8977b2d870e66a58192db1f0484baaa",
                "thumb_480_w": 270,
                "thumb_480_h": 480,
                "thumb_160": "https:\/\/files.slack.com\/files-tmb\/T7B710AL9-F059ABFG8F4-608c620058\/snapchat-650098874_160.jpg?t=xoxe-249239010689-7383763303600-7346417720535-c8977b2d870e66a58192db1f0484baaa",
                "thumb_720": "https:\/\/files.slack.com\/files-tmb\/T7B710AL9-F059ABFG8F4-608c620058\/snapchat-650098874_720.jpg?t=xoxe-249239010689-7383763303600-7346417720535-c8977b2d870e66a58192db1f0484baaa",
                "thumb_720_w": 405,
                "thumb_720_h": 720,
                "thumb_800": "https:\/\/files.slack.com\/files-tmb\/T7B710AL9-F059ABFG8F4-608c620058\/snapchat-650098874_800.jpg?t=xoxe-249239010689-7383763303600-7346417720535-c8977b2d870e66a58192db1f0484baaa",
                "thumb_800_w": 800,
                "thumb_800_h": 1422,
                "thumb_960": "https:\/\/files.slack.com\/files-tmb\/T7B710AL9-F059ABFG8F4-608c620058\/snapchat-650098874_960.jpg?t=xoxe-249239010689-7383763303600-7346417720535-c8977b2d870e66a58192db1f0484baaa",
                "thumb_960_w": 540,
                "thumb_960_h": 960,
                "thumb_1024": "https:\/\/files.slack.com\/files-tmb\/T7B710AL9-F059ABFG8F4-608c620058\/snapchat-650098874_1024.jpg?t=xoxe-249239010689-7383763303600-7346417720535-c8977b2d870e66a58192db1f0484baaa",
                "thumb_1024_w": 576,
                "thumb_1024_h": 1024,
                "original_w": 2160,
                "original_h": 3840,
                "thumb_tiny": "AwAwABuzefeXJxxVVvlXPWp7ttwBxwVqAjKYOcH0piIZN0iqTjbuxipSdpx6UyX5YcAYwwPSpGHzGkxjWctEoHOBTVdguQBx6ikQHymPOF9fekwBgZ\/GgBZSzRcgcjnAqwq7lB9RVVnXbjHP1q3C2YV+lAmOMZ8sj1xx9Kj+yhhxlfY1ZBooGVltUGQeuKZDKixKrZyParlRG3iJzt\/WgLH\/2Q==",
                "permalink": "https:\/\/swarthmoreultimate.slack.com\/files\/U0421MC7G65\/F059ABFG8F4\/snapchat-650098874.jpg",
                "permalink_public": "https:\/\/slack-files.com\/T7B710AL9-F059ABFG8F4-f821dcee8f",
                "is_starred": false,
                "has_rich_preview": false,
                "file_access": "visible"
            }
        ],
        "upload": false,
        "user": "U0421MC7G65",
        "display_as_bot": false,
        "blocks": [
            {
                "type": "rich_text",
                "block_id": "9v8",
                "elements": [
                    {
                        "type": "rich_text_section",
                        "elements": [
                            {
                                "type": "text",
                                "text": "Spotted in nyc"
                            }
                        ]
                    }
                ]
            }
        ],
        "type": "message",
        "ts": "1684940855.310279",
        "client_msg_id": "5da8261e-866f-49b1-8da8-a20d647a7a43",
        "thread_ts": "1684940855.310279",
        "reply_count": 3,
        "reply_users_count": 3,
        "latest_reply": "1684965796.467219",
        "reply_users": [
            "UNCGS8RT2",
            "U041VKJ3RFB",
            "U042M4BL1GE"
        ],
        "replies": [
            {
                "user": "UNCGS8RT2",
                "ts": "1684941624.195499"
            },
            {
                "user": "U041VKJ3RFB",
                "ts": "1684943709.509829"
            },
            {
                "user": "U042M4BL1GE",
                "ts": "1684965796.467219"
            }
        ],
        "is_locked": false,
        "subscribed": false,
        "reactions": [
            {
                "name": "male-cook",
                "users": [
                    "U01AFT4NEPN",
                    "U042N13FWNA",
                    "UNCGS8RT2",
                    "U04206SVBBP",
                    "U01ANMM9XRS",
                    "U01AGFZUUSW",
                    "U02CH0X3XQE"
                ],
                "count": 7
            },
            {
                "name": "rat",
                "users": [
                    "U01AFT4NEPN",
                    "U042N13FWNA",
                    "UNCGS8RT2",
                    "U04206SVBBP",
                    "U01ANMM9XRS",
                    "U01AGFZUUSW",
                    "U042M4BL1GE",
                    "U02CH0X3XQE"
                ],
                "count": 8
            }
        ]
    },
    {
        "user": "UNCGS8RT2",
        "type": "message",
        "ts": "1684941624.195499",
        "client_msg_id": "E5B4AF2B-A215-4888-9E86-3FA078C83C9F",
        "text": "The rats don’t run the city… WE DO! ",
        "team": "T7B710AL9",
        "user_team": "T7B710AL9",
        "source_team": "T7B710AL9",
        "user_profile": {
            "avatar_hash": "6aac494d1d0d",
            "image_72": "https:\/\/avatars.slack-edge.com\/2023-06-26\/5487035457778_6aac494d1d0dc2a33480_72.png",
            "first_name": "Abel",
            "real_name": "Abel",
            "display_name": "Chowder",
            "team": "T7B710AL9",
            "name": "azeng1",
            "is_restricted": false,
            "is_ultra_restricted": false
        },
        "thread_ts": "1684940855.310279",
        "parent_user_id": "U0421MC7G65",
        "blocks": [
            {
                "type": "rich_text",
                "block_id": "Mya",
                "elements": [
                    {
                        "type": "rich_text_section",
                        "elements": [
                            {
                                "type": "text",
                                "text": "The rats "
                            },
                            {
                                "type": "text",
                                "text": "don’t"
                            },
                            {
                                "type": "text",
                                "text": " run the city"
                            },
                            {
                                "type": "text",
                                "text": "…"
                            },
                            {
                                "type": "text",
                                "text": " WE DO! "
                            }
                        ]
                    }
                ]
            }
        ],
        "reactions": [
            {
                "name": "200iq",
                "users": [
                    "UD3552DL0",
                    "U01ANMM9XRS",
                    "U042M4BL1GE",
                    "U04206SVBBP"
                ],
                "count": 4
            }
        ]
    },
    {
        "user": "U041VKJ3RFB",
        "type": "message",
        "ts": "1684943709.509829",
        "client_msg_id": "63c9739c-6a82-4d8c-8212-9b0b2845a821",
        "text": "In front arcteryx too, the rats got drip",
        "team": "T7B710AL9",
        "user_team": "T7B710AL9",
        "source_team": "T7B710AL9",
        "user_profile": {
            "avatar_hash": "7c89c1835061",
            "image_72": "https:\/\/avatars.slack-edge.com\/2022-09-08\/4078548137616_7c89c183506111f84606_72.jpg",
            "first_name": "Isaac",
            "real_name": "Isaac Levenstein",
            "display_name": "Swan",
            "team": "T7B710AL9",
            "name": "ilevens1",
            "is_restricted": false,
            "is_ultra_restricted": false
        },
        "thread_ts": "1684940855.310279",
        "parent_user_id": "U0421MC7G65",
        "blocks": [
            {
                "type": "rich_text",
                "block_id": "Cx0",
                "elements": [
                    {
                        "type": "rich_text_section",
                        "elements": [
                            {
                                "type": "text",
                                "text": "In front arcteryx too, the rats got drip"
                            }
                        ]
                    }
                ]
            }
        ]
    },
    {
        "user": "U042M4BL1GE",
        "type": "message",
        "ts": "1684965796.467219",
        "client_msg_id": "e59a5cbc-4f7d-4408-8fa5-02976be643ef",
        "text": "Aha! Non-union rat!",
        "team": "T7B710AL9",
        "user_team": "T7B710AL9",
        "source_team": "T7B710AL9",
        "user_profile": {
            "avatar_hash": "346759cef872",
            "image_72": "https:\/\/avatars.slack-edge.com\/2023-03-07\/4896752665943_346759cef872d8054469_72.jpg",
            "first_name": "Mush",
            "real_name": "Mush",
            "display_name": "Mush",
            "team": "T7B710AL9",
            "name": "ekerimi1",
            "is_restricted": false,
            "is_ultra_restricted": false
        },
        "thread_ts": "1684940855.310279",
        "parent_user_id": "U0421MC7G65",
        "blocks": [
            {
                "type": "rich_text",
                "block_id": "do8Y",
                "elements": [
                    {
                        "type": "rich_text_section",
                        "elements": [
                            {
                                "type": "text",
                                "text": "Aha! Non-union rat!"
                            }
                        ]
                    }
                ]
            }
        ]
    },
    {
        "user": "U042M4BL1GE",
        "type": "message",
        "ts": "1684965934.922699",
        "client_msg_id": "d87dd114-8c58-4537-a119-2892a708935b",
        "text": "Someone stole my Opa's horrible shitty car to steal other people's catalytic converters. He got it back after the cops interrogated him. The landfill on wheels has returned. :car:",
        "team": "T7B710AL9",
        "user_team": "T7B710AL9",
        "source_team": "T7B710AL9",
        "user_profile": {
            "avatar_hash": "346759cef872",
            "image_72": "https:\/\/avatars.slack-edge.com\/2023-03-07\/4896752665943_346759cef872d8054469_72.jpg",
            "first_name": "Mush",
            "real_name": "Mush",
            "display_name": "Mush",
            "team": "T7B710AL9",
            "name": "ekerimi1",
            "is_restricted": false,
            "is_ultra_restricted": false
        },
        "blocks": [
            {
                "type": "rich_text",
                "block_id": "IEn",
                "elements": [
                    {
                        "type": "rich_text_section",
                        "elements": [
                            {
                                "type": "text",
                                "text": "Someone stole my Opa's horrible shitty car to steal other people's catalytic converters. He got it back after the cops interrogated him. The landfill on wheels has returned. "
                            },
                            {
                                "type": "emoji",
                                "name": "car",
                                "unicode": "1f697"
                            }
                        ]
                    }
                ]
            }
        ],
        "reactions": [
            {
                "name": "alphabet-yellow-c",
                "users": [
                    "U01AGFZUUSW",
                    "U041ACX3QCE",
                    "U01A5BQECAK",
                    "U04206SVBBP"
                ],
                "count": 4
            },
            {
                "name": "alphabet-white-a",
                "users": [
                    "U01AGFZUUSW",
                    "U041ACX3QCE",
                    "U01A5BQECAK",
                    "U04206SVBBP"
                ],
                "count": 4
            },
            {
                "name": "alphabet-white-r",
                "users": [
                    "U01AGFZUUSW",
                    "U041ACX3QCE",
                    "U01A5BQECAK",
                    "U04206SVBBP"
                ],
                "count": 4
            }
        ]
    }
]