[
    {
        "text": "",
        "files": [
            {
                "id": "F04MKB6198T",
                "created": 1675267272,
                "timestamp": 1675267272,
                "name": "IMG_3945.jpg",
                "title": "File from iOS (1)",
                "mimetype": "image\/jpeg",
                "filetype": "jpg",
                "pretty_type": "JPEG",
                "user": "U042UB7979S",
                "user_team": "T7B710AL9",
                "editable": false,
                "size": 3307724,
                "mode": "hosted",
                "is_external": false,
                "external_type": "",
                "is_public": true,
                "public_url_shared": false,
                "display_as_bot": false,
                "username": "",
                "url_private": "https:\/\/files.slack.com\/files-pri\/T7B710AL9-F04MKB6198T\/img_3945.jpg?t=xoxe-249239010689-7383763303600-7346417720535-c8977b2d870e66a58192db1f0484baaa",
                "url_private_download": "https:\/\/files.slack.com\/files-pri\/T7B710AL9-F04MKB6198T\/download\/img_3945.jpg?t=xoxe-249239010689-7383763303600-7346417720535-c8977b2d870e66a58192db1f0484baaa",
                "media_display_type": "unknown",
                "thumb_64": "https:\/\/files.slack.com\/files-tmb\/T7B710AL9-F04MKB6198T-fbbd971751\/img_3945_64.jpg?t=xoxe-249239010689-7383763303600-7346417720535-c8977b2d870e66a58192db1f0484baaa",
                "thumb_80": "https:\/\/files.slack.com\/files-tmb\/T7B710AL9-F04MKB6198T-fbbd971751\/img_3945_80.jpg?t=xoxe-249239010689-7383763303600-7346417720535-c8977b2d870e66a58192db1f0484baaa",
                "thumb_360": "https:\/\/files.slack.com\/files-tmb\/T7B710AL9-F04MKB6198T-fbbd971751\/img_3945_360.jpg?t=xoxe-249239010689-7383763303600-7346417720535-c8977b2d870e66a58192db1f0484baaa",
                "thumb_360_w": 270,
                "thumb_360_h": 360,
                "thumb_480": "https:\/\/files.slack.com\/files-tmb\/T7B710AL9-F04MKB6198T-fbbd971751\/img_3945_480.jpg?t=xoxe-249239010689-7383763303600-7346417720535-c8977b2d870e66a58192db1f0484baaa",
                "thumb_480_w": 360,
                "thumb_480_h": 480,
                "thumb_160": "https:\/\/files.slack.com\/files-tmb\/T7B710AL9-F04MKB6198T-fbbd971751\/img_3945_160.jpg?t=xoxe-249239010689-7383763303600-7346417720535-c8977b2d870e66a58192db1f0484baaa",
                "thumb_720": "https:\/\/files.slack.com\/files-tmb\/T7B710AL9-F04MKB6198T-fbbd971751\/img_3945_720.jpg?t=xoxe-249239010689-7383763303600-7346417720535-c8977b2d870e66a58192db1f0484baaa",
                "thumb_720_w": 540,
                "thumb_720_h": 720,
                "thumb_800": "https:\/\/files.slack.com\/files-tmb\/T7B710AL9-F04MKB6198T-fbbd971751\/img_3945_800.jpg?t=xoxe-249239010689-7383763303600-7346417720535-c8977b2d870e66a58192db1f0484baaa",
                "thumb_800_w": 800,
                "thumb_800_h": 1067,
                "thumb_960": "https:\/\/files.slack.com\/files-tmb\/T7B710AL9-F04MKB6198T-fbbd971751\/img_3945_960.jpg?t=xoxe-249239010689-7383763303600-7346417720535-c8977b2d870e66a58192db1f0484baaa",
                "thumb_960_w": 720,
                "thumb_960_h": 960,
                "thumb_1024": "https:\/\/files.slack.com\/files-tmb\/T7B710AL9-F04MKB6198T-fbbd971751\/img_3945_1024.jpg?t=xoxe-249239010689-7383763303600-7346417720535-c8977b2d870e66a58192db1f0484baaa",
                "thumb_1024_w": 768,
                "thumb_1024_h": 1024,
                "original_w": 3024,
                "original_h": 4032,
                "thumb_tiny": "AwAwACRxpvcU41NCisgYqMg1klctkANOzVoYJ+6M1Vk4kb602rAmQSH5zTc1NgHrRgUXCw405JvLXG3OT6000KyBcMM89MdKSGx\/2g9kFRM25ix70HqeQfpSUXFYKWkooGLniomc46D604Hrzio5MAep700JkgcMemKU0xQRggEginnrihoEFLSUUhn\/2Q==",
                "permalink": "https:\/\/swarthmoreultimate.slack.com\/files\/U042UB7979S\/F04MKB6198T\/img_3945.jpg",
                "permalink_public": "https:\/\/slack-files.com\/T7B710AL9-F04MKB6198T-942fccfa7f",
                "is_starred": false,
                "has_rich_preview": false,
                "file_access": "visible"
            }
        ],
        "upload": false,
        "user": "U042UB7979S",
        "display_as_bot": false,
        "type": "message",
        "ts": "1675267279.325319",
        "thread_ts": "1675267279.325319",
        "reply_count": 4,
        "reply_users_count": 4,
        "latest_reply": "1675288016.241319",
        "reply_users": [
            "UNC4W0F96",
            "U041ACX3QCE",
            "U02CV1EHJ1Y",
            "U042UB7979S"
        ],
        "replies": [
            {
                "user": "UNC4W0F96",
                "ts": "1675268955.853429"
            },
            {
                "user": "U041ACX3QCE",
                "ts": "1675271462.314879"
            },
            {
                "user": "U02CV1EHJ1Y",
                "ts": "1675282503.295829"
            },
            {
                "user": "U042UB7979S",
                "ts": "1675288016.241319"
            }
        ],
        "is_locked": false,
        "subscribed": true,
        "last_read": "1675288016.241319",
        "reactions": [
            {
                "name": "alphabet-white-h",
                "users": [
                    "UNBLN9SCC",
                    "U01ANMM9XRS",
                    "U041VKJ0UBB",
                    "U041ACX3QCE",
                    "U019UV6JV4P",
                    "U02DA9RUA7M"
                ],
                "count": 6
            },
            {
                "name": "heart",
                "users": [
                    "U042D75FKKJ"
                ],
                "count": 1
            }
        ]
    },
    {
        "user": "UNC4W0F96",
        "type": "message",
        "ts": "1675268955.853429",
        "client_msg_id": "353fb98a-3778-460f-8271-8d2ef91e4f0c",
        "text": "Wait what room is this?",
        "team": "T7B710AL9",
        "user_team": "T7B710AL9",
        "source_team": "T7B710AL9",
        "user_profile": {
            "avatar_hash": "c0762b751fcb",
            "image_72": "https:\/\/avatars.slack-edge.com\/2022-11-06\/4353663255168_c0762b751fcb3221faae_72.jpg",
            "first_name": "Rory",
            "real_name": "Rory Schmidt",
            "display_name": "Rory",
            "team": "T7B710AL9",
            "name": "rschmid1",
            "is_restricted": false,
            "is_ultra_restricted": false
        },
        "thread_ts": "1675267279.325319",
        "parent_user_id": "U042UB7979S",
        "blocks": [
            {
                "type": "rich_text",
                "block_id": "NUY",
                "elements": [
                    {
                        "type": "rich_text_section",
                        "elements": [
                            {
                                "type": "text",
                                "text": "Wait what room is this?"
                            }
                        ]
                    }
                ]
            }
        ]
    },
    {
        "user": "U041ACX3QCE",
        "type": "message",
        "ts": "1675271462.314879",
        "client_msg_id": "a7cbfeb5-f5e8-4d24-9661-642e0dfe1183",
        "text": "Mertz 310",
        "team": "T7B710AL9",
        "user_team": "T7B710AL9",
        "source_team": "T7B710AL9",
        "user_profile": {
            "avatar_hash": "a0097a80caac",
            "image_72": "https:\/\/avatars.slack-edge.com\/2024-01-05\/6435175573364_a0097a80caac54b01d5f_72.png",
            "first_name": "Miles",
            "real_name": "Miles Fleisher",
            "display_name": "Miles",
            "team": "T7B710AL9",
            "name": "mfleish2",
            "is_restricted": false,
            "is_ultra_restricted": false
        },
        "thread_ts": "1675267279.325319",
        "parent_user_id": "U042UB7979S",
        "blocks": [
            {
                "type": "rich_text",
                "block_id": "Qq6",
                "elements": [
                    {
                        "type": "rich_text_section",
                        "elements": [
                            {
                                "type": "text",
                                "text": "Mertz 310"
                            }
                        ]
                    }
                ]
            }
        ],
        "reactions": [
            {
                "name": "enlightened-skippy",
                "users": [
                    "U019UV6JV4P",
                    "U041GTDPLTD",
                    "U02CV1EHJ1Y",
                    "U01ANMM9XRS",
                    "U02DA9RUA7M",
                    "UNCGS8RT2"
                ],
                "count": 6
            },
            {
                "name": "skepticalgeoff",
                "users": [
                    "UNC4W0F96",
                    "U041GTDPLTD",
                    "U02CV1EHJ1Y",
                    "U01ANMM9XRS",
                    "U02DA9RUA7M",
                    "UNCGS8RT2"
                ],
                "count": 6
            }
        ]
    },
    {
        "user": "U02CV1EHJ1Y",
        "type": "message",
        "ts": "1675282503.295829",
        "client_msg_id": "0036c6b1-23a6-483f-94a4-6614689a861f",
        "text": "yo wtf",
        "team": "T7B710AL9",
        "user_team": "T7B710AL9",
        "source_team": "T7B710AL9",
        "user_profile": {
            "avatar_hash": "770583598f7c",
            "image_72": "https:\/\/avatars.slack-edge.com\/2023-03-14\/4971424844160_770583598f7c137fd99e_72.png",
            "first_name": "Aaron",
            "real_name": "Aaron Thammavongxay",
            "display_name": "Ace",
            "team": "T7B710AL9",
            "name": "athamma1",
            "is_restricted": false,
            "is_ultra_restricted": false
        },
        "thread_ts": "1675267279.325319",
        "parent_user_id": "U042UB7979S",
        "blocks": [
            {
                "type": "rich_text",
                "block_id": "Okd",
                "elements": [
                    {
                        "type": "rich_text_section",
                        "elements": [
                            {
                                "type": "text",
                                "text": "yo wtf"
                            }
                        ]
                    }
                ]
            }
        ]
    },
    {
        "user": "U042UB7979S",
        "type": "message",
        "ts": "1675288016.241319",
        "client_msg_id": "6D23310E-671C-47D9-9BA6-5D6C52DCC538",
        "text": "It’s at Bryn Mawr",
        "team": "T7B710AL9",
        "user_team": "T7B710AL9",
        "source_team": "T7B710AL9",
        "user_profile": {
            "avatar_hash": "ga322a58f3c3",
            "image_72": "https:\/\/secure.gravatar.com\/avatar\/a322a58f3c339e4ea572b7c6a0b4af84.jpg?s=72&d=https%3A%2F%2Fa.slack-edge.com%2Fdf10d%2Fimg%2Favatars%2Fava_0024-72.png",
            "first_name": "Elena",
            "real_name": "Elena",
            "display_name": "",
            "team": "T7B710AL9",
            "name": "elee8",
            "is_restricted": false,
            "is_ultra_restricted": false
        },
        "thread_ts": "1675267279.325319",
        "parent_user_id": "U042UB7979S",
        "blocks": [
            {
                "type": "rich_text",
                "block_id": "tI7",
                "elements": [
                    {
                        "type": "rich_text_section",
                        "elements": [
                            {
                                "type": "text",
                                "text": "I"
                            },
                            {
                                "type": "text",
                                "text": "t’s at Bryn Mawr"
                            }
                        ]
                    }
                ]
            }
        ]
    }
]