[
    {
        "text": "His hands were cold apparently ",
        "files": [
            {
                "id": "F04R9GQQ2UB",
                "created": 1677339512,
                "timestamp": 1677339512,
                "name": "IMG_0228.jpg",
                "title": "IMG_0228",
                "mimetype": "image\/jpeg",
                "filetype": "jpg",
                "pretty_type": "JPEG",
                "user": "UNBLN9SCC",
                "user_team": "T7B710AL9",
                "editable": false,
                "size": 3986282,
                "mode": "hosted",
                "is_external": false,
                "external_type": "",
                "is_public": true,
                "public_url_shared": false,
                "display_as_bot": false,
                "username": "",
                "url_private": "https:\/\/files.slack.com\/files-pri\/T7B710AL9-F04R9GQQ2UB\/img_0228.jpg?t=xoxe-249239010689-7383763303600-7346417720535-c8977b2d870e66a58192db1f0484baaa",
                "url_private_download": "https:\/\/files.slack.com\/files-pri\/T7B710AL9-F04R9GQQ2UB\/download\/img_0228.jpg?t=xoxe-249239010689-7383763303600-7346417720535-c8977b2d870e66a58192db1f0484baaa",
                "media_display_type": "unknown",
                "thumb_64": "https:\/\/files.slack.com\/files-tmb\/T7B710AL9-F04R9GQQ2UB-54e9ae5aee\/img_0228_64.jpg?t=xoxe-249239010689-7383763303600-7346417720535-c8977b2d870e66a58192db1f0484baaa",
                "thumb_80": "https:\/\/files.slack.com\/files-tmb\/T7B710AL9-F04R9GQQ2UB-54e9ae5aee\/img_0228_80.jpg?t=xoxe-249239010689-7383763303600-7346417720535-c8977b2d870e66a58192db1f0484baaa",
                "thumb_360": "https:\/\/files.slack.com\/files-tmb\/T7B710AL9-F04R9GQQ2UB-54e9ae5aee\/img_0228_360.jpg?t=xoxe-249239010689-7383763303600-7346417720535-c8977b2d870e66a58192db1f0484baaa",
                "thumb_360_w": 270,
                "thumb_360_h": 360,
                "thumb_480": "https:\/\/files.slack.com\/files-tmb\/T7B710AL9-F04R9GQQ2UB-54e9ae5aee\/img_0228_480.jpg?t=xoxe-249239010689-7383763303600-7346417720535-c8977b2d870e66a58192db1f0484baaa",
                "thumb_480_w": 360,
                "thumb_480_h": 480,
                "thumb_160": "https:\/\/files.slack.com\/files-tmb\/T7B710AL9-F04R9GQQ2UB-54e9ae5aee\/img_0228_160.jpg?t=xoxe-249239010689-7383763303600-7346417720535-c8977b2d870e66a58192db1f0484baaa",
                "thumb_720": "https:\/\/files.slack.com\/files-tmb\/T7B710AL9-F04R9GQQ2UB-54e9ae5aee\/img_0228_720.jpg?t=xoxe-249239010689-7383763303600-7346417720535-c8977b2d870e66a58192db1f0484baaa",
                "thumb_720_w": 540,
                "thumb_720_h": 720,
                "thumb_800": "https:\/\/files.slack.com\/files-tmb\/T7B710AL9-F04R9GQQ2UB-54e9ae5aee\/img_0228_800.jpg?t=xoxe-249239010689-7383763303600-7346417720535-c8977b2d870e66a58192db1f0484baaa",
                "thumb_800_w": 800,
                "thumb_800_h": 1067,
                "thumb_960": "https:\/\/files.slack.com\/files-tmb\/T7B710AL9-F04R9GQQ2UB-54e9ae5aee\/img_0228_960.jpg?t=xoxe-249239010689-7383763303600-7346417720535-c8977b2d870e66a58192db1f0484baaa",
                "thumb_960_w": 720,
                "thumb_960_h": 960,
                "thumb_1024": "https:\/\/files.slack.com\/files-tmb\/T7B710AL9-F04R9GQQ2UB-54e9ae5aee\/img_0228_1024.jpg?t=xoxe-249239010689-7383763303600-7346417720535-c8977b2d870e66a58192db1f0484baaa",
                "thumb_1024_w": 768,
                "thumb_1024_h": 1024,
                "original_w": 3024,
                "original_h": 4032,
                "thumb_tiny": "AwAwACSUfUUufemAg9sUwzIJNnOfWsxku72NNT5c47nNHPqDS9R0pALvpN\/tUZwPWjI9TTAHfC5qIHbJkqCD0Pens2G6A4pnOSQNoz0q1a1mImU7iAO9K\/ysVPb0qWFQIxzknrUcq5JYDGDj60nECPcaNxpMCjA96kCOWXPTGc8kU9OF3NTFiBPPSnHLH1HatPMB4OV3Uijuep70h4UKKcMgUpMAINJz60bh3FG4VAH\/2Q==",
                "permalink": "https:\/\/swarthmoreultimate.slack.com\/files\/UNBLN9SCC\/F04R9GQQ2UB\/img_0228.jpg",
                "permalink_public": "https:\/\/slack-files.com\/T7B710AL9-F04R9GQQ2UB-d4fcc1b0d0",
                "is_starred": false,
                "has_rich_preview": false,
                "file_access": "visible"
            }
        ],
        "upload": false,
        "user": "UNBLN9SCC",
        "display_as_bot": false,
        "blocks": [
            {
                "type": "rich_text",
                "block_id": "oWOE",
                "elements": [
                    {
                        "type": "rich_text_section",
                        "elements": [
                            {
                                "type": "text",
                                "text": "His hands were cold apparently "
                            }
                        ]
                    }
                ]
            }
        ],
        "type": "message",
        "ts": "1677339536.387109",
        "client_msg_id": "F1101C19-DA3A-421F-B2EB-8D928DBF338B"
    }
]