[
    {
        "text": ":doughnut: :droplet: :lips: :droplet: :doughnut: ",
        "files": [
            {
                "id": "F056K1J6SNP",
                "created": 1683393537,
                "timestamp": 1683393537,
                "name": "IMG_6802.png",
                "title": "IMG_6802",
                "mimetype": "image\/png",
                "filetype": "png",
                "pretty_type": "PNG",
                "user": "UNCGS8RT2",
                "user_team": "T7B710AL9",
                "editable": false,
                "size": 242862,
                "mode": "hosted",
                "is_external": false,
                "external_type": "",
                "is_public": true,
                "public_url_shared": false,
                "display_as_bot": false,
                "username": "",
                "url_private": "https:\/\/files.slack.com\/files-pri\/T7B710AL9-F056K1J6SNP\/img_6802.png?t=xoxe-249239010689-7383763303600-7346417720535-c8977b2d870e66a58192db1f0484baaa",
                "url_private_download": "https:\/\/files.slack.com\/files-pri\/T7B710AL9-F056K1J6SNP\/download\/img_6802.png?t=xoxe-249239010689-7383763303600-7346417720535-c8977b2d870e66a58192db1f0484baaa",
                "media_display_type": "unknown",
                "thumb_64": "https:\/\/files.slack.com\/files-tmb\/T7B710AL9-F056K1J6SNP-307dd083e2\/img_6802_64.png?t=xoxe-249239010689-7383763303600-7346417720535-c8977b2d870e66a58192db1f0484baaa",
                "thumb_80": "https:\/\/files.slack.com\/files-tmb\/T7B710AL9-F056K1J6SNP-307dd083e2\/img_6802_80.png?t=xoxe-249239010689-7383763303600-7346417720535-c8977b2d870e66a58192db1f0484baaa",
                "thumb_360": "https:\/\/files.slack.com\/files-tmb\/T7B710AL9-F056K1J6SNP-307dd083e2\/img_6802_360.png?t=xoxe-249239010689-7383763303600-7346417720535-c8977b2d870e66a58192db1f0484baaa",
                "thumb_360_w": 166,
                "thumb_360_h": 360,
                "thumb_480": "https:\/\/files.slack.com\/files-tmb\/T7B710AL9-F056K1J6SNP-307dd083e2\/img_6802_480.png?t=xoxe-249239010689-7383763303600-7346417720535-c8977b2d870e66a58192db1f0484baaa",
                "thumb_480_w": 222,
                "thumb_480_h": 480,
                "thumb_160": "https:\/\/files.slack.com\/files-tmb\/T7B710AL9-F056K1J6SNP-307dd083e2\/img_6802_160.png?t=xoxe-249239010689-7383763303600-7346417720535-c8977b2d870e66a58192db1f0484baaa",
                "thumb_720": "https:\/\/files.slack.com\/files-tmb\/T7B710AL9-F056K1J6SNP-307dd083e2\/img_6802_720.png?t=xoxe-249239010689-7383763303600-7346417720535-c8977b2d870e66a58192db1f0484baaa",
                "thumb_720_w": 333,
                "thumb_720_h": 720,
                "thumb_800": "https:\/\/files.slack.com\/files-tmb\/T7B710AL9-F056K1J6SNP-307dd083e2\/img_6802_800.png?t=xoxe-249239010689-7383763303600-7346417720535-c8977b2d870e66a58192db1f0484baaa",
                "thumb_800_w": 800,
                "thumb_800_h": 1731,
                "thumb_960": "https:\/\/files.slack.com\/files-tmb\/T7B710AL9-F056K1J6SNP-307dd083e2\/img_6802_960.png?t=xoxe-249239010689-7383763303600-7346417720535-c8977b2d870e66a58192db1f0484baaa",
                "thumb_960_w": 444,
                "thumb_960_h": 960,
                "thumb_1024": "https:\/\/files.slack.com\/files-tmb\/T7B710AL9-F056K1J6SNP-307dd083e2\/img_6802_1024.png?t=xoxe-249239010689-7383763303600-7346417720535-c8977b2d870e66a58192db1f0484baaa",
                "thumb_1024_w": 473,
                "thumb_1024_h": 1024,
                "original_w": 1170,
                "original_h": 2532,
                "thumb_tiny": "AwAwABalg+lG0+hpTwBgnp6U00AB9KKKKAFyPSjI9KSigAJz2ooooAKMU7A4\/wAKNh9D+VADaKceR2\/KkxQB\/9k=",
                "permalink": "https:\/\/swarthmoreultimate.slack.com\/files\/UNCGS8RT2\/F056K1J6SNP\/img_6802.png",
                "permalink_public": "https:\/\/slack-files.com\/T7B710AL9-F056K1J6SNP-4c31992927",
                "is_starred": false,
                "has_rich_preview": false,
                "file_access": "visible"
            }
        ],
        "upload": false,
        "user": "UNCGS8RT2",
        "display_as_bot": false,
        "blocks": [
            {
                "type": "rich_text",
                "block_id": "vFOyY",
                "elements": [
                    {
                        "type": "rich_text_section",
                        "elements": [
                            {
                                "type": "emoji",
                                "name": "doughnut",
                                "unicode": "1f369"
                            },
                            {
                                "type": "text",
                                "text": " "
                            },
                            {
                                "type": "emoji",
                                "name": "droplet",
                                "unicode": "1f4a7"
                            },
                            {
                                "type": "text",
                                "text": " "
                            },
                            {
                                "type": "emoji",
                                "name": "lips",
                                "unicode": "1f444"
                            },
                            {
                                "type": "text",
                                "text": " "
                            },
                            {
                                "type": "emoji",
                                "name": "droplet",
                                "unicode": "1f4a7"
                            },
                            {
                                "type": "text",
                                "text": " "
                            },
                            {
                                "type": "emoji",
                                "name": "doughnut",
                                "unicode": "1f369"
                            },
                            {
                                "type": "text",
                                "text": " "
                            }
                        ]
                    }
                ]
            }
        ],
        "type": "message",
        "ts": "1683393574.991189",
        "client_msg_id": "34108D1A-0B22-4DAD-ADC0-AF4B39FBED24",
        "thread_ts": "1683393574.991189",
        "reply_count": 1,
        "reply_users_count": 1,
        "latest_reply": "1683419688.277769",
        "reply_users": [
            "U041F48UURM"
        ],
        "replies": [
            {
                "user": "U041F48UURM",
                "ts": "1683419688.277769"
            }
        ],
        "is_locked": false,
        "subscribed": false,
        "reactions": [
            {
                "name": "doughnut",
                "users": [
                    "U01AFT4NEPN",
                    "U041ACX3QCE",
                    "U02CH0X3XQE",
                    "U019UV6JV4P",
                    "U01A1PNMU6B",
                    "UQCAL163W",
                    "U041VKJ0UBB",
                    "U04206SVBBP"
                ],
                "count": 8
            }
        ]
    },
    {
        "user": "U041F48UURM",
        "type": "message",
        "ts": "1683419688.277769",
        "client_msg_id": "AA1F4419-70F8-4536-AA0D-C2220C8D3B87",
        "text": "We love Tracey Stewart (I also had donuts with her today) ",
        "team": "T7B710AL9",
        "user_team": "T7B710AL9",
        "source_team": "T7B710AL9",
        "user_profile": {
            "avatar_hash": "a87389a7092d",
            "image_72": "https:\/\/avatars.slack-edge.com\/2024-01-25\/6525101061590_a87389a7092d0e1e060d_72.png",
            "first_name": "Junior",
            "real_name": "Junior Lugo",
            "display_name": "Pablo Escobear Jr.",
            "team": "T7B710AL9",
            "name": "alugo1",
            "is_restricted": false,
            "is_ultra_restricted": false
        },
        "thread_ts": "1683393574.991189",
        "parent_user_id": "UNCGS8RT2",
        "blocks": [
            {
                "type": "rich_text",
                "block_id": "6C2",
                "elements": [
                    {
                        "type": "rich_text_section",
                        "elements": [
                            {
                                "type": "text",
                                "text": "We love Tracey Stewart (I also had donuts with her today) "
                            }
                        ]
                    }
                ]
            }
        ]
    },
    {
        "user": "U01AFT4NEPN",
        "type": "message",
        "ts": "1683427151.593919",
        "client_msg_id": "B1CA25BF-5436-4057-9EE1-1B4F0097D758",
        "text": "“I love them they keep me in business” - Ace on carcinogens ",
        "team": "T7B710AL9",
        "user_team": "T7B710AL9",
        "source_team": "T7B710AL9",
        "user_profile": {
            "avatar_hash": "48db12d99e86",
            "image_72": "https:\/\/avatars.slack-edge.com\/2024-04-25\/7009387655319_48db12d99e86f89eb51b_72.png",
            "first_name": "Ryan",
            "real_name": "Ryan Jin",
            "display_name": "Chef",
            "team": "T7B710AL9",
            "name": "rjin1",
            "is_restricted": false,
            "is_ultra_restricted": false
        },
        "blocks": [
            {
                "type": "rich_text",
                "block_id": "W1D",
                "elements": [
                    {
                        "type": "rich_text_section",
                        "elements": [
                            {
                                "type": "text",
                                "text": "“I love them they keep me in business” - Ace on carcinogens "
                            }
                        ]
                    }
                ]
            }
        ]
    }
]