[
    {
        "text": "In a terrifying new post tourney tradition, I have purchased the cheapest scratch off at Wawa. I won back the exact amount I spent",
        "files": [
            {
                "id": "F05TFLFC20N",
                "created": 1695500141,
                "timestamp": 1695500141,
                "name": "IMG_20230923_161531.jpg",
                "title": "IMG_20230923_161531.jpg",
                "mimetype": "image\/jpeg",
                "filetype": "jpg",
                "pretty_type": "JPEG",
                "user": "U041VKJ3RFB",
                "user_team": "T7B710AL9",
                "editable": false,
                "size": 643996,
                "mode": "hosted",
                "is_external": false,
                "external_type": "",
                "is_public": true,
                "public_url_shared": false,
                "display_as_bot": false,
                "username": "",
                "url_private": "https:\/\/files.slack.com\/files-pri\/T7B710AL9-F05TFLFC20N\/img_20230923_161531.jpg?t=xoxe-249239010689-7383763303600-7346417720535-c8977b2d870e66a58192db1f0484baaa",
                "url_private_download": "https:\/\/files.slack.com\/files-pri\/T7B710AL9-F05TFLFC20N\/download\/img_20230923_161531.jpg?t=xoxe-249239010689-7383763303600-7346417720535-c8977b2d870e66a58192db1f0484baaa",
                "media_display_type": "unknown",
                "thumb_64": "https:\/\/files.slack.com\/files-tmb\/T7B710AL9-F05TFLFC20N-7b24b4a450\/img_20230923_161531_64.jpg?t=xoxe-249239010689-7383763303600-7346417720535-c8977b2d870e66a58192db1f0484baaa",
                "thumb_80": "https:\/\/files.slack.com\/files-tmb\/T7B710AL9-F05TFLFC20N-7b24b4a450\/img_20230923_161531_80.jpg?t=xoxe-249239010689-7383763303600-7346417720535-c8977b2d870e66a58192db1f0484baaa",
                "thumb_360": "https:\/\/files.slack.com\/files-tmb\/T7B710AL9-F05TFLFC20N-7b24b4a450\/img_20230923_161531_360.jpg?t=xoxe-249239010689-7383763303600-7346417720535-c8977b2d870e66a58192db1f0484baaa",
                "thumb_360_w": 203,
                "thumb_360_h": 360,
                "thumb_480": "https:\/\/files.slack.com\/files-tmb\/T7B710AL9-F05TFLFC20N-7b24b4a450\/img_20230923_161531_480.jpg?t=xoxe-249239010689-7383763303600-7346417720535-c8977b2d870e66a58192db1f0484baaa",
                "thumb_480_w": 270,
                "thumb_480_h": 480,
                "thumb_160": "https:\/\/files.slack.com\/files-tmb\/T7B710AL9-F05TFLFC20N-7b24b4a450\/img_20230923_161531_160.jpg?t=xoxe-249239010689-7383763303600-7346417720535-c8977b2d870e66a58192db1f0484baaa",
                "thumb_720": "https:\/\/files.slack.com\/files-tmb\/T7B710AL9-F05TFLFC20N-7b24b4a450\/img_20230923_161531_720.jpg?t=xoxe-249239010689-7383763303600-7346417720535-c8977b2d870e66a58192db1f0484baaa",
                "thumb_720_w": 405,
                "thumb_720_h": 720,
                "thumb_800": "https:\/\/files.slack.com\/files-tmb\/T7B710AL9-F05TFLFC20N-7b24b4a450\/img_20230923_161531_800.jpg?t=xoxe-249239010689-7383763303600-7346417720535-c8977b2d870e66a58192db1f0484baaa",
                "thumb_800_w": 800,
                "thumb_800_h": 1422,
                "thumb_960": "https:\/\/files.slack.com\/files-tmb\/T7B710AL9-F05TFLFC20N-7b24b4a450\/img_20230923_161531_960.jpg?t=xoxe-249239010689-7383763303600-7346417720535-c8977b2d870e66a58192db1f0484baaa",
                "thumb_960_w": 540,
                "thumb_960_h": 960,
                "thumb_1024": "https:\/\/files.slack.com\/files-tmb\/T7B710AL9-F05TFLFC20N-7b24b4a450\/img_20230923_161531_1024.jpg?t=xoxe-249239010689-7383763303600-7346417720535-c8977b2d870e66a58192db1f0484baaa",
                "thumb_1024_w": 576,
                "thumb_1024_h": 1024,
                "original_w": 2268,
                "original_h": 4032,
                "thumb_tiny": "AwAwABuPFLijj1pcj1FZlhilDMO9GRRxRqg0Yw4HX+VORVJGP5VGwLkYzjtUsWVIBHHPNamRKRxznkVGBxUzsvUAgVCv3R9KmRcdxquQoGOKer\/L24qLcQKcJPU4od0LRimUkYxQpO0UCjNS3cpKx\/\/Z",
                "permalink": "https:\/\/swarthmoreultimate.slack.com\/files\/U041VKJ3RFB\/F05TFLFC20N\/img_20230923_161531.jpg",
                "permalink_public": "https:\/\/slack-files.com\/T7B710AL9-F05TFLFC20N-ecd0f283c6",
                "is_starred": false,
                "has_rich_preview": false,
                "file_access": "visible"
            }
        ],
        "upload": false,
        "user": "U041VKJ3RFB",
        "display_as_bot": false,
        "blocks": [
            {
                "type": "rich_text",
                "block_id": "a3JUe",
                "elements": [
                    {
                        "type": "rich_text_section",
                        "elements": [
                            {
                                "type": "text",
                                "text": "In a terrifying new post tourney tradition, I have purchased the cheapest scratch off at Wawa. I won back the exact amount I spent"
                            }
                        ]
                    }
                ]
            }
        ],
        "type": "message",
        "ts": "1695500179.278819",
        "client_msg_id": "393fe199-47b3-4623-b389-d9a3054c9a30",
        "reactions": [
            {
                "name": "heart",
                "users": [
                    "U01ANMM9XRS",
                    "U01BGKQ3NCX",
                    "U02CH0X3XQE",
                    "U04206SVBBP",
                    "U019UV6JV4P",
                    "U01AFT4NEPN",
                    "U042M4BL1GE"
                ],
                "count": 7
            }
        ]
    }
]