[
    {
        "text": "“Stack on me” - Mark Wallace",
        "files": [
            {
                "id": "F058KEDKLHL",
                "created": 1684677623,
                "timestamp": 1684677623,
                "name": "IMG_3478.jpg",
                "title": "IMG_3478",
                "mimetype": "image\/jpeg",
                "filetype": "jpg",
                "pretty_type": "JPEG",
                "user": "U01AFT4NEPN",
                "user_team": "T7B710AL9",
                "editable": false,
                "size": 1708061,
                "mode": "hosted",
                "is_external": false,
                "external_type": "",
                "is_public": true,
                "public_url_shared": false,
                "display_as_bot": false,
                "username": "",
                "url_private": "https:\/\/files.slack.com\/files-pri\/T7B710AL9-F058KEDKLHL\/img_3478.jpg?t=xoxe-249239010689-7383763303600-7346417720535-c8977b2d870e66a58192db1f0484baaa",
                "url_private_download": "https:\/\/files.slack.com\/files-pri\/T7B710AL9-F058KEDKLHL\/download\/img_3478.jpg?t=xoxe-249239010689-7383763303600-7346417720535-c8977b2d870e66a58192db1f0484baaa",
                "media_display_type": "unknown",
                "thumb_64": "https:\/\/files.slack.com\/files-tmb\/T7B710AL9-F058KEDKLHL-3a75301a4d\/img_3478_64.jpg?t=xoxe-249239010689-7383763303600-7346417720535-c8977b2d870e66a58192db1f0484baaa",
                "thumb_80": "https:\/\/files.slack.com\/files-tmb\/T7B710AL9-F058KEDKLHL-3a75301a4d\/img_3478_80.jpg?t=xoxe-249239010689-7383763303600-7346417720535-c8977b2d870e66a58192db1f0484baaa",
                "thumb_360": "https:\/\/files.slack.com\/files-tmb\/T7B710AL9-F058KEDKLHL-3a75301a4d\/img_3478_360.jpg?t=xoxe-249239010689-7383763303600-7346417720535-c8977b2d870e66a58192db1f0484baaa",
                "thumb_360_w": 270,
                "thumb_360_h": 360,
                "thumb_480": "https:\/\/files.slack.com\/files-tmb\/T7B710AL9-F058KEDKLHL-3a75301a4d\/img_3478_480.jpg?t=xoxe-249239010689-7383763303600-7346417720535-c8977b2d870e66a58192db1f0484baaa",
                "thumb_480_w": 360,
                "thumb_480_h": 480,
                "thumb_160": "https:\/\/files.slack.com\/files-tmb\/T7B710AL9-F058KEDKLHL-3a75301a4d\/img_3478_160.jpg?t=xoxe-249239010689-7383763303600-7346417720535-c8977b2d870e66a58192db1f0484baaa",
                "thumb_720": "https:\/\/files.slack.com\/files-tmb\/T7B710AL9-F058KEDKLHL-3a75301a4d\/img_3478_720.jpg?t=xoxe-249239010689-7383763303600-7346417720535-c8977b2d870e66a58192db1f0484baaa",
                "thumb_720_w": 540,
                "thumb_720_h": 720,
                "thumb_800": "https:\/\/files.slack.com\/files-tmb\/T7B710AL9-F058KEDKLHL-3a75301a4d\/img_3478_800.jpg?t=xoxe-249239010689-7383763303600-7346417720535-c8977b2d870e66a58192db1f0484baaa",
                "thumb_800_w": 800,
                "thumb_800_h": 1067,
                "thumb_960": "https:\/\/files.slack.com\/files-tmb\/T7B710AL9-F058KEDKLHL-3a75301a4d\/img_3478_960.jpg?t=xoxe-249239010689-7383763303600-7346417720535-c8977b2d870e66a58192db1f0484baaa",
                "thumb_960_w": 720,
                "thumb_960_h": 960,
                "thumb_1024": "https:\/\/files.slack.com\/files-tmb\/T7B710AL9-F058KEDKLHL-3a75301a4d\/img_3478_1024.jpg?t=xoxe-249239010689-7383763303600-7346417720535-c8977b2d870e66a58192db1f0484baaa",
                "thumb_1024_w": 768,
                "thumb_1024_h": 1024,
                "original_w": 3024,
                "original_h": 4032,
                "thumb_tiny": "AwAwACSB2Jbhc9vwp7zGV9xAAFWfs6A5BNIbdcffIo5WIq+ZgccZ9KVWG4YzmrH2XuH\/AEpDAV6MCfpS5QK7v85yTxTd3uala3JYnK0n2ZvVaLAWPNAcktnjoO1NkLMc9qjYLhSvU9eac25kJAOPWqYx6SY4Bo3sahT73TpUnmj1FIdhcsO9G5vWmhQeQaXZ7mgViQCNSCCPbmnh1\/vL+dUZoRHMqId2R0NJJayo3K\/L2OadwLo8tX3BlB+opSUIJGwgdTWc8RXuKlhkGUhQ4yefei4Fvzo+zL+Yo85P7w\/MUi2ttGMHk\/7RpfItfb\/vqndhc\/\/Z",
                "permalink": "https:\/\/swarthmoreultimate.slack.com\/files\/U01AFT4NEPN\/F058KEDKLHL\/img_3478.jpg",
                "permalink_public": "https:\/\/slack-files.com\/T7B710AL9-F058KEDKLHL-d12fee2634",
                "is_starred": false,
                "has_rich_preview": false,
                "file_access": "visible"
            }
        ],
        "upload": false,
        "user": "U01AFT4NEPN",
        "display_as_bot": false,
        "blocks": [
            {
                "type": "rich_text",
                "block_id": "wzhVs",
                "elements": [
                    {
                        "type": "rich_text_section",
                        "elements": [
                            {
                                "type": "text",
                                "text": "“Stack on me” - Mark Wallace"
                            }
                        ]
                    }
                ]
            }
        ],
        "type": "message",
        "ts": "1684677644.032969",
        "edited": {
            "user": "U01AFT4NEPN",
            "ts": "1684677680.000000"
        },
        "client_msg_id": "DB4893D3-FEE6-4D66-8DB4-1E848535C855",
        "reactions": [
            {
                "name": "exclamation",
                "users": [
                    "UCU52BKEE",
                    "U041ACX3QCE",
                    "U01ANMM9XRS",
                    "U04206SVBBP",
                    "UNCGS8RT2",
                    "U042TKFF6UT",
                    "U02C9PX2DUP",
                    "U0412DQJWEB",
                    "UQCAL163W",
                    "U01A1PNMU6B",
                    "U041GTDPLTD",
                    "U01AGFZUUSW",
                    "U0413RTSB62",
                    "U0421MC7G65",
                    "U042UB7979S",
                    "U01A5BQECAK"
                ],
                "count": 16
            }
        ]
    }
]