[
    {
        "text": "I guess this is soft-cap? But it is a little funny to see an Ultimate game go to overtime",
        "files": [
            {
                "id": "F05AHPS4DQS",
                "created": 1685629167,
                "timestamp": 1685629167,
                "name": "IMG_2960.jpg",
                "title": "IMG_2960",
                "mimetype": "image\/jpeg",
                "filetype": "jpg",
                "pretty_type": "JPEG",
                "user": "U01AGFZUUSW",
                "user_team": "T7B710AL9",
                "editable": false,
                "size": 1077921,
                "mode": "hosted",
                "is_external": false,
                "external_type": "",
                "is_public": true,
                "public_url_shared": false,
                "display_as_bot": false,
                "username": "",
                "subtype": "slack_image",
                "url_private": "https:\/\/files.slack.com\/files-pri\/T7B710AL9-F05AHPS4DQS\/img_2960.jpg?t=xoxe-249239010689-7383763303600-7346417720535-c8977b2d870e66a58192db1f0484baaa",
                "url_private_download": "https:\/\/files.slack.com\/files-pri\/T7B710AL9-F05AHPS4DQS\/download\/img_2960.jpg?t=xoxe-249239010689-7383763303600-7346417720535-c8977b2d870e66a58192db1f0484baaa",
                "media_display_type": "unknown",
                "thumb_64": "https:\/\/files.slack.com\/files-tmb\/T7B710AL9-F05AHPS4DQS-f5ad87c1c8\/img_2960_64.jpg?t=xoxe-249239010689-7383763303600-7346417720535-c8977b2d870e66a58192db1f0484baaa",
                "thumb_80": "https:\/\/files.slack.com\/files-tmb\/T7B710AL9-F05AHPS4DQS-f5ad87c1c8\/img_2960_80.jpg?t=xoxe-249239010689-7383763303600-7346417720535-c8977b2d870e66a58192db1f0484baaa",
                "thumb_360": "https:\/\/files.slack.com\/files-tmb\/T7B710AL9-F05AHPS4DQS-f5ad87c1c8\/img_2960_360.jpg?t=xoxe-249239010689-7383763303600-7346417720535-c8977b2d870e66a58192db1f0484baaa",
                "thumb_360_w": 270,
                "thumb_360_h": 360,
                "thumb_480": "https:\/\/files.slack.com\/files-tmb\/T7B710AL9-F05AHPS4DQS-f5ad87c1c8\/img_2960_480.jpg?t=xoxe-249239010689-7383763303600-7346417720535-c8977b2d870e66a58192db1f0484baaa",
                "thumb_480_w": 360,
                "thumb_480_h": 480,
                "thumb_160": "https:\/\/files.slack.com\/files-tmb\/T7B710AL9-F05AHPS4DQS-f5ad87c1c8\/img_2960_160.jpg?t=xoxe-249239010689-7383763303600-7346417720535-c8977b2d870e66a58192db1f0484baaa",
                "thumb_720": "https:\/\/files.slack.com\/files-tmb\/T7B710AL9-F05AHPS4DQS-f5ad87c1c8\/img_2960_720.jpg?t=xoxe-249239010689-7383763303600-7346417720535-c8977b2d870e66a58192db1f0484baaa",
                "thumb_720_w": 540,
                "thumb_720_h": 720,
                "thumb_800": "https:\/\/files.slack.com\/files-tmb\/T7B710AL9-F05AHPS4DQS-f5ad87c1c8\/img_2960_800.jpg?t=xoxe-249239010689-7383763303600-7346417720535-c8977b2d870e66a58192db1f0484baaa",
                "thumb_800_w": 800,
                "thumb_800_h": 1067,
                "thumb_960": "https:\/\/files.slack.com\/files-tmb\/T7B710AL9-F05AHPS4DQS-f5ad87c1c8\/img_2960_960.jpg?t=xoxe-249239010689-7383763303600-7346417720535-c8977b2d870e66a58192db1f0484baaa",
                "thumb_960_w": 720,
                "thumb_960_h": 960,
                "thumb_1024": "https:\/\/files.slack.com\/files-tmb\/T7B710AL9-F05AHPS4DQS-f5ad87c1c8\/img_2960_1024.jpg?t=xoxe-249239010689-7383763303600-7346417720535-c8977b2d870e66a58192db1f0484baaa",
                "thumb_1024_w": 768,
                "thumb_1024_h": 1024,
                "original_w": 3024,
                "original_h": 4032,
                "thumb_tiny": "AwAwACSyPvUY570vfrTe9MQN0qEffX61K5+lQg\/vB9aGCJu5pKG+8aSgZJ\/nrSZ9qATmjPPemSI\/TpUP8Y4qWTPvURPI4pMaJX++abSv96m0ATjrRVXzn9f0pGuXHXFFx2LDciom61D9qPoKabgnsKTYWLjAE0mBVb7U3oKPtR\/uii4WP\/\/Z",
                "permalink": "https:\/\/swarthmoreultimate.slack.com\/files\/U01AGFZUUSW\/F05AHPS4DQS\/img_2960.jpg",
                "permalink_public": "https:\/\/slack-files.com\/T7B710AL9-F05AHPS4DQS-4dde5cc44a",
                "is_starred": false,
                "has_rich_preview": false,
                "file_access": "visible"
            }
        ],
        "upload": false,
        "user": "U01AGFZUUSW",
        "display_as_bot": false,
        "blocks": [
            {
                "type": "rich_text",
                "block_id": "\/6sr",
                "elements": [
                    {
                        "type": "rich_text_section",
                        "elements": [
                            {
                                "type": "text",
                                "text": "I guess this is soft-cap? But it is a little funny to see an Ultimate game go to overtime"
                            }
                        ]
                    }
                ]
            }
        ],
        "type": "message",
        "ts": "1685629211.619869",
        "client_msg_id": "3AAAB96A-7FAE-4944-BC7F-0F25C2A11DB9",
        "reactions": [
            {
                "name": "wat",
                "users": [
                    "U01AFT4NEPN",
                    "U04206SVBBP",
                    "U019UV6JV4P",
                    "U01AGFZUUSW"
                ],
                "count": 4
            }
        ]
    }
]