[
    {
        "user": "U0421MC7G65",
        "type": "message",
        "ts": "1679453358.134109",
        "client_msg_id": "037a38be-5f61-44a0-9012-93fc8b14a3f1",
        "text": "Sylvia thinks joints in the human body are morally ambiguous",
        "team": "T7B710AL9",
        "user_team": "T7B710AL9",
        "source_team": "T7B710AL9",
        "user_profile": {
            "avatar_hash": "6689fa6fe4ca",
            "image_72": "https:\/\/avatars.slack-edge.com\/2022-11-09\/4342578550534_6689fa6fe4ca0ff34d55_72.jpg",
            "first_name": "Mirabai",
            "real_name": "Mirabai Smoot",
            "display_name": "mirabai",
            "team": "T7B710AL9",
            "name": "msmoot28",
            "is_restricted": false,
            "is_ultra_restricted": false
        },
        "thread_ts": "1679453358.134109",
        "reply_count": 1,
        "reply_users_count": 1,
        "latest_reply": "1679457344.188949",
        "reply_users": [
            "UN35A0Q7L"
        ],
        "replies": [
            {
                "user": "UN35A0Q7L",
                "ts": "1679457344.188949"
            }
        ],
        "is_locked": false,
        "subscribed": false,
        "blocks": [
            {
                "type": "rich_text",
                "block_id": "eLSy",
                "elements": [
                    {
                        "type": "rich_text_section",
                        "elements": [
                            {
                                "type": "text",
                                "text": "Sylvia thinks joints in the human body are morally ambiguous"
                            }
                        ]
                    }
                ]
            }
        ],
        "reactions": [
            {
                "name": "enlightened-skippy",
                "users": [
                    "U02MFDM09RB",
                    "U01AGFZUUSW"
                ],
                "count": 2
            }
        ]
    },
    {
        "user": "UN35A0Q7L",
        "type": "message",
        "ts": "1679457344.188949",
        "client_msg_id": "6C23252F-F43B-4460-A427-3048F7661D85",
        "text": "Narc",
        "team": "T7B710AL9",
        "user_team": "T7B710AL9",
        "source_team": "T7B710AL9",
        "user_profile": {
            "avatar_hash": "2186e77394a8",
            "image_72": "https:\/\/avatars.slack-edge.com\/2023-03-20\/4966805674135_2186e77394a8fa1d03c6_72.png",
            "first_name": "Jonathan",
            "real_name": "Jonathan Lehr",
            "display_name": "Lord Jonnis",
            "team": "T7B710AL9",
            "name": "jlehr1",
            "is_restricted": false,
            "is_ultra_restricted": false
        },
        "thread_ts": "1679453358.134109",
        "parent_user_id": "U0421MC7G65",
        "blocks": [
            {
                "type": "rich_text",
                "block_id": "oCzh",
                "elements": [
                    {
                        "type": "rich_text_section",
                        "elements": [
                            {
                                "type": "text",
                                "text": "Narc"
                            }
                        ]
                    }
                ]
            }
        ]
    }
]