[
    {
        "user": "U042M4BL1GE",
        "type": "message",
        "ts": "1699231109.076839",
        "client_msg_id": "700bcbf3-5a21-48e2-bb25-4aee347b6194",
        "text": "Yeah, they do that sometimes",
        "team": "T7B710AL9",
        "user_team": "T7B710AL9",
        "source_team": "T7B710AL9",
        "user_profile": {
            "avatar_hash": "346759cef872",
            "image_72": "https:\/\/avatars.slack-edge.com\/2023-03-07\/4896752665943_346759cef872d8054469_72.jpg",
            "first_name": "Mush",
            "real_name": "Mush",
            "display_name": "Mush",
            "team": "T7B710AL9",
            "name": "ekerimi1",
            "is_restricted": false,
            "is_ultra_restricted": false
        },
        "thread_ts": "1699109907.798659",
        "parent_user_id": "U01AGFZUUSW",
        "blocks": [
            {
                "type": "rich_text",
                "block_id": "zDHTG",
                "elements": [
                    {
                        "type": "rich_text_section",
                        "elements": [
                            {
                                "type": "text",
                                "text": "Yeah, they do that sometimes"
                            }
                        ]
                    }
                ]
            }
        ]
    }
]