[
    {
        "text": "how are those things related",
        "files": [
            {
                "id": "F054GMK0Q02",
                "created": 1682181531,
                "timestamp": 1682181531,
                "name": "IMG_0306.jpg",
                "title": "IMG_0306",
                "mimetype": "image\/jpeg",
                "filetype": "jpg",
                "pretty_type": "JPEG",
                "user": "UN12YVARH",
                "user_team": "T7B710AL9",
                "editable": false,
                "size": 310708,
                "mode": "hosted",
                "is_external": false,
                "external_type": "",
                "is_public": true,
                "public_url_shared": false,
                "display_as_bot": false,
                "username": "",
                "url_private": "https:\/\/files.slack.com\/files-pri\/T7B710AL9-F054GMK0Q02\/img_0306.jpg?t=xoxe-249239010689-7383763303600-7346417720535-c8977b2d870e66a58192db1f0484baaa",
                "url_private_download": "https:\/\/files.slack.com\/files-pri\/T7B710AL9-F054GMK0Q02\/download\/img_0306.jpg?t=xoxe-249239010689-7383763303600-7346417720535-c8977b2d870e66a58192db1f0484baaa",
                "media_display_type": "unknown",
                "thumb_64": "https:\/\/files.slack.com\/files-tmb\/T7B710AL9-F054GMK0Q02-07f269a628\/img_0306_64.jpg?t=xoxe-249239010689-7383763303600-7346417720535-c8977b2d870e66a58192db1f0484baaa",
                "thumb_80": "https:\/\/files.slack.com\/files-tmb\/T7B710AL9-F054GMK0Q02-07f269a628\/img_0306_80.jpg?t=xoxe-249239010689-7383763303600-7346417720535-c8977b2d870e66a58192db1f0484baaa",
                "thumb_360": "https:\/\/files.slack.com\/files-tmb\/T7B710AL9-F054GMK0Q02-07f269a628\/img_0306_360.jpg?t=xoxe-249239010689-7383763303600-7346417720535-c8977b2d870e66a58192db1f0484baaa",
                "thumb_360_w": 360,
                "thumb_360_h": 270,
                "thumb_480": "https:\/\/files.slack.com\/files-tmb\/T7B710AL9-F054GMK0Q02-07f269a628\/img_0306_480.jpg?t=xoxe-249239010689-7383763303600-7346417720535-c8977b2d870e66a58192db1f0484baaa",
                "thumb_480_w": 480,
                "thumb_480_h": 360,
                "thumb_160": "https:\/\/files.slack.com\/files-tmb\/T7B710AL9-F054GMK0Q02-07f269a628\/img_0306_160.jpg?t=xoxe-249239010689-7383763303600-7346417720535-c8977b2d870e66a58192db1f0484baaa",
                "thumb_720": "https:\/\/files.slack.com\/files-tmb\/T7B710AL9-F054GMK0Q02-07f269a628\/img_0306_720.jpg?t=xoxe-249239010689-7383763303600-7346417720535-c8977b2d870e66a58192db1f0484baaa",
                "thumb_720_w": 720,
                "thumb_720_h": 540,
                "thumb_800": "https:\/\/files.slack.com\/files-tmb\/T7B710AL9-F054GMK0Q02-07f269a628\/img_0306_800.jpg?t=xoxe-249239010689-7383763303600-7346417720535-c8977b2d870e66a58192db1f0484baaa",
                "thumb_800_w": 800,
                "thumb_800_h": 600,
                "thumb_960": "https:\/\/files.slack.com\/files-tmb\/T7B710AL9-F054GMK0Q02-07f269a628\/img_0306_960.jpg?t=xoxe-249239010689-7383763303600-7346417720535-c8977b2d870e66a58192db1f0484baaa",
                "thumb_960_w": 960,
                "thumb_960_h": 720,
                "thumb_1024": "https:\/\/files.slack.com\/files-tmb\/T7B710AL9-F054GMK0Q02-07f269a628\/img_0306_1024.jpg?t=xoxe-249239010689-7383763303600-7346417720535-c8977b2d870e66a58192db1f0484baaa",
                "thumb_1024_w": 1024,
                "thumb_1024_h": 768,
                "original_w": 4032,
                "original_h": 3024,
                "thumb_tiny": "AwAkADB+KTFOpKYhKKWigBKWjFGKAHUmPc0ZpM0AGKKM0ZoAWmmRQcEilqoeCaALVFFFABRRRQAVVf7x+tWqqv8AfP1oA\/\/Z",
                "permalink": "https:\/\/swarthmoreultimate.slack.com\/files\/UN12YVARH\/F054GMK0Q02\/img_0306.jpg",
                "permalink_public": "https:\/\/slack-files.com\/T7B710AL9-F054GMK0Q02-acd4a546a8",
                "is_starred": false,
                "has_rich_preview": false,
                "file_access": "visible"
            }
        ],
        "upload": false,
        "user": "UN12YVARH",
        "display_as_bot": false,
        "blocks": [
            {
                "type": "rich_text",
                "block_id": "ymP",
                "elements": [
                    {
                        "type": "rich_text_section",
                        "elements": [
                            {
                                "type": "text",
                                "text": "how are those things related"
                            }
                        ]
                    }
                ]
            }
        ],
        "type": "message",
        "ts": "1682181546.166919",
        "client_msg_id": "D3FA2374-790F-453D-B0E2-D0A7FF9A51E5",
        "thread_ts": "1682181546.166919",
        "reply_count": 4,
        "reply_users_count": 2,
        "latest_reply": "1682188535.455819",
        "reply_users": [
            "U01AFT4NEPN",
            "U041ACX3QCE"
        ],
        "replies": [
            {
                "user": "U01AFT4NEPN",
                "ts": "1682182353.628599"
            },
            {
                "user": "U041ACX3QCE",
                "ts": "1682188470.626379"
            },
            {
                "user": "U041ACX3QCE",
                "ts": "1682188493.980109"
            },
            {
                "user": "U041ACX3QCE",
                "ts": "1682188535.455819"
            }
        ],
        "is_locked": false,
        "subscribed": true,
        "last_read": "1682188535.455819",
        "reactions": [
            {
                "name": "alphabet-white-k",
                "users": [
                    "UNC4W0F96",
                    "U02MFDM09RB",
                    "U041ACX3QCE",
                    "U041VKJ0UBB",
                    "U01AGFZUUSW",
                    "U01ANMM9XRS"
                ],
                "count": 6
            },
            {
                "name": "alphabet-white-o",
                "users": [
                    "UNC4W0F96",
                    "U02MFDM09RB",
                    "U041ACX3QCE",
                    "U041VKJ0UBB",
                    "U01AGFZUUSW",
                    "U01ANMM9XRS"
                ],
                "count": 6
            },
            {
                "name": "alphabet-white-c",
                "users": [
                    "UNC4W0F96",
                    "U02MFDM09RB",
                    "U041ACX3QCE",
                    "U041VKJ0UBB",
                    "U01AGFZUUSW",
                    "U01ANMM9XRS"
                ],
                "count": 6
            },
            {
                "name": "alphabet-white-h",
                "users": [
                    "UNC4W0F96",
                    "U02MFDM09RB",
                    "U041ACX3QCE",
                    "U041VKJ0UBB",
                    "U01AGFZUUSW",
                    "U01ANMM9XRS"
                ],
                "count": 6
            },
            {
                "name": "alphabet-white-s",
                "users": [
                    "UNC4W0F96",
                    "U02MFDM09RB",
                    "U041ACX3QCE",
                    "U041VKJ0UBB",
                    "U01AGFZUUSW",
                    "U01ANMM9XRS"
                ],
                "count": 6
            }
        ]
    },
    {
        "text": "",
        "files": [
            {
                "id": "F054DPR1YKF",
                "created": 1682182350,
                "timestamp": 1682182350,
                "name": "IMG_2946.jpg",
                "title": "IMG_2946",
                "mimetype": "image\/jpeg",
                "filetype": "jpg",
                "pretty_type": "JPEG",
                "user": "U01AFT4NEPN",
                "user_team": "T7B710AL9",
                "editable": false,
                "size": 72007,
                "mode": "hosted",
                "is_external": false,
                "external_type": "",
                "is_public": true,
                "public_url_shared": false,
                "display_as_bot": false,
                "username": "",
                "url_private": "https:\/\/files.slack.com\/files-pri\/T7B710AL9-F054DPR1YKF\/img_2946.jpg?t=xoxe-249239010689-7383763303600-7346417720535-c8977b2d870e66a58192db1f0484baaa",
                "url_private_download": "https:\/\/files.slack.com\/files-pri\/T7B710AL9-F054DPR1YKF\/download\/img_2946.jpg?t=xoxe-249239010689-7383763303600-7346417720535-c8977b2d870e66a58192db1f0484baaa",
                "media_display_type": "unknown",
                "thumb_64": "https:\/\/files.slack.com\/files-tmb\/T7B710AL9-F054DPR1YKF-62d6a83aac\/img_2946_64.jpg?t=xoxe-249239010689-7383763303600-7346417720535-c8977b2d870e66a58192db1f0484baaa",
                "thumb_80": "https:\/\/files.slack.com\/files-tmb\/T7B710AL9-F054DPR1YKF-62d6a83aac\/img_2946_80.jpg?t=xoxe-249239010689-7383763303600-7346417720535-c8977b2d870e66a58192db1f0484baaa",
                "thumb_360": "https:\/\/files.slack.com\/files-tmb\/T7B710AL9-F054DPR1YKF-62d6a83aac\/img_2946_360.jpg?t=xoxe-249239010689-7383763303600-7346417720535-c8977b2d870e66a58192db1f0484baaa",
                "thumb_360_w": 166,
                "thumb_360_h": 360,
                "thumb_480": "https:\/\/files.slack.com\/files-tmb\/T7B710AL9-F054DPR1YKF-62d6a83aac\/img_2946_480.jpg?t=xoxe-249239010689-7383763303600-7346417720535-c8977b2d870e66a58192db1f0484baaa",
                "thumb_480_w": 222,
                "thumb_480_h": 480,
                "thumb_160": "https:\/\/files.slack.com\/files-tmb\/T7B710AL9-F054DPR1YKF-62d6a83aac\/img_2946_160.jpg?t=xoxe-249239010689-7383763303600-7346417720535-c8977b2d870e66a58192db1f0484baaa",
                "thumb_720": "https:\/\/files.slack.com\/files-tmb\/T7B710AL9-F054DPR1YKF-62d6a83aac\/img_2946_720.jpg?t=xoxe-249239010689-7383763303600-7346417720535-c8977b2d870e66a58192db1f0484baaa",
                "thumb_720_w": 333,
                "thumb_720_h": 720,
                "thumb_800": "https:\/\/files.slack.com\/files-tmb\/T7B710AL9-F054DPR1YKF-62d6a83aac\/img_2946_800.jpg?t=xoxe-249239010689-7383763303600-7346417720535-c8977b2d870e66a58192db1f0484baaa",
                "thumb_800_w": 800,
                "thumb_800_h": 1731,
                "thumb_960": "https:\/\/files.slack.com\/files-tmb\/T7B710AL9-F054DPR1YKF-62d6a83aac\/img_2946_960.jpg?t=xoxe-249239010689-7383763303600-7346417720535-c8977b2d870e66a58192db1f0484baaa",
                "thumb_960_w": 444,
                "thumb_960_h": 960,
                "thumb_1024": "https:\/\/files.slack.com\/files-tmb\/T7B710AL9-F054DPR1YKF-62d6a83aac\/img_2946_1024.jpg?t=xoxe-249239010689-7383763303600-7346417720535-c8977b2d870e66a58192db1f0484baaa",
                "thumb_1024_w": 473,
                "thumb_1024_h": 1024,
                "original_w": 1170,
                "original_h": 2532,
                "thumb_tiny": "AwAwABbO8qT+435UeVJ\/cb8q06KdhXMzypP7jflR5Un9xvyrUoosFwo\/GlowPSgAxRiiloAbmjNZfmSf32\/Onbph\/E\/5mkBpUVl+bJ\/fb86PNk\/vt+dMLH\/\/2Q==",
                "permalink": "https:\/\/swarthmoreultimate.slack.com\/files\/U01AFT4NEPN\/F054DPR1YKF\/img_2946.jpg",
                "permalink_public": "https:\/\/slack-files.com\/T7B710AL9-F054DPR1YKF-2485d1f524",
                "is_starred": false,
                "has_rich_preview": false,
                "file_access": "visible"
            }
        ],
        "upload": false,
        "user": "U01AFT4NEPN",
        "display_as_bot": false,
        "type": "message",
        "ts": "1682182353.628599",
        "client_msg_id": "2ED5943D-F2F9-4954-93EB-361931012A6F",
        "thread_ts": "1682181546.166919",
        "parent_user_id": "UN12YVARH"
    },
    {
        "text": "",
        "files": [
            {
                "id": "F0556G8TJNL",
                "created": 1682188467,
                "timestamp": 1682188467,
                "name": "image.png",
                "title": "image.png",
                "mimetype": "image\/png",
                "filetype": "png",
                "pretty_type": "PNG",
                "user": "U041ACX3QCE",
                "user_team": "T7B710AL9",
                "editable": false,
                "size": 125763,
                "mode": "hosted",
                "is_external": false,
                "external_type": "",
                "is_public": true,
                "public_url_shared": false,
                "display_as_bot": false,
                "username": "",
                "url_private": "https:\/\/files.slack.com\/files-pri\/T7B710AL9-F0556G8TJNL\/image.png?t=xoxe-249239010689-7383763303600-7346417720535-c8977b2d870e66a58192db1f0484baaa",
                "url_private_download": "https:\/\/files.slack.com\/files-pri\/T7B710AL9-F0556G8TJNL\/download\/image.png?t=xoxe-249239010689-7383763303600-7346417720535-c8977b2d870e66a58192db1f0484baaa",
                "media_display_type": "unknown",
                "thumb_64": "https:\/\/files.slack.com\/files-tmb\/T7B710AL9-F0556G8TJNL-0c67567440\/image_64.png?t=xoxe-249239010689-7383763303600-7346417720535-c8977b2d870e66a58192db1f0484baaa",
                "thumb_80": "https:\/\/files.slack.com\/files-tmb\/T7B710AL9-F0556G8TJNL-0c67567440\/image_80.png?t=xoxe-249239010689-7383763303600-7346417720535-c8977b2d870e66a58192db1f0484baaa",
                "thumb_360": "https:\/\/files.slack.com\/files-tmb\/T7B710AL9-F0556G8TJNL-0c67567440\/image_360.png?t=xoxe-249239010689-7383763303600-7346417720535-c8977b2d870e66a58192db1f0484baaa",
                "thumb_360_w": 360,
                "thumb_360_h": 125,
                "thumb_480": "https:\/\/files.slack.com\/files-tmb\/T7B710AL9-F0556G8TJNL-0c67567440\/image_480.png?t=xoxe-249239010689-7383763303600-7346417720535-c8977b2d870e66a58192db1f0484baaa",
                "thumb_480_w": 480,
                "thumb_480_h": 167,
                "thumb_160": "https:\/\/files.slack.com\/files-tmb\/T7B710AL9-F0556G8TJNL-0c67567440\/image_160.png?t=xoxe-249239010689-7383763303600-7346417720535-c8977b2d870e66a58192db1f0484baaa",
                "thumb_720": "https:\/\/files.slack.com\/files-tmb\/T7B710AL9-F0556G8TJNL-0c67567440\/image_720.png?t=xoxe-249239010689-7383763303600-7346417720535-c8977b2d870e66a58192db1f0484baaa",
                "thumb_720_w": 720,
                "thumb_720_h": 250,
                "thumb_800": "https:\/\/files.slack.com\/files-tmb\/T7B710AL9-F0556G8TJNL-0c67567440\/image_800.png?t=xoxe-249239010689-7383763303600-7346417720535-c8977b2d870e66a58192db1f0484baaa",
                "thumb_800_w": 800,
                "thumb_800_h": 278,
                "thumb_960": "https:\/\/files.slack.com\/files-tmb\/T7B710AL9-F0556G8TJNL-0c67567440\/image_960.png?t=xoxe-249239010689-7383763303600-7346417720535-c8977b2d870e66a58192db1f0484baaa",
                "thumb_960_w": 960,
                "thumb_960_h": 333,
                "thumb_1024": "https:\/\/files.slack.com\/files-tmb\/T7B710AL9-F0556G8TJNL-0c67567440\/image_1024.png?t=xoxe-249239010689-7383763303600-7346417720535-c8977b2d870e66a58192db1f0484baaa",
                "thumb_1024_w": 1024,
                "thumb_1024_h": 356,
                "original_w": 1330,
                "original_h": 462,
                "thumb_tiny": "AwAQADCqq5UfLn8P\/rU7b\/s\/p\/8AWqMbcDgZ780HHr+tMB5XbyRj8P8A61J8vcgfh\/8AWpmB60YHqKAH\/J6r+X\/1qDtI+8P8\/hTMe4pKAP\/Z",
                "permalink": "https:\/\/swarthmoreultimate.slack.com\/files\/U041ACX3QCE\/F0556G8TJNL\/image.png",
                "permalink_public": "https:\/\/slack-files.com\/T7B710AL9-F0556G8TJNL-9f92593eaf",
                "is_starred": false,
                "has_rich_preview": false,
                "file_access": "visible"
            }
        ],
        "upload": false,
        "user": "U041ACX3QCE",
        "display_as_bot": false,
        "type": "message",
        "ts": "1682188470.626379",
        "client_msg_id": "f7fbd857-08d3-4e4f-b444-52cf9714fbd9",
        "thread_ts": "1682181546.166919",
        "parent_user_id": "UN12YVARH"
    },
    {
        "user": "U041ACX3QCE",
        "type": "message",
        "ts": "1682188493.980109",
        "client_msg_id": "a4f791a0-f13c-445b-b084-f2b76246d80d",
        "text": "there’s been a lot of really weird ppl who think that since a lot of whales have been dying on the east coast recently, it’s because of windmills??",
        "team": "T7B710AL9",
        "user_team": "T7B710AL9",
        "source_team": "T7B710AL9",
        "user_profile": {
            "avatar_hash": "a0097a80caac",
            "image_72": "https:\/\/avatars.slack-edge.com\/2024-01-05\/6435175573364_a0097a80caac54b01d5f_72.png",
            "first_name": "Miles",
            "real_name": "Miles Fleisher",
            "display_name": "Miles",
            "team": "T7B710AL9",
            "name": "mfleish2",
            "is_restricted": false,
            "is_ultra_restricted": false
        },
        "thread_ts": "1682181546.166919",
        "parent_user_id": "UN12YVARH",
        "blocks": [
            {
                "type": "rich_text",
                "block_id": "hQi",
                "elements": [
                    {
                        "type": "rich_text_section",
                        "elements": [
                            {
                                "type": "text",
                                "text": "there’s been a lot of really weird ppl who think that since a lot of whales have been dying on the east coast recently, it’s because of windmills??"
                            }
                        ]
                    }
                ]
            }
        ]
    },
    {
        "user": "U041ACX3QCE",
        "type": "message",
        "ts": "1682188535.455819",
        "edited": {
            "user": "U041ACX3QCE",
            "ts": "1682188582.000000"
        },
        "client_msg_id": "107e3385-b2ab-4bb8-9031-e00395fe9072",
        "text": "the wanted to blame it on something and somehow came up with windmills, maybe i dont understand but i think they’re just conspiracy theorists",
        "team": "T7B710AL9",
        "user_team": "T7B710AL9",
        "source_team": "T7B710AL9",
        "user_profile": {
            "avatar_hash": "a0097a80caac",
            "image_72": "https:\/\/avatars.slack-edge.com\/2024-01-05\/6435175573364_a0097a80caac54b01d5f_72.png",
            "first_name": "Miles",
            "real_name": "Miles Fleisher",
            "display_name": "Miles",
            "team": "T7B710AL9",
            "name": "mfleish2",
            "is_restricted": false,
            "is_ultra_restricted": false
        },
        "thread_ts": "1682181546.166919",
        "parent_user_id": "UN12YVARH",
        "blocks": [
            {
                "type": "rich_text",
                "block_id": "Oe3K",
                "elements": [
                    {
                        "type": "rich_text_section",
                        "elements": [
                            {
                                "type": "text",
                                "text": "the wanted to blame it on something and somehow came up with windmills, maybe i dont understand but i think they’re just conspiracy theorists"
                            }
                        ]
                    }
                ]
            }
        ]
    }
]