[
    {
        "user": "U02EW52SJH0",
        "type": "message",
        "ts": "1676766097.777549",
        "client_msg_id": "380EBEF5-F4D9-4757-88AA-CE5450D1F43A",
        "text": "“What the hell is that?” Jon pointing at the the Risk world map \n“That’s Ukraine” - Jude \n“No that’s Russia” - Jon ",
        "team": "T7B710AL9",
        "user_team": "T7B710AL9",
        "source_team": "T7B710AL9",
        "user_profile": {
            "avatar_hash": "g967d47b242d",
            "image_72": "https:\/\/secure.gravatar.com\/avatar\/967d47b242d75828372c74b7f762be64.jpg?s=72&d=https%3A%2F%2Fa.slack-edge.com%2Fdf10d%2Fimg%2Favatars%2Fava_0022-72.png",
            "first_name": "Chait",
            "real_name": "Chait",
            "display_name": "",
            "team": "T7B710AL9",
            "name": "cmotwan1",
            "is_restricted": false,
            "is_ultra_restricted": false
        },
        "blocks": [
            {
                "type": "rich_text",
                "block_id": "BYz",
                "elements": [
                    {
                        "type": "rich_text_section",
                        "elements": [
                            {
                                "type": "text",
                                "text": "“What the hell is that?” Jon pointing at the the Risk world map \n“That’s Ukraine” - Jude \n“No that’s Russia” - Jon "
                            }
                        ]
                    }
                ]
            }
        ],
        "reactions": [
            {
                "name": "gradjon",
                "users": [
                    "U02CV1EHJ1Y",
                    "U01ANMM9XRS",
                    "U041ACX3QCE",
                    "U02CH0X3XQE",
                    "U041VKJ0UBB",
                    "U019UV6JV4P"
                ],
                "count": 6
            },
            {
                "name": "200iq",
                "users": [
                    "U02CV1EHJ1Y",
                    "U01ANMM9XRS",
                    "U041ACX3QCE",
                    "U02CH0X3XQE",
                    "U041VKJ0UBB",
                    "U019UV6JV4P"
                ],
                "count": 6
            },
            {
                "name": "flag-ua",
                "users": [
                    "U02CH0X3XQE",
                    "U041VKJ0UBB",
                    "U019UV6JV4P",
                    "U01ANMM9XRS"
                ],
                "count": 4
            }
        ]
    }
]