[
    {
        "user": "U042UB7979S",
        "type": "message",
        "ts": "1677258939.189229",
        "client_msg_id": "F83C8C80-8F8D-4C24-8DD4-B7C9EB31AE66",
        "text": "My geology professor discovered today that he is referenced on the Charleston Chews Wikipedia <https:\/\/en.m.wikipedia.org\/wiki\/Charleston_Chew|page> and he considers it his proudest achievement to date",
        "team": "T7B710AL9",
        "user_team": "T7B710AL9",
        "source_team": "T7B710AL9",
        "user_profile": {
            "avatar_hash": "ga322a58f3c3",
            "image_72": "https:\/\/secure.gravatar.com\/avatar\/a322a58f3c339e4ea572b7c6a0b4af84.jpg?s=72&d=https%3A%2F%2Fa.slack-edge.com%2Fdf10d%2Fimg%2Favatars%2Fava_0024-72.png",
            "first_name": "Elena",
            "real_name": "Elena",
            "display_name": "",
            "team": "T7B710AL9",
            "name": "elee8",
            "is_restricted": false,
            "is_ultra_restricted": false
        },
        "attachments": [
            {
                "from_url": "https:\/\/en.m.wikipedia.org\/wiki\/Charleston_Chew",
                "image_url": "https:\/\/upload.wikimedia.org\/wikipedia\/commons\/6\/63\/Charleston-Chew-Split.jpg",
                "image_width": 4000,
                "image_height": 1100,
                "image_bytes": 400450,
                "service_icon": "https:\/\/a.slack-edge.com\/80588\/img\/unfurl_icons\/wikipedia.png",
                "id": 1,
                "original_url": "https:\/\/en.m.wikipedia.org\/wiki\/Charleston_Chew",
                "fallback": "wikipedia: Charleston Chew",
                "text": "Charleston Chew is a candy bar consisting of marshmallow flavored nougat covered in chocolate flavor coating.  It was created in 1925 by the Fox-Cross Candy Company, founded by stage actor Donley Cross and his friend Charlie Fox. The candy was named after the Charleston, a popular dance at that time.",
                "title": "Charleston Chew",
                "title_link": "https:\/\/en.m.wikipedia.org\/wiki\/Charleston_Chew",
                "author_name": "Wikipedia",
                "author_link": "https:\/\/en.wikipedia.org\/"
            }
        ],
        "blocks": [
            {
                "type": "rich_text",
                "block_id": "BhrV",
                "elements": [
                    {
                        "type": "rich_text_section",
                        "elements": [
                            {
                                "type": "text",
                                "text": "My geology professor discovered today that he is referenced on the Charleston Chews Wikipedia "
                            },
                            {
                                "type": "link",
                                "url": "https:\/\/en.m.wikipedia.org\/wiki\/Charleston_Chew",
                                "text": "page"
                            },
                            {
                                "type": "text",
                                "text": " and he considers it his proudest achievement to date"
                            }
                        ]
                    }
                ]
            }
        ],
        "reactions": [
            {
                "name": "enlightened-skippy",
                "users": [
                    "U01ANMM9XRS",
                    "U041VKJ0UBB",
                    "U041ACX3QCE",
                    "U019UV6JV4P"
                ],
                "count": 4
            }
        ]
    }
]