[
    {
        "text": "<@UCU27FNLT> hates us",
        "files": [
            {
                "id": "F0686L970KZ",
                "created": 1701740687,
                "timestamp": 1701740687,
                "name": "Screenshot 2023-12-04 204313.png",
                "title": "Screenshot 2023-12-04 204313.png",
                "mimetype": "image\/png",
                "filetype": "png",
                "pretty_type": "PNG",
                "user": "U01AFT4NEPN",
                "user_team": "T7B710AL9",
                "editable": false,
                "size": 36986,
                "mode": "hosted",
                "is_external": false,
                "external_type": "",
                "is_public": true,
                "public_url_shared": false,
                "display_as_bot": false,
                "username": "",
                "url_private": "https:\/\/files.slack.com\/files-pri\/T7B710AL9-F0686L970KZ\/screenshot_2023-12-04_204313.png?t=xoxe-249239010689-7383763303600-7346417720535-c8977b2d870e66a58192db1f0484baaa",
                "url_private_download": "https:\/\/files.slack.com\/files-pri\/T7B710AL9-F0686L970KZ\/download\/screenshot_2023-12-04_204313.png?t=xoxe-249239010689-7383763303600-7346417720535-c8977b2d870e66a58192db1f0484baaa",
                "media_display_type": "unknown",
                "thumb_64": "https:\/\/files.slack.com\/files-tmb\/T7B710AL9-F0686L970KZ-e23a978ab4\/screenshot_2023-12-04_204313_64.png?t=xoxe-249239010689-7383763303600-7346417720535-c8977b2d870e66a58192db1f0484baaa",
                "thumb_80": "https:\/\/files.slack.com\/files-tmb\/T7B710AL9-F0686L970KZ-e23a978ab4\/screenshot_2023-12-04_204313_80.png?t=xoxe-249239010689-7383763303600-7346417720535-c8977b2d870e66a58192db1f0484baaa",
                "thumb_360": "https:\/\/files.slack.com\/files-tmb\/T7B710AL9-F0686L970KZ-e23a978ab4\/screenshot_2023-12-04_204313_360.png?t=xoxe-249239010689-7383763303600-7346417720535-c8977b2d870e66a58192db1f0484baaa",
                "thumb_360_w": 360,
                "thumb_360_h": 240,
                "thumb_480": "https:\/\/files.slack.com\/files-tmb\/T7B710AL9-F0686L970KZ-e23a978ab4\/screenshot_2023-12-04_204313_480.png?t=xoxe-249239010689-7383763303600-7346417720535-c8977b2d870e66a58192db1f0484baaa",
                "thumb_480_w": 480,
                "thumb_480_h": 320,
                "thumb_160": "https:\/\/files.slack.com\/files-tmb\/T7B710AL9-F0686L970KZ-e23a978ab4\/screenshot_2023-12-04_204313_160.png?t=xoxe-249239010689-7383763303600-7346417720535-c8977b2d870e66a58192db1f0484baaa",
                "original_w": 612,
                "original_h": 408,
                "thumb_tiny": "AwAgADDPBHcE\/Slyvo350gUn0\/E0bD6j86AFBQdVJ\/GlDqP4aaMhv\/r0AkdDTuA4up\/hP50Fk\/un86axPTtQSSB\/jRcAJOeppW6f\/Wpp605gMcH9aQCAZHU04cUKQBzijI9RSABSnHrTd1G72oA\/\/9k=",
                "permalink": "https:\/\/swarthmoreultimate.slack.com\/files\/U01AFT4NEPN\/F0686L970KZ\/screenshot_2023-12-04_204313.png",
                "permalink_public": "https:\/\/slack-files.com\/T7B710AL9-F0686L970KZ-f952731c77",
                "is_starred": false,
                "has_rich_preview": false,
                "file_access": "visible"
            }
        ],
        "upload": false,
        "user": "U01AFT4NEPN",
        "display_as_bot": false,
        "blocks": [
            {
                "type": "rich_text",
                "block_id": "IYpM7",
                "elements": [
                    {
                        "type": "rich_text_section",
                        "elements": [
                            {
                                "type": "user",
                                "user_id": "UCU27FNLT"
                            },
                            {
                                "type": "text",
                                "text": " hates us"
                            }
                        ]
                    }
                ]
            }
        ],
        "type": "message",
        "ts": "1701740700.425519",
        "client_msg_id": "2a84dbb9-2d6b-4de4-a55f-4999fe11b060",
        "reactions": [
            {
                "name": "unbelievable-squatch",
                "users": [
                    "U01A1PNMU6B",
                    "U041ACX3QCE",
                    "UCU27FNLT",
                    "U02CH0X3XQE",
                    "U019UV6JV4P",
                    "U01BGKQ3NCX",
                    "U02MFDM09RB"
                ],
                "count": 7
            }
        ]
    }
]