[
    {
        "user": "U01A5BQECAK",
        "type": "message",
        "ts": "1672936992.487959",
        "client_msg_id": "C1B9EDA7-4C2D-4BBF-B050-3AB913E221BF",
        "text": "Kai im surprised you have not heard stick season by now, Noah Kahan is a vermontian treasure ",
        "team": "T7B710AL9",
        "user_team": "T7B710AL9",
        "source_team": "T7B710AL9",
        "user_profile": {
            "avatar_hash": "c6a6655f6cf2",
            "image_72": "https:\/\/avatars.slack-edge.com\/2022-03-15\/3231389762311_c6a6655f6cf26cee71b4_72.png",
            "first_name": "Natalie",
            "real_name": "Natalie Fraser",
            "display_name": "Natalie Chai Fraser",
            "team": "T7B710AL9",
            "name": "nfraser1",
            "is_restricted": false,
            "is_ultra_restricted": false
        },
        "thread_ts": "1672431555.326679",
        "parent_user_id": "U01AGFZUUSW",
        "blocks": [
            {
                "type": "rich_text",
                "block_id": "2x1",
                "elements": [
                    {
                        "type": "rich_text_section",
                        "elements": [
                            {
                                "type": "text",
                                "text": "Kai im surprised you have not heard stick season by now, Noah Kahan is a vermontian treasure "
                            }
                        ]
                    }
                ]
            }
        ]
    },
    {
        "user": "UNC4W0F96",
        "type": "message",
        "ts": "1672950901.340659",
        "client_msg_id": "3be20712-2b83-424e-9a9b-3b28ed23dadc",
        "text": "Our practice times.",
        "team": "T7B710AL9",
        "user_team": "T7B710AL9",
        "source_team": "T7B710AL9",
        "user_profile": {
            "avatar_hash": "c0762b751fcb",
            "image_72": "https:\/\/avatars.slack-edge.com\/2022-11-06\/4353663255168_c0762b751fcb3221faae_72.jpg",
            "first_name": "Rory",
            "real_name": "Rory Schmidt",
            "display_name": "Rory",
            "team": "T7B710AL9",
            "name": "rschmid1",
            "is_restricted": false,
            "is_ultra_restricted": false
        },
        "thread_ts": "1672950901.340659",
        "reply_count": 1,
        "reply_users_count": 1,
        "latest_reply": "1672966079.133799",
        "reply_users": [
            "U02C9PX2DUP"
        ],
        "replies": [
            {
                "user": "U02C9PX2DUP",
                "ts": "1672966079.133799"
            }
        ],
        "is_locked": false,
        "subscribed": false,
        "blocks": [
            {
                "type": "rich_text",
                "block_id": "bfF",
                "elements": [
                    {
                        "type": "rich_text_section",
                        "elements": [
                            {
                                "type": "text",
                                "text": "Our practice times."
                            }
                        ]
                    }
                ]
            }
        ],
        "reactions": [
            {
                "name": "face_with_spiral_eyes",
                "users": [
                    "U019UV6JV4P",
                    "U041ACX3QCE",
                    "U02CH0X3XQE",
                    "UQCAL163W",
                    "U02CV1EHJ1Y",
                    "UNBLN9SCC",
                    "U041VKJ0UBB"
                ],
                "count": 7
            }
        ]
    },
    {
        "user": "U02C9PX2DUP",
        "type": "message",
        "ts": "1672966079.133799",
        "client_msg_id": "8DF9E05A-A4B3-4DF0-9F80-FA487CF14458",
        "text": "Do elaborate",
        "team": "T7B710AL9",
        "user_team": "T7B710AL9",
        "source_team": "T7B710AL9",
        "user_profile": {
            "avatar_hash": "6451ef32688c",
            "image_72": "https:\/\/avatars.slack-edge.com\/2022-03-22\/3276350644949_6451ef32688c4721942d_72.png",
            "first_name": "Adin",
            "real_name": "Adin Aberbach",
            "display_name": "Adin",
            "team": "T7B710AL9",
            "name": "aaberba1",
            "is_restricted": false,
            "is_ultra_restricted": false
        },
        "thread_ts": "1672950901.340659",
        "parent_user_id": "UNC4W0F96",
        "blocks": [
            {
                "type": "rich_text",
                "block_id": "e7OBD",
                "elements": [
                    {
                        "type": "rich_text_section",
                        "elements": [
                            {
                                "type": "text",
                                "text": "Do elaborate"
                            }
                        ]
                    }
                ]
            }
        ],
        "reactions": [
            {
                "name": "point_up_2",
                "users": [
                    "U01BGKQ3NCX",
                    "U041VKJ0UBB",
                    "U041ACX3QCE"
                ],
                "count": 3
            }
        ]
    }
]