[
    {
        "user": "U041ACX3QCE",
        "type": "message",
        "ts": "1711635039.142459",
        "client_msg_id": "db396827-cd57-4416-a4c3-a3fde42dff07",
        "text": "wait i was texting the wrong jude lmao",
        "team": "T7B710AL9",
        "user_team": "T7B710AL9",
        "source_team": "T7B710AL9",
        "user_profile": {
            "avatar_hash": "a0097a80caac",
            "image_72": "https:\/\/avatars.slack-edge.com\/2024-01-05\/6435175573364_a0097a80caac54b01d5f_72.png",
            "first_name": "Miles",
            "real_name": "Miles Fleisher",
            "display_name": "Miles",
            "team": "T7B710AL9",
            "name": "mfleish2",
            "is_restricted": false,
            "is_ultra_restricted": false
        },
        "thread_ts": "1711156262.232639",
        "parent_user_id": "U041ACX3QCE",
        "blocks": [
            {
                "type": "rich_text",
                "block_id": "RQ3AN",
                "elements": [
                    {
                        "type": "rich_text_section",
                        "elements": [
                            {
                                "type": "text",
                                "text": "wait i was texting the wrong jude lmao"
                            }
                        ]
                    }
                ]
            }
        ]
    },
    {
        "text": "This piece of naan weighs 22.5 grams, meaning that about 20 of these weigh 1 lb. I would estimate, then, that the worms collectively ate around 3-5 lbs of naan at dinner tonight.",
        "files": [
            {
                "id": "F06RZBDKQ7N",
                "created": 1711672029,
                "timestamp": 1711672029,
                "name": "IMG_7149.jpg",
                "title": "IMG_7149",
                "mimetype": "image\/jpeg",
                "filetype": "jpg",
                "pretty_type": "JPEG",
                "user": "U05SWFZNR18",
                "user_team": "T7B710AL9",
                "editable": false,
                "size": 787197,
                "mode": "hosted",
                "is_external": false,
                "external_type": "",
                "is_public": true,
                "public_url_shared": false,
                "display_as_bot": false,
                "username": "",
                "url_private": "https:\/\/files.slack.com\/files-pri\/T7B710AL9-F06RZBDKQ7N\/img_7149.jpg?t=xoxe-249239010689-7383763303600-7346417720535-c8977b2d870e66a58192db1f0484baaa",
                "url_private_download": "https:\/\/files.slack.com\/files-pri\/T7B710AL9-F06RZBDKQ7N\/download\/img_7149.jpg?t=xoxe-249239010689-7383763303600-7346417720535-c8977b2d870e66a58192db1f0484baaa",
                "media_display_type": "unknown",
                "thumb_64": "https:\/\/files.slack.com\/files-tmb\/T7B710AL9-F06RZBDKQ7N-9929d2314f\/img_7149_64.jpg?t=xoxe-249239010689-7383763303600-7346417720535-c8977b2d870e66a58192db1f0484baaa",
                "thumb_80": "https:\/\/files.slack.com\/files-tmb\/T7B710AL9-F06RZBDKQ7N-9929d2314f\/img_7149_80.jpg?t=xoxe-249239010689-7383763303600-7346417720535-c8977b2d870e66a58192db1f0484baaa",
                "thumb_360": "https:\/\/files.slack.com\/files-tmb\/T7B710AL9-F06RZBDKQ7N-9929d2314f\/img_7149_360.jpg?t=xoxe-249239010689-7383763303600-7346417720535-c8977b2d870e66a58192db1f0484baaa",
                "thumb_360_w": 270,
                "thumb_360_h": 360,
                "thumb_480": "https:\/\/files.slack.com\/files-tmb\/T7B710AL9-F06RZBDKQ7N-9929d2314f\/img_7149_480.jpg?t=xoxe-249239010689-7383763303600-7346417720535-c8977b2d870e66a58192db1f0484baaa",
                "thumb_480_w": 360,
                "thumb_480_h": 480,
                "thumb_160": "https:\/\/files.slack.com\/files-tmb\/T7B710AL9-F06RZBDKQ7N-9929d2314f\/img_7149_160.jpg?t=xoxe-249239010689-7383763303600-7346417720535-c8977b2d870e66a58192db1f0484baaa",
                "thumb_720": "https:\/\/files.slack.com\/files-tmb\/T7B710AL9-F06RZBDKQ7N-9929d2314f\/img_7149_720.jpg?t=xoxe-249239010689-7383763303600-7346417720535-c8977b2d870e66a58192db1f0484baaa",
                "thumb_720_w": 540,
                "thumb_720_h": 720,
                "thumb_800": "https:\/\/files.slack.com\/files-tmb\/T7B710AL9-F06RZBDKQ7N-9929d2314f\/img_7149_800.jpg?t=xoxe-249239010689-7383763303600-7346417720535-c8977b2d870e66a58192db1f0484baaa",
                "thumb_800_w": 800,
                "thumb_800_h": 1067,
                "thumb_960": "https:\/\/files.slack.com\/files-tmb\/T7B710AL9-F06RZBDKQ7N-9929d2314f\/img_7149_960.jpg?t=xoxe-249239010689-7383763303600-7346417720535-c8977b2d870e66a58192db1f0484baaa",
                "thumb_960_w": 720,
                "thumb_960_h": 960,
                "thumb_1024": "https:\/\/files.slack.com\/files-tmb\/T7B710AL9-F06RZBDKQ7N-9929d2314f\/img_7149_1024.jpg?t=xoxe-249239010689-7383763303600-7346417720535-c8977b2d870e66a58192db1f0484baaa",
                "thumb_1024_w": 768,
                "thumb_1024_h": 1024,
                "original_w": 3024,
                "original_h": 4032,
                "thumb_tiny": "AwAwACSfNKKilcqgI65qETydj+lZKNzVysWzTTVYzSH+KnwuzEhjmhxEpEhFGKPyo\/KkURXB+QfWp7dQIBnvzVe4+6PrT1u41ULhhgY6U+hPUnyB6VCXDTsB0Ax+NRyXZPEa49zUcB\/efhRYLlk0n4D8qKKRRFdE+WMHvVPc396rzAOu1hkVH9nj9P1qk7Ilq5VBY\/xVNakmQ5JPFSfZ4\/7v609ESPO0YzTck0JR1H5ozSZozUFH\/9k=",
                "permalink": "https:\/\/swarthmoreultimate.slack.com\/files\/U05SWFZNR18\/F06RZBDKQ7N\/img_7149.jpg",
                "permalink_public": "https:\/\/slack-files.com\/T7B710AL9-F06RZBDKQ7N-ca3887c25f",
                "is_starred": false,
                "has_rich_preview": false,
                "file_access": "visible"
            }
        ],
        "upload": false,
        "user": "U05SWFZNR18",
        "display_as_bot": false,
        "blocks": [
            {
                "type": "rich_text",
                "block_id": "jGN08",
                "elements": [
                    {
                        "type": "rich_text_section",
                        "elements": [
                            {
                                "type": "text",
                                "text": "This piece of naan weighs 22.5 grams, meaning that about 20 of these weigh 1 lb. I would estimate, then, that the worms collectively ate around 3-5 lbs of naan at dinner tonight."
                            }
                        ]
                    }
                ]
            }
        ],
        "type": "message",
        "ts": "1711672238.560189",
        "client_msg_id": "B4658549-5848-405E-A481-81F27DDEC4B7",
        "thread_ts": "1711672238.560189",
        "reply_count": 2,
        "reply_users_count": 2,
        "latest_reply": "1711672534.428159",
        "reply_users": [
            "U05SUJ3EXMX",
            "U05SWFZNR18"
        ],
        "replies": [
            {
                "user": "U05SUJ3EXMX",
                "ts": "1711672494.359259"
            },
            {
                "user": "U05SWFZNR18",
                "ts": "1711672534.428159"
            }
        ],
        "is_locked": false,
        "subscribed": false,
        "reactions": [
            {
                "name": "sounds-fire",
                "users": [
                    "U0412DQJWEB",
                    "U01ANMM9XRS",
                    "U01AFT4NEPN",
                    "U041ACX3QCE",
                    "U01BGKQ3NCX",
                    "U05SFRW20R1",
                    "U042TKFF6UT",
                    "U02CV1EHJ1Y",
                    "UNBLN9SCC",
                    "U019UV6JV4P",
                    "U042M4BL1GE",
                    "U02CH0X3XQE",
                    "U05SUJ3EXMX",
                    "U01A1PNMU6B"
                ],
                "count": 14
            },
            {
                "name": "mouth-wide-open",
                "users": [
                    "U01ANMM9XRS",
                    "U0412DQJWEB",
                    "U01AFT4NEPN",
                    "U041ACX3QCE",
                    "U01A1PNMU6B",
                    "U01BGKQ3NCX",
                    "U05SFRW20R1",
                    "U042TKFF6UT",
                    "U02CV1EHJ1Y",
                    "UNBLN9SCC",
                    "U019UV6JV4P",
                    "U02CH0X3XQE"
                ],
                "count": 12
            }
        ]
    },
    {
        "user": "U05SUJ3EXMX",
        "type": "message",
        "ts": "1711672494.359259",
        "client_msg_id": "77F7CE07-27E2-4769-9813-E241FF722A4A",
        "text": "where did u get a scale :sob: :sob: ",
        "team": "T7B710AL9",
        "user_team": "T7B710AL9",
        "source_team": "T7B710AL9",
        "user_profile": {
            "avatar_hash": "1cf493421d30",
            "image_72": "https:\/\/avatars.slack-edge.com\/2023-09-30\/5973377743906_1cf493421d3026bc7ce8_72.png",
            "first_name": "Rohan",
            "real_name": "Rohan Mandayam",
            "display_name": "Rohan",
            "team": "T7B710AL9",
            "name": "rmanday1",
            "is_restricted": false,
            "is_ultra_restricted": false
        },
        "thread_ts": "1711672238.560189",
        "parent_user_id": "U05SWFZNR18",
        "blocks": [
            {
                "type": "rich_text",
                "block_id": "WJxP4",
                "elements": [
                    {
                        "type": "rich_text_section",
                        "elements": [
                            {
                                "type": "text",
                                "text": "where did u get a scale "
                            },
                            {
                                "type": "emoji",
                                "name": "sob",
                                "unicode": "1f62d"
                            },
                            {
                                "type": "text",
                                "text": " "
                            },
                            {
                                "type": "emoji",
                                "name": "sob",
                                "unicode": "1f62d"
                            },
                            {
                                "type": "text",
                                "text": " "
                            }
                        ]
                    }
                ]
            }
        ]
    },
    {
        "user": "U05SWFZNR18",
        "type": "message",
        "ts": "1711672534.428159",
        "client_msg_id": "609ea045-3746-4328-9d32-ef74602c7567",
        "text": "I use it for making coffee lol",
        "team": "T7B710AL9",
        "user_team": "T7B710AL9",
        "source_team": "T7B710AL9",
        "user_profile": {
            "avatar_hash": "eb34a7baf385",
            "image_72": "https:\/\/avatars.slack-edge.com\/2023-12-08\/6342323891136_eb34a7baf3851f97ec1e_72.png",
            "first_name": "Akiva",
            "real_name": "Akiva Sherin",
            "display_name": "",
            "team": "T7B710AL9",
            "name": "asherin1",
            "is_restricted": false,
            "is_ultra_restricted": false
        },
        "thread_ts": "1711672238.560189",
        "parent_user_id": "U05SWFZNR18",
        "blocks": [
            {
                "type": "rich_text",
                "block_id": "piz0D",
                "elements": [
                    {
                        "type": "rich_text_section",
                        "elements": [
                            {
                                "type": "text",
                                "text": "I use it for making coffee lol"
                            }
                        ]
                    }
                ]
            }
        ],
        "reactions": [
            {
                "name": "heart",
                "users": [
                    "U05SJCJS4QL",
                    "U01BGKQ3NCX",
                    "U01ANMM9XRS",
                    "U05SFRW20R1",
                    "U042TKFF6UT",
                    "U01AFT4NEPN",
                    "U019UV6JV4P",
                    "U042M4BL1GE",
                    "U01DZ0DF0U8"
                ],
                "count": 9
            }
        ]
    }
]