[
    {
        "user": "U041F48UURM",
        "type": "message",
        "ts": "1708560549.249099",
        "client_msg_id": "F7CC7A45-9C00-4904-AB65-2AC9661B74D3",
        "text": "Kids at tutoring today would not stop mewing and looksmaxxing ",
        "team": "T7B710AL9",
        "user_team": "T7B710AL9",
        "source_team": "T7B710AL9",
        "user_profile": {
            "avatar_hash": "a87389a7092d",
            "image_72": "https:\/\/avatars.slack-edge.com\/2024-01-25\/6525101061590_a87389a7092d0e1e060d_72.png",
            "first_name": "Junior",
            "real_name": "Junior Lugo",
            "display_name": "Pablo Escobear Jr.",
            "team": "T7B710AL9",
            "name": "alugo1",
            "is_restricted": false,
            "is_ultra_restricted": false
        },
        "thread_ts": "1708560549.249099",
        "reply_count": 4,
        "reply_users_count": 2,
        "latest_reply": "1708573583.654189",
        "reply_users": [
            "U0446E8TCHX",
            "U041F48UURM"
        ],
        "replies": [
            {
                "user": "U0446E8TCHX",
                "ts": "1708573439.441099"
            },
            {
                "user": "U041F48UURM",
                "ts": "1708573563.186149"
            },
            {
                "user": "U0446E8TCHX",
                "ts": "1708573575.846189"
            },
            {
                "user": "U0446E8TCHX",
                "ts": "1708573583.654189"
            }
        ],
        "is_locked": false,
        "subscribed": false,
        "blocks": [
            {
                "type": "rich_text",
                "block_id": "q1CzQ",
                "elements": [
                    {
                        "type": "rich_text_section",
                        "elements": [
                            {
                                "type": "text",
                                "text": "Kids at tutoring today would not stop mewing and looksmaxxing "
                            }
                        ]
                    }
                ]
            }
        ],
        "reactions": [
            {
                "name": "face_with_hand_over_mouth",
                "users": [
                    "U01AFT4NEPN",
                    "U01AGFZUUSW",
                    "U02CH0X3XQE",
                    "U01BGKQ3NCX",
                    "U042M4BL1GE",
                    "U042TKFF6UT",
                    "U019UV6JV4P"
                ],
                "count": 7
            },
            {
                "name": "mothersday",
                "users": [
                    "U01AGFZUUSW",
                    "U019UV6JV4P"
                ],
                "count": 2
            }
        ]
    },
    {
        "user": "U0446E8TCHX",
        "type": "message",
        "ts": "1708573439.441099",
        "client_msg_id": "9C4A3A3B-75BA-498A-AED5-B55425B58F35",
        "text": "so me",
        "team": "T7B710AL9",
        "user_team": "T7B710AL9",
        "source_team": "T7B710AL9",
        "user_profile": {
            "avatar_hash": "330ac6b4ac64",
            "image_72": "https:\/\/avatars.slack-edge.com\/2024-05-02\/7045088340247_330ac6b4ac6470ff2637_72.png",
            "first_name": "joe",
            "real_name": "joe",
            "display_name": "mine shot crafts",
            "team": "T7B710AL9",
            "name": "jaustri1",
            "is_restricted": false,
            "is_ultra_restricted": false
        },
        "thread_ts": "1708560549.249099",
        "parent_user_id": "U041F48UURM",
        "blocks": [
            {
                "type": "rich_text",
                "block_id": "F5Xkp",
                "elements": [
                    {
                        "type": "rich_text_section",
                        "elements": [
                            {
                                "type": "text",
                                "text": "so me"
                            }
                        ]
                    }
                ]
            }
        ]
    },
    {
        "user": "U041F48UURM",
        "type": "message",
        "ts": "1708573563.186149",
        "edited": {
            "user": "U041F48UURM",
            "ts": "1708573574.000000"
        },
        "client_msg_id": "F23FA2FA-2A42-4E31-89C7-56731279D2CD",
        "text": "If you are a Latino 5th grader from Chester named Hugo then yeah that's basically you ",
        "team": "T7B710AL9",
        "user_team": "T7B710AL9",
        "source_team": "T7B710AL9",
        "user_profile": {
            "avatar_hash": "a87389a7092d",
            "image_72": "https:\/\/avatars.slack-edge.com\/2024-01-25\/6525101061590_a87389a7092d0e1e060d_72.png",
            "first_name": "Junior",
            "real_name": "Junior Lugo",
            "display_name": "Pablo Escobear Jr.",
            "team": "T7B710AL9",
            "name": "alugo1",
            "is_restricted": false,
            "is_ultra_restricted": false
        },
        "thread_ts": "1708560549.249099",
        "parent_user_id": "U041F48UURM",
        "blocks": [
            {
                "type": "rich_text",
                "block_id": "hlbgg",
                "elements": [
                    {
                        "type": "rich_text_section",
                        "elements": [
                            {
                                "type": "text",
                                "text": "If you are a Latino 5th grader from Chester named Hugo then yeah that's basically you "
                            }
                        ]
                    }
                ]
            }
        ]
    },
    {
        "user": "U0446E8TCHX",
        "type": "message",
        "ts": "1708573575.846189",
        "client_msg_id": "78EA05A4-B4CD-43B4-9392-D8B9FC0F9F77",
        "text": "duh",
        "team": "T7B710AL9",
        "user_team": "T7B710AL9",
        "source_team": "T7B710AL9",
        "user_profile": {
            "avatar_hash": "330ac6b4ac64",
            "image_72": "https:\/\/avatars.slack-edge.com\/2024-05-02\/7045088340247_330ac6b4ac6470ff2637_72.png",
            "first_name": "joe",
            "real_name": "joe",
            "display_name": "mine shot crafts",
            "team": "T7B710AL9",
            "name": "jaustri1",
            "is_restricted": false,
            "is_ultra_restricted": false
        },
        "thread_ts": "1708560549.249099",
        "parent_user_id": "U041F48UURM",
        "blocks": [
            {
                "type": "rich_text",
                "block_id": "iv8pB",
                "elements": [
                    {
                        "type": "rich_text_section",
                        "elements": [
                            {
                                "type": "text",
                                "text": "duh"
                            }
                        ]
                    }
                ]
            }
        ]
    },
    {
        "user": "U0446E8TCHX",
        "type": "message",
        "ts": "1708573583.654189",
        "client_msg_id": "BAFD7925-4CB5-4ADA-AB4B-438F7512D186",
        "text": "hujoe",
        "team": "T7B710AL9",
        "user_team": "T7B710AL9",
        "source_team": "T7B710AL9",
        "user_profile": {
            "avatar_hash": "330ac6b4ac64",
            "image_72": "https:\/\/avatars.slack-edge.com\/2024-05-02\/7045088340247_330ac6b4ac6470ff2637_72.png",
            "first_name": "joe",
            "real_name": "joe",
            "display_name": "mine shot crafts",
            "team": "T7B710AL9",
            "name": "jaustri1",
            "is_restricted": false,
            "is_ultra_restricted": false
        },
        "thread_ts": "1708560549.249099",
        "parent_user_id": "U041F48UURM",
        "blocks": [
            {
                "type": "rich_text",
                "block_id": "l+2qm",
                "elements": [
                    {
                        "type": "rich_text_section",
                        "elements": [
                            {
                                "type": "text",
                                "text": "hujoe"
                            }
                        ]
                    }
                ]
            }
        ]
    }
]