[
    {
        "text": "rest in power king, u will be missed",
        "files": [
            {
                "id": "F06TW90F8SX",
                "created": 1712849276,
                "timestamp": 1712849276,
                "name": "IMG_4637.jpg",
                "title": "IMG_4637",
                "mimetype": "image\/jpeg",
                "filetype": "jpg",
                "pretty_type": "JPEG",
                "user": "U0412DQJWEB",
                "user_team": "T7B710AL9",
                "editable": false,
                "size": 54676,
                "mode": "hosted",
                "is_external": false,
                "external_type": "",
                "is_public": true,
                "public_url_shared": false,
                "display_as_bot": false,
                "username": "",
                "url_private": "https:\/\/files.slack.com\/files-pri\/T7B710AL9-F06TW90F8SX\/img_4637.jpg?t=xoxe-249239010689-7383763303600-7346417720535-c8977b2d870e66a58192db1f0484baaa",
                "url_private_download": "https:\/\/files.slack.com\/files-pri\/T7B710AL9-F06TW90F8SX\/download\/img_4637.jpg?t=xoxe-249239010689-7383763303600-7346417720535-c8977b2d870e66a58192db1f0484baaa",
                "media_display_type": "unknown",
                "thumb_64": "https:\/\/files.slack.com\/files-tmb\/T7B710AL9-F06TW90F8SX-7c3eb6dc81\/img_4637_64.jpg?t=xoxe-249239010689-7383763303600-7346417720535-c8977b2d870e66a58192db1f0484baaa",
                "thumb_80": "https:\/\/files.slack.com\/files-tmb\/T7B710AL9-F06TW90F8SX-7c3eb6dc81\/img_4637_80.jpg?t=xoxe-249239010689-7383763303600-7346417720535-c8977b2d870e66a58192db1f0484baaa",
                "thumb_360": "https:\/\/files.slack.com\/files-tmb\/T7B710AL9-F06TW90F8SX-7c3eb6dc81\/img_4637_360.jpg?t=xoxe-249239010689-7383763303600-7346417720535-c8977b2d870e66a58192db1f0484baaa",
                "thumb_360_w": 360,
                "thumb_360_h": 148,
                "thumb_480": "https:\/\/files.slack.com\/files-tmb\/T7B710AL9-F06TW90F8SX-7c3eb6dc81\/img_4637_480.jpg?t=xoxe-249239010689-7383763303600-7346417720535-c8977b2d870e66a58192db1f0484baaa",
                "thumb_480_w": 480,
                "thumb_480_h": 197,
                "thumb_160": "https:\/\/files.slack.com\/files-tmb\/T7B710AL9-F06TW90F8SX-7c3eb6dc81\/img_4637_160.jpg?t=xoxe-249239010689-7383763303600-7346417720535-c8977b2d870e66a58192db1f0484baaa",
                "thumb_720": "https:\/\/files.slack.com\/files-tmb\/T7B710AL9-F06TW90F8SX-7c3eb6dc81\/img_4637_720.jpg?t=xoxe-249239010689-7383763303600-7346417720535-c8977b2d870e66a58192db1f0484baaa",
                "thumb_720_w": 720,
                "thumb_720_h": 295,
                "thumb_800": "https:\/\/files.slack.com\/files-tmb\/T7B710AL9-F06TW90F8SX-7c3eb6dc81\/img_4637_800.jpg?t=xoxe-249239010689-7383763303600-7346417720535-c8977b2d870e66a58192db1f0484baaa",
                "thumb_800_w": 800,
                "thumb_800_h": 328,
                "thumb_960": "https:\/\/files.slack.com\/files-tmb\/T7B710AL9-F06TW90F8SX-7c3eb6dc81\/img_4637_960.jpg?t=xoxe-249239010689-7383763303600-7346417720535-c8977b2d870e66a58192db1f0484baaa",
                "thumb_960_w": 960,
                "thumb_960_h": 394,
                "thumb_1024": "https:\/\/files.slack.com\/files-tmb\/T7B710AL9-F06TW90F8SX-7c3eb6dc81\/img_4637_1024.jpg?t=xoxe-249239010689-7383763303600-7346417720535-c8977b2d870e66a58192db1f0484baaa",
                "thumb_1024_w": 1024,
                "thumb_1024_h": 420,
                "original_w": 1170,
                "original_h": 480,
                "thumb_tiny": "AwATADCoACi8jvxtpxVc8Sr\/AN8GmrI6qAHYD0BpfNk\/vtz70AG1Ocyr\/wB8mm7E\/wCeg\/I0hGT7\/WjAoAdsT\/nqPyNIyqFyHyc9MUmBSEYoAX+GkyfWj+EUlAC5PqaMn1NJRQAuT60lFFAH\/9k=",
                "permalink": "https:\/\/swarthmoreultimate.slack.com\/files\/U0412DQJWEB\/F06TW90F8SX\/img_4637.jpg",
                "permalink_public": "https:\/\/slack-files.com\/T7B710AL9-F06TW90F8SX-e732ed00d1",
                "is_starred": false,
                "has_rich_preview": false,
                "file_access": "visible"
            }
        ],
        "upload": false,
        "user": "U0412DQJWEB",
        "display_as_bot": false,
        "blocks": [
            {
                "type": "rich_text",
                "block_id": "97flr",
                "elements": [
                    {
                        "type": "rich_text_section",
                        "elements": [
                            {
                                "type": "text",
                                "text": "rest in power king, u will be missed"
                            }
                        ]
                    }
                ]
            }
        ],
        "type": "message",
        "ts": "1712849327.027979",
        "client_msg_id": "1B7DC28D-2743-4468-A20E-4422F26F2926",
        "thread_ts": "1712849327.027979",
        "reply_count": 2,
        "reply_users_count": 2,
        "latest_reply": "1712853858.241979",
        "reply_users": [
            "U01ANMM9XRS",
            "U0446E8TCHX"
        ],
        "replies": [
            {
                "user": "U01ANMM9XRS",
                "ts": "1712849354.809579"
            },
            {
                "user": "U0446E8TCHX",
                "ts": "1712853858.241979"
            }
        ],
        "is_locked": false,
        "subscribed": false,
        "reactions": [
            {
                "name": "tangerine",
                "users": [
                    "U019UV6JV4P",
                    "U0412DQJWEB",
                    "U05SWFZNR18",
                    "U042M4BL1GE"
                ],
                "count": 4
            },
            {
                "name": "beverage_box",
                "users": [
                    "U019UV6JV4P",
                    "U0412DQJWEB",
                    "U05SWFZNR18"
                ],
                "count": 3
            }
        ]
    },
    {
        "user": "U01ANMM9XRS",
        "type": "message",
        "ts": "1712849354.809579",
        "client_msg_id": "5900C82C-51D9-42B9-AF5D-AAD6D26FC70E",
        "text": "Brother what :sob: ",
        "team": "T7B710AL9",
        "user_team": "T7B710AL9",
        "source_team": "T7B710AL9",
        "user_profile": {
            "avatar_hash": "8566e3437a98",
            "image_72": "https:\/\/avatars.slack-edge.com\/2024-05-17\/7148429624081_8566e3437a98c288ec27_72.png",
            "first_name": "Racc",
            "real_name": "Racc",
            "display_name": "",
            "team": "T7B710AL9",
            "name": "ifransa1",
            "is_restricted": false,
            "is_ultra_restricted": false
        },
        "thread_ts": "1712849327.027979",
        "parent_user_id": "U0412DQJWEB",
        "blocks": [
            {
                "type": "rich_text",
                "block_id": "ffZCS",
                "elements": [
                    {
                        "type": "rich_text_section",
                        "elements": [
                            {
                                "type": "text",
                                "text": "Brother what "
                            },
                            {
                                "type": "emoji",
                                "name": "sob",
                                "unicode": "1f62d"
                            },
                            {
                                "type": "text",
                                "text": " "
                            }
                        ]
                    }
                ]
            }
        ]
    },
    {
        "user": "U0446E8TCHX",
        "type": "message",
        "ts": "1712853858.241979",
        "client_msg_id": "932F300B-C3B3-40C1-9EF7-B3EAE84EDF36",
        "text": "his son did it",
        "team": "T7B710AL9",
        "user_team": "T7B710AL9",
        "source_team": "T7B710AL9",
        "user_profile": {
            "avatar_hash": "330ac6b4ac64",
            "image_72": "https:\/\/avatars.slack-edge.com\/2024-05-02\/7045088340247_330ac6b4ac6470ff2637_72.png",
            "first_name": "joe",
            "real_name": "joe",
            "display_name": "mine shot crafts",
            "team": "T7B710AL9",
            "name": "jaustri1",
            "is_restricted": false,
            "is_ultra_restricted": false
        },
        "thread_ts": "1712849327.027979",
        "parent_user_id": "U0412DQJWEB",
        "blocks": [
            {
                "type": "rich_text",
                "block_id": "EMqfQ",
                "elements": [
                    {
                        "type": "rich_text_section",
                        "elements": [
                            {
                                "type": "text",
                                "text": "his son did it"
                            }
                        ]
                    }
                ]
            }
        ]
    }
]