[
    {
        "text": "???",
        "files": [
            {
                "id": "F072VPFCVM4",
                "created": 1715528990,
                "timestamp": 1715528990,
                "name": "IMG_6209.jpg",
                "title": "IMG_6209",
                "mimetype": "image\/jpeg",
                "filetype": "jpg",
                "pretty_type": "JPEG",
                "user": "U05SUJ3EXMX",
                "user_team": "T7B710AL9",
                "editable": false,
                "size": 4224025,
                "mode": "hosted",
                "is_external": false,
                "external_type": "",
                "is_public": true,
                "public_url_shared": false,
                "display_as_bot": false,
                "username": "",
                "url_private": "https:\/\/files.slack.com\/files-pri\/T7B710AL9-F072VPFCVM4\/img_6209.jpg?t=xoxe-249239010689-7383763303600-7346417720535-c8977b2d870e66a58192db1f0484baaa",
                "url_private_download": "https:\/\/files.slack.com\/files-pri\/T7B710AL9-F072VPFCVM4\/download\/img_6209.jpg?t=xoxe-249239010689-7383763303600-7346417720535-c8977b2d870e66a58192db1f0484baaa",
                "media_display_type": "unknown",
                "thumb_64": "https:\/\/files.slack.com\/files-tmb\/T7B710AL9-F072VPFCVM4-489287db4d\/img_6209_64.jpg?t=xoxe-249239010689-7383763303600-7346417720535-c8977b2d870e66a58192db1f0484baaa",
                "thumb_80": "https:\/\/files.slack.com\/files-tmb\/T7B710AL9-F072VPFCVM4-489287db4d\/img_6209_80.jpg?t=xoxe-249239010689-7383763303600-7346417720535-c8977b2d870e66a58192db1f0484baaa",
                "thumb_360": "https:\/\/files.slack.com\/files-tmb\/T7B710AL9-F072VPFCVM4-489287db4d\/img_6209_360.jpg?t=xoxe-249239010689-7383763303600-7346417720535-c8977b2d870e66a58192db1f0484baaa",
                "thumb_360_w": 360,
                "thumb_360_h": 270,
                "thumb_480": "https:\/\/files.slack.com\/files-tmb\/T7B710AL9-F072VPFCVM4-489287db4d\/img_6209_480.jpg?t=xoxe-249239010689-7383763303600-7346417720535-c8977b2d870e66a58192db1f0484baaa",
                "thumb_480_w": 480,
                "thumb_480_h": 360,
                "thumb_160": "https:\/\/files.slack.com\/files-tmb\/T7B710AL9-F072VPFCVM4-489287db4d\/img_6209_160.jpg?t=xoxe-249239010689-7383763303600-7346417720535-c8977b2d870e66a58192db1f0484baaa",
                "thumb_720": "https:\/\/files.slack.com\/files-tmb\/T7B710AL9-F072VPFCVM4-489287db4d\/img_6209_720.jpg?t=xoxe-249239010689-7383763303600-7346417720535-c8977b2d870e66a58192db1f0484baaa",
                "thumb_720_w": 720,
                "thumb_720_h": 540,
                "thumb_800": "https:\/\/files.slack.com\/files-tmb\/T7B710AL9-F072VPFCVM4-489287db4d\/img_6209_800.jpg?t=xoxe-249239010689-7383763303600-7346417720535-c8977b2d870e66a58192db1f0484baaa",
                "thumb_800_w": 800,
                "thumb_800_h": 600,
                "thumb_960": "https:\/\/files.slack.com\/files-tmb\/T7B710AL9-F072VPFCVM4-489287db4d\/img_6209_960.jpg?t=xoxe-249239010689-7383763303600-7346417720535-c8977b2d870e66a58192db1f0484baaa",
                "thumb_960_w": 960,
                "thumb_960_h": 720,
                "thumb_1024": "https:\/\/files.slack.com\/files-tmb\/T7B710AL9-F072VPFCVM4-489287db4d\/img_6209_1024.jpg?t=xoxe-249239010689-7383763303600-7346417720535-c8977b2d870e66a58192db1f0484baaa",
                "thumb_1024_w": 1024,
                "thumb_1024_h": 768,
                "original_w": 4032,
                "original_h": 3024,
                "thumb_tiny": "AwAkADC6XRWIPaqNzIGkyrEgU0yMZGI5PpUZUng0mwHKT1HJzmtCJxIgIYE96y8lTwQRVm3mRTn160J2AnuML2HPeqUkjcgCpJmMhIY\/TFRDOcvkAevQUCLPlJzgY\/GmNApHQn\/gVP3CjeKi7AjSFBkMjH3yOlKIUB6n8BT9w9KOtFwIpkbcChyMVEFYg7gasMmagaDPQ00wJcUUtJSAU8flTscU0\/0p38NACDk0HrigfepT96gD\/9k=",
                "permalink": "https:\/\/swarthmoreultimate.slack.com\/files\/U05SUJ3EXMX\/F072VPFCVM4\/img_6209.jpg",
                "permalink_public": "https:\/\/slack-files.com\/T7B710AL9-F072VPFCVM4-b42ae2cbe9",
                "is_starred": false,
                "has_rich_preview": false,
                "file_access": "visible"
            }
        ],
        "upload": false,
        "user": "U05SUJ3EXMX",
        "display_as_bot": false,
        "blocks": [
            {
                "type": "rich_text",
                "block_id": "P0l",
                "elements": [
                    {
                        "type": "rich_text_section",
                        "elements": [
                            {
                                "type": "text",
                                "text": "???"
                            }
                        ]
                    }
                ]
            }
        ],
        "type": "message",
        "ts": "1715528997.859499",
        "thread_ts": "1715528997.859499",
        "reply_count": 1,
        "reply_users_count": 1,
        "latest_reply": "1715532231.125959",
        "reply_users": [
            "U01ANMM9XRS"
        ],
        "replies": [
            {
                "user": "U01ANMM9XRS",
                "ts": "1715532231.125959"
            }
        ],
        "is_locked": false,
        "subscribed": false,
        "reactions": [
            {
                "name": "abel-cat-cow",
                "users": [
                    "U01ANMM9XRS",
                    "U01AFT4NEPN",
                    "U019UV6JV4P",
                    "U042M4BL1GE",
                    "U042TKFF6UT",
                    "U01BGKQ3NCX"
                ],
                "count": 6
            }
        ]
    },
    {
        "user": "U01ANMM9XRS",
        "type": "message",
        "ts": "1715532231.125959",
        "client_msg_id": "0E280A9F-D023-4648-B4FE-6CF3E42B5562",
        "text": "Every year man :sob: :sob: :sob: ",
        "team": "T7B710AL9",
        "user_team": "T7B710AL9",
        "source_team": "T7B710AL9",
        "user_profile": {
            "avatar_hash": "8566e3437a98",
            "image_72": "https:\/\/avatars.slack-edge.com\/2024-05-17\/7148429624081_8566e3437a98c288ec27_72.png",
            "first_name": "Racc",
            "real_name": "Racc",
            "display_name": "",
            "team": "T7B710AL9",
            "name": "ifransa1",
            "is_restricted": false,
            "is_ultra_restricted": false
        },
        "thread_ts": "1715528997.859499",
        "parent_user_id": "U05SUJ3EXMX",
        "blocks": [
            {
                "type": "rich_text",
                "block_id": "5R+at",
                "elements": [
                    {
                        "type": "rich_text_section",
                        "elements": [
                            {
                                "type": "text",
                                "text": "Every year man "
                            },
                            {
                                "type": "emoji",
                                "name": "sob",
                                "unicode": "1f62d"
                            },
                            {
                                "type": "text",
                                "text": " "
                            },
                            {
                                "type": "emoji",
                                "name": "sob",
                                "unicode": "1f62d"
                            },
                            {
                                "type": "text",
                                "text": " "
                            },
                            {
                                "type": "emoji",
                                "name": "sob",
                                "unicode": "1f62d"
                            },
                            {
                                "type": "text",
                                "text": " "
                            }
                        ]
                    }
                ]
            }
        ]
    }
]