[
    {
        "user": "U01DZ0DF0U8",
        "type": "message",
        "ts": "1708114783.505109",
        "client_msg_id": "b250c309-3820-4455-99fd-e74dde7c5373",
        "text": "ryan discussing fellatio technique as a tour group passes through kohlberg",
        "team": "T7B710AL9",
        "user_team": "T7B710AL9",
        "source_team": "T7B710AL9",
        "user_profile": {
            "avatar_hash": "6dcfb539f5fa",
            "image_72": "https:\/\/avatars.slack-edge.com\/2023-10-21\/6068777918454_6dcfb539f5facaf9707a_72.png",
            "first_name": "Nora",
            "real_name": "Nora Sweeney",
            "display_name": "Nora",
            "team": "T7B710AL9",
            "name": "nsweene1",
            "is_restricted": false,
            "is_ultra_restricted": false
        },
        "thread_ts": "1708114783.505109",
        "reply_count": 4,
        "reply_users_count": 2,
        "latest_reply": "1708146160.379329",
        "reply_users": [
            "U01DZ0DF0U8",
            "U0446E8TCHX"
        ],
        "replies": [
            {
                "user": "U01DZ0DF0U8",
                "ts": "1708114835.491879"
            },
            {
                "user": "U0446E8TCHX",
                "ts": "1708146146.414939"
            },
            {
                "user": "U0446E8TCHX",
                "ts": "1708146157.108289"
            },
            {
                "user": "U0446E8TCHX",
                "ts": "1708146160.379329"
            }
        ],
        "is_locked": false,
        "subscribed": false,
        "blocks": [
            {
                "type": "rich_text",
                "block_id": "jj+RQ",
                "elements": [
                    {
                        "type": "rich_text_section",
                        "elements": [
                            {
                                "type": "text",
                                "text": "ryan discussing fellatio technique as a tour group passes through kohlberg"
                            }
                        ]
                    }
                ]
            }
        ],
        "reactions": [
            {
                "name": "mouth-wide-open",
                "users": [
                    "U01AFT4NEPN",
                    "U0412DQJWEB",
                    "U02MFDM09RB",
                    "U01A1PNMU6B",
                    "U05SUJ3EXMX",
                    "U042M4BL1GE",
                    "U01BGKQ3NCX",
                    "U019UV6JV4P",
                    "U041ACX3QCE",
                    "U042TKFF6UT",
                    "U01ANMM9XRS",
                    "UNBLN9SCC"
                ],
                "count": 12
            },
            {
                "name": "disgusted-racc",
                "users": [
                    "U02MFDM09RB",
                    "U01A1PNMU6B",
                    "U05SUJ3EXMX",
                    "U042M4BL1GE",
                    "U01BGKQ3NCX",
                    "U019UV6JV4P",
                    "U041ACX3QCE",
                    "U042TKFF6UT",
                    "U01ANMM9XRS",
                    "UNBLN9SCC"
                ],
                "count": 10
            }
        ]
    },
    {
        "user": "U01DZ0DF0U8",
        "type": "message",
        "ts": "1708114835.491879",
        "client_msg_id": "c41dae52-e147-4b86-9c4a-0785f3ecad75",
        "text": "“i’m not gonna gonna do :mouth-open-wide: because i feel like that’s weird”",
        "team": "T7B710AL9",
        "user_team": "T7B710AL9",
        "source_team": "T7B710AL9",
        "user_profile": {
            "avatar_hash": "6dcfb539f5fa",
            "image_72": "https:\/\/avatars.slack-edge.com\/2023-10-21\/6068777918454_6dcfb539f5facaf9707a_72.png",
            "first_name": "Nora",
            "real_name": "Nora Sweeney",
            "display_name": "Nora",
            "team": "T7B710AL9",
            "name": "nsweene1",
            "is_restricted": false,
            "is_ultra_restricted": false
        },
        "thread_ts": "1708114783.505109",
        "parent_user_id": "U01DZ0DF0U8",
        "blocks": [
            {
                "type": "rich_text",
                "block_id": "MtgF+",
                "elements": [
                    {
                        "type": "rich_text_section",
                        "elements": [
                            {
                                "type": "text",
                                "text": "“i’m not gonna gonna do "
                            },
                            {
                                "type": "emoji",
                                "name": "mouth-open-wide"
                            },
                            {
                                "type": "text",
                                "text": " because i feel like that’s weird”"
                            }
                        ]
                    }
                ]
            }
        ],
        "reactions": [
            {
                "name": "oop-juna",
                "users": [
                    "U01BGKQ3NCX",
                    "U019UV6JV4P",
                    "U01AFT4NEPN",
                    "U01ANMM9XRS",
                    "UNBLN9SCC"
                ],
                "count": 5
            }
        ]
    },
    {
        "user": "U0446E8TCHX",
        "type": "message",
        "ts": "1708146146.414939",
        "client_msg_id": "DBEB708A-6CAF-44C5-9A77-C1ACF5030CAF",
        "text": "wait what did he actually say",
        "team": "T7B710AL9",
        "user_team": "T7B710AL9",
        "source_team": "T7B710AL9",
        "user_profile": {
            "avatar_hash": "330ac6b4ac64",
            "image_72": "https:\/\/avatars.slack-edge.com\/2024-05-02\/7045088340247_330ac6b4ac6470ff2637_72.png",
            "first_name": "joe",
            "real_name": "joe",
            "display_name": "mine shot crafts",
            "team": "T7B710AL9",
            "name": "jaustri1",
            "is_restricted": false,
            "is_ultra_restricted": false
        },
        "thread_ts": "1708114783.505109",
        "parent_user_id": "U01DZ0DF0U8",
        "blocks": [
            {
                "type": "rich_text",
                "block_id": "nHgQ8",
                "elements": [
                    {
                        "type": "rich_text_section",
                        "elements": [
                            {
                                "type": "text",
                                "text": "wait what did he actually say"
                            }
                        ]
                    }
                ]
            }
        ]
    },
    {
        "user": "U0446E8TCHX",
        "type": "message",
        "ts": "1708146157.108289",
        "client_msg_id": "8D147AE0-F44D-42D8-9699-361A4500C2A6",
        "text": "dm me if you don’t want to say it here",
        "team": "T7B710AL9",
        "user_team": "T7B710AL9",
        "source_team": "T7B710AL9",
        "user_profile": {
            "avatar_hash": "330ac6b4ac64",
            "image_72": "https:\/\/avatars.slack-edge.com\/2024-05-02\/7045088340247_330ac6b4ac6470ff2637_72.png",
            "first_name": "joe",
            "real_name": "joe",
            "display_name": "mine shot crafts",
            "team": "T7B710AL9",
            "name": "jaustri1",
            "is_restricted": false,
            "is_ultra_restricted": false
        },
        "thread_ts": "1708114783.505109",
        "parent_user_id": "U01DZ0DF0U8",
        "blocks": [
            {
                "type": "rich_text",
                "block_id": "A2GT+",
                "elements": [
                    {
                        "type": "rich_text_section",
                        "elements": [
                            {
                                "type": "text",
                                "text": "dm me if you "
                            },
                            {
                                "type": "text",
                                "text": "don’t"
                            },
                            {
                                "type": "text",
                                "text": " want to say it here"
                            }
                        ]
                    }
                ]
            }
        ]
    },
    {
        "user": "U0446E8TCHX",
        "type": "message",
        "ts": "1708146160.379329",
        "client_msg_id": "099647D7-E2A6-4E0E-946F-7B55D3883186",
        "text": "i need to know",
        "team": "T7B710AL9",
        "user_team": "T7B710AL9",
        "source_team": "T7B710AL9",
        "user_profile": {
            "avatar_hash": "330ac6b4ac64",
            "image_72": "https:\/\/avatars.slack-edge.com\/2024-05-02\/7045088340247_330ac6b4ac6470ff2637_72.png",
            "first_name": "joe",
            "real_name": "joe",
            "display_name": "mine shot crafts",
            "team": "T7B710AL9",
            "name": "jaustri1",
            "is_restricted": false,
            "is_ultra_restricted": false
        },
        "thread_ts": "1708114783.505109",
        "parent_user_id": "U01DZ0DF0U8",
        "blocks": [
            {
                "type": "rich_text",
                "block_id": "ba5jI",
                "elements": [
                    {
                        "type": "rich_text_section",
                        "elements": [
                            {
                                "type": "text",
                                "text": "i need to know"
                            }
                        ]
                    }
                ]
            }
        ]
    }
]