[
    {
        "text": "this hex play I had chaptGPT design for me",
        "files": [
            {
                "id": "F06T1RR6FMF",
                "created": 1712174841,
                "timestamp": 1712174841,
                "name": "DALL·E 2024-04-03 16.06.30 - A diagram of a play for ultimate frisbee when stuck on the trap side. The field is rectangular, with one team trying to advance the disc upfield. The .webp",
                "title": "DALL·E 2024-04-03 16.06.30 - A diagram of a play for ultimate frisbee when stuck on the trap side. The field is rectangular, with one team trying to advance the disc upfield. The .webp",
                "mimetype": "image\/webp",
                "filetype": "webp",
                "pretty_type": "WebP",
                "user": "U05SWFZNR18",
                "user_team": "T7B710AL9",
                "editable": false,
                "size": 93290,
                "mode": "hosted",
                "is_external": false,
                "external_type": "",
                "is_public": true,
                "public_url_shared": false,
                "display_as_bot": false,
                "username": "",
                "url_private": "https:\/\/files.slack.com\/files-pri\/T7B710AL9-F06T1RR6FMF\/dall__e_2024-04-03_16.06.30_-_a_diagram_of_a_play_for_ultimate_frisbee_when_stuck_on_the_trap_side._the_field_is_rectangular__with_one_team_trying_to_advance_the_disc_upfield._the_.webp?t=xoxe-249239010689-7383763303600-7346417720535-c8977b2d870e66a58192db1f0484baaa",
                "url_private_download": "https:\/\/files.slack.com\/files-pri\/T7B710AL9-F06T1RR6FMF\/download\/dall__e_2024-04-03_16.06.30_-_a_diagram_of_a_play_for_ultimate_frisbee_when_stuck_on_the_trap_side._the_field_is_rectangular__with_one_team_trying_to_advance_the_disc_upfield._the_.webp?t=xoxe-249239010689-7383763303600-7346417720535-c8977b2d870e66a58192db1f0484baaa",
                "media_display_type": "unknown",
                "thumb_64": "https:\/\/files.slack.com\/files-tmb\/T7B710AL9-F06T1RR6FMF-ea817a8a20\/dall__e_2024-04-03_16.06.30_-_a_diagram_of_a_play_for_ultimate_frisbee_when_stuck_on_the_trap_side._the_field_is_rectangular__with_one_team_trying_to_advance_the_disc_upfield._the__64.png?t=xoxe-249239010689-7383763303600-7346417720535-c8977b2d870e66a58192db1f0484baaa",
                "thumb_80": "https:\/\/files.slack.com\/files-tmb\/T7B710AL9-F06T1RR6FMF-ea817a8a20\/dall__e_2024-04-03_16.06.30_-_a_diagram_of_a_play_for_ultimate_frisbee_when_stuck_on_the_trap_side._the_field_is_rectangular__with_one_team_trying_to_advance_the_disc_upfield._the__80.png?t=xoxe-249239010689-7383763303600-7346417720535-c8977b2d870e66a58192db1f0484baaa",
                "thumb_360": "https:\/\/files.slack.com\/files-tmb\/T7B710AL9-F06T1RR6FMF-ea817a8a20\/dall__e_2024-04-03_16.06.30_-_a_diagram_of_a_play_for_ultimate_frisbee_when_stuck_on_the_trap_side._the_field_is_rectangular__with_one_team_trying_to_advance_the_disc_upfield._the__360.png?t=xoxe-249239010689-7383763303600-7346417720535-c8977b2d870e66a58192db1f0484baaa",
                "thumb_360_w": 360,
                "thumb_360_h": 206,
                "thumb_480": "https:\/\/files.slack.com\/files-tmb\/T7B710AL9-F06T1RR6FMF-ea817a8a20\/dall__e_2024-04-03_16.06.30_-_a_diagram_of_a_play_for_ultimate_frisbee_when_stuck_on_the_trap_side._the_field_is_rectangular__with_one_team_trying_to_advance_the_disc_upfield._the__480.png?t=xoxe-249239010689-7383763303600-7346417720535-c8977b2d870e66a58192db1f0484baaa",
                "thumb_480_w": 480,
                "thumb_480_h": 274,
                "thumb_160": "https:\/\/files.slack.com\/files-tmb\/T7B710AL9-F06T1RR6FMF-ea817a8a20\/dall__e_2024-04-03_16.06.30_-_a_diagram_of_a_play_for_ultimate_frisbee_when_stuck_on_the_trap_side._the_field_is_rectangular__with_one_team_trying_to_advance_the_disc_upfield._the__160.png?t=xoxe-249239010689-7383763303600-7346417720535-c8977b2d870e66a58192db1f0484baaa",
                "thumb_720": "https:\/\/files.slack.com\/files-tmb\/T7B710AL9-F06T1RR6FMF-ea817a8a20\/dall__e_2024-04-03_16.06.30_-_a_diagram_of_a_play_for_ultimate_frisbee_when_stuck_on_the_trap_side._the_field_is_rectangular__with_one_team_trying_to_advance_the_disc_upfield._the__720.png?t=xoxe-249239010689-7383763303600-7346417720535-c8977b2d870e66a58192db1f0484baaa",
                "thumb_720_w": 720,
                "thumb_720_h": 411,
                "thumb_800": "https:\/\/files.slack.com\/files-tmb\/T7B710AL9-F06T1RR6FMF-ea817a8a20\/dall__e_2024-04-03_16.06.30_-_a_diagram_of_a_play_for_ultimate_frisbee_when_stuck_on_the_trap_side._the_field_is_rectangular__with_one_team_trying_to_advance_the_disc_upfield._the__800.png?t=xoxe-249239010689-7383763303600-7346417720535-c8977b2d870e66a58192db1f0484baaa",
                "thumb_800_w": 800,
                "thumb_800_h": 457,
                "thumb_960": "https:\/\/files.slack.com\/files-tmb\/T7B710AL9-F06T1RR6FMF-ea817a8a20\/dall__e_2024-04-03_16.06.30_-_a_diagram_of_a_play_for_ultimate_frisbee_when_stuck_on_the_trap_side._the_field_is_rectangular__with_one_team_trying_to_advance_the_disc_upfield._the__960.png?t=xoxe-249239010689-7383763303600-7346417720535-c8977b2d870e66a58192db1f0484baaa",
                "thumb_960_w": 960,
                "thumb_960_h": 549,
                "thumb_1024": "https:\/\/files.slack.com\/files-tmb\/T7B710AL9-F06T1RR6FMF-ea817a8a20\/dall__e_2024-04-03_16.06.30_-_a_diagram_of_a_play_for_ultimate_frisbee_when_stuck_on_the_trap_side._the_field_is_rectangular__with_one_team_trying_to_advance_the_disc_upfield._the__1024.png?t=xoxe-249239010689-7383763303600-7346417720535-c8977b2d870e66a58192db1f0484baaa",
                "thumb_1024_w": 1024,
                "thumb_1024_h": 585,
                "original_w": 1792,
                "original_h": 1024,
                "thumb_tiny": "AwAbADDQooqKZioqW7K40DyEMAMHnmhJMghiAwNQkdTnaSOtHQHAz\/Ws+d7jsWgcjNLUcRyD6VJWid1cTVgqOVGbBRsEdj0NSUUbiKR+9tZSCTzmnLlmyBk9MVaZVcYYAigKFGAMCo5EVcZGhXJJyTUlFFWlYR\/\/2Q==",
                "permalink": "https:\/\/swarthmoreultimate.slack.com\/files\/U05SWFZNR18\/F06T1RR6FMF\/dall__e_2024-04-03_16.06.30_-_a_diagram_of_a_play_for_ultimate_frisbee_when_stuck_on_the_trap_side._the_field_is_rectangular__with_one_team_trying_to_advance_the_disc_upfield._the_.webp",
                "permalink_public": "https:\/\/slack-files.com\/T7B710AL9-F06T1RR6FMF-1a6fc6a430",
                "is_starred": false,
                "has_rich_preview": false,
                "file_access": "visible"
            }
        ],
        "upload": false,
        "user": "U05SWFZNR18",
        "display_as_bot": false,
        "blocks": [
            {
                "type": "rich_text",
                "block_id": "8Pbfj",
                "elements": [
                    {
                        "type": "rich_text_section",
                        "elements": [
                            {
                                "type": "text",
                                "text": "this hex play I had chaptGPT design for me"
                            }
                        ]
                    }
                ]
            }
        ],
        "type": "message",
        "ts": "1712174854.320269",
        "client_msg_id": "109fbc93-ee82-4eb7-9f6c-40305a890f68",
        "thread_ts": "1712174854.320269",
        "reply_count": 1,
        "reply_users_count": 1,
        "latest_reply": "1712181211.819009",
        "reply_users": [
            "U041F48UURM"
        ],
        "replies": [
            {
                "user": "U041F48UURM",
                "ts": "1712181211.819009"
            }
        ],
        "is_locked": false,
        "subscribed": false,
        "reactions": [
            {
                "name": "tomato",
                "users": [
                    "U01AFT4NEPN",
                    "U05SFRW20R1",
                    "U042N13FWNA",
                    "U05SUJ3EXMX",
                    "U01ANMM9XRS",
                    "U01AGFZUUSW",
                    "U042TKFF6UT",
                    "U01DZ0DF0U8",
                    "U02CV1EHJ1Y",
                    "U019UV6JV4P",
                    "U041ACX3QCE",
                    "U05SJCJS4QL",
                    "U01BGKQ3NCX",
                    "U02MFDM09RB",
                    "U042M4BL1GE"
                ],
                "count": 15
            }
        ]
    },
    {
        "user": "U041F48UURM",
        "type": "message",
        "ts": "1712181211.819009",
        "client_msg_id": "4A973D11-D6A0-4114-9BE3-A7DCBEDFE98A",
        "text": "I don't that frisbees regulation size ngl",
        "team": "T7B710AL9",
        "user_team": "T7B710AL9",
        "source_team": "T7B710AL9",
        "user_profile": {
            "avatar_hash": "a87389a7092d",
            "image_72": "https:\/\/avatars.slack-edge.com\/2024-01-25\/6525101061590_a87389a7092d0e1e060d_72.png",
            "first_name": "Junior",
            "real_name": "Junior Lugo",
            "display_name": "Pablo Escobear Jr.",
            "team": "T7B710AL9",
            "name": "alugo1",
            "is_restricted": false,
            "is_ultra_restricted": false
        },
        "thread_ts": "1712174854.320269",
        "parent_user_id": "U05SWFZNR18",
        "blocks": [
            {
                "type": "rich_text",
                "block_id": "RwlNX",
                "elements": [
                    {
                        "type": "rich_text_section",
                        "elements": [
                            {
                                "type": "text",
                                "text": "I don't that frisbees regulation size ngl"
                            }
                        ]
                    }
                ]
            }
        ]
    },
    {
        "text": "Are all worms invited :interrobang: ",
        "files": [
            {
                "id": "F06T3B1NYM7",
                "created": 1712201257,
                "timestamp": 1712201257,
                "name": "IMG_0365.png",
                "title": "IMG_0365",
                "mimetype": "image\/png",
                "filetype": "png",
                "pretty_type": "PNG",
                "user": "U01ANMM9XRS",
                "user_team": "T7B710AL9",
                "editable": false,
                "size": 66042,
                "mode": "hosted",
                "is_external": false,
                "external_type": "",
                "is_public": true,
                "public_url_shared": false,
                "display_as_bot": false,
                "username": "",
                "url_private": "https:\/\/files.slack.com\/files-pri\/T7B710AL9-F06T3B1NYM7\/img_0365.png?t=xoxe-249239010689-7383763303600-7346417720535-c8977b2d870e66a58192db1f0484baaa",
                "url_private_download": "https:\/\/files.slack.com\/files-pri\/T7B710AL9-F06T3B1NYM7\/download\/img_0365.png?t=xoxe-249239010689-7383763303600-7346417720535-c8977b2d870e66a58192db1f0484baaa",
                "media_display_type": "unknown",
                "thumb_64": "https:\/\/files.slack.com\/files-tmb\/T7B710AL9-F06T3B1NYM7-2046dbc333\/img_0365_64.png?t=xoxe-249239010689-7383763303600-7346417720535-c8977b2d870e66a58192db1f0484baaa",
                "thumb_80": "https:\/\/files.slack.com\/files-tmb\/T7B710AL9-F06T3B1NYM7-2046dbc333\/img_0365_80.png?t=xoxe-249239010689-7383763303600-7346417720535-c8977b2d870e66a58192db1f0484baaa",
                "thumb_360": "https:\/\/files.slack.com\/files-tmb\/T7B710AL9-F06T3B1NYM7-2046dbc333\/img_0365_360.png?t=xoxe-249239010689-7383763303600-7346417720535-c8977b2d870e66a58192db1f0484baaa",
                "thumb_360_w": 166,
                "thumb_360_h": 360,
                "thumb_480": "https:\/\/files.slack.com\/files-tmb\/T7B710AL9-F06T3B1NYM7-2046dbc333\/img_0365_480.png?t=xoxe-249239010689-7383763303600-7346417720535-c8977b2d870e66a58192db1f0484baaa",
                "thumb_480_w": 222,
                "thumb_480_h": 480,
                "thumb_160": "https:\/\/files.slack.com\/files-tmb\/T7B710AL9-F06T3B1NYM7-2046dbc333\/img_0365_160.png?t=xoxe-249239010689-7383763303600-7346417720535-c8977b2d870e66a58192db1f0484baaa",
                "thumb_720": "https:\/\/files.slack.com\/files-tmb\/T7B710AL9-F06T3B1NYM7-2046dbc333\/img_0365_720.png?t=xoxe-249239010689-7383763303600-7346417720535-c8977b2d870e66a58192db1f0484baaa",
                "thumb_720_w": 333,
                "thumb_720_h": 720,
                "thumb_800": "https:\/\/files.slack.com\/files-tmb\/T7B710AL9-F06T3B1NYM7-2046dbc333\/img_0365_800.png?t=xoxe-249239010689-7383763303600-7346417720535-c8977b2d870e66a58192db1f0484baaa",
                "thumb_800_w": 800,
                "thumb_800_h": 1731,
                "thumb_960": "https:\/\/files.slack.com\/files-tmb\/T7B710AL9-F06T3B1NYM7-2046dbc333\/img_0365_960.png?t=xoxe-249239010689-7383763303600-7346417720535-c8977b2d870e66a58192db1f0484baaa",
                "thumb_960_w": 444,
                "thumb_960_h": 960,
                "thumb_1024": "https:\/\/files.slack.com\/files-tmb\/T7B710AL9-F06T3B1NYM7-2046dbc333\/img_0365_1024.png?t=xoxe-249239010689-7383763303600-7346417720535-c8977b2d870e66a58192db1f0484baaa",
                "thumb_1024_w": 473,
                "thumb_1024_h": 1024,
                "original_w": 828,
                "original_h": 1792,
                "thumb_tiny": "AwAwABalgkdqQgilA+UkfzpOfWgAzxiiiigAz7CgnNFFABRRRQAUUUu1vQ0AJRRRQB\/\/2Q==",
                "permalink": "https:\/\/swarthmoreultimate.slack.com\/files\/U01ANMM9XRS\/F06T3B1NYM7\/img_0365.png",
                "permalink_public": "https:\/\/slack-files.com\/T7B710AL9-F06T3B1NYM7-5387244397",
                "is_starred": false,
                "has_rich_preview": false,
                "file_access": "visible"
            }
        ],
        "upload": false,
        "user": "U01ANMM9XRS",
        "display_as_bot": false,
        "blocks": [
            {
                "type": "rich_text",
                "block_id": "2VE3g",
                "elements": [
                    {
                        "type": "rich_text_section",
                        "elements": [
                            {
                                "type": "text",
                                "text": "Are all worms invited "
                            },
                            {
                                "type": "emoji",
                                "name": "interrobang",
                                "unicode": "2049-fe0f"
                            },
                            {
                                "type": "text",
                                "text": " "
                            }
                        ]
                    }
                ]
            }
        ],
        "type": "message",
        "ts": "1712201280.635219",
        "client_msg_id": "95D3E4C2-5912-41CA-A299-C7F68A4F9517",
        "thread_ts": "1712201280.635219",
        "reply_count": 2,
        "reply_users_count": 2,
        "latest_reply": "1712201911.144479",
        "reply_users": [
            "U01AFT4NEPN",
            "U01ANMM9XRS"
        ],
        "replies": [
            {
                "user": "U01AFT4NEPN",
                "ts": "1712201882.661849"
            },
            {
                "user": "U01ANMM9XRS",
                "ts": "1712201911.144479"
            }
        ],
        "is_locked": false,
        "subscribed": false,
        "reactions": [
            {
                "name": "sob",
                "users": [
                    "U01AFT4NEPN",
                    "U01BGKQ3NCX",
                    "U05SWFZNR18",
                    "U041VKJ3RFB",
                    "U041F48UURM",
                    "U02MFDM09RB",
                    "U042TKFF6UT",
                    "U019UV6JV4P"
                ],
                "count": 8
            }
        ]
    },
    {
        "user": "U01AFT4NEPN",
        "type": "message",
        "ts": "1712201882.661849",
        "client_msg_id": "786CAF99-C155-4BE8-94BB-EE6B55EBC9DE",
        "text": "holy fuck get me away from gcal",
        "team": "T7B710AL9",
        "user_team": "T7B710AL9",
        "source_team": "T7B710AL9",
        "user_profile": {
            "avatar_hash": "48db12d99e86",
            "image_72": "https:\/\/avatars.slack-edge.com\/2024-04-25\/7009387655319_48db12d99e86f89eb51b_72.png",
            "first_name": "Ryan",
            "real_name": "Ryan Jin",
            "display_name": "Chef",
            "team": "T7B710AL9",
            "name": "rjin1",
            "is_restricted": false,
            "is_ultra_restricted": false
        },
        "thread_ts": "1712201280.635219",
        "parent_user_id": "U01ANMM9XRS",
        "blocks": [
            {
                "type": "rich_text",
                "block_id": "Ibght",
                "elements": [
                    {
                        "type": "rich_text_section",
                        "elements": [
                            {
                                "type": "text",
                                "text": "holy fuck get me away from gcal"
                            }
                        ]
                    }
                ]
            }
        ]
    },
    {
        "user": "U01ANMM9XRS",
        "type": "message",
        "ts": "1712201911.144479",
        "client_msg_id": "A8361FAD-1DD5-4DAC-9DA7-B0E09FE3F051",
        "text": "Why’d u take it off :(",
        "team": "T7B710AL9",
        "user_team": "T7B710AL9",
        "source_team": "T7B710AL9",
        "user_profile": {
            "avatar_hash": "8566e3437a98",
            "image_72": "https:\/\/avatars.slack-edge.com\/2024-05-17\/7148429624081_8566e3437a98c288ec27_72.png",
            "first_name": "Racc",
            "real_name": "Racc",
            "display_name": "",
            "team": "T7B710AL9",
            "name": "ifransa1",
            "is_restricted": false,
            "is_ultra_restricted": false
        },
        "thread_ts": "1712201280.635219",
        "parent_user_id": "U01ANMM9XRS",
        "blocks": [
            {
                "type": "rich_text",
                "block_id": "3FVkI",
                "elements": [
                    {
                        "type": "rich_text_section",
                        "elements": [
                            {
                                "type": "text",
                                "text": "Why’d u take it off :("
                            }
                        ]
                    }
                ]
            }
        ]
    }
]