[
    {
        "text": "on daniel’s bedside table",
        "files": [
            {
                "id": "F06JLEK922H",
                "created": 1707878910,
                "timestamp": 1707878910,
                "name": "IMG_4981.jpg",
                "title": "IMG_4981",
                "mimetype": "image\/jpeg",
                "filetype": "jpg",
                "pretty_type": "JPEG",
                "user": "U05SUJ3EXMX",
                "user_team": "T7B710AL9",
                "editable": false,
                "size": 2768376,
                "mode": "hosted",
                "is_external": false,
                "external_type": "",
                "is_public": true,
                "public_url_shared": false,
                "display_as_bot": false,
                "username": "",
                "url_private": "https:\/\/files.slack.com\/files-pri\/T7B710AL9-F06JLEK922H\/img_4981.jpg?t=xoxe-249239010689-7383763303600-7346417720535-c8977b2d870e66a58192db1f0484baaa",
                "url_private_download": "https:\/\/files.slack.com\/files-pri\/T7B710AL9-F06JLEK922H\/download\/img_4981.jpg?t=xoxe-249239010689-7383763303600-7346417720535-c8977b2d870e66a58192db1f0484baaa",
                "media_display_type": "unknown",
                "thumb_64": "https:\/\/files.slack.com\/files-tmb\/T7B710AL9-F06JLEK922H-a436b312ed\/img_4981_64.jpg?t=xoxe-249239010689-7383763303600-7346417720535-c8977b2d870e66a58192db1f0484baaa",
                "thumb_80": "https:\/\/files.slack.com\/files-tmb\/T7B710AL9-F06JLEK922H-a436b312ed\/img_4981_80.jpg?t=xoxe-249239010689-7383763303600-7346417720535-c8977b2d870e66a58192db1f0484baaa",
                "thumb_360": "https:\/\/files.slack.com\/files-tmb\/T7B710AL9-F06JLEK922H-a436b312ed\/img_4981_360.jpg?t=xoxe-249239010689-7383763303600-7346417720535-c8977b2d870e66a58192db1f0484baaa",
                "thumb_360_w": 270,
                "thumb_360_h": 360,
                "thumb_480": "https:\/\/files.slack.com\/files-tmb\/T7B710AL9-F06JLEK922H-a436b312ed\/img_4981_480.jpg?t=xoxe-249239010689-7383763303600-7346417720535-c8977b2d870e66a58192db1f0484baaa",
                "thumb_480_w": 360,
                "thumb_480_h": 480,
                "thumb_160": "https:\/\/files.slack.com\/files-tmb\/T7B710AL9-F06JLEK922H-a436b312ed\/img_4981_160.jpg?t=xoxe-249239010689-7383763303600-7346417720535-c8977b2d870e66a58192db1f0484baaa",
                "thumb_720": "https:\/\/files.slack.com\/files-tmb\/T7B710AL9-F06JLEK922H-a436b312ed\/img_4981_720.jpg?t=xoxe-249239010689-7383763303600-7346417720535-c8977b2d870e66a58192db1f0484baaa",
                "thumb_720_w": 540,
                "thumb_720_h": 720,
                "thumb_800": "https:\/\/files.slack.com\/files-tmb\/T7B710AL9-F06JLEK922H-a436b312ed\/img_4981_800.jpg?t=xoxe-249239010689-7383763303600-7346417720535-c8977b2d870e66a58192db1f0484baaa",
                "thumb_800_w": 800,
                "thumb_800_h": 1067,
                "thumb_960": "https:\/\/files.slack.com\/files-tmb\/T7B710AL9-F06JLEK922H-a436b312ed\/img_4981_960.jpg?t=xoxe-249239010689-7383763303600-7346417720535-c8977b2d870e66a58192db1f0484baaa",
                "thumb_960_w": 720,
                "thumb_960_h": 960,
                "thumb_1024": "https:\/\/files.slack.com\/files-tmb\/T7B710AL9-F06JLEK922H-a436b312ed\/img_4981_1024.jpg?t=xoxe-249239010689-7383763303600-7346417720535-c8977b2d870e66a58192db1f0484baaa",
                "thumb_1024_w": 768,
                "thumb_1024_h": 1024,
                "original_w": 3024,
                "original_h": 4032,
                "thumb_tiny": "AwAwACRqLkkyDkHjninxhYxhVxTd5kQuFA5xUZaRmCq6jPoKQ2Whk+lOG6s8tKjHLFsVPFddjz7UxEjp833WH+6OKbs\/66flVkAOAaNg9TRZBdlN50I+Xp7VDuxIWBzgZ\/Go0X5z7AkUZKhjjIIqWUiUbRJuOeRUqxxynGG+tVd5YDPGOOK0bZWMGCcZPpQnYHqOWKVVAjYFcdW60uy59UoWRgMDGBS+a\/tRcVii0IjbcGIPpio5ACvUjPpT5ZJHXJCqAO3Wo05wCadguPgSNpQM5YnuOK0woAwKzkk8uXpjbxV5Zl2rk8kDihqwEUvyOR6803f7GpXnTPK5pvnp\/c\/SpKP\/2Q==",
                "permalink": "https:\/\/swarthmoreultimate.slack.com\/files\/U05SUJ3EXMX\/F06JLEK922H\/img_4981.jpg",
                "permalink_public": "https:\/\/slack-files.com\/T7B710AL9-F06JLEK922H-e8aef397d9",
                "is_starred": false,
                "has_rich_preview": false,
                "file_access": "visible"
            }
        ],
        "upload": false,
        "user": "U05SUJ3EXMX",
        "display_as_bot": false,
        "blocks": [
            {
                "type": "rich_text",
                "block_id": "CcP",
                "elements": [
                    {
                        "type": "rich_text_section",
                        "elements": [
                            {
                                "type": "text",
                                "text": "on daniel’s bedside table"
                            }
                        ]
                    }
                ]
            }
        ],
        "type": "message",
        "ts": "1707878924.406819",
        "reactions": [
            {
                "name": "sounds-fire",
                "users": [
                    "U019UV6JV4P",
                    "U0412DQJWEB",
                    "U01A1PNMU6B",
                    "U01BGKQ3NCX",
                    "UNBLN9SCC",
                    "U02CH0X3XQE"
                ],
                "count": 6
            }
        ]
    }
]