[
    {
        "user": "U041VKJ3RFB",
        "type": "message",
        "ts": "1715794316.434659",
        "client_msg_id": "e1dad886-f7df-4b14-8e2b-7f5e7e7f4436",
        "text": "my Uber driver is bumping the Adams family theme song rn",
        "team": "T7B710AL9",
        "user_team": "T7B710AL9",
        "source_team": "T7B710AL9",
        "user_profile": {
            "avatar_hash": "7c89c1835061",
            "image_72": "https:\/\/avatars.slack-edge.com\/2022-09-08\/4078548137616_7c89c183506111f84606_72.jpg",
            "first_name": "Isaac",
            "real_name": "Isaac Levenstein",
            "display_name": "Swan",
            "team": "T7B710AL9",
            "name": "ilevens1",
            "is_restricted": false,
            "is_ultra_restricted": false
        },
        "thread_ts": "1715794316.434659",
        "reply_count": 2,
        "reply_users_count": 2,
        "latest_reply": "1715822635.203529",
        "reply_users": [
            "U01ANMM9XRS",
            "U041VKJ3RFB"
        ],
        "replies": [
            {
                "user": "U01ANMM9XRS",
                "ts": "1715794940.011459"
            },
            {
                "user": "U041VKJ3RFB",
                "ts": "1715822635.203529"
            }
        ],
        "is_locked": false,
        "subscribed": false,
        "blocks": [
            {
                "type": "rich_text",
                "block_id": "VAl6E",
                "elements": [
                    {
                        "type": "rich_text_section",
                        "elements": [
                            {
                                "type": "text",
                                "text": "my Uber driver is bumping the Adams family theme song rn"
                            }
                        ]
                    }
                ]
            }
        ],
        "reactions": [
            {
                "name": "fire",
                "users": [
                    "U0446E8TCHX",
                    "U01ANMM9XRS",
                    "U041ACX3QCE",
                    "U01AFT4NEPN",
                    "U01A1PNMU6B",
                    "U05T29FMQ67",
                    "U05SUJ3EXMX",
                    "U019UV6JV4P",
                    "U042M4BL1GE",
                    "U05SWFZNR18",
                    "U01BGKQ3NCX"
                ],
                "count": 11
            }
        ]
    },
    {
        "user": "U01ANMM9XRS",
        "type": "message",
        "ts": "1715794940.011459",
        "client_msg_id": "7FAA5E0D-4382-413C-B787-25540245F160",
        "text": "Guys life is full of whimsey and joy",
        "team": "T7B710AL9",
        "user_team": "T7B710AL9",
        "source_team": "T7B710AL9",
        "user_profile": {
            "avatar_hash": "8566e3437a98",
            "image_72": "https:\/\/avatars.slack-edge.com\/2024-05-17\/7148429624081_8566e3437a98c288ec27_72.png",
            "first_name": "Racc",
            "real_name": "Racc",
            "display_name": "",
            "team": "T7B710AL9",
            "name": "ifransa1",
            "is_restricted": false,
            "is_ultra_restricted": false
        },
        "thread_ts": "1715794316.434659",
        "parent_user_id": "U041VKJ3RFB",
        "blocks": [
            {
                "type": "rich_text",
                "block_id": "da72V",
                "elements": [
                    {
                        "type": "rich_text_section",
                        "elements": [
                            {
                                "type": "text",
                                "text": "Guys life is full of whimsey and joy"
                            }
                        ]
                    }
                ]
            }
        ]
    },
    {
        "user": "U041VKJ3RFB",
        "type": "message",
        "ts": "1715822635.203529",
        "client_msg_id": "22457183-8306-409f-ac6b-aa267e5312c0",
        "text": "after that he told me I should pretend to need a wheelchair so I can skip TSA",
        "team": "T7B710AL9",
        "user_team": "T7B710AL9",
        "source_team": "T7B710AL9",
        "user_profile": {
            "avatar_hash": "7c89c1835061",
            "image_72": "https:\/\/avatars.slack-edge.com\/2022-09-08\/4078548137616_7c89c183506111f84606_72.jpg",
            "first_name": "Isaac",
            "real_name": "Isaac Levenstein",
            "display_name": "Swan",
            "team": "T7B710AL9",
            "name": "ilevens1",
            "is_restricted": false,
            "is_ultra_restricted": false
        },
        "thread_ts": "1715794316.434659",
        "parent_user_id": "U041VKJ3RFB",
        "blocks": [
            {
                "type": "rich_text",
                "block_id": "WxIqE",
                "elements": [
                    {
                        "type": "rich_text_section",
                        "elements": [
                            {
                                "type": "text",
                                "text": "after that he told me I should pretend to need a wheelchair so I can skip TSA"
                            }
                        ]
                    }
                ]
            }
        ]
    }
]