[
    {
        "text": "Akiva’s dinner",
        "files": [
            {
                "id": "F070H1BSMPA",
                "created": 1713568704,
                "timestamp": 1713568704,
                "name": "IMG_4613.jpg",
                "title": "IMG_4613",
                "mimetype": "image\/jpeg",
                "filetype": "jpg",
                "pretty_type": "JPEG",
                "user": "U05SVNV1YAJ",
                "user_team": "T7B710AL9",
                "editable": false,
                "size": 2315173,
                "mode": "hosted",
                "is_external": false,
                "external_type": "",
                "is_public": true,
                "public_url_shared": false,
                "display_as_bot": false,
                "username": "",
                "url_private": "https:\/\/files.slack.com\/files-pri\/T7B710AL9-F070H1BSMPA\/img_4613.jpg?t=xoxe-249239010689-7383763303600-7346417720535-c8977b2d870e66a58192db1f0484baaa",
                "url_private_download": "https:\/\/files.slack.com\/files-pri\/T7B710AL9-F070H1BSMPA\/download\/img_4613.jpg?t=xoxe-249239010689-7383763303600-7346417720535-c8977b2d870e66a58192db1f0484baaa",
                "media_display_type": "unknown",
                "thumb_64": "https:\/\/files.slack.com\/files-tmb\/T7B710AL9-F070H1BSMPA-7fbc4fd948\/img_4613_64.jpg?t=xoxe-249239010689-7383763303600-7346417720535-c8977b2d870e66a58192db1f0484baaa",
                "thumb_80": "https:\/\/files.slack.com\/files-tmb\/T7B710AL9-F070H1BSMPA-7fbc4fd948\/img_4613_80.jpg?t=xoxe-249239010689-7383763303600-7346417720535-c8977b2d870e66a58192db1f0484baaa",
                "thumb_360": "https:\/\/files.slack.com\/files-tmb\/T7B710AL9-F070H1BSMPA-7fbc4fd948\/img_4613_360.jpg?t=xoxe-249239010689-7383763303600-7346417720535-c8977b2d870e66a58192db1f0484baaa",
                "thumb_360_w": 270,
                "thumb_360_h": 360,
                "thumb_480": "https:\/\/files.slack.com\/files-tmb\/T7B710AL9-F070H1BSMPA-7fbc4fd948\/img_4613_480.jpg?t=xoxe-249239010689-7383763303600-7346417720535-c8977b2d870e66a58192db1f0484baaa",
                "thumb_480_w": 360,
                "thumb_480_h": 480,
                "thumb_160": "https:\/\/files.slack.com\/files-tmb\/T7B710AL9-F070H1BSMPA-7fbc4fd948\/img_4613_160.jpg?t=xoxe-249239010689-7383763303600-7346417720535-c8977b2d870e66a58192db1f0484baaa",
                "thumb_720": "https:\/\/files.slack.com\/files-tmb\/T7B710AL9-F070H1BSMPA-7fbc4fd948\/img_4613_720.jpg?t=xoxe-249239010689-7383763303600-7346417720535-c8977b2d870e66a58192db1f0484baaa",
                "thumb_720_w": 540,
                "thumb_720_h": 720,
                "thumb_800": "https:\/\/files.slack.com\/files-tmb\/T7B710AL9-F070H1BSMPA-7fbc4fd948\/img_4613_800.jpg?t=xoxe-249239010689-7383763303600-7346417720535-c8977b2d870e66a58192db1f0484baaa",
                "thumb_800_w": 800,
                "thumb_800_h": 1067,
                "thumb_960": "https:\/\/files.slack.com\/files-tmb\/T7B710AL9-F070H1BSMPA-7fbc4fd948\/img_4613_960.jpg?t=xoxe-249239010689-7383763303600-7346417720535-c8977b2d870e66a58192db1f0484baaa",
                "thumb_960_w": 720,
                "thumb_960_h": 960,
                "thumb_1024": "https:\/\/files.slack.com\/files-tmb\/T7B710AL9-F070H1BSMPA-7fbc4fd948\/img_4613_1024.jpg?t=xoxe-249239010689-7383763303600-7346417720535-c8977b2d870e66a58192db1f0484baaa",
                "thumb_1024_w": 768,
                "thumb_1024_h": 1024,
                "original_w": 3024,
                "original_h": 4032,
                "thumb_tiny": "AwAwACSW5cBNoH4VVWMA7j1NXGtechyT71C0bLJsxlsZ4qGUiIj2phjBNTFSp5BB96Tb6Uhkxt2JyGOKT7M394\/lUsMuI8MeRUnmr61ZI\/NVp5WVuDjAz9aWS4XY3lkHBx+NU\/MZjydxzjGOKTEy3FOzD51BBH60o8psBk2E8VVd2JfZwvQAdqIJCxMrjiMZ\/GgoeSVZlB6HFG9vU1Grk5JGSTzS7j6UhguUGABj0NCLFv3MGHt1FBNAouKxJDAWDAsvPQjpUUmI1EKc85Yj19KUik2gdKdwEAwKWnBSRS7DSGf\/2Q==",
                "permalink": "https:\/\/swarthmoreultimate.slack.com\/files\/U05SVNV1YAJ\/F070H1BSMPA\/img_4613.jpg",
                "permalink_public": "https:\/\/slack-files.com\/T7B710AL9-F070H1BSMPA-a4176db6fb",
                "is_starred": false,
                "has_rich_preview": false,
                "file_access": "visible"
            }
        ],
        "upload": false,
        "user": "U05SVNV1YAJ",
        "display_as_bot": false,
        "blocks": [
            {
                "type": "rich_text",
                "block_id": "z7g",
                "elements": [
                    {
                        "type": "rich_text_section",
                        "elements": [
                            {
                                "type": "text",
                                "text": "Akiva’s dinner"
                            }
                        ]
                    }
                ]
            }
        ],
        "type": "message",
        "ts": "1713568722.931869",
        "thread_ts": "1713568722.931869",
        "reply_count": 7,
        "reply_users_count": 5,
        "latest_reply": "1713574140.310399",
        "reply_users": [
            "U05SUJ3EXMX",
            "U01DZ0DF0U8",
            "U05SWFZNR18",
            "U041ACX3QCE",
            "U0446E8TCHX"
        ],
        "replies": [
            {
                "user": "U05SUJ3EXMX",
                "ts": "1713568745.624249"
            },
            {
                "user": "U01DZ0DF0U8",
                "ts": "1713569879.346529"
            },
            {
                "user": "U05SUJ3EXMX",
                "ts": "1713569919.962289"
            },
            {
                "user": "U05SWFZNR18",
                "ts": "1713570277.664279"
            },
            {
                "user": "U041ACX3QCE",
                "ts": "1713573829.769429"
            },
            {
                "user": "U0446E8TCHX",
                "ts": "1713574136.163749"
            },
            {
                "user": "U0446E8TCHX",
                "ts": "1713574140.310399"
            }
        ],
        "is_locked": false,
        "subscribed": true,
        "last_read": "1713574140.310399"
    },
    {
        "user": "U05SUJ3EXMX",
        "type": "message",
        "ts": "1713568745.624249",
        "client_msg_id": "6D76DDC2-55B7-4B3C-9075-CD88043D2F81",
        "text": "i see nothing wrong with this",
        "team": "T7B710AL9",
        "user_team": "T7B710AL9",
        "source_team": "T7B710AL9",
        "user_profile": {
            "avatar_hash": "1cf493421d30",
            "image_72": "https:\/\/avatars.slack-edge.com\/2023-09-30\/5973377743906_1cf493421d3026bc7ce8_72.png",
            "first_name": "Rohan",
            "real_name": "Rohan Mandayam",
            "display_name": "Rohan",
            "team": "T7B710AL9",
            "name": "rmanday1",
            "is_restricted": false,
            "is_ultra_restricted": false
        },
        "thread_ts": "1713568722.931869",
        "parent_user_id": "U05SVNV1YAJ",
        "blocks": [
            {
                "type": "rich_text",
                "block_id": "nKAAI",
                "elements": [
                    {
                        "type": "rich_text_section",
                        "elements": [
                            {
                                "type": "text",
                                "text": "i see nothing wrong with this"
                            }
                        ]
                    }
                ]
            }
        ],
        "reactions": [
            {
                "name": "heart",
                "users": [
                    "U05SWFZNR18",
                    "U01AFT4NEPN",
                    "U042TKFF6UT"
                ],
                "count": 3
            }
        ]
    },
    {
        "user": "U01DZ0DF0U8",
        "type": "message",
        "ts": "1713569879.346529",
        "client_msg_id": "939EEFFF-1680-487B-AA6E-8FAB31085B2B",
        "text": "Is that granola?",
        "team": "T7B710AL9",
        "user_team": "T7B710AL9",
        "source_team": "T7B710AL9",
        "user_profile": {
            "avatar_hash": "6dcfb539f5fa",
            "image_72": "https:\/\/avatars.slack-edge.com\/2023-10-21\/6068777918454_6dcfb539f5facaf9707a_72.png",
            "first_name": "Nora",
            "real_name": "Nora Sweeney",
            "display_name": "Nora",
            "team": "T7B710AL9",
            "name": "nsweene1",
            "is_restricted": false,
            "is_ultra_restricted": false
        },
        "thread_ts": "1713568722.931869",
        "parent_user_id": "U05SVNV1YAJ",
        "blocks": [
            {
                "type": "rich_text",
                "block_id": "6y9lg",
                "elements": [
                    {
                        "type": "rich_text_section",
                        "elements": [
                            {
                                "type": "text",
                                "text": "Is that granola?"
                            }
                        ]
                    }
                ]
            }
        ]
    },
    {
        "user": "U05SUJ3EXMX",
        "type": "message",
        "ts": "1713569919.962289",
        "client_msg_id": "761B5F36-3463-411C-AFD3-E8B99C76D5AA",
        "text": "wait nvm i thought it was beans and rice :sob:  i take it all back",
        "team": "T7B710AL9",
        "user_team": "T7B710AL9",
        "source_team": "T7B710AL9",
        "user_profile": {
            "avatar_hash": "1cf493421d30",
            "image_72": "https:\/\/avatars.slack-edge.com\/2023-09-30\/5973377743906_1cf493421d3026bc7ce8_72.png",
            "first_name": "Rohan",
            "real_name": "Rohan Mandayam",
            "display_name": "Rohan",
            "team": "T7B710AL9",
            "name": "rmanday1",
            "is_restricted": false,
            "is_ultra_restricted": false
        },
        "thread_ts": "1713568722.931869",
        "parent_user_id": "U05SVNV1YAJ",
        "blocks": [
            {
                "type": "rich_text",
                "block_id": "PTF09",
                "elements": [
                    {
                        "type": "rich_text_section",
                        "elements": [
                            {
                                "type": "text",
                                "text": "wait nvm i thought it was beans and rice "
                            },
                            {
                                "type": "emoji",
                                "name": "sob",
                                "unicode": "1f62d"
                            },
                            {
                                "type": "text",
                                "text": "  i take it all back"
                            }
                        ]
                    }
                ]
            }
        ],
        "reactions": [
            {
                "name": "heart",
                "users": [
                    "U02C9PX2DUP",
                    "U01AFT4NEPN",
                    "U042TKFF6UT",
                    "U019UV6JV4P",
                    "U01ANMM9XRS"
                ],
                "count": 5
            }
        ]
    },
    {
        "user": "U05SWFZNR18",
        "type": "message",
        "ts": "1713570277.664279",
        "client_msg_id": "6C1986C8-BC2F-4FD5-9083-B13ACB8C491E",
        "text": "Brooo crying laughing emoji",
        "team": "T7B710AL9",
        "user_team": "T7B710AL9",
        "source_team": "T7B710AL9",
        "user_profile": {
            "avatar_hash": "eb34a7baf385",
            "image_72": "https:\/\/avatars.slack-edge.com\/2023-12-08\/6342323891136_eb34a7baf3851f97ec1e_72.png",
            "first_name": "Akiva",
            "real_name": "Akiva Sherin",
            "display_name": "",
            "team": "T7B710AL9",
            "name": "asherin1",
            "is_restricted": false,
            "is_ultra_restricted": false
        },
        "thread_ts": "1713568722.931869",
        "parent_user_id": "U05SVNV1YAJ",
        "blocks": [
            {
                "type": "rich_text",
                "block_id": "Onb6x",
                "elements": [
                    {
                        "type": "rich_text_section",
                        "elements": [
                            {
                                "type": "text",
                                "text": "Brooo crying laughing emoji"
                            }
                        ]
                    }
                ]
            }
        ],
        "reactions": [
            {
                "name": "sob",
                "users": [
                    "U01AFT4NEPN",
                    "U01ANMM9XRS",
                    "U0412DQJWEB"
                ],
                "count": 3
            }
        ]
    },
    {
        "user": "U041ACX3QCE",
        "type": "message",
        "ts": "1713573829.769429",
        "client_msg_id": "34e665f8-b1c0-41fb-b4a1-ce9b28e00fea",
        "text": "i had that exact same series of thoughts Rohan",
        "team": "T7B710AL9",
        "user_team": "T7B710AL9",
        "source_team": "T7B710AL9",
        "user_profile": {
            "avatar_hash": "a0097a80caac",
            "image_72": "https:\/\/avatars.slack-edge.com\/2024-01-05\/6435175573364_a0097a80caac54b01d5f_72.png",
            "first_name": "Miles",
            "real_name": "Miles Fleisher",
            "display_name": "Miles",
            "team": "T7B710AL9",
            "name": "mfleish2",
            "is_restricted": false,
            "is_ultra_restricted": false
        },
        "thread_ts": "1713568722.931869",
        "parent_user_id": "U05SVNV1YAJ",
        "blocks": [
            {
                "type": "rich_text",
                "block_id": "72AJX",
                "elements": [
                    {
                        "type": "rich_text_section",
                        "elements": [
                            {
                                "type": "text",
                                "text": "i had that exact same series of thoughts Rohan"
                            }
                        ]
                    }
                ]
            }
        ]
    },
    {
        "user": "U0446E8TCHX",
        "type": "message",
        "ts": "1713574136.163749",
        "client_msg_id": "398BB032-9D3F-4025-BDB1-BB88AED5DB03",
        "text": "akiva",
        "team": "T7B710AL9",
        "user_team": "T7B710AL9",
        "source_team": "T7B710AL9",
        "user_profile": {
            "avatar_hash": "330ac6b4ac64",
            "image_72": "https:\/\/avatars.slack-edge.com\/2024-05-02\/7045088340247_330ac6b4ac6470ff2637_72.png",
            "first_name": "joe",
            "real_name": "joe",
            "display_name": "mine shot crafts",
            "team": "T7B710AL9",
            "name": "jaustri1",
            "is_restricted": false,
            "is_ultra_restricted": false
        },
        "thread_ts": "1713568722.931869",
        "parent_user_id": "U05SVNV1YAJ",
        "blocks": [
            {
                "type": "rich_text",
                "block_id": "WED4v",
                "elements": [
                    {
                        "type": "rich_text_section",
                        "elements": [
                            {
                                "type": "text",
                                "text": "akiva"
                            }
                        ]
                    }
                ]
            }
        ]
    },
    {
        "user": "U0446E8TCHX",
        "type": "message",
        "ts": "1713574140.310399",
        "client_msg_id": "4E504CD6-7B06-4209-9DF1-9E6F4CE88955",
        "text": "come on now",
        "team": "T7B710AL9",
        "user_team": "T7B710AL9",
        "source_team": "T7B710AL9",
        "user_profile": {
            "avatar_hash": "330ac6b4ac64",
            "image_72": "https:\/\/avatars.slack-edge.com\/2024-05-02\/7045088340247_330ac6b4ac6470ff2637_72.png",
            "first_name": "joe",
            "real_name": "joe",
            "display_name": "mine shot crafts",
            "team": "T7B710AL9",
            "name": "jaustri1",
            "is_restricted": false,
            "is_ultra_restricted": false
        },
        "thread_ts": "1713568722.931869",
        "parent_user_id": "U05SVNV1YAJ",
        "blocks": [
            {
                "type": "rich_text",
                "block_id": "F+I5W",
                "elements": [
                    {
                        "type": "rich_text_section",
                        "elements": [
                            {
                                "type": "text",
                                "text": "come on now"
                            }
                        ]
                    }
                ]
            }
        ]
    }
]