[
    {
        "text": "",
        "files": [
            {
                "id": "F070YTSLV9U",
                "created": 1714407335,
                "timestamp": 1714407335,
                "name": "IMG_7980.jpg",
                "title": "IMG_7980",
                "mimetype": "image\/jpeg",
                "filetype": "jpg",
                "pretty_type": "JPEG",
                "user": "U01DZ0DF0U8",
                "user_team": "T7B710AL9",
                "editable": false,
                "size": 93563,
                "mode": "hosted",
                "is_external": false,
                "external_type": "",
                "is_public": true,
                "public_url_shared": false,
                "display_as_bot": false,
                "username": "",
                "url_private": "https:\/\/files.slack.com\/files-pri\/T7B710AL9-F070YTSLV9U\/img_7980.jpg?t=xoxe-249239010689-7383763303600-7346417720535-c8977b2d870e66a58192db1f0484baaa",
                "url_private_download": "https:\/\/files.slack.com\/files-pri\/T7B710AL9-F070YTSLV9U\/download\/img_7980.jpg?t=xoxe-249239010689-7383763303600-7346417720535-c8977b2d870e66a58192db1f0484baaa",
                "media_display_type": "unknown",
                "thumb_64": "https:\/\/files.slack.com\/files-tmb\/T7B710AL9-F070YTSLV9U-002f857a1a\/img_7980_64.jpg?t=xoxe-249239010689-7383763303600-7346417720535-c8977b2d870e66a58192db1f0484baaa",
                "thumb_80": "https:\/\/files.slack.com\/files-tmb\/T7B710AL9-F070YTSLV9U-002f857a1a\/img_7980_80.jpg?t=xoxe-249239010689-7383763303600-7346417720535-c8977b2d870e66a58192db1f0484baaa",
                "thumb_360": "https:\/\/files.slack.com\/files-tmb\/T7B710AL9-F070YTSLV9U-002f857a1a\/img_7980_360.jpg?t=xoxe-249239010689-7383763303600-7346417720535-c8977b2d870e66a58192db1f0484baaa",
                "thumb_360_w": 360,
                "thumb_360_h": 305,
                "thumb_480": "https:\/\/files.slack.com\/files-tmb\/T7B710AL9-F070YTSLV9U-002f857a1a\/img_7980_480.jpg?t=xoxe-249239010689-7383763303600-7346417720535-c8977b2d870e66a58192db1f0484baaa",
                "thumb_480_w": 480,
                "thumb_480_h": 406,
                "thumb_160": "https:\/\/files.slack.com\/files-tmb\/T7B710AL9-F070YTSLV9U-002f857a1a\/img_7980_160.jpg?t=xoxe-249239010689-7383763303600-7346417720535-c8977b2d870e66a58192db1f0484baaa",
                "thumb_720": "https:\/\/files.slack.com\/files-tmb\/T7B710AL9-F070YTSLV9U-002f857a1a\/img_7980_720.jpg?t=xoxe-249239010689-7383763303600-7346417720535-c8977b2d870e66a58192db1f0484baaa",
                "thumb_720_w": 720,
                "thumb_720_h": 610,
                "thumb_800": "https:\/\/files.slack.com\/files-tmb\/T7B710AL9-F070YTSLV9U-002f857a1a\/img_7980_800.jpg?t=xoxe-249239010689-7383763303600-7346417720535-c8977b2d870e66a58192db1f0484baaa",
                "thumb_800_w": 800,
                "thumb_800_h": 677,
                "original_w": 828,
                "original_h": 701,
                "thumb_tiny": "AwAoADBkUSbUyuWb3qUouzZs+X61Fbh3ZjnCelEskicgcdqQhWijPVP1NJ5MQ\/h\/nUUssm0MCVB7U6NpHUAMc0MB\/kxH+GmywoIyQMEe9OMc3\/PSo3SXYSzZA7ZpAWNgjZB5e4v1NSmJM\/6sfrUnmxqFBIXd0FKx7Y6H1qgK0kcZ4KdPrSJGgGAuKkkUEDk\/gaRIx6t+dIYmwf5NNlQGM9qeyY7t+dQzLhC2Tx71AFhUQhN\/LL3ocFmzvAoooU2FiN5EiAV2GcelOhlR87WzjrVS+\/1i\/wC7S2PWT6Cqb0uBedl9aqyyIyFQ3Xj6VI\/SqK\/xfWpTuB\/\/2Q==",
                "permalink": "https:\/\/swarthmoreultimate.slack.com\/files\/U01DZ0DF0U8\/F070YTSLV9U\/img_7980.jpg",
                "permalink_public": "https:\/\/slack-files.com\/T7B710AL9-F070YTSLV9U-543018dd1c",
                "is_starred": false,
                "has_rich_preview": false,
                "file_access": "visible"
            }
        ],
        "upload": false,
        "user": "U01DZ0DF0U8",
        "display_as_bot": false,
        "type": "message",
        "ts": "1714407337.731439",
        "client_msg_id": "503116D7-4E19-48A6-B04B-682FE5E20B9E",
        "reactions": [
            {
                "name": "tweaking",
                "users": [
                    "U01ANMM9XRS",
                    "U01AFT4NEPN",
                    "U042TKFF6UT",
                    "U042N13FWNA",
                    "U05T29FMQ67",
                    "U05SWFZNR18",
                    "U019UV6JV4P",
                    "U042M4BL1GE",
                    "U01BGKQ3NCX"
                ],
                "count": 9
            }
        ]
    },
    {
        "text": "",
        "files": [
            {
                "id": "F070TM3C6S3",
                "created": 1714441652,
                "timestamp": 1714441652,
                "name": "File.jpg",
                "title": "File",
                "mimetype": "image\/jpeg",
                "filetype": "jpg",
                "pretty_type": "JPEG",
                "user": "U05SVNV1YAJ",
                "user_team": "T7B710AL9",
                "editable": false,
                "size": 180613,
                "mode": "hosted",
                "is_external": false,
                "external_type": "",
                "is_public": true,
                "public_url_shared": false,
                "display_as_bot": false,
                "username": "",
                "url_private": "https:\/\/files.slack.com\/files-pri\/T7B710AL9-F070TM3C6S3\/file.jpg?t=xoxe-249239010689-7383763303600-7346417720535-c8977b2d870e66a58192db1f0484baaa",
                "url_private_download": "https:\/\/files.slack.com\/files-pri\/T7B710AL9-F070TM3C6S3\/download\/file.jpg?t=xoxe-249239010689-7383763303600-7346417720535-c8977b2d870e66a58192db1f0484baaa",
                "media_display_type": "unknown",
                "thumb_64": "https:\/\/files.slack.com\/files-tmb\/T7B710AL9-F070TM3C6S3-ea5c3f12a7\/file_64.jpg?t=xoxe-249239010689-7383763303600-7346417720535-c8977b2d870e66a58192db1f0484baaa",
                "thumb_80": "https:\/\/files.slack.com\/files-tmb\/T7B710AL9-F070TM3C6S3-ea5c3f12a7\/file_80.jpg?t=xoxe-249239010689-7383763303600-7346417720535-c8977b2d870e66a58192db1f0484baaa",
                "thumb_360": "https:\/\/files.slack.com\/files-tmb\/T7B710AL9-F070TM3C6S3-ea5c3f12a7\/file_360.jpg?t=xoxe-249239010689-7383763303600-7346417720535-c8977b2d870e66a58192db1f0484baaa",
                "thumb_360_w": 166,
                "thumb_360_h": 360,
                "thumb_480": "https:\/\/files.slack.com\/files-tmb\/T7B710AL9-F070TM3C6S3-ea5c3f12a7\/file_480.jpg?t=xoxe-249239010689-7383763303600-7346417720535-c8977b2d870e66a58192db1f0484baaa",
                "thumb_480_w": 222,
                "thumb_480_h": 480,
                "thumb_160": "https:\/\/files.slack.com\/files-tmb\/T7B710AL9-F070TM3C6S3-ea5c3f12a7\/file_160.jpg?t=xoxe-249239010689-7383763303600-7346417720535-c8977b2d870e66a58192db1f0484baaa",
                "thumb_720": "https:\/\/files.slack.com\/files-tmb\/T7B710AL9-F070TM3C6S3-ea5c3f12a7\/file_720.jpg?t=xoxe-249239010689-7383763303600-7346417720535-c8977b2d870e66a58192db1f0484baaa",
                "thumb_720_w": 333,
                "thumb_720_h": 720,
                "thumb_800": "https:\/\/files.slack.com\/files-tmb\/T7B710AL9-F070TM3C6S3-ea5c3f12a7\/file_800.jpg?t=xoxe-249239010689-7383763303600-7346417720535-c8977b2d870e66a58192db1f0484baaa",
                "thumb_800_w": 800,
                "thumb_800_h": 1731,
                "thumb_960": "https:\/\/files.slack.com\/files-tmb\/T7B710AL9-F070TM3C6S3-ea5c3f12a7\/file_960.jpg?t=xoxe-249239010689-7383763303600-7346417720535-c8977b2d870e66a58192db1f0484baaa",
                "thumb_960_w": 444,
                "thumb_960_h": 960,
                "thumb_1024": "https:\/\/files.slack.com\/files-tmb\/T7B710AL9-F070TM3C6S3-ea5c3f12a7\/file_1024.jpg?t=xoxe-249239010689-7383763303600-7346417720535-c8977b2d870e66a58192db1f0484baaa",
                "thumb_1024_w": 473,
                "thumb_1024_h": 1024,
                "original_w": 1170,
                "original_h": 2532,
                "thumb_tiny": "AwAwABang4+YHFMPXinbh6YpM+5piAnjFJRRSGS28XmsRuVcDvU5sWPWRRVeEqCdwyKlMseMUXEJNamFAxYEE4qDb71LK6MoCk9ai4oGLgdjSbfcUcYHrnpilKnHQ\/lQA3pRRRQB\/9k=",
                "permalink": "https:\/\/swarthmoreultimate.slack.com\/files\/U05SVNV1YAJ\/F070TM3C6S3\/file.jpg",
                "permalink_public": "https:\/\/slack-files.com\/T7B710AL9-F070TM3C6S3-2bf2e896d4",
                "is_starred": false,
                "has_rich_preview": false,
                "file_access": "visible"
            }
        ],
        "upload": false,
        "user": "U05SVNV1YAJ",
        "display_as_bot": false,
        "type": "message",
        "ts": "1714441658.487559",
        "thread_ts": "1714441658.487559",
        "reply_count": 2,
        "reply_users_count": 2,
        "latest_reply": "1714496205.591789",
        "reply_users": [
            "U042N13FWNA",
            "U05SZEKSHPF"
        ],
        "replies": [
            {
                "user": "U042N13FWNA",
                "ts": "1714441706.255539"
            },
            {
                "user": "U05SZEKSHPF",
                "ts": "1714496205.591789"
            }
        ],
        "is_locked": false,
        "subscribed": false,
        "reactions": [
            {
                "name": "locked-in",
                "users": [
                    "U042N13FWNA",
                    "U041ACX3QCE",
                    "U01BGKQ3NCX",
                    "U05SZEKGNJ1",
                    "U01ANMM9XRS",
                    "U042TKFF6UT",
                    "U01AFT4NEPN",
                    "U019UV6JV4P",
                    "U02DDNUHHP1"
                ],
                "count": 9
            }
        ]
    },
    {
        "user": "U042N13FWNA",
        "type": "message",
        "ts": "1714441706.255539",
        "client_msg_id": "6F899487-180D-4152-90BD-EA7BEB78BB00",
        "text": "I was about to send the same LMFAO",
        "team": "T7B710AL9",
        "user_team": "T7B710AL9",
        "source_team": "T7B710AL9",
        "user_profile": {
            "avatar_hash": "9c9e2c75b9c6",
            "image_72": "https:\/\/avatars.slack-edge.com\/2024-05-06\/7075776976339_9c9e2c75b9c6fd3aa5d5_72.png",
            "first_name": "Sofia",
            "real_name": "Sofia Perez",
            "display_name": "Gofer",
            "team": "T7B710AL9",
            "name": "sperezb1",
            "is_restricted": false,
            "is_ultra_restricted": false
        },
        "thread_ts": "1714441658.487559",
        "parent_user_id": "U05SVNV1YAJ",
        "blocks": [
            {
                "type": "rich_text",
                "block_id": "jKYHn",
                "elements": [
                    {
                        "type": "rich_text_section",
                        "elements": [
                            {
                                "type": "text",
                                "text": "I was about to send the same LMFAO"
                            }
                        ]
                    }
                ]
            }
        ]
    }
]