[
    {
        "text": "Upward hand dryer ",
        "files": [
            {
                "id": "F06MD8UTDTN",
                "created": 1709226994,
                "timestamp": 1709226994,
                "name": "IMG_1907.jpg",
                "title": "IMG_1907",
                "mimetype": "image\/jpeg",
                "filetype": "jpg",
                "pretty_type": "JPEG",
                "user": "U02CV1EHJ1Y",
                "user_team": "T7B710AL9",
                "editable": false,
                "size": 706152,
                "mode": "hosted",
                "is_external": false,
                "external_type": "",
                "is_public": true,
                "public_url_shared": false,
                "display_as_bot": false,
                "username": "",
                "url_private": "https:\/\/files.slack.com\/files-pri\/T7B710AL9-F06MD8UTDTN\/img_1907.jpg?t=xoxe-249239010689-7383763303600-7346417720535-c8977b2d870e66a58192db1f0484baaa",
                "url_private_download": "https:\/\/files.slack.com\/files-pri\/T7B710AL9-F06MD8UTDTN\/download\/img_1907.jpg?t=xoxe-249239010689-7383763303600-7346417720535-c8977b2d870e66a58192db1f0484baaa",
                "media_display_type": "unknown",
                "thumb_64": "https:\/\/files.slack.com\/files-tmb\/T7B710AL9-F06MD8UTDTN-cd61524adb\/img_1907_64.jpg?t=xoxe-249239010689-7383763303600-7346417720535-c8977b2d870e66a58192db1f0484baaa",
                "thumb_80": "https:\/\/files.slack.com\/files-tmb\/T7B710AL9-F06MD8UTDTN-cd61524adb\/img_1907_80.jpg?t=xoxe-249239010689-7383763303600-7346417720535-c8977b2d870e66a58192db1f0484baaa",
                "thumb_360": "https:\/\/files.slack.com\/files-tmb\/T7B710AL9-F06MD8UTDTN-cd61524adb\/img_1907_360.jpg?t=xoxe-249239010689-7383763303600-7346417720535-c8977b2d870e66a58192db1f0484baaa",
                "thumb_360_w": 360,
                "thumb_360_h": 270,
                "thumb_480": "https:\/\/files.slack.com\/files-tmb\/T7B710AL9-F06MD8UTDTN-cd61524adb\/img_1907_480.jpg?t=xoxe-249239010689-7383763303600-7346417720535-c8977b2d870e66a58192db1f0484baaa",
                "thumb_480_w": 480,
                "thumb_480_h": 360,
                "thumb_160": "https:\/\/files.slack.com\/files-tmb\/T7B710AL9-F06MD8UTDTN-cd61524adb\/img_1907_160.jpg?t=xoxe-249239010689-7383763303600-7346417720535-c8977b2d870e66a58192db1f0484baaa",
                "thumb_720": "https:\/\/files.slack.com\/files-tmb\/T7B710AL9-F06MD8UTDTN-cd61524adb\/img_1907_720.jpg?t=xoxe-249239010689-7383763303600-7346417720535-c8977b2d870e66a58192db1f0484baaa",
                "thumb_720_w": 720,
                "thumb_720_h": 540,
                "thumb_800": "https:\/\/files.slack.com\/files-tmb\/T7B710AL9-F06MD8UTDTN-cd61524adb\/img_1907_800.jpg?t=xoxe-249239010689-7383763303600-7346417720535-c8977b2d870e66a58192db1f0484baaa",
                "thumb_800_w": 800,
                "thumb_800_h": 600,
                "thumb_960": "https:\/\/files.slack.com\/files-tmb\/T7B710AL9-F06MD8UTDTN-cd61524adb\/img_1907_960.jpg?t=xoxe-249239010689-7383763303600-7346417720535-c8977b2d870e66a58192db1f0484baaa",
                "thumb_960_w": 960,
                "thumb_960_h": 720,
                "thumb_1024": "https:\/\/files.slack.com\/files-tmb\/T7B710AL9-F06MD8UTDTN-cd61524adb\/img_1907_1024.jpg?t=xoxe-249239010689-7383763303600-7346417720535-c8977b2d870e66a58192db1f0484baaa",
                "thumb_1024_w": 1024,
                "thumb_1024_h": 768,
                "original_w": 4032,
                "original_h": 3024,
                "thumb_tiny": "AwAkADCxTgOOaSl57UALxScVE0blywfr2pvkv3cUASOMc9qaDSbdiYJzzQKQEhqGZgiliSBTTORJg9Ke6rLGVboaYECSh\/uk+4NPLBVy2T7CligWEHBJJ7mpMDHIoAYozz2p3alpCaQysOTk1NEeDUIqWLvQIlHSg0DpQaBiUnelpO9AH\/\/Z",
                "permalink": "https:\/\/swarthmoreultimate.slack.com\/files\/U02CV1EHJ1Y\/F06MD8UTDTN\/img_1907.jpg",
                "permalink_public": "https:\/\/slack-files.com\/T7B710AL9-F06MD8UTDTN-a28a50c05b",
                "is_starred": false,
                "has_rich_preview": false,
                "file_access": "visible"
            }
        ],
        "upload": false,
        "user": "U02CV1EHJ1Y",
        "display_as_bot": false,
        "blocks": [
            {
                "type": "rich_text",
                "block_id": "tB9YJ",
                "elements": [
                    {
                        "type": "rich_text_section",
                        "elements": [
                            {
                                "type": "text",
                                "text": "Upward hand dryer "
                            }
                        ]
                    }
                ]
            }
        ],
        "type": "message",
        "ts": "1709226998.462699",
        "client_msg_id": "13AD2EBC-8B97-4806-B580-C989B67E975A",
        "reactions": [
            {
                "name": "krabs",
                "users": [
                    "U01AFT4NEPN",
                    "U019UV6JV4P",
                    "U01AGFZUUSW",
                    "U042TKFF6UT",
                    "U01A1PNMU6B",
                    "U01ANMM9XRS",
                    "U01BGKQ3NCX",
                    "U042M4BL1GE"
                ],
                "count": 8
            }
        ]
    }
]