[
    {
        "user": "U02C9PX2DUP",
        "type": "message",
        "ts": "1709820093.288559",
        "client_msg_id": "9B681BD5-DC4E-4043-AE76-5D635AC47D33",
        "text": "Wait is he poem morally ambiguous or is it the fact that you were asking?",
        "team": "T7B710AL9",
        "user_team": "T7B710AL9",
        "source_team": "T7B710AL9",
        "user_profile": {
            "avatar_hash": "6451ef32688c",
            "image_72": "https:\/\/avatars.slack-edge.com\/2022-03-22\/3276350644949_6451ef32688c4721942d_72.png",
            "first_name": "Adin",
            "real_name": "Adin Aberbach",
            "display_name": "Adin",
            "team": "T7B710AL9",
            "name": "aaberba1",
            "is_restricted": false,
            "is_ultra_restricted": false
        },
        "thread_ts": "1709767234.882209",
        "parent_user_id": "U01AGFZUUSW",
        "blocks": [
            {
                "type": "rich_text",
                "block_id": "+yxEP",
                "elements": [
                    {
                        "type": "rich_text_section",
                        "elements": [
                            {
                                "type": "text",
                                "text": "Wait is he poem morally ambiguous or is it the fact that you were asking?"
                            }
                        ]
                    }
                ]
            }
        ]
    },
    {
        "text": "check the stance",
        "files": [
            {
                "id": "F06NFCDCG3X",
                "created": 1709864967,
                "timestamp": 1709864967,
                "name": "IMG_5277.jpg",
                "title": "IMG_5277",
                "mimetype": "image\/jpeg",
                "filetype": "jpg",
                "pretty_type": "JPEG",
                "user": "U05SUJ3EXMX",
                "user_team": "T7B710AL9",
                "editable": false,
                "size": 3614259,
                "mode": "hosted",
                "is_external": false,
                "external_type": "",
                "is_public": true,
                "public_url_shared": false,
                "display_as_bot": false,
                "username": "",
                "url_private": "https:\/\/files.slack.com\/files-pri\/T7B710AL9-F06NFCDCG3X\/img_5277.jpg?t=xoxe-249239010689-7383763303600-7346417720535-c8977b2d870e66a58192db1f0484baaa",
                "url_private_download": "https:\/\/files.slack.com\/files-pri\/T7B710AL9-F06NFCDCG3X\/download\/img_5277.jpg?t=xoxe-249239010689-7383763303600-7346417720535-c8977b2d870e66a58192db1f0484baaa",
                "media_display_type": "unknown",
                "thumb_64": "https:\/\/files.slack.com\/files-tmb\/T7B710AL9-F06NFCDCG3X-1844cd11a4\/img_5277_64.jpg?t=xoxe-249239010689-7383763303600-7346417720535-c8977b2d870e66a58192db1f0484baaa",
                "thumb_80": "https:\/\/files.slack.com\/files-tmb\/T7B710AL9-F06NFCDCG3X-1844cd11a4\/img_5277_80.jpg?t=xoxe-249239010689-7383763303600-7346417720535-c8977b2d870e66a58192db1f0484baaa",
                "thumb_360": "https:\/\/files.slack.com\/files-tmb\/T7B710AL9-F06NFCDCG3X-1844cd11a4\/img_5277_360.jpg?t=xoxe-249239010689-7383763303600-7346417720535-c8977b2d870e66a58192db1f0484baaa",
                "thumb_360_w": 270,
                "thumb_360_h": 360,
                "thumb_480": "https:\/\/files.slack.com\/files-tmb\/T7B710AL9-F06NFCDCG3X-1844cd11a4\/img_5277_480.jpg?t=xoxe-249239010689-7383763303600-7346417720535-c8977b2d870e66a58192db1f0484baaa",
                "thumb_480_w": 360,
                "thumb_480_h": 480,
                "thumb_160": "https:\/\/files.slack.com\/files-tmb\/T7B710AL9-F06NFCDCG3X-1844cd11a4\/img_5277_160.jpg?t=xoxe-249239010689-7383763303600-7346417720535-c8977b2d870e66a58192db1f0484baaa",
                "thumb_720": "https:\/\/files.slack.com\/files-tmb\/T7B710AL9-F06NFCDCG3X-1844cd11a4\/img_5277_720.jpg?t=xoxe-249239010689-7383763303600-7346417720535-c8977b2d870e66a58192db1f0484baaa",
                "thumb_720_w": 540,
                "thumb_720_h": 720,
                "thumb_800": "https:\/\/files.slack.com\/files-tmb\/T7B710AL9-F06NFCDCG3X-1844cd11a4\/img_5277_800.jpg?t=xoxe-249239010689-7383763303600-7346417720535-c8977b2d870e66a58192db1f0484baaa",
                "thumb_800_w": 800,
                "thumb_800_h": 1067,
                "thumb_960": "https:\/\/files.slack.com\/files-tmb\/T7B710AL9-F06NFCDCG3X-1844cd11a4\/img_5277_960.jpg?t=xoxe-249239010689-7383763303600-7346417720535-c8977b2d870e66a58192db1f0484baaa",
                "thumb_960_w": 720,
                "thumb_960_h": 960,
                "thumb_1024": "https:\/\/files.slack.com\/files-tmb\/T7B710AL9-F06NFCDCG3X-1844cd11a4\/img_5277_1024.jpg?t=xoxe-249239010689-7383763303600-7346417720535-c8977b2d870e66a58192db1f0484baaa",
                "thumb_1024_w": 768,
                "thumb_1024_h": 1024,
                "original_w": 3024,
                "original_h": 4032,
                "thumb_tiny": "AwAwACSQLnr1p\/AGTSZPQce5pwjBOSdxqGUMyW+4PxNAi5y5zUwFLigCPaBRtFS4o20hldXDsQrAnFMZhwCTk9MVC7SIRyV\/3arNIzSfMxqyDWi3MOafjHWsn7RN0ErUNPPjmQkfWlYZsheKNtYvnyn+Nvzo86X++3507AXGRWP3vwqnMhNwTwBmp80jYbhhkUxEAUZHvTnhdeoyB3FSqke7JHvTnf8Adn1x2oAq4oxQTRmgD\/\/Z",
                "permalink": "https:\/\/swarthmoreultimate.slack.com\/files\/U05SUJ3EXMX\/F06NFCDCG3X\/img_5277.jpg",
                "permalink_public": "https:\/\/slack-files.com\/T7B710AL9-F06NFCDCG3X-7ebe0730a5",
                "is_starred": false,
                "has_rich_preview": false,
                "file_access": "visible"
            }
        ],
        "upload": false,
        "user": "U05SUJ3EXMX",
        "display_as_bot": false,
        "blocks": [
            {
                "type": "rich_text",
                "block_id": "Qq0G",
                "elements": [
                    {
                        "type": "rich_text_section",
                        "elements": [
                            {
                                "type": "text",
                                "text": "check the stance"
                            }
                        ]
                    }
                ]
            }
        ],
        "type": "message",
        "ts": "1709864987.301339",
        "thread_ts": "1709864987.301339",
        "reply_count": 5,
        "reply_users_count": 4,
        "latest_reply": "1709873457.554259",
        "reply_users": [
            "U042N13FWNA",
            "U041ACX3QCE",
            "U05SUJ3EXMX",
            "U05SZEKGNJ1"
        ],
        "replies": [
            {
                "user": "U042N13FWNA",
                "ts": "1709865161.917019"
            },
            {
                "user": "U041ACX3QCE",
                "ts": "1709865422.272229"
            },
            {
                "user": "U05SUJ3EXMX",
                "ts": "1709865438.067209"
            },
            {
                "user": "U041ACX3QCE",
                "ts": "1709865447.278719"
            },
            {
                "user": "U05SZEKGNJ1",
                "ts": "1709873457.554259"
            }
        ],
        "is_locked": false,
        "subscribed": true,
        "last_read": "1709873457.554259"
    },
    {
        "user": "U042N13FWNA",
        "type": "message",
        "ts": "1709865161.917019",
        "client_msg_id": "EE6720D8-7203-4A22-B2E1-A70986EE051A",
        "text": "LMFAO",
        "team": "T7B710AL9",
        "user_team": "T7B710AL9",
        "source_team": "T7B710AL9",
        "user_profile": {
            "avatar_hash": "9c9e2c75b9c6",
            "image_72": "https:\/\/avatars.slack-edge.com\/2024-05-06\/7075776976339_9c9e2c75b9c6fd3aa5d5_72.png",
            "first_name": "Sofia",
            "real_name": "Sofia Perez",
            "display_name": "Gofer",
            "team": "T7B710AL9",
            "name": "sperezb1",
            "is_restricted": false,
            "is_ultra_restricted": false
        },
        "thread_ts": "1709864987.301339",
        "parent_user_id": "U05SUJ3EXMX",
        "blocks": [
            {
                "type": "rich_text",
                "block_id": "JZWIy",
                "elements": [
                    {
                        "type": "rich_text_section",
                        "elements": [
                            {
                                "type": "text",
                                "text": "LMFAO"
                            }
                        ]
                    }
                ]
            }
        ]
    },
    {
        "user": "U041ACX3QCE",
        "type": "message",
        "ts": "1709865422.272229",
        "client_msg_id": "ad45a6d0-6114-4ce5-a2fa-f64a41d0ed07",
        "text": "wait where even is this?",
        "team": "T7B710AL9",
        "user_team": "T7B710AL9",
        "source_team": "T7B710AL9",
        "user_profile": {
            "avatar_hash": "a0097a80caac",
            "image_72": "https:\/\/avatars.slack-edge.com\/2024-01-05\/6435175573364_a0097a80caac54b01d5f_72.png",
            "first_name": "Miles",
            "real_name": "Miles Fleisher",
            "display_name": "Miles",
            "team": "T7B710AL9",
            "name": "mfleish2",
            "is_restricted": false,
            "is_ultra_restricted": false
        },
        "thread_ts": "1709864987.301339",
        "parent_user_id": "U05SUJ3EXMX",
        "blocks": [
            {
                "type": "rich_text",
                "block_id": "7ukDB",
                "elements": [
                    {
                        "type": "rich_text_section",
                        "elements": [
                            {
                                "type": "text",
                                "text": "wait where even is this?"
                            }
                        ]
                    }
                ]
            }
        ]
    },
    {
        "user": "U05SUJ3EXMX",
        "type": "message",
        "ts": "1709865438.067209",
        "client_msg_id": "66F8EE42-407F-4C26-B01F-6426D354EE4F",
        "text": "IC",
        "team": "T7B710AL9",
        "user_team": "T7B710AL9",
        "source_team": "T7B710AL9",
        "user_profile": {
            "avatar_hash": "1cf493421d30",
            "image_72": "https:\/\/avatars.slack-edge.com\/2023-09-30\/5973377743906_1cf493421d3026bc7ce8_72.png",
            "first_name": "Rohan",
            "real_name": "Rohan Mandayam",
            "display_name": "Rohan",
            "team": "T7B710AL9",
            "name": "rmanday1",
            "is_restricted": false,
            "is_ultra_restricted": false
        },
        "thread_ts": "1709864987.301339",
        "parent_user_id": "U05SUJ3EXMX",
        "blocks": [
            {
                "type": "rich_text",
                "block_id": "\/Ez3T",
                "elements": [
                    {
                        "type": "rich_text_section",
                        "elements": [
                            {
                                "type": "text",
                                "text": "IC"
                            }
                        ]
                    }
                ]
            }
        ]
    },
    {
        "user": "U041ACX3QCE",
        "type": "message",
        "ts": "1709865447.278719",
        "client_msg_id": "fafda625-fcf2-438d-83af-65cdfae83ff6",
        "text": "ooooh, i just haven’t seen it from this angle ig",
        "team": "T7B710AL9",
        "user_team": "T7B710AL9",
        "source_team": "T7B710AL9",
        "user_profile": {
            "avatar_hash": "a0097a80caac",
            "image_72": "https:\/\/avatars.slack-edge.com\/2024-01-05\/6435175573364_a0097a80caac54b01d5f_72.png",
            "first_name": "Miles",
            "real_name": "Miles Fleisher",
            "display_name": "Miles",
            "team": "T7B710AL9",
            "name": "mfleish2",
            "is_restricted": false,
            "is_ultra_restricted": false
        },
        "thread_ts": "1709864987.301339",
        "parent_user_id": "U05SUJ3EXMX",
        "blocks": [
            {
                "type": "rich_text",
                "block_id": "o5\/yd",
                "elements": [
                    {
                        "type": "rich_text_section",
                        "elements": [
                            {
                                "type": "text",
                                "text": "ooooh, i just haven’t seen it from this angle ig"
                            }
                        ]
                    }
                ]
            }
        ]
    },
    {
        "user": "U05SZEKGNJ1",
        "type": "message",
        "ts": "1709873457.554259",
        "client_msg_id": "7DC477DB-7D60-480B-92AC-42F5C8DA5256",
        "text": "whatever it takes to increase productivity (it took 4 hours)",
        "team": "T7B710AL9",
        "user_team": "T7B710AL9",
        "source_team": "T7B710AL9",
        "user_profile": {
            "avatar_hash": "745c35a5d45f",
            "image_72": "https:\/\/avatars.slack-edge.com\/2023-10-08\/6031699380800_745c35a5d45f859ba293_72.png",
            "first_name": "Andrea",
            "real_name": "Andrea C",
            "display_name": "Hawk",
            "team": "T7B710AL9",
            "name": "acheah1",
            "is_restricted": false,
            "is_ultra_restricted": false
        },
        "thread_ts": "1709864987.301339",
        "parent_user_id": "U05SUJ3EXMX",
        "blocks": [
            {
                "type": "rich_text",
                "block_id": "xua1v",
                "elements": [
                    {
                        "type": "rich_text_section",
                        "elements": [
                            {
                                "type": "text",
                                "text": "whatever it takes to increase productivity (it took 4 hours)"
                            }
                        ]
                    }
                ]
            }
        ]
    }
]