[
    {
        "user": "U01ANMM9XRS",
        "type": "message",
        "ts": "1713748859.070529",
        "client_msg_id": "585C90AE-E7A5-4D7E-8661-F8C6FF52AC1C",
        "text": "Honestly would",
        "team": "T7B710AL9",
        "user_team": "T7B710AL9",
        "source_team": "T7B710AL9",
        "user_profile": {
            "avatar_hash": "8566e3437a98",
            "image_72": "https:\/\/avatars.slack-edge.com\/2024-05-17\/7148429624081_8566e3437a98c288ec27_72.png",
            "first_name": "Racc",
            "real_name": "Racc",
            "display_name": "",
            "team": "T7B710AL9",
            "name": "ifransa1",
            "is_restricted": false,
            "is_ultra_restricted": false
        },
        "thread_ts": "1712013560.366889",
        "parent_user_id": "U05SUJ3SMT3",
        "blocks": [
            {
                "type": "rich_text",
                "block_id": "4\/kan",
                "elements": [
                    {
                        "type": "rich_text_section",
                        "elements": [
                            {
                                "type": "text",
                                "text": "Honestly would"
                            }
                        ]
                    }
                ]
            }
        ]
    }
]