[
    {
        "text": "Buzz going to class and leaving her half eaten sandwich behind????",
        "files": [
            {
                "id": "F06GJQNCG5R",
                "created": 1706724762,
                "timestamp": 1706724762,
                "name": "IMG_9072.jpg",
                "title": "IMG_9072",
                "mimetype": "image\/jpeg",
                "filetype": "jpg",
                "pretty_type": "JPEG",
                "user": "U042TKFF6UT",
                "user_team": "T7B710AL9",
                "editable": false,
                "size": 948445,
                "mode": "hosted",
                "is_external": false,
                "external_type": "",
                "is_public": true,
                "public_url_shared": false,
                "display_as_bot": false,
                "username": "",
                "subtype": "slack_image",
                "url_private": "https:\/\/files.slack.com\/files-pri\/T7B710AL9-F06GJQNCG5R\/img_9072.jpg?t=xoxe-249239010689-7383763303600-7346417720535-c8977b2d870e66a58192db1f0484baaa",
                "url_private_download": "https:\/\/files.slack.com\/files-pri\/T7B710AL9-F06GJQNCG5R\/download\/img_9072.jpg?t=xoxe-249239010689-7383763303600-7346417720535-c8977b2d870e66a58192db1f0484baaa",
                "media_display_type": "unknown",
                "thumb_64": "https:\/\/files.slack.com\/files-tmb\/T7B710AL9-F06GJQNCG5R-c1a36b2631\/img_9072_64.jpg?t=xoxe-249239010689-7383763303600-7346417720535-c8977b2d870e66a58192db1f0484baaa",
                "thumb_80": "https:\/\/files.slack.com\/files-tmb\/T7B710AL9-F06GJQNCG5R-c1a36b2631\/img_9072_80.jpg?t=xoxe-249239010689-7383763303600-7346417720535-c8977b2d870e66a58192db1f0484baaa",
                "thumb_360": "https:\/\/files.slack.com\/files-tmb\/T7B710AL9-F06GJQNCG5R-c1a36b2631\/img_9072_360.jpg?t=xoxe-249239010689-7383763303600-7346417720535-c8977b2d870e66a58192db1f0484baaa",
                "thumb_360_w": 270,
                "thumb_360_h": 360,
                "thumb_480": "https:\/\/files.slack.com\/files-tmb\/T7B710AL9-F06GJQNCG5R-c1a36b2631\/img_9072_480.jpg?t=xoxe-249239010689-7383763303600-7346417720535-c8977b2d870e66a58192db1f0484baaa",
                "thumb_480_w": 360,
                "thumb_480_h": 480,
                "thumb_160": "https:\/\/files.slack.com\/files-tmb\/T7B710AL9-F06GJQNCG5R-c1a36b2631\/img_9072_160.jpg?t=xoxe-249239010689-7383763303600-7346417720535-c8977b2d870e66a58192db1f0484baaa",
                "thumb_720": "https:\/\/files.slack.com\/files-tmb\/T7B710AL9-F06GJQNCG5R-c1a36b2631\/img_9072_720.jpg?t=xoxe-249239010689-7383763303600-7346417720535-c8977b2d870e66a58192db1f0484baaa",
                "thumb_720_w": 540,
                "thumb_720_h": 720,
                "thumb_800": "https:\/\/files.slack.com\/files-tmb\/T7B710AL9-F06GJQNCG5R-c1a36b2631\/img_9072_800.jpg?t=xoxe-249239010689-7383763303600-7346417720535-c8977b2d870e66a58192db1f0484baaa",
                "thumb_800_w": 800,
                "thumb_800_h": 1067,
                "thumb_960": "https:\/\/files.slack.com\/files-tmb\/T7B710AL9-F06GJQNCG5R-c1a36b2631\/img_9072_960.jpg?t=xoxe-249239010689-7383763303600-7346417720535-c8977b2d870e66a58192db1f0484baaa",
                "thumb_960_w": 720,
                "thumb_960_h": 960,
                "thumb_1024": "https:\/\/files.slack.com\/files-tmb\/T7B710AL9-F06GJQNCG5R-c1a36b2631\/img_9072_1024.jpg?t=xoxe-249239010689-7383763303600-7346417720535-c8977b2d870e66a58192db1f0484baaa",
                "thumb_1024_w": 768,
                "thumb_1024_h": 1024,
                "original_w": 3024,
                "original_h": 4032,
                "thumb_tiny": "AwAwACR5kIcuMEYzTjIrtgnZj1qPdwvtUm0dWUcVNx2EuSqGPcw45pwucozeUTz61DJHG2AFHHpQlrH5O47g3XrTTCxDPMyOAD2yai+0P61JJF5khamfZ\/rRoFmSs+OtHm55zz7moGbPWnIAWGeRmlZFJvqSh2J5FWC\/7rGahaED7jEH06imFnH3hkeooSsF0yxGo20\/aKrrOoGORS\/aF9aYFQDdxU8acj2oRMdKkxgUkhNji1NAzzSHpTl6UySRQNoyAfqKXav91fyoHSloA\/\/Z",
                "permalink": "https:\/\/swarthmoreultimate.slack.com\/files\/U042TKFF6UT\/F06GJQNCG5R\/img_9072.jpg",
                "permalink_public": "https:\/\/slack-files.com\/T7B710AL9-F06GJQNCG5R-d3980a9289",
                "is_starred": false,
                "has_rich_preview": false,
                "file_access": "visible"
            }
        ],
        "upload": false,
        "user": "U042TKFF6UT",
        "display_as_bot": false,
        "blocks": [
            {
                "type": "rich_text",
                "block_id": "gEAnE",
                "elements": [
                    {
                        "type": "rich_text_section",
                        "elements": [
                            {
                                "type": "text",
                                "text": "Buzz going to class and leaving her half eaten sandwich behind????"
                            }
                        ]
                    }
                ]
            }
        ],
        "type": "message",
        "ts": "1706724773.361039",
        "client_msg_id": "958E3920-28D9-4B1E-AF14-757D392D54FE",
        "reactions": [
            {
                "name": "mateopog",
                "users": [
                    "U042N13FWNA",
                    "U01BGKQ3NCX",
                    "U01A5BQECAK",
                    "U01ANMM9XRS",
                    "U02DDNUHHP1",
                    "U041ACX3QCE",
                    "U019UV6JV4P",
                    "U02CH0X3XQE"
                ],
                "count": 8
            }
        ]
    },
    {
        "text": "Follow up.",
        "files": [
            {
                "id": "F06G4CRC747",
                "created": 1706725109,
                "timestamp": 1706725109,
                "name": "IMG_9073.jpg",
                "title": "IMG_9073",
                "mimetype": "image\/jpeg",
                "filetype": "jpg",
                "pretty_type": "JPEG",
                "user": "U042TKFF6UT",
                "user_team": "T7B710AL9",
                "editable": false,
                "size": 42766,
                "mode": "hosted",
                "is_external": false,
                "external_type": "",
                "is_public": true,
                "public_url_shared": false,
                "display_as_bot": false,
                "username": "",
                "url_private": "https:\/\/files.slack.com\/files-pri\/T7B710AL9-F06G4CRC747\/img_9073.jpg?t=xoxe-249239010689-7383763303600-7346417720535-c8977b2d870e66a58192db1f0484baaa",
                "url_private_download": "https:\/\/files.slack.com\/files-pri\/T7B710AL9-F06G4CRC747\/download\/img_9073.jpg?t=xoxe-249239010689-7383763303600-7346417720535-c8977b2d870e66a58192db1f0484baaa",
                "media_display_type": "unknown",
                "thumb_64": "https:\/\/files.slack.com\/files-tmb\/T7B710AL9-F06G4CRC747-055e851554\/img_9073_64.jpg?t=xoxe-249239010689-7383763303600-7346417720535-c8977b2d870e66a58192db1f0484baaa",
                "thumb_80": "https:\/\/files.slack.com\/files-tmb\/T7B710AL9-F06G4CRC747-055e851554\/img_9073_80.jpg?t=xoxe-249239010689-7383763303600-7346417720535-c8977b2d870e66a58192db1f0484baaa",
                "thumb_360": "https:\/\/files.slack.com\/files-tmb\/T7B710AL9-F06G4CRC747-055e851554\/img_9073_360.jpg?t=xoxe-249239010689-7383763303600-7346417720535-c8977b2d870e66a58192db1f0484baaa",
                "thumb_360_w": 360,
                "thumb_360_h": 192,
                "thumb_480": "https:\/\/files.slack.com\/files-tmb\/T7B710AL9-F06G4CRC747-055e851554\/img_9073_480.jpg?t=xoxe-249239010689-7383763303600-7346417720535-c8977b2d870e66a58192db1f0484baaa",
                "thumb_480_w": 480,
                "thumb_480_h": 256,
                "thumb_160": "https:\/\/files.slack.com\/files-tmb\/T7B710AL9-F06G4CRC747-055e851554\/img_9073_160.jpg?t=xoxe-249239010689-7383763303600-7346417720535-c8977b2d870e66a58192db1f0484baaa",
                "thumb_720": "https:\/\/files.slack.com\/files-tmb\/T7B710AL9-F06G4CRC747-055e851554\/img_9073_720.jpg?t=xoxe-249239010689-7383763303600-7346417720535-c8977b2d870e66a58192db1f0484baaa",
                "thumb_720_w": 720,
                "thumb_720_h": 384,
                "thumb_800": "https:\/\/files.slack.com\/files-tmb\/T7B710AL9-F06G4CRC747-055e851554\/img_9073_800.jpg?t=xoxe-249239010689-7383763303600-7346417720535-c8977b2d870e66a58192db1f0484baaa",
                "thumb_800_w": 800,
                "thumb_800_h": 427,
                "thumb_960": "https:\/\/files.slack.com\/files-tmb\/T7B710AL9-F06G4CRC747-055e851554\/img_9073_960.jpg?t=xoxe-249239010689-7383763303600-7346417720535-c8977b2d870e66a58192db1f0484baaa",
                "thumb_960_w": 960,
                "thumb_960_h": 512,
                "thumb_1024": "https:\/\/files.slack.com\/files-tmb\/T7B710AL9-F06G4CRC747-055e851554\/img_9073_1024.jpg?t=xoxe-249239010689-7383763303600-7346417720535-c8977b2d870e66a58192db1f0484baaa",
                "thumb_1024_w": 1024,
                "thumb_1024_h": 546,
                "original_w": 1170,
                "original_h": 624,
                "thumb_tiny": "AwAZADDPVFIyWANL5aY++Kjqe1KBm349s00ruwm7IaEX\/noKa6qF4cGrm6H1SjfF\/sfnV8nmRz+RQorQBQjIVaiuNvlHgA9qHTsrgp3dipRTv4KbWZoFFFFAE63TKoXavFEtwZI9hxj6VBR2p8zFyo\/\/2Q==",
                "permalink": "https:\/\/swarthmoreultimate.slack.com\/files\/U042TKFF6UT\/F06G4CRC747\/img_9073.jpg",
                "permalink_public": "https:\/\/slack-files.com\/T7B710AL9-F06G4CRC747-c3934e257f",
                "is_starred": false,
                "has_rich_preview": false,
                "file_access": "visible"
            }
        ],
        "upload": false,
        "user": "U042TKFF6UT",
        "display_as_bot": false,
        "blocks": [
            {
                "type": "rich_text",
                "block_id": "VXIhV",
                "elements": [
                    {
                        "type": "rich_text_section",
                        "elements": [
                            {
                                "type": "text",
                                "text": "Follow up."
                            }
                        ]
                    }
                ]
            }
        ],
        "type": "message",
        "ts": "1706725114.001869",
        "client_msg_id": "F2E1AB3B-3445-4F5C-9B79-D4C80EE4F24E",
        "thread_ts": "1706725114.001869",
        "reply_count": 2,
        "reply_users_count": 2,
        "latest_reply": "1706740437.645839",
        "reply_users": [
            "U01ANMM9XRS",
            "U02DDNUHHP1"
        ],
        "replies": [
            {
                "user": "U01ANMM9XRS",
                "ts": "1706733439.686699"
            },
            {
                "user": "U02DDNUHHP1",
                "ts": "1706740437.645839"
            }
        ],
        "is_locked": false,
        "subscribed": false,
        "reactions": [
            {
                "name": "face_with_rolling_eyes",
                "users": [
                    "U01AFT4NEPN",
                    "U01A1PNMU6B",
                    "U01DZ0DF0U8",
                    "U01BGKQ3NCX",
                    "U01A5BQECAK",
                    "U01ANMM9XRS",
                    "U02DDNUHHP1",
                    "U019UV6JV4P",
                    "U042M4BL1GE",
                    "U02CH0X3XQE"
                ],
                "count": 10
            }
        ]
    },
    {
        "user": "U01ANMM9XRS",
        "type": "message",
        "ts": "1706733439.686699",
        "client_msg_id": "797DD731-9653-4BF3-9269-825D499B32AE",
        "text": "Can u watch my sandwich is crazy :sob: :sob: :sob: ",
        "team": "T7B710AL9",
        "user_team": "T7B710AL9",
        "source_team": "T7B710AL9",
        "user_profile": {
            "avatar_hash": "8566e3437a98",
            "image_72": "https:\/\/avatars.slack-edge.com\/2024-05-17\/7148429624081_8566e3437a98c288ec27_72.png",
            "first_name": "Racc",
            "real_name": "Racc",
            "display_name": "",
            "team": "T7B710AL9",
            "name": "ifransa1",
            "is_restricted": false,
            "is_ultra_restricted": false
        },
        "thread_ts": "1706725114.001869",
        "parent_user_id": "U042TKFF6UT",
        "blocks": [
            {
                "type": "rich_text",
                "block_id": "N0G1a",
                "elements": [
                    {
                        "type": "rich_text_section",
                        "elements": [
                            {
                                "type": "text",
                                "text": "Can u watch my sandwich is crazy "
                            },
                            {
                                "type": "emoji",
                                "name": "sob",
                                "unicode": "1f62d"
                            },
                            {
                                "type": "text",
                                "text": " "
                            },
                            {
                                "type": "emoji",
                                "name": "sob",
                                "unicode": "1f62d"
                            },
                            {
                                "type": "text",
                                "text": " "
                            },
                            {
                                "type": "emoji",
                                "name": "sob",
                                "unicode": "1f62d"
                            },
                            {
                                "type": "text",
                                "text": " "
                            }
                        ]
                    }
                ]
            }
        ]
    },
    {
        "user": "U02DDNUHHP1",
        "type": "message",
        "ts": "1706740437.645839",
        "client_msg_id": "854EA540-0FC2-4605-A04B-39BFFD6CE83A",
        "text": "An exercise in trust :skull: ",
        "team": "T7B710AL9",
        "user_team": "T7B710AL9",
        "source_team": "T7B710AL9",
        "user_profile": {
            "avatar_hash": "2cabe4031773",
            "image_72": "https:\/\/avatars.slack-edge.com\/2024-03-23\/6863903325777_2cabe403177310e0db3b_72.png",
            "first_name": "Bethany",
            "real_name": "Bethany Winters",
            "display_name": "Buzz",
            "team": "T7B710AL9",
            "name": "bwinter1",
            "is_restricted": false,
            "is_ultra_restricted": false
        },
        "thread_ts": "1706725114.001869",
        "parent_user_id": "U042TKFF6UT",
        "blocks": [
            {
                "type": "rich_text",
                "block_id": "XEypr",
                "elements": [
                    {
                        "type": "rich_text_section",
                        "elements": [
                            {
                                "type": "text",
                                "text": "An exercise in trust "
                            },
                            {
                                "type": "emoji",
                                "name": "skull",
                                "unicode": "1f480"
                            },
                            {
                                "type": "text",
                                "text": " "
                            }
                        ]
                    }
                ]
            }
        ]
    }
]