[
    {
        "text": "",
        "files": [
            {
                "id": "F06FZFWTNBH",
                "created": 1706669719,
                "timestamp": 1706669719,
                "name": "IMG_9505.jpg",
                "title": "IMG_9505",
                "mimetype": "image\/jpeg",
                "filetype": "jpg",
                "pretty_type": "JPEG",
                "user": "U01ANMM9XRS",
                "user_team": "T7B710AL9",
                "editable": false,
                "size": 2435838,
                "mode": "hosted",
                "is_external": false,
                "external_type": "",
                "is_public": true,
                "public_url_shared": false,
                "display_as_bot": false,
                "username": "",
                "url_private": "https:\/\/files.slack.com\/files-pri\/T7B710AL9-F06FZFWTNBH\/img_9505.jpg?t=xoxe-249239010689-7383763303600-7346417720535-c8977b2d870e66a58192db1f0484baaa",
                "url_private_download": "https:\/\/files.slack.com\/files-pri\/T7B710AL9-F06FZFWTNBH\/download\/img_9505.jpg?t=xoxe-249239010689-7383763303600-7346417720535-c8977b2d870e66a58192db1f0484baaa",
                "media_display_type": "unknown",
                "thumb_64": "https:\/\/files.slack.com\/files-tmb\/T7B710AL9-F06FZFWTNBH-a370d5afc1\/img_9505_64.jpg?t=xoxe-249239010689-7383763303600-7346417720535-c8977b2d870e66a58192db1f0484baaa",
                "thumb_80": "https:\/\/files.slack.com\/files-tmb\/T7B710AL9-F06FZFWTNBH-a370d5afc1\/img_9505_80.jpg?t=xoxe-249239010689-7383763303600-7346417720535-c8977b2d870e66a58192db1f0484baaa",
                "thumb_360": "https:\/\/files.slack.com\/files-tmb\/T7B710AL9-F06FZFWTNBH-a370d5afc1\/img_9505_360.jpg?t=xoxe-249239010689-7383763303600-7346417720535-c8977b2d870e66a58192db1f0484baaa",
                "thumb_360_w": 270,
                "thumb_360_h": 360,
                "thumb_480": "https:\/\/files.slack.com\/files-tmb\/T7B710AL9-F06FZFWTNBH-a370d5afc1\/img_9505_480.jpg?t=xoxe-249239010689-7383763303600-7346417720535-c8977b2d870e66a58192db1f0484baaa",
                "thumb_480_w": 360,
                "thumb_480_h": 480,
                "thumb_160": "https:\/\/files.slack.com\/files-tmb\/T7B710AL9-F06FZFWTNBH-a370d5afc1\/img_9505_160.jpg?t=xoxe-249239010689-7383763303600-7346417720535-c8977b2d870e66a58192db1f0484baaa",
                "thumb_720": "https:\/\/files.slack.com\/files-tmb\/T7B710AL9-F06FZFWTNBH-a370d5afc1\/img_9505_720.jpg?t=xoxe-249239010689-7383763303600-7346417720535-c8977b2d870e66a58192db1f0484baaa",
                "thumb_720_w": 540,
                "thumb_720_h": 720,
                "thumb_800": "https:\/\/files.slack.com\/files-tmb\/T7B710AL9-F06FZFWTNBH-a370d5afc1\/img_9505_800.jpg?t=xoxe-249239010689-7383763303600-7346417720535-c8977b2d870e66a58192db1f0484baaa",
                "thumb_800_w": 800,
                "thumb_800_h": 1067,
                "thumb_960": "https:\/\/files.slack.com\/files-tmb\/T7B710AL9-F06FZFWTNBH-a370d5afc1\/img_9505_960.jpg?t=xoxe-249239010689-7383763303600-7346417720535-c8977b2d870e66a58192db1f0484baaa",
                "thumb_960_w": 720,
                "thumb_960_h": 960,
                "thumb_1024": "https:\/\/files.slack.com\/files-tmb\/T7B710AL9-F06FZFWTNBH-a370d5afc1\/img_9505_1024.jpg?t=xoxe-249239010689-7383763303600-7346417720535-c8977b2d870e66a58192db1f0484baaa",
                "thumb_1024_w": 768,
                "thumb_1024_h": 1024,
                "original_w": 3024,
                "original_h": 4032,
                "thumb_tiny": "AwAwACSRQaeB7GmrnA5qUEY60ANK5HQ03YB2qXI9RSGgCLFJinkUmKABM4GKkBPpUKkYGakB96AH59qQ0Z96aTSAQ9aKQnmkzTAiVqcGFVTDcDs34Uw+evXI+oNAF\/cKNwrP86UdxS+fJ7GgC8Wo3VS8+T+6KPPk9BQM\/9k=",
                "permalink": "https:\/\/swarthmoreultimate.slack.com\/files\/U01ANMM9XRS\/F06FZFWTNBH\/img_9505.jpg",
                "permalink_public": "https:\/\/slack-files.com\/T7B710AL9-F06FZFWTNBH-94a52d1ec0",
                "is_starred": false,
                "has_rich_preview": false,
                "file_access": "visible"
            }
        ],
        "upload": false,
        "user": "U01ANMM9XRS",
        "display_as_bot": false,
        "type": "message",
        "ts": "1706669725.632969",
        "client_msg_id": "0B1C33D8-CD0F-405F-B752-FBA9A92A8285",
        "reactions": [
            {
                "name": "clown-grace",
                "users": [
                    "U042N13FWNA",
                    "U01AFT4NEPN",
                    "U05SWFZNR18",
                    "U041ACX3QCE",
                    "U042TKFF6UT",
                    "U01BGKQ3NCX",
                    "U019UV6JV4P",
                    "U02MFDM09RB"
                ],
                "count": 8
            }
        ]
    }
]