[
    {
        "text": "Fuze's attendance",
        "files": [
            {
                "id": "F070QHBAF9N",
                "created": 1713800254,
                "timestamp": 1713800254,
                "name": "image.png",
                "title": "image.png",
                "mimetype": "image\/png",
                "filetype": "png",
                "pretty_type": "PNG",
                "user": "U01ANMM9XRS",
                "user_team": "T7B710AL9",
                "editable": false,
                "size": 71283,
                "mode": "hosted",
                "is_external": false,
                "external_type": "",
                "is_public": true,
                "public_url_shared": false,
                "display_as_bot": false,
                "username": "",
                "url_private": "https:\/\/files.slack.com\/files-pri\/T7B710AL9-F070QHBAF9N\/image.png?t=xoxe-249239010689-7383763303600-7346417720535-c8977b2d870e66a58192db1f0484baaa",
                "url_private_download": "https:\/\/files.slack.com\/files-pri\/T7B710AL9-F070QHBAF9N\/download\/image.png?t=xoxe-249239010689-7383763303600-7346417720535-c8977b2d870e66a58192db1f0484baaa",
                "media_display_type": "unknown",
                "thumb_64": "https:\/\/files.slack.com\/files-tmb\/T7B710AL9-F070QHBAF9N-d868f5a8bb\/image_64.png?t=xoxe-249239010689-7383763303600-7346417720535-c8977b2d870e66a58192db1f0484baaa",
                "thumb_80": "https:\/\/files.slack.com\/files-tmb\/T7B710AL9-F070QHBAF9N-d868f5a8bb\/image_80.png?t=xoxe-249239010689-7383763303600-7346417720535-c8977b2d870e66a58192db1f0484baaa",
                "thumb_360": "https:\/\/files.slack.com\/files-tmb\/T7B710AL9-F070QHBAF9N-d868f5a8bb\/image_360.png?t=xoxe-249239010689-7383763303600-7346417720535-c8977b2d870e66a58192db1f0484baaa",
                "thumb_360_w": 360,
                "thumb_360_h": 249,
                "thumb_480": "https:\/\/files.slack.com\/files-tmb\/T7B710AL9-F070QHBAF9N-d868f5a8bb\/image_480.png?t=xoxe-249239010689-7383763303600-7346417720535-c8977b2d870e66a58192db1f0484baaa",
                "thumb_480_w": 480,
                "thumb_480_h": 332,
                "thumb_160": "https:\/\/files.slack.com\/files-tmb\/T7B710AL9-F070QHBAF9N-d868f5a8bb\/image_160.png?t=xoxe-249239010689-7383763303600-7346417720535-c8977b2d870e66a58192db1f0484baaa",
                "thumb_720": "https:\/\/files.slack.com\/files-tmb\/T7B710AL9-F070QHBAF9N-d868f5a8bb\/image_720.png?t=xoxe-249239010689-7383763303600-7346417720535-c8977b2d870e66a58192db1f0484baaa",
                "thumb_720_w": 720,
                "thumb_720_h": 498,
                "thumb_800": "https:\/\/files.slack.com\/files-tmb\/T7B710AL9-F070QHBAF9N-d868f5a8bb\/image_800.png?t=xoxe-249239010689-7383763303600-7346417720535-c8977b2d870e66a58192db1f0484baaa",
                "thumb_800_w": 800,
                "thumb_800_h": 553,
                "thumb_960": "https:\/\/files.slack.com\/files-tmb\/T7B710AL9-F070QHBAF9N-d868f5a8bb\/image_960.png?t=xoxe-249239010689-7383763303600-7346417720535-c8977b2d870e66a58192db1f0484baaa",
                "thumb_960_w": 960,
                "thumb_960_h": 664,
                "thumb_1024": "https:\/\/files.slack.com\/files-tmb\/T7B710AL9-F070QHBAF9N-d868f5a8bb\/image_1024.png?t=xoxe-249239010689-7383763303600-7346417720535-c8977b2d870e66a58192db1f0484baaa",
                "thumb_1024_w": 1024,
                "thumb_1024_h": 708,
                "original_w": 1237,
                "original_h": 855,
                "thumb_tiny": "AwAhADC\/sOe4+ho2cHJNPYjbySB7UcbeDmgBvlD1P50nlr6tQdgPUjFDbQOfwp3FYPLX1al8oerfnSDaenOOtA2Z6n6UXAUqf7zfnRtOM5P405un+NHRPwpDDBz1o5pm8560bz60AP5owfWmbzRvPrQBJSN900tI33TQBFRRRTGFFFFMD\/\/Z",
                "permalink": "https:\/\/swarthmoreultimate.slack.com\/files\/U01ANMM9XRS\/F070QHBAF9N\/image.png",
                "permalink_public": "https:\/\/slack-files.com\/T7B710AL9-F070QHBAF9N-0723b45330",
                "is_starred": false,
                "has_rich_preview": false,
                "file_access": "visible"
            }
        ],
        "upload": false,
        "user": "U01ANMM9XRS",
        "display_as_bot": false,
        "blocks": [
            {
                "type": "rich_text",
                "block_id": "4pouW",
                "elements": [
                    {
                        "type": "rich_text_section",
                        "elements": [
                            {
                                "type": "text",
                                "text": "Fuze's attendance"
                            }
                        ]
                    }
                ]
            }
        ],
        "type": "message",
        "ts": "1713800260.389859",
        "client_msg_id": "71e34805-56a8-456b-b0d5-7412298a23b3",
        "reactions": [
            {
                "name": "fuzeytube",
                "users": [
                    "U042N13FWNA",
                    "U01A1PNMU6B",
                    "U042TKFF6UT",
                    "U05SWFZNR18",
                    "U01AFT4NEPN",
                    "U019UV6JV4P",
                    "U0446E8TCHX",
                    "U02CV1EHJ1Y",
                    "U01DZ0DF0U8",
                    "U01BGKQ3NCX"
                ],
                "count": 10
            },
            {
                "name": "tongue",
                "users": [
                    "U01A1PNMU6B",
                    "U042TKFF6UT",
                    "U05SWFZNR18",
                    "U01AFT4NEPN",
                    "U019UV6JV4P",
                    "U042M4BL1GE",
                    "U0446E8TCHX",
                    "U02CV1EHJ1Y",
                    "U01DZ0DF0U8",
                    "U01BGKQ3NCX"
                ],
                "count": 10
            }
        ]
    }
]