[
    {
        "text": "effectively one outlet",
        "files": [
            {
                "id": "F06QY3WRPPX",
                "created": 1711220367,
                "timestamp": 1711220367,
                "name": "IMG_5556.jpg",
                "title": "IMG_5556",
                "mimetype": "image\/jpeg",
                "filetype": "jpg",
                "pretty_type": "JPEG",
                "user": "U05SUJ3EXMX",
                "user_team": "T7B710AL9",
                "editable": false,
                "size": 3665583,
                "mode": "hosted",
                "is_external": false,
                "external_type": "",
                "is_public": true,
                "public_url_shared": false,
                "display_as_bot": false,
                "username": "",
                "url_private": "https:\/\/files.slack.com\/files-pri\/T7B710AL9-F06QY3WRPPX\/img_5556.jpg?t=xoxe-249239010689-7383763303600-7346417720535-c8977b2d870e66a58192db1f0484baaa",
                "url_private_download": "https:\/\/files.slack.com\/files-pri\/T7B710AL9-F06QY3WRPPX\/download\/img_5556.jpg?t=xoxe-249239010689-7383763303600-7346417720535-c8977b2d870e66a58192db1f0484baaa",
                "media_display_type": "unknown",
                "thumb_64": "https:\/\/files.slack.com\/files-tmb\/T7B710AL9-F06QY3WRPPX-591aa89452\/img_5556_64.jpg?t=xoxe-249239010689-7383763303600-7346417720535-c8977b2d870e66a58192db1f0484baaa",
                "thumb_80": "https:\/\/files.slack.com\/files-tmb\/T7B710AL9-F06QY3WRPPX-591aa89452\/img_5556_80.jpg?t=xoxe-249239010689-7383763303600-7346417720535-c8977b2d870e66a58192db1f0484baaa",
                "thumb_360": "https:\/\/files.slack.com\/files-tmb\/T7B710AL9-F06QY3WRPPX-591aa89452\/img_5556_360.jpg?t=xoxe-249239010689-7383763303600-7346417720535-c8977b2d870e66a58192db1f0484baaa",
                "thumb_360_w": 270,
                "thumb_360_h": 360,
                "thumb_480": "https:\/\/files.slack.com\/files-tmb\/T7B710AL9-F06QY3WRPPX-591aa89452\/img_5556_480.jpg?t=xoxe-249239010689-7383763303600-7346417720535-c8977b2d870e66a58192db1f0484baaa",
                "thumb_480_w": 360,
                "thumb_480_h": 480,
                "thumb_160": "https:\/\/files.slack.com\/files-tmb\/T7B710AL9-F06QY3WRPPX-591aa89452\/img_5556_160.jpg?t=xoxe-249239010689-7383763303600-7346417720535-c8977b2d870e66a58192db1f0484baaa",
                "thumb_720": "https:\/\/files.slack.com\/files-tmb\/T7B710AL9-F06QY3WRPPX-591aa89452\/img_5556_720.jpg?t=xoxe-249239010689-7383763303600-7346417720535-c8977b2d870e66a58192db1f0484baaa",
                "thumb_720_w": 540,
                "thumb_720_h": 720,
                "thumb_800": "https:\/\/files.slack.com\/files-tmb\/T7B710AL9-F06QY3WRPPX-591aa89452\/img_5556_800.jpg?t=xoxe-249239010689-7383763303600-7346417720535-c8977b2d870e66a58192db1f0484baaa",
                "thumb_800_w": 800,
                "thumb_800_h": 1067,
                "thumb_960": "https:\/\/files.slack.com\/files-tmb\/T7B710AL9-F06QY3WRPPX-591aa89452\/img_5556_960.jpg?t=xoxe-249239010689-7383763303600-7346417720535-c8977b2d870e66a58192db1f0484baaa",
                "thumb_960_w": 720,
                "thumb_960_h": 960,
                "thumb_1024": "https:\/\/files.slack.com\/files-tmb\/T7B710AL9-F06QY3WRPPX-591aa89452\/img_5556_1024.jpg?t=xoxe-249239010689-7383763303600-7346417720535-c8977b2d870e66a58192db1f0484baaa",
                "thumb_1024_w": 768,
                "thumb_1024_h": 1024,
                "original_w": 3024,
                "original_h": 4032,
                "thumb_tiny": "AwAwACRCzAZOOabndnOOTgU0sScelTLbttDO20dfehsCHcwGMD5u9Jn529uMVL5aMQFfP41FJG0RwecnqO9FwGc\/wkgHtRlv7x\/OmbvY0bvr+dIC5AoaXJxxzimzzB3JY\/Kp4H9afbcTOOOahnjKM4wOeme9LqMkXy5WVM8kbumKYpMvyk8AnmpYhIrqx2hQuD61FFneemCSf1oAY+1WIAHFJuHoPyFJJuLk9abhvSmBZYlfnGVbNStLHIu2UBT700gnGeueajIO1mbhulNoVx7JGB98Y9C1V5CDwh\/E04p8pPtTSp4B9+1KwDAzkdM0u5\/QUijA6\/pS\/j+lAz\/\/2Q==",
                "permalink": "https:\/\/swarthmoreultimate.slack.com\/files\/U05SUJ3EXMX\/F06QY3WRPPX\/img_5556.jpg",
                "permalink_public": "https:\/\/slack-files.com\/T7B710AL9-F06QY3WRPPX-8f56fac5d7",
                "is_starred": false,
                "has_rich_preview": false,
                "file_access": "visible"
            }
        ],
        "upload": false,
        "user": "U05SUJ3EXMX",
        "display_as_bot": false,
        "blocks": [
            {
                "type": "rich_text",
                "block_id": "V9gAz",
                "elements": [
                    {
                        "type": "rich_text_section",
                        "elements": [
                            {
                                "type": "text",
                                "text": "effectively one outlet"
                            }
                        ]
                    }
                ]
            }
        ],
        "type": "message",
        "ts": "1711220378.985469",
        "reactions": [
            {
                "name": "red-sus",
                "users": [
                    "U01AFT4NEPN",
                    "U041ACX3QCE",
                    "U01ANMM9XRS",
                    "U01AGFZUUSW",
                    "U01BGKQ3NCX",
                    "U019UV6JV4P"
                ],
                "count": 6
            }
        ]
    }
]