[
    {
        "user": "U01AFT4NEPN",
        "type": "message",
        "ts": "1708816987.404119",
        "client_msg_id": "CDC49E81-AC4D-43EC-9A59-D0450596418F",
        "text": "Michael used the Wawa soda dispenser to wash his hands",
        "team": "T7B710AL9",
        "user_team": "T7B710AL9",
        "source_team": "T7B710AL9",
        "user_profile": {
            "avatar_hash": "48db12d99e86",
            "image_72": "https:\/\/avatars.slack-edge.com\/2024-04-25\/7009387655319_48db12d99e86f89eb51b_72.png",
            "first_name": "Ryan",
            "real_name": "Ryan Jin",
            "display_name": "Chef",
            "team": "T7B710AL9",
            "name": "rjin1",
            "is_restricted": false,
            "is_ultra_restricted": false
        },
        "blocks": [
            {
                "type": "rich_text",
                "block_id": "7NE4i",
                "elements": [
                    {
                        "type": "rich_text_section",
                        "elements": [
                            {
                                "type": "text",
                                "text": "Michael used the Wawa soda dispenser to wash his hands"
                            }
                        ]
                    }
                ]
            }
        ],
        "reactions": [
            {
                "name": "water_of_questionable_potability",
                "users": [
                    "U01ANMM9XRS",
                    "U0412DQJWEB",
                    "U01AFT4NEPN",
                    "U0446E8TCHX",
                    "U042M4BL1GE",
                    "U01BGKQ3NCX",
                    "U019UV6JV4P",
                    "U05SWFZNR18",
                    "U042TKFF6UT",
                    "U01DZ0DF0U8"
                ],
                "count": 10
            },
            {
                "name": "holy-moly",
                "users": [
                    "U05SUJ3EXMX",
                    "U0412DQG11D",
                    "U019UV6JV4P",
                    "U042TKFF6UT",
                    "U01ANMM9XRS"
                ],
                "count": 5
            }
        ]
    },
    {
        "user": "U0412DQJWEB",
        "type": "message",
        "ts": "1708817832.654039",
        "client_msg_id": "17D5DF43-000A-42B2-9EFA-1B8A143624FB",
        "text": "akiva is currently 3% diet root beer by mass",
        "team": "T7B710AL9",
        "user_team": "T7B710AL9",
        "source_team": "T7B710AL9",
        "user_profile": {
            "avatar_hash": "e2ca6d385ade",
            "image_72": "https:\/\/avatars.slack-edge.com\/2023-03-21\/4982933200437_e2ca6d385ade4ca78db0_72.png",
            "first_name": "Jude",
            "real_name": "Jude Hemmins",
            "display_name": "Jude",
            "team": "T7B710AL9",
            "name": "jhemmin1",
            "is_restricted": false,
            "is_ultra_restricted": false
        },
        "blocks": [
            {
                "type": "rich_text",
                "block_id": "ibJhE",
                "elements": [
                    {
                        "type": "rich_text_section",
                        "elements": [
                            {
                                "type": "text",
                                "text": "akiva is currently 3% diet root beer by mass"
                            }
                        ]
                    }
                ]
            }
        ],
        "reactions": [
            {
                "name": "sounds-fire",
                "users": [
                    "U01ANMM9XRS",
                    "U0412DQJWEB",
                    "U01AFT4NEPN",
                    "U01A1PNMU6B",
                    "U042M4BL1GE",
                    "U01BGKQ3NCX",
                    "U0412DQG11D",
                    "U019UV6JV4P",
                    "U042TKFF6UT",
                    "U02CH0X3XQE",
                    "U041ACX3QCE"
                ],
                "count": 11
            }
        ]
    }
]