[
    {
        "user": "U01ANMM9XRS",
        "type": "message",
        "ts": "1707580473.599109",
        "client_msg_id": "5884D6F6-0104-497A-9C1C-CDB35648B34E",
        "text": "Septa guy keeps making eye contact w Isaac and wiggling his eyebrows",
        "team": "T7B710AL9",
        "user_team": "T7B710AL9",
        "source_team": "T7B710AL9",
        "user_profile": {
            "avatar_hash": "8566e3437a98",
            "image_72": "https:\/\/avatars.slack-edge.com\/2024-05-17\/7148429624081_8566e3437a98c288ec27_72.png",
            "first_name": "Racc",
            "real_name": "Racc",
            "display_name": "",
            "team": "T7B710AL9",
            "name": "ifransa1",
            "is_restricted": false,
            "is_ultra_restricted": false
        },
        "blocks": [
            {
                "type": "rich_text",
                "block_id": "N3CXU",
                "elements": [
                    {
                        "type": "rich_text_section",
                        "elements": [
                            {
                                "type": "text",
                                "text": "Septa guy keeps making eye contact w Isaac and wiggling his eyebrows"
                            }
                        ]
                    }
                ]
            }
        ],
        "reactions": [
            {
                "name": "face_with_raised_eyebrow",
                "users": [
                    "U02CH0X3XQE",
                    "U01AFT4NEPN",
                    "U042N13FWNA",
                    "U01A1PNMU6B",
                    "U041ACX3QCE",
                    "U019UV6JV4P",
                    "U01BGKQ3NCX",
                    "U042TKFF6UT"
                ],
                "count": 8
            },
            {
                "name": "partyparrot",
                "users": [
                    "U02CH0X3XQE",
                    "U01AFT4NEPN",
                    "U042N13FWNA",
                    "U01A1PNMU6B",
                    "U041ACX3QCE",
                    "U01BGKQ3NCX",
                    "U042M4BL1GE",
                    "U042TKFF6UT"
                ],
                "count": 8
            }
        ]
    }
]