[
    {
        "user": "U01AFT4NEPN",
        "type": "message",
        "ts": "1711063921.896239",
        "client_msg_id": "A6D0CE09-81B8-4B5E-A01D-0897AA58E3D3",
        "text": "Annabel posted scarlet van content on the swat writing center Instagram ",
        "team": "T7B710AL9",
        "user_team": "T7B710AL9",
        "source_team": "T7B710AL9",
        "user_profile": {
            "avatar_hash": "48db12d99e86",
            "image_72": "https:\/\/avatars.slack-edge.com\/2024-04-25\/7009387655319_48db12d99e86f89eb51b_72.png",
            "first_name": "Ryan",
            "real_name": "Ryan Jin",
            "display_name": "Chef",
            "team": "T7B710AL9",
            "name": "rjin1",
            "is_restricted": false,
            "is_ultra_restricted": false
        },
        "thread_ts": "1711063921.896239",
        "reply_count": 1,
        "reply_users_count": 1,
        "latest_reply": "1711137797.690349",
        "reply_users": [
            "U01BGKQ3NCX"
        ],
        "replies": [
            {
                "user": "U01BGKQ3NCX",
                "ts": "1711137797.690349"
            }
        ],
        "is_locked": false,
        "subscribed": false,
        "blocks": [
            {
                "type": "rich_text",
                "block_id": "KKpXB",
                "elements": [
                    {
                        "type": "rich_text_section",
                        "elements": [
                            {
                                "type": "text",
                                "text": "Annabel posted scarlet van content on the swat writing center Instagram "
                            }
                        ]
                    }
                ]
            }
        ],
        "reactions": [
            {
                "name": "judge-annabel",
                "users": [
                    "U019UV6JV4P",
                    "U01BGKQ3NCX",
                    "U02MFDM09RB"
                ],
                "count": 3
            }
        ]
    },
    {
        "text": "??? this is a kids game ???",
        "files": [
            {
                "id": "F06RG3AD5UY",
                "created": 1711071058,
                "timestamp": 1711071058,
                "name": "IMG_0958.jpg",
                "title": "IMG_0958",
                "mimetype": "image\/jpeg",
                "filetype": "jpg",
                "pretty_type": "JPEG",
                "user": "U0446E8TCHX",
                "user_team": "T7B710AL9",
                "editable": false,
                "size": 55328,
                "mode": "hosted",
                "is_external": false,
                "external_type": "",
                "is_public": true,
                "public_url_shared": false,
                "display_as_bot": false,
                "username": "",
                "url_private": "https:\/\/files.slack.com\/files-pri\/T7B710AL9-F06RG3AD5UY\/img_0958.jpg?t=xoxe-249239010689-7383763303600-7346417720535-c8977b2d870e66a58192db1f0484baaa",
                "url_private_download": "https:\/\/files.slack.com\/files-pri\/T7B710AL9-F06RG3AD5UY\/download\/img_0958.jpg?t=xoxe-249239010689-7383763303600-7346417720535-c8977b2d870e66a58192db1f0484baaa",
                "media_display_type": "unknown",
                "thumb_64": "https:\/\/files.slack.com\/files-tmb\/T7B710AL9-F06RG3AD5UY-0dadaf8809\/img_0958_64.jpg?t=xoxe-249239010689-7383763303600-7346417720535-c8977b2d870e66a58192db1f0484baaa",
                "thumb_80": "https:\/\/files.slack.com\/files-tmb\/T7B710AL9-F06RG3AD5UY-0dadaf8809\/img_0958_80.jpg?t=xoxe-249239010689-7383763303600-7346417720535-c8977b2d870e66a58192db1f0484baaa",
                "thumb_360": "https:\/\/files.slack.com\/files-tmb\/T7B710AL9-F06RG3AD5UY-0dadaf8809\/img_0958_360.jpg?t=xoxe-249239010689-7383763303600-7346417720535-c8977b2d870e66a58192db1f0484baaa",
                "thumb_360_w": 360,
                "thumb_360_h": 237,
                "thumb_480": "https:\/\/files.slack.com\/files-tmb\/T7B710AL9-F06RG3AD5UY-0dadaf8809\/img_0958_480.jpg?t=xoxe-249239010689-7383763303600-7346417720535-c8977b2d870e66a58192db1f0484baaa",
                "thumb_480_w": 480,
                "thumb_480_h": 316,
                "thumb_160": "https:\/\/files.slack.com\/files-tmb\/T7B710AL9-F06RG3AD5UY-0dadaf8809\/img_0958_160.jpg?t=xoxe-249239010689-7383763303600-7346417720535-c8977b2d870e66a58192db1f0484baaa",
                "thumb_720": "https:\/\/files.slack.com\/files-tmb\/T7B710AL9-F06RG3AD5UY-0dadaf8809\/img_0958_720.jpg?t=xoxe-249239010689-7383763303600-7346417720535-c8977b2d870e66a58192db1f0484baaa",
                "thumb_720_w": 720,
                "thumb_720_h": 474,
                "thumb_800": "https:\/\/files.slack.com\/files-tmb\/T7B710AL9-F06RG3AD5UY-0dadaf8809\/img_0958_800.jpg?t=xoxe-249239010689-7383763303600-7346417720535-c8977b2d870e66a58192db1f0484baaa",
                "thumb_800_w": 800,
                "thumb_800_h": 527,
                "thumb_960": "https:\/\/files.slack.com\/files-tmb\/T7B710AL9-F06RG3AD5UY-0dadaf8809\/img_0958_960.jpg?t=xoxe-249239010689-7383763303600-7346417720535-c8977b2d870e66a58192db1f0484baaa",
                "thumb_960_w": 960,
                "thumb_960_h": 633,
                "original_w": 997,
                "original_h": 657,
                "thumb_tiny": "AwAfADCpH87gP0FSmFeyn9aZCfnPX7p6VY3+7flT17BZvYhaJdvCkH1qEL61c3rgZbmoE701r0E7rcb8ucH880hUHpTs\/LjaPypyqQpzVcthyshkZw2TmpQSRkBsfSol5Jp4bCMu0Env3FUr8t0iL6injkgj8KYDg0CJyMgn9KXyX9T+lDl3E9RdwznFDNmm7SpweT70Y4qkribP\/9k=",
                "permalink": "https:\/\/swarthmoreultimate.slack.com\/files\/U0446E8TCHX\/F06RG3AD5UY\/img_0958.jpg",
                "permalink_public": "https:\/\/slack-files.com\/T7B710AL9-F06RG3AD5UY-62f6d3438a",
                "is_starred": false,
                "has_rich_preview": false,
                "file_access": "visible"
            }
        ],
        "upload": false,
        "user": "U0446E8TCHX",
        "display_as_bot": false,
        "blocks": [
            {
                "type": "rich_text",
                "block_id": "+7rnm",
                "elements": [
                    {
                        "type": "rich_text_section",
                        "elements": [
                            {
                                "type": "text",
                                "text": "??? this is a kids game ???"
                            }
                        ]
                    }
                ]
            }
        ],
        "type": "message",
        "ts": "1711071065.980619",
        "client_msg_id": "C9A59BA7-49F0-434B-BB3A-9A0D2EF45642",
        "thread_ts": "1711071065.980619",
        "reply_count": 1,
        "reply_users_count": 1,
        "latest_reply": "1711075916.803099",
        "reply_users": [
            "U01ANMM9XRS"
        ],
        "replies": [
            {
                "user": "U01ANMM9XRS",
                "ts": "1711075916.803099"
            }
        ],
        "is_locked": false,
        "subscribed": false,
        "reactions": [
            {
                "name": "enlightened-skippy",
                "users": [
                    "U01AFT4NEPN",
                    "U041ACX3QCE",
                    "U0412DQJWEB",
                    "U01ANMM9XRS",
                    "U019UV6JV4P",
                    "U01BGKQ3NCX"
                ],
                "count": 6
            }
        ]
    },
    {
        "user": "U01ANMM9XRS",
        "type": "message",
        "ts": "1711075916.803099",
        "client_msg_id": "FD796C16-0687-47E9-B946-A7E4C353A650",
        "text": "Stumble guys spotted",
        "team": "T7B710AL9",
        "user_team": "T7B710AL9",
        "source_team": "T7B710AL9",
        "user_profile": {
            "avatar_hash": "8566e3437a98",
            "image_72": "https:\/\/avatars.slack-edge.com\/2024-05-17\/7148429624081_8566e3437a98c288ec27_72.png",
            "first_name": "Racc",
            "real_name": "Racc",
            "display_name": "",
            "team": "T7B710AL9",
            "name": "ifransa1",
            "is_restricted": false,
            "is_ultra_restricted": false
        },
        "thread_ts": "1711071065.980619",
        "parent_user_id": "U0446E8TCHX",
        "blocks": [
            {
                "type": "rich_text",
                "block_id": "b3Jsb",
                "elements": [
                    {
                        "type": "rich_text_section",
                        "elements": [
                            {
                                "type": "text",
                                "text": "Stumble guys spotted"
                            }
                        ]
                    }
                ]
            }
        ]
    }
]