[
    {
        "text": "Morning LinkedIn scroll ",
        "files": [
            {
                "id": "F06PFGLGWF9",
                "created": 1710592791,
                "timestamp": 1710592791,
                "name": "IMG_6847.jpg",
                "title": "IMG_6847",
                "mimetype": "image\/jpeg",
                "filetype": "jpg",
                "pretty_type": "JPEG",
                "user": "U01DZ0DF0U8",
                "user_team": "T7B710AL9",
                "editable": false,
                "size": 832355,
                "mode": "hosted",
                "is_external": false,
                "external_type": "",
                "is_public": true,
                "public_url_shared": false,
                "display_as_bot": false,
                "username": "",
                "url_private": "https:\/\/files.slack.com\/files-pri\/T7B710AL9-F06PFGLGWF9\/img_6847.jpg?t=xoxe-249239010689-7383763303600-7346417720535-c8977b2d870e66a58192db1f0484baaa",
                "url_private_download": "https:\/\/files.slack.com\/files-pri\/T7B710AL9-F06PFGLGWF9\/download\/img_6847.jpg?t=xoxe-249239010689-7383763303600-7346417720535-c8977b2d870e66a58192db1f0484baaa",
                "media_display_type": "unknown",
                "thumb_64": "https:\/\/files.slack.com\/files-tmb\/T7B710AL9-F06PFGLGWF9-374055d69d\/img_6847_64.jpg?t=xoxe-249239010689-7383763303600-7346417720535-c8977b2d870e66a58192db1f0484baaa",
                "thumb_80": "https:\/\/files.slack.com\/files-tmb\/T7B710AL9-F06PFGLGWF9-374055d69d\/img_6847_80.jpg?t=xoxe-249239010689-7383763303600-7346417720535-c8977b2d870e66a58192db1f0484baaa",
                "thumb_360": "https:\/\/files.slack.com\/files-tmb\/T7B710AL9-F06PFGLGWF9-374055d69d\/img_6847_360.jpg?t=xoxe-249239010689-7383763303600-7346417720535-c8977b2d870e66a58192db1f0484baaa",
                "thumb_360_w": 270,
                "thumb_360_h": 360,
                "thumb_480": "https:\/\/files.slack.com\/files-tmb\/T7B710AL9-F06PFGLGWF9-374055d69d\/img_6847_480.jpg?t=xoxe-249239010689-7383763303600-7346417720535-c8977b2d870e66a58192db1f0484baaa",
                "thumb_480_w": 360,
                "thumb_480_h": 480,
                "thumb_160": "https:\/\/files.slack.com\/files-tmb\/T7B710AL9-F06PFGLGWF9-374055d69d\/img_6847_160.jpg?t=xoxe-249239010689-7383763303600-7346417720535-c8977b2d870e66a58192db1f0484baaa",
                "thumb_720": "https:\/\/files.slack.com\/files-tmb\/T7B710AL9-F06PFGLGWF9-374055d69d\/img_6847_720.jpg?t=xoxe-249239010689-7383763303600-7346417720535-c8977b2d870e66a58192db1f0484baaa",
                "thumb_720_w": 540,
                "thumb_720_h": 720,
                "thumb_800": "https:\/\/files.slack.com\/files-tmb\/T7B710AL9-F06PFGLGWF9-374055d69d\/img_6847_800.jpg?t=xoxe-249239010689-7383763303600-7346417720535-c8977b2d870e66a58192db1f0484baaa",
                "thumb_800_w": 800,
                "thumb_800_h": 1067,
                "thumb_960": "https:\/\/files.slack.com\/files-tmb\/T7B710AL9-F06PFGLGWF9-374055d69d\/img_6847_960.jpg?t=xoxe-249239010689-7383763303600-7346417720535-c8977b2d870e66a58192db1f0484baaa",
                "thumb_960_w": 720,
                "thumb_960_h": 960,
                "thumb_1024": "https:\/\/files.slack.com\/files-tmb\/T7B710AL9-F06PFGLGWF9-374055d69d\/img_6847_1024.jpg?t=xoxe-249239010689-7383763303600-7346417720535-c8977b2d870e66a58192db1f0484baaa",
                "thumb_1024_w": 768,
                "thumb_1024_h": 1024,
                "original_w": 3024,
                "original_h": 4032,
                "thumb_tiny": "AwAwACS3KSV61CuSBUrvkdOlUzK63Cgqdo4GD1p3QrMkuCAVPA4pjgAA06cCUpg4qsp\/chc5IzUMpEgkTHLjP1o8yP8Avj86ILASx7mcg5xwKk\/sxP8Anq35U9AGre7uCgwakkUSoNoyfbiqIRWJGdtWDI0MQ2kZoYIkVWRAjA8d8VH5IAPJzRBeNvIlbIPfHSpZnVgflyCBzU9RhHMYkCqoxTvtT\/3BVQMuP4h7A0bl9X\/OmBCDlwB9aGJJOaAMDnqaaaoQDr1xTxM46HHtTAPU0oUGgETi44+6KPtH+yKhwKNopDP\/2Q==",
                "permalink": "https:\/\/swarthmoreultimate.slack.com\/files\/U01DZ0DF0U8\/F06PFGLGWF9\/img_6847.jpg",
                "permalink_public": "https:\/\/slack-files.com\/T7B710AL9-F06PFGLGWF9-9b896516cf",
                "is_starred": false,
                "has_rich_preview": false,
                "file_access": "visible"
            }
        ],
        "upload": false,
        "user": "U01DZ0DF0U8",
        "display_as_bot": false,
        "blocks": [
            {
                "type": "rich_text",
                "block_id": "ELhMz",
                "elements": [
                    {
                        "type": "rich_text_section",
                        "elements": [
                            {
                                "type": "text",
                                "text": "Morning LinkedIn scroll "
                            }
                        ]
                    }
                ]
            }
        ],
        "type": "message",
        "ts": "1710592809.639379",
        "edited": {
            "user": "U01DZ0DF0U8",
            "ts": "1710592828.000000"
        },
        "client_msg_id": "47A3402B-5D92-4F9A-B740-EF9DBA836470",
        "reactions": [
            {
                "name": "cheffed_up",
                "users": [
                    "U01AFT4NEPN",
                    "U042M4BL1GE",
                    "U01AGFZUUSW",
                    "U041ACX3QCE",
                    "U01ANMM9XRS",
                    "U042TKFF6UT",
                    "U0412DQJWEB",
                    "U05T29FMQ67",
                    "U01BGKQ3NCX",
                    "U05SJCJS4QL",
                    "U02MFDM09RB"
                ],
                "count": 11
            }
        ]
    },
    {
        "text": "",
        "files": [
            {
                "id": "F06PW65CZ7V",
                "created": 1710601226,
                "timestamp": 1710601226,
                "name": "IMG_2057.png",
                "title": "IMG_2057",
                "mimetype": "image\/png",
                "filetype": "png",
                "pretty_type": "PNG",
                "user": "U02CV1EHJ1Y",
                "user_team": "T7B710AL9",
                "editable": false,
                "size": 10696242,
                "mode": "hosted",
                "is_external": false,
                "external_type": "",
                "is_public": true,
                "public_url_shared": false,
                "display_as_bot": false,
                "username": "",
                "url_private": "https:\/\/files.slack.com\/files-pri\/T7B710AL9-F06PW65CZ7V\/img_2057.png?t=xoxe-249239010689-7383763303600-7346417720535-c8977b2d870e66a58192db1f0484baaa",
                "url_private_download": "https:\/\/files.slack.com\/files-pri\/T7B710AL9-F06PW65CZ7V\/download\/img_2057.png?t=xoxe-249239010689-7383763303600-7346417720535-c8977b2d870e66a58192db1f0484baaa",
                "media_display_type": "unknown",
                "thumb_64": "https:\/\/files.slack.com\/files-tmb\/T7B710AL9-F06PW65CZ7V-01d63c45c4\/img_2057_64.png?t=xoxe-249239010689-7383763303600-7346417720535-c8977b2d870e66a58192db1f0484baaa",
                "thumb_80": "https:\/\/files.slack.com\/files-tmb\/T7B710AL9-F06PW65CZ7V-01d63c45c4\/img_2057_80.png?t=xoxe-249239010689-7383763303600-7346417720535-c8977b2d870e66a58192db1f0484baaa",
                "thumb_360": "https:\/\/files.slack.com\/files-tmb\/T7B710AL9-F06PW65CZ7V-01d63c45c4\/img_2057_360.png?t=xoxe-249239010689-7383763303600-7346417720535-c8977b2d870e66a58192db1f0484baaa",
                "thumb_360_w": 166,
                "thumb_360_h": 360,
                "thumb_480": "https:\/\/files.slack.com\/files-tmb\/T7B710AL9-F06PW65CZ7V-01d63c45c4\/img_2057_480.png?t=xoxe-249239010689-7383763303600-7346417720535-c8977b2d870e66a58192db1f0484baaa",
                "thumb_480_w": 222,
                "thumb_480_h": 480,
                "thumb_160": "https:\/\/files.slack.com\/files-tmb\/T7B710AL9-F06PW65CZ7V-01d63c45c4\/img_2057_160.png?t=xoxe-249239010689-7383763303600-7346417720535-c8977b2d870e66a58192db1f0484baaa",
                "thumb_720": "https:\/\/files.slack.com\/files-tmb\/T7B710AL9-F06PW65CZ7V-01d63c45c4\/img_2057_720.png?t=xoxe-249239010689-7383763303600-7346417720535-c8977b2d870e66a58192db1f0484baaa",
                "thumb_720_w": 333,
                "thumb_720_h": 720,
                "thumb_800": "https:\/\/files.slack.com\/files-tmb\/T7B710AL9-F06PW65CZ7V-01d63c45c4\/img_2057_800.png?t=xoxe-249239010689-7383763303600-7346417720535-c8977b2d870e66a58192db1f0484baaa",
                "thumb_800_w": 800,
                "thumb_800_h": 1732,
                "thumb_960": "https:\/\/files.slack.com\/files-tmb\/T7B710AL9-F06PW65CZ7V-01d63c45c4\/img_2057_960.png?t=xoxe-249239010689-7383763303600-7346417720535-c8977b2d870e66a58192db1f0484baaa",
                "thumb_960_w": 443,
                "thumb_960_h": 960,
                "thumb_1024": "https:\/\/files.slack.com\/files-tmb\/T7B710AL9-F06PW65CZ7V-01d63c45c4\/img_2057_1024.png?t=xoxe-249239010689-7383763303600-7346417720535-c8977b2d870e66a58192db1f0484baaa",
                "thumb_1024_w": 473,
                "thumb_1024_h": 1024,
                "original_w": 1125,
                "original_h": 2436,
                "thumb_tiny": "AwAwABZQcjjpUsbbfWlTawIxtJ7io0lVs7ScjqMVRI4oJLkgY+5nn60\/7N\/u\/rUKSYuSQf4QKm84\/wB6jURBGQSc0kUWxz81QBWB6U4BxyM0uYdiZR\/pD5x0FScegqoS5Y8896X95T5hWJkVI85YnPrTHJKgRlRycnNQxZfPyqCO9ThWA5Zseg4qLFEKBgxA6ipP3lDBf4QB6k0mP92mM\/\/Z",
                "permalink": "https:\/\/swarthmoreultimate.slack.com\/files\/U02CV1EHJ1Y\/F06PW65CZ7V\/img_2057.png",
                "permalink_public": "https:\/\/slack-files.com\/T7B710AL9-F06PW65CZ7V-dfc67c68a6",
                "is_starred": false,
                "has_rich_preview": false,
                "file_access": "visible"
            }
        ],
        "upload": false,
        "user": "U02CV1EHJ1Y",
        "display_as_bot": false,
        "type": "message",
        "ts": "1710601246.954659",
        "client_msg_id": "AD6E2952-177D-4692-81B2-36D7CA7BD759",
        "reactions": [
            {
                "name": "disgusted-racc",
                "users": [
                    "U05SUJ3EXMX",
                    "U01ANMM9XRS",
                    "U042M4BL1GE",
                    "U019UV6JV4P",
                    "U05SWFZNR18",
                    "U042TKFF6UT",
                    "U0412DQJWEB",
                    "U05T29FMQ67",
                    "U01BGKQ3NCX",
                    "U041ACX3QCE",
                    "U02MFDM09RB"
                ],
                "count": 11
            }
        ]
    }
]