[
    {
        "text": "",
        "files": [
            {
                "id": "F06Q5KKJ2MB",
                "created": 1710851078,
                "timestamp": 1710851078,
                "name": "lp_image.jpg",
                "title": "lp_image",
                "mimetype": "image\/jpeg",
                "filetype": "jpg",
                "pretty_type": "JPEG",
                "user": "U02MFDM09RB",
                "user_team": "T7B710AL9",
                "editable": false,
                "size": 253930,
                "mode": "hosted",
                "is_external": false,
                "external_type": "",
                "is_public": true,
                "public_url_shared": false,
                "display_as_bot": false,
                "username": "",
                "url_private": "https:\/\/files.slack.com\/files-pri\/T7B710AL9-F06Q5KKJ2MB\/lp_image.jpg?t=xoxe-249239010689-7383763303600-7346417720535-c8977b2d870e66a58192db1f0484baaa",
                "url_private_download": "https:\/\/files.slack.com\/files-pri\/T7B710AL9-F06Q5KKJ2MB\/download\/lp_image.jpg?t=xoxe-249239010689-7383763303600-7346417720535-c8977b2d870e66a58192db1f0484baaa",
                "media_display_type": "unknown",
                "thumb_64": "https:\/\/files.slack.com\/files-tmb\/T7B710AL9-F06Q5KKJ2MB-2e06abdc06\/lp_image_64.jpg?t=xoxe-249239010689-7383763303600-7346417720535-c8977b2d870e66a58192db1f0484baaa",
                "thumb_80": "https:\/\/files.slack.com\/files-tmb\/T7B710AL9-F06Q5KKJ2MB-2e06abdc06\/lp_image_80.jpg?t=xoxe-249239010689-7383763303600-7346417720535-c8977b2d870e66a58192db1f0484baaa",
                "thumb_360": "https:\/\/files.slack.com\/files-tmb\/T7B710AL9-F06Q5KKJ2MB-2e06abdc06\/lp_image_360.jpg?t=xoxe-249239010689-7383763303600-7346417720535-c8977b2d870e66a58192db1f0484baaa",
                "thumb_360_w": 203,
                "thumb_360_h": 360,
                "thumb_480": "https:\/\/files.slack.com\/files-tmb\/T7B710AL9-F06Q5KKJ2MB-2e06abdc06\/lp_image_480.jpg?t=xoxe-249239010689-7383763303600-7346417720535-c8977b2d870e66a58192db1f0484baaa",
                "thumb_480_w": 270,
                "thumb_480_h": 480,
                "thumb_160": "https:\/\/files.slack.com\/files-tmb\/T7B710AL9-F06Q5KKJ2MB-2e06abdc06\/lp_image_160.jpg?t=xoxe-249239010689-7383763303600-7346417720535-c8977b2d870e66a58192db1f0484baaa",
                "thumb_720": "https:\/\/files.slack.com\/files-tmb\/T7B710AL9-F06Q5KKJ2MB-2e06abdc06\/lp_image_720.jpg?t=xoxe-249239010689-7383763303600-7346417720535-c8977b2d870e66a58192db1f0484baaa",
                "thumb_720_w": 405,
                "thumb_720_h": 720,
                "thumb_800": "https:\/\/files.slack.com\/files-tmb\/T7B710AL9-F06Q5KKJ2MB-2e06abdc06\/lp_image_800.jpg?t=xoxe-249239010689-7383763303600-7346417720535-c8977b2d870e66a58192db1f0484baaa",
                "thumb_800_w": 800,
                "thumb_800_h": 1422,
                "thumb_960": "https:\/\/files.slack.com\/files-tmb\/T7B710AL9-F06Q5KKJ2MB-2e06abdc06\/lp_image_960.jpg?t=xoxe-249239010689-7383763303600-7346417720535-c8977b2d870e66a58192db1f0484baaa",
                "thumb_960_w": 540,
                "thumb_960_h": 960,
                "thumb_1024": "https:\/\/files.slack.com\/files-tmb\/T7B710AL9-F06Q5KKJ2MB-2e06abdc06\/lp_image_1024.jpg?t=xoxe-249239010689-7383763303600-7346417720535-c8977b2d870e66a58192db1f0484baaa",
                "thumb_1024_w": 576,
                "thumb_1024_h": 1024,
                "original_w": 1080,
                "original_h": 1920,
                "thumb_tiny": "AwAwABudlA4AxTYx84pHkbtg0iyMDkDmquRYskUlNjkD4B+9UmKBmchP8TnHuakVgQGHemRkBhkAinoqsgGQOT0qSmOjkCuGxkY7VN9qT+61QhQBgY6djSEc\/wD16BEabd3zDI\/lUkYG0f7x7VCDgrnOCcHnFSRECMYzgE\/lQNkmBj\/61NIHt+VJvG3OT0J60wzpnq1AH\/\/Z",
                "permalink": "https:\/\/swarthmoreultimate.slack.com\/files\/U02MFDM09RB\/F06Q5KKJ2MB\/lp_image.jpg",
                "permalink_public": "https:\/\/slack-files.com\/T7B710AL9-F06Q5KKJ2MB-5d7a6f6fe2",
                "is_starred": false,
                "has_rich_preview": false,
                "file_access": "visible"
            }
        ],
        "upload": false,
        "user": "U02MFDM09RB",
        "display_as_bot": false,
        "type": "message",
        "ts": "1710851080.876049",
        "client_msg_id": "00F54093-6561-4567-9998-7C5D4571D988",
        "reactions": [
            {
                "name": "red-sus",
                "users": [
                    "U042N13FWNA",
                    "U01AFT4NEPN",
                    "U01AGFZUUSW",
                    "U01AX6M08NM",
                    "U02MFDM09RB",
                    "U01BGKQ3NCX",
                    "U02CV1EHJ1Y",
                    "U042M4BL1GE"
                ],
                "count": 8
            }
        ]
    }
]