[
    {
        "text": "fuckin wall is leaking",
        "files": [
            {
                "id": "F06NUPLHFHS",
                "created": 1710044915,
                "timestamp": 1710044915,
                "name": "IMG_4508.jpg",
                "title": "IMG_4508",
                "mimetype": "image\/jpeg",
                "filetype": "jpg",
                "pretty_type": "JPEG",
                "user": "U0412DQJWEB",
                "user_team": "T7B710AL9",
                "editable": false,
                "size": 2810935,
                "mode": "hosted",
                "is_external": false,
                "external_type": "",
                "is_public": true,
                "public_url_shared": false,
                "display_as_bot": false,
                "username": "",
                "url_private": "https:\/\/files.slack.com\/files-pri\/T7B710AL9-F06NUPLHFHS\/img_4508.jpg?t=xoxe-249239010689-7383763303600-7346417720535-c8977b2d870e66a58192db1f0484baaa",
                "url_private_download": "https:\/\/files.slack.com\/files-pri\/T7B710AL9-F06NUPLHFHS\/download\/img_4508.jpg?t=xoxe-249239010689-7383763303600-7346417720535-c8977b2d870e66a58192db1f0484baaa",
                "media_display_type": "unknown",
                "thumb_64": "https:\/\/files.slack.com\/files-tmb\/T7B710AL9-F06NUPLHFHS-2f065070ed\/img_4508_64.jpg?t=xoxe-249239010689-7383763303600-7346417720535-c8977b2d870e66a58192db1f0484baaa",
                "thumb_80": "https:\/\/files.slack.com\/files-tmb\/T7B710AL9-F06NUPLHFHS-2f065070ed\/img_4508_80.jpg?t=xoxe-249239010689-7383763303600-7346417720535-c8977b2d870e66a58192db1f0484baaa",
                "thumb_360": "https:\/\/files.slack.com\/files-tmb\/T7B710AL9-F06NUPLHFHS-2f065070ed\/img_4508_360.jpg?t=xoxe-249239010689-7383763303600-7346417720535-c8977b2d870e66a58192db1f0484baaa",
                "thumb_360_w": 270,
                "thumb_360_h": 360,
                "thumb_480": "https:\/\/files.slack.com\/files-tmb\/T7B710AL9-F06NUPLHFHS-2f065070ed\/img_4508_480.jpg?t=xoxe-249239010689-7383763303600-7346417720535-c8977b2d870e66a58192db1f0484baaa",
                "thumb_480_w": 360,
                "thumb_480_h": 480,
                "thumb_160": "https:\/\/files.slack.com\/files-tmb\/T7B710AL9-F06NUPLHFHS-2f065070ed\/img_4508_160.jpg?t=xoxe-249239010689-7383763303600-7346417720535-c8977b2d870e66a58192db1f0484baaa",
                "thumb_720": "https:\/\/files.slack.com\/files-tmb\/T7B710AL9-F06NUPLHFHS-2f065070ed\/img_4508_720.jpg?t=xoxe-249239010689-7383763303600-7346417720535-c8977b2d870e66a58192db1f0484baaa",
                "thumb_720_w": 540,
                "thumb_720_h": 720,
                "thumb_800": "https:\/\/files.slack.com\/files-tmb\/T7B710AL9-F06NUPLHFHS-2f065070ed\/img_4508_800.jpg?t=xoxe-249239010689-7383763303600-7346417720535-c8977b2d870e66a58192db1f0484baaa",
                "thumb_800_w": 800,
                "thumb_800_h": 1067,
                "thumb_960": "https:\/\/files.slack.com\/files-tmb\/T7B710AL9-F06NUPLHFHS-2f065070ed\/img_4508_960.jpg?t=xoxe-249239010689-7383763303600-7346417720535-c8977b2d870e66a58192db1f0484baaa",
                "thumb_960_w": 720,
                "thumb_960_h": 960,
                "thumb_1024": "https:\/\/files.slack.com\/files-tmb\/T7B710AL9-F06NUPLHFHS-2f065070ed\/img_4508_1024.jpg?t=xoxe-249239010689-7383763303600-7346417720535-c8977b2d870e66a58192db1f0484baaa",
                "thumb_1024_w": 768,
                "thumb_1024_h": 1024,
                "original_w": 3024,
                "original_h": 4032,
                "thumb_tiny": "AwAwACRWfnd\/SoHuG3njA9MVM5465qBwGx2PSgRYRpBIwOSmMj0FLGCW3E9T1PeoVkeNhg8YHXoamR0cjop9OxqWUiUIMetLtH90U0qR2b8KNp9G\/KpKKIalPTOcemKbigemOKsgkVkIwwI7nFTRIGIaNty9x3qvk5wOMilTcjZGQRSGaRlVTg5zSeevv+VQhxIoJKg98mj5f7yfnSGVMc0oHHXmnY5pdtMREyZ+4cEdM1KreauMYdaMUpyMkfjQAmWXgj9aXcfT9RT0IKjcoJ9aX5f7gpDP\/9k=",
                "permalink": "https:\/\/swarthmoreultimate.slack.com\/files\/U0412DQJWEB\/F06NUPLHFHS\/img_4508.jpg",
                "permalink_public": "https:\/\/slack-files.com\/T7B710AL9-F06NUPLHFHS-056bde1c8a",
                "is_starred": false,
                "has_rich_preview": false,
                "file_access": "visible"
            }
        ],
        "upload": false,
        "user": "U0412DQJWEB",
        "display_as_bot": false,
        "blocks": [
            {
                "type": "rich_text",
                "block_id": "sbozL",
                "elements": [
                    {
                        "type": "rich_text_section",
                        "elements": [
                            {
                                "type": "text",
                                "text": "fuckin wall is leaking"
                            }
                        ]
                    }
                ]
            }
        ],
        "type": "message",
        "ts": "1710044922.694439",
        "client_msg_id": "FA90B9B3-99E3-4390-B726-D023EEC56C8F",
        "reactions": [
            {
                "name": "non-potable_water",
                "users": [
                    "U01AFT4NEPN",
                    "U042N13FWNA",
                    "U01ANMM9XRS",
                    "U05T29FMQ67",
                    "U01BGKQ3NCX",
                    "U041ACX3QCE",
                    "U0412DQJWEB",
                    "U05SWFZNR18",
                    "U01A1PNMU6B",
                    "U05SJCJS4QL"
                ],
                "count": 10
            }
        ]
    }
]