[
    {
        "text": "",
        "files": [
            {
                "id": "F06S9M0DB4Y",
                "created": 1711551913,
                "timestamp": 1711551913,
                "name": "IMG_0227.jpg",
                "title": "IMG_0227",
                "mimetype": "image\/jpeg",
                "filetype": "jpg",
                "pretty_type": "JPEG",
                "user": "U01ANMM9XRS",
                "user_team": "T7B710AL9",
                "editable": false,
                "size": 2899512,
                "mode": "hosted",
                "is_external": false,
                "external_type": "",
                "is_public": true,
                "public_url_shared": false,
                "display_as_bot": false,
                "username": "",
                "url_private": "https:\/\/files.slack.com\/files-pri\/T7B710AL9-F06S9M0DB4Y\/img_0227.jpg?t=xoxe-249239010689-7383763303600-7346417720535-c8977b2d870e66a58192db1f0484baaa",
                "url_private_download": "https:\/\/files.slack.com\/files-pri\/T7B710AL9-F06S9M0DB4Y\/download\/img_0227.jpg?t=xoxe-249239010689-7383763303600-7346417720535-c8977b2d870e66a58192db1f0484baaa",
                "media_display_type": "unknown",
                "thumb_64": "https:\/\/files.slack.com\/files-tmb\/T7B710AL9-F06S9M0DB4Y-fea84db504\/img_0227_64.jpg?t=xoxe-249239010689-7383763303600-7346417720535-c8977b2d870e66a58192db1f0484baaa",
                "thumb_80": "https:\/\/files.slack.com\/files-tmb\/T7B710AL9-F06S9M0DB4Y-fea84db504\/img_0227_80.jpg?t=xoxe-249239010689-7383763303600-7346417720535-c8977b2d870e66a58192db1f0484baaa",
                "thumb_360": "https:\/\/files.slack.com\/files-tmb\/T7B710AL9-F06S9M0DB4Y-fea84db504\/img_0227_360.jpg?t=xoxe-249239010689-7383763303600-7346417720535-c8977b2d870e66a58192db1f0484baaa",
                "thumb_360_w": 270,
                "thumb_360_h": 360,
                "thumb_480": "https:\/\/files.slack.com\/files-tmb\/T7B710AL9-F06S9M0DB4Y-fea84db504\/img_0227_480.jpg?t=xoxe-249239010689-7383763303600-7346417720535-c8977b2d870e66a58192db1f0484baaa",
                "thumb_480_w": 360,
                "thumb_480_h": 480,
                "thumb_160": "https:\/\/files.slack.com\/files-tmb\/T7B710AL9-F06S9M0DB4Y-fea84db504\/img_0227_160.jpg?t=xoxe-249239010689-7383763303600-7346417720535-c8977b2d870e66a58192db1f0484baaa",
                "thumb_720": "https:\/\/files.slack.com\/files-tmb\/T7B710AL9-F06S9M0DB4Y-fea84db504\/img_0227_720.jpg?t=xoxe-249239010689-7383763303600-7346417720535-c8977b2d870e66a58192db1f0484baaa",
                "thumb_720_w": 540,
                "thumb_720_h": 720,
                "thumb_800": "https:\/\/files.slack.com\/files-tmb\/T7B710AL9-F06S9M0DB4Y-fea84db504\/img_0227_800.jpg?t=xoxe-249239010689-7383763303600-7346417720535-c8977b2d870e66a58192db1f0484baaa",
                "thumb_800_w": 800,
                "thumb_800_h": 1067,
                "thumb_960": "https:\/\/files.slack.com\/files-tmb\/T7B710AL9-F06S9M0DB4Y-fea84db504\/img_0227_960.jpg?t=xoxe-249239010689-7383763303600-7346417720535-c8977b2d870e66a58192db1f0484baaa",
                "thumb_960_w": 720,
                "thumb_960_h": 960,
                "thumb_1024": "https:\/\/files.slack.com\/files-tmb\/T7B710AL9-F06S9M0DB4Y-fea84db504\/img_0227_1024.jpg?t=xoxe-249239010689-7383763303600-7346417720535-c8977b2d870e66a58192db1f0484baaa",
                "thumb_1024_w": 768,
                "thumb_1024_h": 1024,
                "original_w": 3024,
                "original_h": 4032,
                "thumb_tiny": "AwAwACRyVLtHXvUKGpgByRwT1pAJsHrQFpSD6\/rQAfWmAuwUbKOfWjn1oArIanUDt3qupqZWpASEe5pMEHrRuoJpgLmjNNooArCpAazkkYMAGOM1dy2eMYoAmBpd1R5ozSAfupN1Nopgf\/\/Z",
                "permalink": "https:\/\/swarthmoreultimate.slack.com\/files\/U01ANMM9XRS\/F06S9M0DB4Y\/img_0227.jpg",
                "permalink_public": "https:\/\/slack-files.com\/T7B710AL9-F06S9M0DB4Y-edc7d3e569",
                "is_starred": false,
                "has_rich_preview": false,
                "file_access": "visible"
            }
        ],
        "upload": false,
        "user": "U01ANMM9XRS",
        "display_as_bot": false,
        "type": "message",
        "ts": "1711551918.813049",
        "client_msg_id": "8441A282-C628-4547-89E5-97045BA437E8",
        "reactions": [
            {
                "name": "what-the-fracc",
                "users": [
                    "U05SUJ3EXMX",
                    "U01AFT4NEPN",
                    "U02MFDM09RB",
                    "U02CV1EHJ1Y",
                    "U042M4BL1GE",
                    "U01BGKQ3NCX"
                ],
                "count": 6
            },
            {
                "name": "200iq",
                "users": [
                    "U01DZ0DF0U8",
                    "U01BGKQ3NCX"
                ],
                "count": 2
            }
        ]
    },
    {
        "user": "U0446E8TCHX",
        "type": "message",
        "ts": "1711558483.398569",
        "client_msg_id": "F46C5C6B-5A69-4C6E-BF37-FACB23B339C6",
        "text": "?",
        "team": "T7B710AL9",
        "user_team": "T7B710AL9",
        "source_team": "T7B710AL9",
        "user_profile": {
            "avatar_hash": "330ac6b4ac64",
            "image_72": "https:\/\/avatars.slack-edge.com\/2024-05-02\/7045088340247_330ac6b4ac6470ff2637_72.png",
            "first_name": "joe",
            "real_name": "joe",
            "display_name": "mine shot crafts",
            "team": "T7B710AL9",
            "name": "jaustri1",
            "is_restricted": false,
            "is_ultra_restricted": false
        },
        "blocks": [
            {
                "type": "rich_text",
                "block_id": "cP74q",
                "elements": [
                    {
                        "type": "rich_text_section",
                        "elements": [
                            {
                                "type": "text",
                                "text": "?"
                            }
                        ]
                    }
                ]
            }
        ]
    },
    {
        "text": "",
        "files": [
            {
                "id": "F06R76YA6NT",
                "created": 1711558479,
                "timestamp": 1711558479,
                "name": "IMG_0978.png",
                "title": "IMG_0978",
                "mimetype": "image\/png",
                "filetype": "png",
                "pretty_type": "PNG",
                "user": "U0446E8TCHX",
                "user_team": "T7B710AL9",
                "editable": false,
                "size": 182430,
                "mode": "hosted",
                "is_external": false,
                "external_type": "",
                "is_public": true,
                "public_url_shared": false,
                "display_as_bot": false,
                "username": "",
                "url_private": "https:\/\/files.slack.com\/files-pri\/T7B710AL9-F06R76YA6NT\/img_0978.png?t=xoxe-249239010689-7383763303600-7346417720535-c8977b2d870e66a58192db1f0484baaa",
                "url_private_download": "https:\/\/files.slack.com\/files-pri\/T7B710AL9-F06R76YA6NT\/download\/img_0978.png?t=xoxe-249239010689-7383763303600-7346417720535-c8977b2d870e66a58192db1f0484baaa",
                "media_display_type": "unknown",
                "thumb_64": "https:\/\/files.slack.com\/files-tmb\/T7B710AL9-F06R76YA6NT-ddbf168692\/img_0978_64.png?t=xoxe-249239010689-7383763303600-7346417720535-c8977b2d870e66a58192db1f0484baaa",
                "thumb_80": "https:\/\/files.slack.com\/files-tmb\/T7B710AL9-F06R76YA6NT-ddbf168692\/img_0978_80.png?t=xoxe-249239010689-7383763303600-7346417720535-c8977b2d870e66a58192db1f0484baaa",
                "thumb_360": "https:\/\/files.slack.com\/files-tmb\/T7B710AL9-F06R76YA6NT-ddbf168692\/img_0978_360.png?t=xoxe-249239010689-7383763303600-7346417720535-c8977b2d870e66a58192db1f0484baaa",
                "thumb_360_w": 166,
                "thumb_360_h": 360,
                "thumb_480": "https:\/\/files.slack.com\/files-tmb\/T7B710AL9-F06R76YA6NT-ddbf168692\/img_0978_480.png?t=xoxe-249239010689-7383763303600-7346417720535-c8977b2d870e66a58192db1f0484baaa",
                "thumb_480_w": 222,
                "thumb_480_h": 480,
                "thumb_160": "https:\/\/files.slack.com\/files-tmb\/T7B710AL9-F06R76YA6NT-ddbf168692\/img_0978_160.png?t=xoxe-249239010689-7383763303600-7346417720535-c8977b2d870e66a58192db1f0484baaa",
                "thumb_720": "https:\/\/files.slack.com\/files-tmb\/T7B710AL9-F06R76YA6NT-ddbf168692\/img_0978_720.png?t=xoxe-249239010689-7383763303600-7346417720535-c8977b2d870e66a58192db1f0484baaa",
                "thumb_720_w": 333,
                "thumb_720_h": 720,
                "thumb_800": "https:\/\/files.slack.com\/files-tmb\/T7B710AL9-F06R76YA6NT-ddbf168692\/img_0978_800.png?t=xoxe-249239010689-7383763303600-7346417720535-c8977b2d870e66a58192db1f0484baaa",
                "thumb_800_w": 800,
                "thumb_800_h": 1731,
                "thumb_960": "https:\/\/files.slack.com\/files-tmb\/T7B710AL9-F06R76YA6NT-ddbf168692\/img_0978_960.png?t=xoxe-249239010689-7383763303600-7346417720535-c8977b2d870e66a58192db1f0484baaa",
                "thumb_960_w": 444,
                "thumb_960_h": 960,
                "thumb_1024": "https:\/\/files.slack.com\/files-tmb\/T7B710AL9-F06R76YA6NT-ddbf168692\/img_0978_1024.png?t=xoxe-249239010689-7383763303600-7346417720535-c8977b2d870e66a58192db1f0484baaa",
                "thumb_1024_w": 473,
                "thumb_1024_h": 1024,
                "original_w": 1170,
                "original_h": 2532,
                "thumb_tiny": "AwAwABakQSOnFJ9auLYSSIrLsGVB6mj+zZv7yfrQBTzxiirE9nJAgZipBOOKh2GgDbg\/494\/90fyqSobeRTEig8hRmpd1AFXUf8AUL\/vf0NZtaWon9wv+9\/Q1nUARc+tFOwMe\/0o2H0P5UANop2OMf0pMUAf\/9k=",
                "permalink": "https:\/\/swarthmoreultimate.slack.com\/files\/U0446E8TCHX\/F06R76YA6NT\/img_0978.png",
                "permalink_public": "https:\/\/slack-files.com\/T7B710AL9-F06R76YA6NT-3a6953129f",
                "is_starred": false,
                "has_rich_preview": false,
                "file_access": "visible"
            }
        ],
        "upload": false,
        "user": "U0446E8TCHX",
        "display_as_bot": false,
        "type": "message",
        "ts": "1711558485.514969",
        "client_msg_id": "243E7C68-0011-44A1-BA3E-3364E0D75C1D",
        "thread_ts": "1711558485.514969",
        "reply_count": 3,
        "reply_users_count": 2,
        "latest_reply": "1711565951.452339",
        "reply_users": [
            "U01AFT4NEPN",
            "U01ANMM9XRS"
        ],
        "replies": [
            {
                "user": "U01AFT4NEPN",
                "ts": "1711559923.455739"
            },
            {
                "user": "U01ANMM9XRS",
                "ts": "1711565190.483429"
            },
            {
                "user": "U01ANMM9XRS",
                "ts": "1711565951.452339"
            }
        ],
        "is_locked": false,
        "subscribed": false,
        "reactions": [
            {
                "name": "tweaking",
                "users": [
                    "U01ANMM9XRS",
                    "U042N13FWNA",
                    "U01AFT4NEPN",
                    "U041ACX3QCE",
                    "U042TKFF6UT",
                    "U042M4BL1GE",
                    "U01BGKQ3NCX"
                ],
                "count": 7
            }
        ]
    },
    {
        "text": "",
        "files": [
            {
                "id": "F06RMV1GU4A",
                "created": 1711559921,
                "timestamp": 1711559921,
                "name": "IMG_7997.png",
                "title": "IMG_7997",
                "mimetype": "image\/png",
                "filetype": "png",
                "pretty_type": "PNG",
                "user": "U01AFT4NEPN",
                "user_team": "T7B710AL9",
                "editable": false,
                "size": 118960,
                "mode": "hosted",
                "is_external": false,
                "external_type": "",
                "is_public": true,
                "public_url_shared": false,
                "display_as_bot": false,
                "username": "",
                "url_private": "https:\/\/files.slack.com\/files-pri\/T7B710AL9-F06RMV1GU4A\/img_7997.png?t=xoxe-249239010689-7383763303600-7346417720535-c8977b2d870e66a58192db1f0484baaa",
                "url_private_download": "https:\/\/files.slack.com\/files-pri\/T7B710AL9-F06RMV1GU4A\/download\/img_7997.png?t=xoxe-249239010689-7383763303600-7346417720535-c8977b2d870e66a58192db1f0484baaa",
                "media_display_type": "unknown",
                "thumb_64": "https:\/\/files.slack.com\/files-tmb\/T7B710AL9-F06RMV1GU4A-faed39b630\/img_7997_64.png?t=xoxe-249239010689-7383763303600-7346417720535-c8977b2d870e66a58192db1f0484baaa",
                "thumb_80": "https:\/\/files.slack.com\/files-tmb\/T7B710AL9-F06RMV1GU4A-faed39b630\/img_7997_80.png?t=xoxe-249239010689-7383763303600-7346417720535-c8977b2d870e66a58192db1f0484baaa",
                "thumb_360": "https:\/\/files.slack.com\/files-tmb\/T7B710AL9-F06RMV1GU4A-faed39b630\/img_7997_360.png?t=xoxe-249239010689-7383763303600-7346417720535-c8977b2d870e66a58192db1f0484baaa",
                "thumb_360_w": 166,
                "thumb_360_h": 360,
                "thumb_480": "https:\/\/files.slack.com\/files-tmb\/T7B710AL9-F06RMV1GU4A-faed39b630\/img_7997_480.png?t=xoxe-249239010689-7383763303600-7346417720535-c8977b2d870e66a58192db1f0484baaa",
                "thumb_480_w": 222,
                "thumb_480_h": 480,
                "thumb_160": "https:\/\/files.slack.com\/files-tmb\/T7B710AL9-F06RMV1GU4A-faed39b630\/img_7997_160.png?t=xoxe-249239010689-7383763303600-7346417720535-c8977b2d870e66a58192db1f0484baaa",
                "thumb_720": "https:\/\/files.slack.com\/files-tmb\/T7B710AL9-F06RMV1GU4A-faed39b630\/img_7997_720.png?t=xoxe-249239010689-7383763303600-7346417720535-c8977b2d870e66a58192db1f0484baaa",
                "thumb_720_w": 333,
                "thumb_720_h": 720,
                "thumb_800": "https:\/\/files.slack.com\/files-tmb\/T7B710AL9-F06RMV1GU4A-faed39b630\/img_7997_800.png?t=xoxe-249239010689-7383763303600-7346417720535-c8977b2d870e66a58192db1f0484baaa",
                "thumb_800_w": 800,
                "thumb_800_h": 1731,
                "thumb_960": "https:\/\/files.slack.com\/files-tmb\/T7B710AL9-F06RMV1GU4A-faed39b630\/img_7997_960.png?t=xoxe-249239010689-7383763303600-7346417720535-c8977b2d870e66a58192db1f0484baaa",
                "thumb_960_w": 444,
                "thumb_960_h": 960,
                "thumb_1024": "https:\/\/files.slack.com\/files-tmb\/T7B710AL9-F06RMV1GU4A-faed39b630\/img_7997_1024.png?t=xoxe-249239010689-7383763303600-7346417720535-c8977b2d870e66a58192db1f0484baaa",
                "thumb_1024_w": 473,
                "thumb_1024_h": 1024,
                "original_w": 1170,
                "original_h": 2532,
                "thumb_tiny": "AwAwABalg46cUn1pSQcYUDikoACcjH9KKKKACiiigAooooAKKdgY9\/pRsPoaAG0U7HGP6UmKAP\/Z",
                "permalink": "https:\/\/swarthmoreultimate.slack.com\/files\/U01AFT4NEPN\/F06RMV1GU4A\/img_7997.png",
                "permalink_public": "https:\/\/slack-files.com\/T7B710AL9-F06RMV1GU4A-5db00c8020",
                "is_starred": false,
                "has_rich_preview": false,
                "file_access": "visible"
            }
        ],
        "upload": false,
        "user": "U01AFT4NEPN",
        "display_as_bot": false,
        "type": "message",
        "ts": "1711559923.455739",
        "client_msg_id": "EB3765C5-EE6B-413A-B74E-9A752776CD28",
        "thread_ts": "1711558485.514969",
        "parent_user_id": "U0446E8TCHX"
    },
    {
        "text": "Spotted on the floor of kberg :grinning: ",
        "files": [
            {
                "id": "F06SBAUFKKJ",
                "created": 1711565140,
                "timestamp": 1711565140,
                "name": "IMG_9282.jpg",
                "title": "IMG_9282",
                "mimetype": "image\/jpeg",
                "filetype": "jpg",
                "pretty_type": "JPEG",
                "user": "U042TKFF6UT",
                "user_team": "T7B710AL9",
                "editable": false,
                "size": 2768008,
                "mode": "hosted",
                "is_external": false,
                "external_type": "",
                "is_public": true,
                "public_url_shared": false,
                "display_as_bot": false,
                "username": "",
                "url_private": "https:\/\/files.slack.com\/files-pri\/T7B710AL9-F06SBAUFKKJ\/img_9282.jpg?t=xoxe-249239010689-7383763303600-7346417720535-c8977b2d870e66a58192db1f0484baaa",
                "url_private_download": "https:\/\/files.slack.com\/files-pri\/T7B710AL9-F06SBAUFKKJ\/download\/img_9282.jpg?t=xoxe-249239010689-7383763303600-7346417720535-c8977b2d870e66a58192db1f0484baaa",
                "media_display_type": "unknown",
                "thumb_64": "https:\/\/files.slack.com\/files-tmb\/T7B710AL9-F06SBAUFKKJ-2282d2f570\/img_9282_64.jpg?t=xoxe-249239010689-7383763303600-7346417720535-c8977b2d870e66a58192db1f0484baaa",
                "thumb_80": "https:\/\/files.slack.com\/files-tmb\/T7B710AL9-F06SBAUFKKJ-2282d2f570\/img_9282_80.jpg?t=xoxe-249239010689-7383763303600-7346417720535-c8977b2d870e66a58192db1f0484baaa",
                "thumb_360": "https:\/\/files.slack.com\/files-tmb\/T7B710AL9-F06SBAUFKKJ-2282d2f570\/img_9282_360.jpg?t=xoxe-249239010689-7383763303600-7346417720535-c8977b2d870e66a58192db1f0484baaa",
                "thumb_360_w": 270,
                "thumb_360_h": 360,
                "thumb_480": "https:\/\/files.slack.com\/files-tmb\/T7B710AL9-F06SBAUFKKJ-2282d2f570\/img_9282_480.jpg?t=xoxe-249239010689-7383763303600-7346417720535-c8977b2d870e66a58192db1f0484baaa",
                "thumb_480_w": 360,
                "thumb_480_h": 480,
                "thumb_160": "https:\/\/files.slack.com\/files-tmb\/T7B710AL9-F06SBAUFKKJ-2282d2f570\/img_9282_160.jpg?t=xoxe-249239010689-7383763303600-7346417720535-c8977b2d870e66a58192db1f0484baaa",
                "thumb_720": "https:\/\/files.slack.com\/files-tmb\/T7B710AL9-F06SBAUFKKJ-2282d2f570\/img_9282_720.jpg?t=xoxe-249239010689-7383763303600-7346417720535-c8977b2d870e66a58192db1f0484baaa",
                "thumb_720_w": 540,
                "thumb_720_h": 720,
                "thumb_800": "https:\/\/files.slack.com\/files-tmb\/T7B710AL9-F06SBAUFKKJ-2282d2f570\/img_9282_800.jpg?t=xoxe-249239010689-7383763303600-7346417720535-c8977b2d870e66a58192db1f0484baaa",
                "thumb_800_w": 800,
                "thumb_800_h": 1067,
                "thumb_960": "https:\/\/files.slack.com\/files-tmb\/T7B710AL9-F06SBAUFKKJ-2282d2f570\/img_9282_960.jpg?t=xoxe-249239010689-7383763303600-7346417720535-c8977b2d870e66a58192db1f0484baaa",
                "thumb_960_w": 720,
                "thumb_960_h": 960,
                "thumb_1024": "https:\/\/files.slack.com\/files-tmb\/T7B710AL9-F06SBAUFKKJ-2282d2f570\/img_9282_1024.jpg?t=xoxe-249239010689-7383763303600-7346417720535-c8977b2d870e66a58192db1f0484baaa",
                "thumb_1024_w": 768,
                "thumb_1024_h": 1024,
                "original_w": 3024,
                "original_h": 4032,
                "thumb_tiny": "AwAwACSC4iMcxTduHrSom0ZpWHfOSetKDSGPAPYilGB15pv50o4HFACjmlpMe9GPc0ARAMaeuAMnrUrRh+nB9ahZSpwwpAL+VPBFRZJ4z0pcYxzTAeSPSjI9KTafWjafWgCyABQyhhhhmloqQKskRjORyv8AKo81dFQywfxR\/lTAhBpfxpo75ODRx60wP\/\/Z",
                "permalink": "https:\/\/swarthmoreultimate.slack.com\/files\/U042TKFF6UT\/F06SBAUFKKJ\/img_9282.jpg",
                "permalink_public": "https:\/\/slack-files.com\/T7B710AL9-F06SBAUFKKJ-05550a68f6",
                "is_starred": false,
                "has_rich_preview": false,
                "file_access": "visible"
            }
        ],
        "upload": false,
        "user": "U042TKFF6UT",
        "display_as_bot": false,
        "blocks": [
            {
                "type": "rich_text",
                "block_id": "fbxNT",
                "elements": [
                    {
                        "type": "rich_text_section",
                        "elements": [
                            {
                                "type": "text",
                                "text": "Spotted on the floor of kberg "
                            },
                            {
                                "type": "emoji",
                                "name": "grinning",
                                "unicode": "1f600"
                            },
                            {
                                "type": "text",
                                "text": " "
                            }
                        ]
                    }
                ]
            }
        ],
        "type": "message",
        "ts": "1711565152.442749",
        "client_msg_id": "8B1F11B6-D1DA-4518-B818-AE38DB6801CD",
        "reactions": [
            {
                "name": "mouth-open-wide",
                "users": [
                    "U01ANMM9XRS",
                    "U01A1PNMU6B",
                    "U042M4BL1GE",
                    "U01BGKQ3NCX"
                ],
                "count": 4
            },
            {
                "name": "mouth-wide-open",
                "users": [
                    "U01ANMM9XRS",
                    "U01A1PNMU6B",
                    "U042M4BL1GE",
                    "U01BGKQ3NCX"
                ],
                "count": 4
            }
        ]
    },
    {
        "user": "U01ANMM9XRS",
        "type": "message",
        "ts": "1711565190.483429",
        "client_msg_id": "33CE6B50-80DD-4F83-B44E-F037AF8658CC",
        "text": "I think we should send goofy emails to each other sue me",
        "team": "T7B710AL9",
        "user_team": "T7B710AL9",
        "source_team": "T7B710AL9",
        "user_profile": {
            "avatar_hash": "8566e3437a98",
            "image_72": "https:\/\/avatars.slack-edge.com\/2024-05-17\/7148429624081_8566e3437a98c288ec27_72.png",
            "first_name": "Racc",
            "real_name": "Racc",
            "display_name": "",
            "team": "T7B710AL9",
            "name": "ifransa1",
            "is_restricted": false,
            "is_ultra_restricted": false
        },
        "thread_ts": "1711558485.514969",
        "parent_user_id": "U0446E8TCHX",
        "blocks": [
            {
                "type": "rich_text",
                "block_id": "fdo4D",
                "elements": [
                    {
                        "type": "rich_text_section",
                        "elements": [
                            {
                                "type": "text",
                                "text": "I think we should send goofy emails to each other sue me"
                            }
                        ]
                    }
                ]
            }
        ]
    },
    {
        "text": "Lets go",
        "files": [
            {
                "id": "F06RR3S74SY",
                "created": 1711565942,
                "timestamp": 1711565942,
                "name": "IMG_0233.png",
                "title": "IMG_0233",
                "mimetype": "image\/png",
                "filetype": "png",
                "pretty_type": "PNG",
                "user": "U01ANMM9XRS",
                "user_team": "T7B710AL9",
                "editable": false,
                "size": 63733,
                "mode": "hosted",
                "is_external": false,
                "external_type": "",
                "is_public": true,
                "public_url_shared": false,
                "display_as_bot": false,
                "username": "",
                "url_private": "https:\/\/files.slack.com\/files-pri\/T7B710AL9-F06RR3S74SY\/img_0233.png?t=xoxe-249239010689-7383763303600-7346417720535-c8977b2d870e66a58192db1f0484baaa",
                "url_private_download": "https:\/\/files.slack.com\/files-pri\/T7B710AL9-F06RR3S74SY\/download\/img_0233.png?t=xoxe-249239010689-7383763303600-7346417720535-c8977b2d870e66a58192db1f0484baaa",
                "media_display_type": "unknown",
                "thumb_64": "https:\/\/files.slack.com\/files-tmb\/T7B710AL9-F06RR3S74SY-d18a35a20a\/img_0233_64.png?t=xoxe-249239010689-7383763303600-7346417720535-c8977b2d870e66a58192db1f0484baaa",
                "thumb_80": "https:\/\/files.slack.com\/files-tmb\/T7B710AL9-F06RR3S74SY-d18a35a20a\/img_0233_80.png?t=xoxe-249239010689-7383763303600-7346417720535-c8977b2d870e66a58192db1f0484baaa",
                "thumb_360": "https:\/\/files.slack.com\/files-tmb\/T7B710AL9-F06RR3S74SY-d18a35a20a\/img_0233_360.png?t=xoxe-249239010689-7383763303600-7346417720535-c8977b2d870e66a58192db1f0484baaa",
                "thumb_360_w": 166,
                "thumb_360_h": 360,
                "thumb_480": "https:\/\/files.slack.com\/files-tmb\/T7B710AL9-F06RR3S74SY-d18a35a20a\/img_0233_480.png?t=xoxe-249239010689-7383763303600-7346417720535-c8977b2d870e66a58192db1f0484baaa",
                "thumb_480_w": 222,
                "thumb_480_h": 480,
                "thumb_160": "https:\/\/files.slack.com\/files-tmb\/T7B710AL9-F06RR3S74SY-d18a35a20a\/img_0233_160.png?t=xoxe-249239010689-7383763303600-7346417720535-c8977b2d870e66a58192db1f0484baaa",
                "thumb_720": "https:\/\/files.slack.com\/files-tmb\/T7B710AL9-F06RR3S74SY-d18a35a20a\/img_0233_720.png?t=xoxe-249239010689-7383763303600-7346417720535-c8977b2d870e66a58192db1f0484baaa",
                "thumb_720_w": 333,
                "thumb_720_h": 720,
                "thumb_800": "https:\/\/files.slack.com\/files-tmb\/T7B710AL9-F06RR3S74SY-d18a35a20a\/img_0233_800.png?t=xoxe-249239010689-7383763303600-7346417720535-c8977b2d870e66a58192db1f0484baaa",
                "thumb_800_w": 800,
                "thumb_800_h": 1731,
                "thumb_960": "https:\/\/files.slack.com\/files-tmb\/T7B710AL9-F06RR3S74SY-d18a35a20a\/img_0233_960.png?t=xoxe-249239010689-7383763303600-7346417720535-c8977b2d870e66a58192db1f0484baaa",
                "thumb_960_w": 444,
                "thumb_960_h": 960,
                "thumb_1024": "https:\/\/files.slack.com\/files-tmb\/T7B710AL9-F06RR3S74SY-d18a35a20a\/img_0233_1024.png?t=xoxe-249239010689-7383763303600-7346417720535-c8977b2d870e66a58192db1f0484baaa",
                "thumb_1024_w": 473,
                "thumb_1024_h": 1024,
                "original_w": 828,
                "original_h": 1792,
                "thumb_tiny": "AwAwABagYmwOnIyOaaUI9KkyoH3Rmk3f7K0AM2nGOKTaakJz2A+lJQAUUUUAFFFFABRTd3tS\/N\/dP5UALRTd1G72oA\/\/2Q==",
                "permalink": "https:\/\/swarthmoreultimate.slack.com\/files\/U01ANMM9XRS\/F06RR3S74SY\/img_0233.png",
                "permalink_public": "https:\/\/slack-files.com\/T7B710AL9-F06RR3S74SY-41b1e03430",
                "is_starred": false,
                "has_rich_preview": false,
                "file_access": "visible"
            },
            {
                "id": "F06R82Z6K5M",
                "created": 1711565949,
                "timestamp": 1711565949,
                "name": "IMG_0234.png",
                "title": "IMG_0234",
                "mimetype": "image\/png",
                "filetype": "png",
                "pretty_type": "PNG",
                "user": "U01ANMM9XRS",
                "user_team": "T7B710AL9",
                "editable": false,
                "size": 67498,
                "mode": "hosted",
                "is_external": false,
                "external_type": "",
                "is_public": true,
                "public_url_shared": false,
                "display_as_bot": false,
                "username": "",
                "url_private": "https:\/\/files.slack.com\/files-pri\/T7B710AL9-F06R82Z6K5M\/img_0234.png?t=xoxe-249239010689-7383763303600-7346417720535-c8977b2d870e66a58192db1f0484baaa",
                "url_private_download": "https:\/\/files.slack.com\/files-pri\/T7B710AL9-F06R82Z6K5M\/download\/img_0234.png?t=xoxe-249239010689-7383763303600-7346417720535-c8977b2d870e66a58192db1f0484baaa",
                "media_display_type": "unknown",
                "thumb_64": "https:\/\/files.slack.com\/files-tmb\/T7B710AL9-F06R82Z6K5M-ea400f8adb\/img_0234_64.png?t=xoxe-249239010689-7383763303600-7346417720535-c8977b2d870e66a58192db1f0484baaa",
                "thumb_80": "https:\/\/files.slack.com\/files-tmb\/T7B710AL9-F06R82Z6K5M-ea400f8adb\/img_0234_80.png?t=xoxe-249239010689-7383763303600-7346417720535-c8977b2d870e66a58192db1f0484baaa",
                "thumb_360": "https:\/\/files.slack.com\/files-tmb\/T7B710AL9-F06R82Z6K5M-ea400f8adb\/img_0234_360.png?t=xoxe-249239010689-7383763303600-7346417720535-c8977b2d870e66a58192db1f0484baaa",
                "thumb_360_w": 166,
                "thumb_360_h": 360,
                "thumb_480": "https:\/\/files.slack.com\/files-tmb\/T7B710AL9-F06R82Z6K5M-ea400f8adb\/img_0234_480.png?t=xoxe-249239010689-7383763303600-7346417720535-c8977b2d870e66a58192db1f0484baaa",
                "thumb_480_w": 222,
                "thumb_480_h": 480,
                "thumb_160": "https:\/\/files.slack.com\/files-tmb\/T7B710AL9-F06R82Z6K5M-ea400f8adb\/img_0234_160.png?t=xoxe-249239010689-7383763303600-7346417720535-c8977b2d870e66a58192db1f0484baaa",
                "thumb_720": "https:\/\/files.slack.com\/files-tmb\/T7B710AL9-F06R82Z6K5M-ea400f8adb\/img_0234_720.png?t=xoxe-249239010689-7383763303600-7346417720535-c8977b2d870e66a58192db1f0484baaa",
                "thumb_720_w": 333,
                "thumb_720_h": 720,
                "thumb_800": "https:\/\/files.slack.com\/files-tmb\/T7B710AL9-F06R82Z6K5M-ea400f8adb\/img_0234_800.png?t=xoxe-249239010689-7383763303600-7346417720535-c8977b2d870e66a58192db1f0484baaa",
                "thumb_800_w": 800,
                "thumb_800_h": 1731,
                "thumb_960": "https:\/\/files.slack.com\/files-tmb\/T7B710AL9-F06R82Z6K5M-ea400f8adb\/img_0234_960.png?t=xoxe-249239010689-7383763303600-7346417720535-c8977b2d870e66a58192db1f0484baaa",
                "thumb_960_w": 444,
                "thumb_960_h": 960,
                "thumb_1024": "https:\/\/files.slack.com\/files-tmb\/T7B710AL9-F06R82Z6K5M-ea400f8adb\/img_0234_1024.png?t=xoxe-249239010689-7383763303600-7346417720535-c8977b2d870e66a58192db1f0484baaa",
                "thumb_1024_w": 473,
                "thumb_1024_h": 1024,
                "original_w": 828,
                "original_h": 1792,
                "thumb_tiny": "AwAwABbOKtgcUFeOhz9akIUAcNnHrTaAG4OMcUm00+jFABn6UZqOigCTI9aMio6KACiil2t6H8qAEooooA\/\/2Q==",
                "permalink": "https:\/\/swarthmoreultimate.slack.com\/files\/U01ANMM9XRS\/F06R82Z6K5M\/img_0234.png",
                "permalink_public": "https:\/\/slack-files.com\/T7B710AL9-F06R82Z6K5M-cc72d4b65e",
                "is_starred": false,
                "has_rich_preview": false,
                "file_access": "visible"
            }
        ],
        "upload": false,
        "user": "U01ANMM9XRS",
        "blocks": [
            {
                "type": "rich_text",
                "block_id": "FTGr+",
                "elements": [
                    {
                        "type": "rich_text_section",
                        "elements": [
                            {
                                "type": "text",
                                "text": "Lets go"
                            }
                        ]
                    }
                ]
            }
        ],
        "type": "message",
        "ts": "1711565951.452339",
        "client_msg_id": "F38FB78D-6476-4DB7-99C6-A83924FD02A1",
        "thread_ts": "1711558485.514969",
        "parent_user_id": "U0446E8TCHX"
    },
    {
        "user": "UN12YVARH",
        "type": "message",
        "ts": "1711569220.185479",
        "client_msg_id": "0ea3a622-57e2-441b-8d25-d6611402ba89",
        "text": "Tucker Carlson interviewing Putin",
        "team": "T7B710AL9",
        "user_team": "T7B710AL9",
        "source_team": "T7B710AL9",
        "user_profile": {
            "avatar_hash": "0e1a101e2db5",
            "image_72": "https:\/\/avatars.slack-edge.com\/2023-03-10\/4919574465703_0e1a101e2db545e0b983_72.png",
            "first_name": "Jasper",
            "real_name": "Jasper Ferncrombie",
            "display_name": "Mr. J",
            "team": "T7B710AL9",
            "name": "jferncr1",
            "is_restricted": false,
            "is_ultra_restricted": false
        },
        "thread_ts": "1711381142.503919",
        "parent_user_id": "U02CV1EHJ1Y",
        "blocks": [
            {
                "type": "rich_text",
                "block_id": "xX7Bz",
                "elements": [
                    {
                        "type": "rich_text_section",
                        "elements": [
                            {
                                "type": "text",
                                "text": "Tucker Carlson interviewing Putin"
                            }
                        ]
                    }
                ]
            }
        ]
    }
]