[
    {
        "text": "",
        "files": [
            {
                "id": "F06EUDJ0ECW",
                "created": 1705947467,
                "timestamp": 1705947467,
                "name": "IMG_5087.jpg",
                "title": "IMG_5087",
                "mimetype": "image\/jpeg",
                "filetype": "jpg",
                "pretty_type": "JPEG",
                "user": "U02C9PX2DUP",
                "user_team": "T7B710AL9",
                "editable": false,
                "size": 1019291,
                "mode": "hosted",
                "is_external": false,
                "external_type": "",
                "is_public": true,
                "public_url_shared": false,
                "display_as_bot": false,
                "username": "",
                "url_private": "https:\/\/files.slack.com\/files-pri\/T7B710AL9-F06EUDJ0ECW\/img_5087.jpg?t=xoxe-249239010689-7383763303600-7346417720535-c8977b2d870e66a58192db1f0484baaa",
                "url_private_download": "https:\/\/files.slack.com\/files-pri\/T7B710AL9-F06EUDJ0ECW\/download\/img_5087.jpg?t=xoxe-249239010689-7383763303600-7346417720535-c8977b2d870e66a58192db1f0484baaa",
                "media_display_type": "unknown",
                "thumb_64": "https:\/\/files.slack.com\/files-tmb\/T7B710AL9-F06EUDJ0ECW-a62b2f790e\/img_5087_64.jpg?t=xoxe-249239010689-7383763303600-7346417720535-c8977b2d870e66a58192db1f0484baaa",
                "thumb_80": "https:\/\/files.slack.com\/files-tmb\/T7B710AL9-F06EUDJ0ECW-a62b2f790e\/img_5087_80.jpg?t=xoxe-249239010689-7383763303600-7346417720535-c8977b2d870e66a58192db1f0484baaa",
                "thumb_360": "https:\/\/files.slack.com\/files-tmb\/T7B710AL9-F06EUDJ0ECW-a62b2f790e\/img_5087_360.jpg?t=xoxe-249239010689-7383763303600-7346417720535-c8977b2d870e66a58192db1f0484baaa",
                "thumb_360_w": 270,
                "thumb_360_h": 360,
                "thumb_480": "https:\/\/files.slack.com\/files-tmb\/T7B710AL9-F06EUDJ0ECW-a62b2f790e\/img_5087_480.jpg?t=xoxe-249239010689-7383763303600-7346417720535-c8977b2d870e66a58192db1f0484baaa",
                "thumb_480_w": 360,
                "thumb_480_h": 480,
                "thumb_160": "https:\/\/files.slack.com\/files-tmb\/T7B710AL9-F06EUDJ0ECW-a62b2f790e\/img_5087_160.jpg?t=xoxe-249239010689-7383763303600-7346417720535-c8977b2d870e66a58192db1f0484baaa",
                "thumb_720": "https:\/\/files.slack.com\/files-tmb\/T7B710AL9-F06EUDJ0ECW-a62b2f790e\/img_5087_720.jpg?t=xoxe-249239010689-7383763303600-7346417720535-c8977b2d870e66a58192db1f0484baaa",
                "thumb_720_w": 540,
                "thumb_720_h": 720,
                "thumb_800": "https:\/\/files.slack.com\/files-tmb\/T7B710AL9-F06EUDJ0ECW-a62b2f790e\/img_5087_800.jpg?t=xoxe-249239010689-7383763303600-7346417720535-c8977b2d870e66a58192db1f0484baaa",
                "thumb_800_w": 800,
                "thumb_800_h": 1067,
                "thumb_960": "https:\/\/files.slack.com\/files-tmb\/T7B710AL9-F06EUDJ0ECW-a62b2f790e\/img_5087_960.jpg?t=xoxe-249239010689-7383763303600-7346417720535-c8977b2d870e66a58192db1f0484baaa",
                "thumb_960_w": 720,
                "thumb_960_h": 960,
                "thumb_1024": "https:\/\/files.slack.com\/files-tmb\/T7B710AL9-F06EUDJ0ECW-a62b2f790e\/img_5087_1024.jpg?t=xoxe-249239010689-7383763303600-7346417720535-c8977b2d870e66a58192db1f0484baaa",
                "thumb_1024_w": 768,
                "thumb_1024_h": 1024,
                "original_w": 3024,
                "original_h": 4032,
                "thumb_tiny": "AwAwACSFWxwSaUN2JBqFugFKjBc5IpMET5HUj9KYxUscAAAUhkBGAc\/SmqrYOSRkdME0IGSBAwyCB+NL5Y\/vL+dM5HVWH4UZPo3\/AHzTAuBIh0hj\/KkZgg+VUH0WjOKQkEYNACNM4bgjH0oaRpG25G7HGKqCGZ5OAcA9anjtHDZJ59zSsO47fKhIKZPuKPOk\/uD8qsLvUYLA0u5vUflQAnkjHJNGEXtQWpKYh24dhSZpKUUAOAXHJ5owvr+lRtLGhwzqD6U3z4v+ei0Af\/\/Z",
                "permalink": "https:\/\/swarthmoreultimate.slack.com\/files\/U02C9PX2DUP\/F06EUDJ0ECW\/img_5087.jpg",
                "permalink_public": "https:\/\/slack-files.com\/T7B710AL9-F06EUDJ0ECW-65b503a5bf",
                "is_starred": false,
                "has_rich_preview": false,
                "file_access": "visible"
            }
        ],
        "upload": false,
        "user": "U02C9PX2DUP",
        "display_as_bot": false,
        "type": "message",
        "ts": "1705947484.622889",
        "client_msg_id": "ACDE8D6C-DA9E-4F38-AC80-8329BEB9BBBD",
        "reactions": [
            {
                "name": "question_block",
                "users": [
                    "U019UV6JV4P",
                    "U042M4BL1GE",
                    "U01AGFZUUSW",
                    "U01BGKQ3NCX",
                    "U01AFT4NEPN"
                ],
                "count": 5
            }
        ]
    }
]