[
    {
        "text": "My mom got half a fortune in her cookie",
        "files": [
            {
                "id": "F077NV479TL",
                "created": 1718147881,
                "timestamp": 1718147881,
                "name": "PXL_20240611_231552075.jpg",
                "title": "PXL_20240611_231552075.jpg",
                "mimetype": "image\/jpeg",
                "filetype": "jpg",
                "pretty_type": "JPEG",
                "user": "U042M4BL1GE",
                "user_team": "T7B710AL9",
                "editable": false,
                "size": 399807,
                "mode": "hosted",
                "is_external": false,
                "external_type": "",
                "is_public": true,
                "public_url_shared": false,
                "display_as_bot": false,
                "username": "",
                "url_private": "https:\/\/files.slack.com\/files-pri\/T7B710AL9-F077NV479TL\/pxl_20240611_231552075.jpg?t=xoxe-249239010689-7383763303600-7346417720535-c8977b2d870e66a58192db1f0484baaa",
                "url_private_download": "https:\/\/files.slack.com\/files-pri\/T7B710AL9-F077NV479TL\/download\/pxl_20240611_231552075.jpg?t=xoxe-249239010689-7383763303600-7346417720535-c8977b2d870e66a58192db1f0484baaa",
                "media_display_type": "unknown",
                "thumb_64": "https:\/\/files.slack.com\/files-tmb\/T7B710AL9-F077NV479TL-7eceb71223\/pxl_20240611_231552075_64.jpg?t=xoxe-249239010689-7383763303600-7346417720535-c8977b2d870e66a58192db1f0484baaa",
                "thumb_80": "https:\/\/files.slack.com\/files-tmb\/T7B710AL9-F077NV479TL-7eceb71223\/pxl_20240611_231552075_80.jpg?t=xoxe-249239010689-7383763303600-7346417720535-c8977b2d870e66a58192db1f0484baaa",
                "thumb_360": "https:\/\/files.slack.com\/files-tmb\/T7B710AL9-F077NV479TL-7eceb71223\/pxl_20240611_231552075_360.jpg?t=xoxe-249239010689-7383763303600-7346417720535-c8977b2d870e66a58192db1f0484baaa",
                "thumb_360_w": 271,
                "thumb_360_h": 360,
                "thumb_480": "https:\/\/files.slack.com\/files-tmb\/T7B710AL9-F077NV479TL-7eceb71223\/pxl_20240611_231552075_480.jpg?t=xoxe-249239010689-7383763303600-7346417720535-c8977b2d870e66a58192db1f0484baaa",
                "thumb_480_w": 361,
                "thumb_480_h": 480,
                "thumb_160": "https:\/\/files.slack.com\/files-tmb\/T7B710AL9-F077NV479TL-7eceb71223\/pxl_20240611_231552075_160.jpg?t=xoxe-249239010689-7383763303600-7346417720535-c8977b2d870e66a58192db1f0484baaa",
                "thumb_720": "https:\/\/files.slack.com\/files-tmb\/T7B710AL9-F077NV479TL-7eceb71223\/pxl_20240611_231552075_720.jpg?t=xoxe-249239010689-7383763303600-7346417720535-c8977b2d870e66a58192db1f0484baaa",
                "thumb_720_w": 542,
                "thumb_720_h": 720,
                "thumb_800": "https:\/\/files.slack.com\/files-tmb\/T7B710AL9-F077NV479TL-7eceb71223\/pxl_20240611_231552075_800.jpg?t=xoxe-249239010689-7383763303600-7346417720535-c8977b2d870e66a58192db1f0484baaa",
                "thumb_800_w": 800,
                "thumb_800_h": 1063,
                "thumb_960": "https:\/\/files.slack.com\/files-tmb\/T7B710AL9-F077NV479TL-7eceb71223\/pxl_20240611_231552075_960.jpg?t=xoxe-249239010689-7383763303600-7346417720535-c8977b2d870e66a58192db1f0484baaa",
                "thumb_960_w": 723,
                "thumb_960_h": 960,
                "thumb_1024": "https:\/\/files.slack.com\/files-tmb\/T7B710AL9-F077NV479TL-7eceb71223\/pxl_20240611_231552075_1024.jpg?t=xoxe-249239010689-7383763303600-7346417720535-c8977b2d870e66a58192db1f0484baaa",
                "thumb_1024_w": 771,
                "thumb_1024_h": 1024,
                "original_w": 3072,
                "original_h": 4080,
                "thumb_tiny": "AwAwACSELijHPrTsUdKQxMUUtJigBMUYpaKAH4pMVNHD5ikk45qT7OuOSc07E3KtIateRHj+L61DIgQjDZzRYdyOik57Uc0hlhZxGApXj1qU3MQH3\/yBqEgHsKYVB7VVybEv2yHPRvyqOaRJGXYcgCmGMUgQLRcLBRS0lIZ\/\/9k=",
                "permalink": "https:\/\/swarthmoreultimate.slack.com\/files\/U042M4BL1GE\/F077NV479TL\/pxl_20240611_231552075.jpg",
                "permalink_public": "https:\/\/slack-files.com\/T7B710AL9-F077NV479TL-84219855c5",
                "is_starred": false,
                "has_rich_preview": false,
                "file_access": "visible"
            }
        ],
        "upload": false,
        "user": "U042M4BL1GE",
        "display_as_bot": false,
        "blocks": [
            {
                "type": "rich_text",
                "block_id": "ynrpf",
                "elements": [
                    {
                        "type": "rich_text_section",
                        "elements": [
                            {
                                "type": "text",
                                "text": "My mom got half a fortune in her cookie"
                            }
                        ]
                    }
                ]
            }
        ],
        "type": "message",
        "ts": "1718147901.380769",
        "client_msg_id": "bde3d6a3-8436-459e-ab11-1ecaa77c152e",
        "reactions": [
            {
                "name": "holy-moly",
                "users": [
                    "U01AGFZUUSW",
                    "U05T29FMQ67",
                    "U019UV6JV4P",
                    "U041ACX3QCE",
                    "U01BGKQ3NCX"
                ],
                "count": 5
            }
        ]
    }
]