[
    {
        "subtype": "channel_join",
        "user": "U7CEH7CGM",
        "text": "<@U7CEH7CGM> has joined the channel",
        "type": "message",
        "ts": "1627732095.000200"
    },
    {
        "subtype": "channel_join",
        "user": "UCVMV77SA",
        "text": "<@UCVMV77SA> has joined the channel",
        "inviter": "U7CEH7CGM",
        "type": "message",
        "ts": "1627732276.000500"
    },
    {
        "subtype": "channel_join",
        "user": "U7D0YG3J4",
        "text": "<@U7D0YG3J4> has joined the channel",
        "inviter": "U7CEH7CGM",
        "type": "message",
        "ts": "1627732277.000700"
    },
    {
        "subtype": "channel_join",
        "user": "U8C6DUKL4",
        "text": "<@U8C6DUKL4> has joined the channel",
        "inviter": "U7CEH7CGM",
        "type": "message",
        "ts": "1627732277.000900"
    },
    {
        "subtype": "channel_join",
        "user": "UCU52BKEE",
        "text": "<@UCU52BKEE> has joined the channel",
        "inviter": "U7CEH7CGM",
        "type": "message",
        "ts": "1627732277.001100"
    },
    {
        "subtype": "channel_join",
        "user": "U9VPZHQDT",
        "text": "<@U9VPZHQDT> has joined the channel",
        "inviter": "U7CEH7CGM",
        "type": "message",
        "ts": "1627732277.001300"
    },
    {
        "subtype": "channel_join",
        "user": "U7BHXDGSV",
        "text": "<@U7BHXDGSV> has joined the channel",
        "inviter": "U7CEH7CGM",
        "type": "message",
        "ts": "1627732277.001500"
    },
    {
        "subtype": "channel_join",
        "user": "UCKMFGMMW",
        "text": "<@UCKMFGMMW> has joined the channel",
        "inviter": "U7CEH7CGM",
        "type": "message",
        "ts": "1627732277.001700"
    },
    {
        "subtype": "channel_join",
        "user": "U7B71CPG9",
        "text": "<@U7B71CPG9> has joined the channel",
        "inviter": "U7CEH7CGM",
        "type": "message",
        "ts": "1627732277.001900"
    },
    {
        "subtype": "channel_join",
        "user": "U7CUH2Z70",
        "text": "<@U7CUH2Z70> has joined the channel",
        "inviter": "U7CEH7CGM",
        "type": "message",
        "ts": "1627732277.002100"
    }
]