[
    {
        "subtype": "channel_join",
        "user": "U89GWBNNA",
        "text": "<@U89GWBNNA> has joined the channel",
        "type": "message",
        "ts": "1570147206.000200"
    },
    {
        "user": "U89GWBNNA",
        "type": "message",
        "ts": "1570147350.000600",
        "client_msg_id": "43d3e932-bceb-4993-818f-a72574f8b3aa",
        "text": "Hello fantasy basketball chat",
        "team": "T7B710AL9",
        "user_team": "T7B710AL9",
        "source_team": "T7B710AL9",
        "user_profile": {
            "avatar_hash": "3aa2960ed82b",
            "image_72": "https:\/\/avatars.slack-edge.com\/2019-06-24\/668472322033_3aa2960ed82b167e956a_72.png",
            "first_name": "Charles",
            "real_name": "Charles Cole",
            "display_name": "Lox",
            "team": "T7B710AL9",
            "name": "chcole07",
            "is_restricted": false,
            "is_ultra_restricted": false
        },
        "blocks": [
            {
                "type": "rich_text",
                "block_id": "uTVlC",
                "elements": [
                    {
                        "type": "rich_text_section",
                        "elements": [
                            {
                                "type": "text",
                                "text": "Hello fantasy basketball chat"
                            }
                        ]
                    }
                ]
            }
        ]
    },
    {
        "subtype": "channel_join",
        "user": "U7BFY2LQH",
        "text": "<@U7BFY2LQH> has joined the channel",
        "type": "message",
        "ts": "1570149634.000200"
    },
    {
        "user": "U7BFY2LQH",
        "type": "message",
        "ts": "1570149650.000800",
        "client_msg_id": "05c6a418-159c-4c42-bdce-36d0a0cf1d52",
        "text": "Yee you already know I'm taking bazemore with the first pick",
        "team": "T7B710AL9",
        "user_team": "T7B710AL9",
        "source_team": "T7B710AL9",
        "user_profile": {
            "avatar_hash": "1745198e693f",
            "image_72": "https:\/\/avatars.slack-edge.com\/2018-07-19\/401624787187_1745198e693f1193975a_72.jpg",
            "first_name": "Sam",
            "real_name": "Sam Gardner",
            "display_name": "Waterbear, M.D.",
            "team": "T7B710AL9",
            "name": "sgardne1",
            "is_restricted": false,
            "is_ultra_restricted": false
        },
        "blocks": [
            {
                "type": "rich_text",
                "block_id": "AO1ra",
                "elements": [
                    {
                        "type": "rich_text_section",
                        "elements": [
                            {
                                "type": "text",
                                "text": "Yee you already know I'm taking bazemore with the first pick"
                            }
                        ]
                    }
                ]
            }
        ]
    },
    {
        "user": "U89GWBNNA",
        "type": "message",
        "ts": "1570150230.001200",
        "client_msg_id": "b8cfa070-6ea0-4c50-b46b-98ca11a6f338",
        "text": "Hell nah dude its lonzo all day",
        "team": "T7B710AL9",
        "user_team": "T7B710AL9",
        "source_team": "T7B710AL9",
        "user_profile": {
            "avatar_hash": "3aa2960ed82b",
            "image_72": "https:\/\/avatars.slack-edge.com\/2019-06-24\/668472322033_3aa2960ed82b167e956a_72.png",
            "first_name": "Charles",
            "real_name": "Charles Cole",
            "display_name": "Lox",
            "team": "T7B710AL9",
            "name": "chcole07",
            "is_restricted": false,
            "is_ultra_restricted": false
        },
        "blocks": [
            {
                "type": "rich_text",
                "block_id": "YAPnX",
                "elements": [
                    {
                        "type": "rich_text_section",
                        "elements": [
                            {
                                "type": "text",
                                "text": "Hell nah dude its lonzo all day"
                            }
                        ]
                    }
                ]
            }
        ]
    },
    {
        "subtype": "channel_join",
        "user": "UNC4W0F96",
        "text": "<@UNC4W0F96> has joined the channel",
        "type": "message",
        "ts": "1570161386.000200"
    },
    {
        "user": "UNC4W0F96",
        "type": "message",
        "ts": "1570161414.000900",
        "client_msg_id": "e8aa602c-e952-4da4-9547-200bbea73ca9",
        "text": "Get it together, both of you. Rozier is gonna win MVP.",
        "team": "T7B710AL9",
        "user_team": "T7B710AL9",
        "source_team": "T7B710AL9",
        "user_profile": {
            "avatar_hash": "c0762b751fcb",
            "image_72": "https:\/\/avatars.slack-edge.com\/2022-11-06\/4353663255168_c0762b751fcb3221faae_72.jpg",
            "first_name": "Rory",
            "real_name": "Rory Schmidt",
            "display_name": "Rory",
            "team": "T7B710AL9",
            "name": "rschmid1",
            "is_restricted": false,
            "is_ultra_restricted": false
        },
        "blocks": [
            {
                "type": "rich_text",
                "block_id": "CpXW",
                "elements": [
                    {
                        "type": "rich_text_section",
                        "elements": [
                            {
                                "type": "text",
                                "text": "Get it together, both of you. Rozier is gonna win MVP."
                            }
                        ]
                    }
                ]
            }
        ]
    }
]