[
    {
        "user": "UNC4W0F96",
        "type": "message",
        "ts": "1571705828.001700",
        "client_msg_id": "bd8a520f-6b4d-41a8-9935-f4ab1aafa1f8",
        "text": "Hey <@U7CAKF8CS> if you give me Zion I'll take Wiggins off your hands...",
        "team": "T7B710AL9",
        "user_team": "T7B710AL9",
        "source_team": "T7B710AL9",
        "user_profile": {
            "avatar_hash": "c0762b751fcb",
            "image_72": "https:\/\/avatars.slack-edge.com\/2022-11-06\/4353663255168_c0762b751fcb3221faae_72.jpg",
            "first_name": "Rory",
            "real_name": "Rory Schmidt",
            "display_name": "Rory",
            "team": "T7B710AL9",
            "name": "rschmid1",
            "is_restricted": false,
            "is_ultra_restricted": false
        },
        "blocks": [
            {
                "type": "rich_text",
                "block_id": "V96g",
                "elements": [
                    {
                        "type": "rich_text_section",
                        "elements": [
                            {
                                "type": "text",
                                "text": "Hey "
                            },
                            {
                                "type": "user",
                                "user_id": "U7CAKF8CS"
                            },
                            {
                                "type": "text",
                                "text": " if you give me Zion I'll take Wiggins off your hands..."
                            }
                        ]
                    }
                ]
            }
        ]
    },
    {
        "user": "UNC4W0F96",
        "type": "message",
        "ts": "1571705856.002300",
        "client_msg_id": "5d149f21-eb39-4f88-9ca8-21769a723514",
        "text": "Also apparently there's a secondary chat for this, how do I get on that",
        "team": "T7B710AL9",
        "user_team": "T7B710AL9",
        "source_team": "T7B710AL9",
        "user_profile": {
            "avatar_hash": "c0762b751fcb",
            "image_72": "https:\/\/avatars.slack-edge.com\/2022-11-06\/4353663255168_c0762b751fcb3221faae_72.jpg",
            "first_name": "Rory",
            "real_name": "Rory Schmidt",
            "display_name": "Rory",
            "team": "T7B710AL9",
            "name": "rschmid1",
            "is_restricted": false,
            "is_ultra_restricted": false
        },
        "blocks": [
            {
                "type": "rich_text",
                "block_id": "s7n",
                "elements": [
                    {
                        "type": "rich_text_section",
                        "elements": [
                            {
                                "type": "text",
                                "text": "Also apparently there's a secondary chat for this, how do I get on that"
                            }
                        ]
                    }
                ]
            }
        ]
    },
    {
        "user": "U89GWBNNA",
        "type": "message",
        "ts": "1571714386.000300",
        "client_msg_id": "805f24d0-6c69-4b15-9dba-bf532d6d1d87",
        "text": "Are you on fb",
        "team": "T7B710AL9",
        "user_team": "T7B710AL9",
        "source_team": "T7B710AL9",
        "user_profile": {
            "avatar_hash": "3aa2960ed82b",
            "image_72": "https:\/\/avatars.slack-edge.com\/2019-06-24\/668472322033_3aa2960ed82b167e956a_72.png",
            "first_name": "Charles",
            "real_name": "Charles Cole",
            "display_name": "Lox",
            "team": "T7B710AL9",
            "name": "chcole07",
            "is_restricted": false,
            "is_ultra_restricted": false
        },
        "thread_ts": "1571714386.000300",
        "reply_count": 2,
        "reply_users_count": 2,
        "latest_reply": "1571717476.000100",
        "reply_users": [
            "UNC4W0F96",
            "U89GWBNNA"
        ],
        "replies": [
            {
                "user": "UNC4W0F96",
                "ts": "1571715961.000100"
            },
            {
                "user": "U89GWBNNA",
                "ts": "1571717476.000100"
            }
        ],
        "is_locked": false,
        "subscribed": false,
        "blocks": [
            {
                "type": "rich_text",
                "block_id": "4GO",
                "elements": [
                    {
                        "type": "rich_text_section",
                        "elements": [
                            {
                                "type": "text",
                                "text": "Are you on fb"
                            }
                        ]
                    }
                ]
            }
        ]
    },
    {
        "user": "UNC4W0F96",
        "type": "message",
        "ts": "1571715961.000100",
        "client_msg_id": "3b2c29b3-9160-4301-a44f-1321040d3e2f",
        "text": "Yeah, Rory Schmidt. Profile pic is a curling iron",
        "team": "T7B710AL9",
        "user_team": "T7B710AL9",
        "source_team": "T7B710AL9",
        "user_profile": {
            "avatar_hash": "c0762b751fcb",
            "image_72": "https:\/\/avatars.slack-edge.com\/2022-11-06\/4353663255168_c0762b751fcb3221faae_72.jpg",
            "first_name": "Rory",
            "real_name": "Rory Schmidt",
            "display_name": "Rory",
            "team": "T7B710AL9",
            "name": "rschmid1",
            "is_restricted": false,
            "is_ultra_restricted": false
        },
        "thread_ts": "1571714386.000300",
        "parent_user_id": "U89GWBNNA",
        "blocks": [
            {
                "type": "rich_text",
                "block_id": "KwTz",
                "elements": [
                    {
                        "type": "rich_text_section",
                        "elements": [
                            {
                                "type": "text",
                                "text": "Yeah, Rory Schmidt. Profile pic is a curling iron"
                            }
                        ]
                    }
                ]
            }
        ]
    },
    {
        "user": "U89GWBNNA",
        "type": "message",
        "ts": "1571717476.000100",
        "client_msg_id": "4a6183dc-c27b-4737-80f1-1431da063e0a",
        "text": "You're added",
        "team": "T7B710AL9",
        "user_team": "T7B710AL9",
        "source_team": "T7B710AL9",
        "user_profile": {
            "avatar_hash": "3aa2960ed82b",
            "image_72": "https:\/\/avatars.slack-edge.com\/2019-06-24\/668472322033_3aa2960ed82b167e956a_72.png",
            "first_name": "Charles",
            "real_name": "Charles Cole",
            "display_name": "Lox",
            "team": "T7B710AL9",
            "name": "chcole07",
            "is_restricted": false,
            "is_ultra_restricted": false
        },
        "thread_ts": "1571714386.000300",
        "parent_user_id": "U89GWBNNA",
        "blocks": [
            {
                "type": "rich_text",
                "block_id": "tV0",
                "elements": [
                    {
                        "type": "rich_text_section",
                        "elements": [
                            {
                                "type": "text",
                                "text": "You're added"
                            }
                        ]
                    }
                ]
            }
        ]
    }
]